CompanyVat,CompanyName,UnitName,UnitAddress,UnitZipcode,UnitCity,UnitStartdate,UnitEnddate,UnitEmployees
76486212,Siemens Gamesa Renewable Energy A/S,Siemens Wind Power,Kystvejen 52,9400,Nørresundby,04/03 - 2013,22/06 - 2017,
76486212,Siemens Gamesa Renewable Energy A/S,Siemens Wind Power,Gasværksvej 38,9000,Aalborg,04/03 - 2013,22/06 - 2017,
76486212,Siemens Gamesa Renewable Energy A/S,Siemens Wind Power A/S,Nordhavnsvej 60,8500,Grenaa,26/09 - 2012,31/12 - 2014,
76486212,Siemens Gamesa Renewable Energy A/S,Siemens Wind Power A/S,Anker Engelunds Vej 1,2800,Kgs.Lyngby,05/05 - 2008,31/12 - 2012,0
76486212,Siemens Gamesa Renewable Energy A/S,Siemens Wind Power A/S,Industrivej 1,7280,Sønder Felding,29/04 - 2008,31/10 - 2011,0
76486212,Siemens Gamesa Renewable Energy A/S,Siemens Wind Power A/S,Dybendalsvænget 3,2630,Taastrup,29/04 - 2008,17/01 - 2014,0
76486212,Siemens Gamesa Renewable Energy A/S,Siemens Wind Power A/S,"Lindholm Brygge 31, 2. tv.",9400,Nørresundby,01/09 - 2008,31/12 - 2012,5-9
76486212,Siemens Gamesa Renewable Energy A/S,Siemens Wind Power A/S,Finsensvej 1,7430,Ikast,02/08 - 2011,31/12 - 2016,0
76486212,Siemens Gamesa Renewable Energy A/S,Bonus Energy A/S,Kornvej 9,7323,Give,01/05 - 1999,31/05 - 2002,2-4
76486212,Siemens Gamesa Renewable Energy A/S,Siemens Gamesa Renewable Energy A/S,Fåborgvej 17,9220,Aalborg Øst,04/04 - 2011,06/12 - 2017,1
76486212,Siemens Gamesa Renewable Energy A/S,Siemens Wind Power A/S Produktionen,Fundervej 22,7442,Engesvang,01/01 - 2006,30/09 - 2017,1
76486212,Siemens Gamesa Renewable Energy A/S,Siemens Gamesa Renewable Energy A/S,Hjulmagervej 4B,7100,Vejle,01/10 - 2016,30/09 - 2018,0
76486212,Siemens Gamesa Renewable Energy A/S,Siemens Gamesa Renewable Energy A/S,Bjerndrupvej 47,6360,Tinglev,08/12 - 2009,01/05 - 2019,10-19
76486212,Siemens Gamesa Renewable Energy A/S,Siemens Gamesa Renewable Energy A/S,Lindø Sydvej 4,5330,Munkebo,02/08 - 2011,01/05 - 2019,5-9
76486212,Siemens Gamesa Renewable Energy A/S,Siemens Gamesa Renewable Energy A/S,Borupvang 9,2750,Ballerup,05/11 - 2013,01/10 - 2019,50-99
76486212,Siemens Gamesa Renewable Energy A/S,Siemens Gamesa Renewable Energy A/S,Borupvang 9,2750,Ballerup,01/01 - 2025,30/06 - 2025,1
76486212,Siemens Gamesa Renewable Energy A/S,Siemens Gamesa Renewable Energy A/S,"Tonsbakken 16, 3",2740,Skovlunde,01/09 - 2019,31/07 - 2025,17
76486212,Siemens Gamesa Renewable Energy A/S,Danish Kriegers Flak,Klintholm Havneplads 6,4791,Borre,11/11 - 2021,30/09 - 2025,2
76486212,Siemens Gamesa Renewable Energy A/S,Siemens Gamesa Renewable Energy A/S,Borupvej 18,7330,Brande,16/12 - 2020,30/09 - 2025,
76486212,Siemens Gamesa Renewable Energy A/S,Siemens Gamesa Renewable Energy A/S,Sahara 13,6700,Esbjerg,14/09 - 2011,30/09 - 2025,73
76486212,Siemens Gamesa Renewable Energy A/S,Siemens Gamesa Renewable Energy A/S,Transportcenter Alle 8-12,7400,Herning,19/06 - 2009,,17
76486212,Siemens Gamesa Renewable Energy A/S,Siemens Gamesa Renewable Energy A/S,Fiskergade 1A,7100,Vejle,02/08 - 2011,,789
76486212,Siemens Gamesa Renewable Energy A/S,Siemens Gamesa Renewable Energy A/S,Elektrovej 325,2800,Kgs. Lyngby,04/04 - 2012,,21
76486212,Siemens Gamesa Renewable Energy A/S,Siemens Gamesa Renewable Energy A/S - Lyngby,Diplomvej 378,2800,Kgs. Lyngby,01/02 - 2017,,9
76486212,Siemens Gamesa Renewable Energy A/S,Siemens Gamesa Renewable Energy A/S,Canadavej 3-5,6700,Esbjerg,01/04 - 2018,,48
76486212,Siemens Gamesa Renewable Energy A/S,Siemens Gamesa Renewable Energy A/S,Ørnevej 3,6705,Esbjerg Ø,01/04 - 2018,,40
76486212,Siemens Gamesa Renewable Energy A/S,Siemens Gamesa Renewable Energy A/S,Fabriksvej 4,7330,Brande,01/07 - 2018,,199
76486212,Siemens Gamesa Renewable Energy A/S,Siemens Gamesa Renewable Energy A/S,Amerikavej 18,6700,Esbjerg,01/04 - 2024,,4
76486212,Siemens Gamesa Renewable Energy A/S,Siemens Gamesa Renewable Energy A/S,Indkildevej 12K,9210,Aalborg SØ,01/04 - 2024,,7
76486212,Siemens Gamesa Renewable Energy A/S,Siemens Gamesa Renewable Energy A/S,Dyrskuevej 13,7323,Give,01/04 - 2024,,6
76486212,Siemens Gamesa Renewable Energy A/S,Siemens Gamesa Renewable Energy A/S,Borupvang 3A,2750,Ballerup,01/03 - 2025,,120
76486212,Siemens Gamesa Renewable Energy A/S,Siemens Gamesa Renewable Energy A/S,Lillebæltsvej 100,6715,Esbjerg N,04/04 - 2014,,
76486212,Siemens Gamesa Renewable Energy A/S,Siemens Gamesa Renewable Energy A/S,Energivej 20,6870,Ølgod,29/04 - 2008,,1
76486212,Siemens Gamesa Renewable Energy A/S,Siemens Gamesa Renewable Energy A/S,Borupvej 16,7330,Brande,03/12 - 1984,,2421
76486212,Siemens Gamesa Renewable Energy A/S,Siemens Gamesa Renewable Energy A/S Udvikling,Mølholmsvej 2,9000,Aalborg,01/01 - 1999,,8
76486212,Siemens Gamesa Renewable Energy A/S,Siemens Gamesa Renewable Energy A/S Produktion,Assensvej 11,9220,Aalborg Øst,01/08 - 2002,,2698
29189641,Silkeborg Kommune,Botilbuddet Lysbrokollegiet,Lysbrohøjen 14,8600,Silkeborg,20/08 - 2008,20/05 - 2012,
29189641,Silkeborg Kommune,Aktivitetstilbuddet Solbakkevej,Solbakkevej 20,8600,Silkeborg,20/08 - 2008,20/05 - 2012,
29189641,Silkeborg Kommune,Socialpsykiatrisk Bostøtte,"Estrupsgade 4, 1",8600,Silkeborg,16/09 - 2009,05/06 - 2012,
29189641,Silkeborg Kommune,Botilbuddene Kejlstrupvej,Kejlstrupvej 147,8600,Silkeborg,29/06 - 2009,27/06 - 2014,
29189641,Silkeborg Kommune,Fritvalgsdelen,Lyngvej 2,8600,Silkeborg,13/08 - 2008,28/06 - 2012,
29189641,Silkeborg Kommune,Bofællesskaberne,Tulipanvej 11J,8600,Silkeborg,29/06 - 2009,27/06 - 2014,
29189641,Silkeborg Kommune,"Remstruplund, Administration","Gudenåvej 1A, 3",8600,Silkeborg,07/02 - 2013,26/01 - 2015,
29189641,Silkeborg Kommune,Fårvang Gruppen,Lærkevej 19,8882,Fårvang,13/08 - 2008,20/04 - 2010,
29189641,Silkeborg Kommune,Botilbuddene Kejlstrupvej,Kejlstrupvej 153,8600,Silkeborg,29/06 - 2009,27/06 - 2014,
29189641,Silkeborg Kommune,Dagbehandlingstilbud/bostøtte tilbud,Søndergade 20B,8600,Silkeborg,01/09 - 2010,01/07 - 2012,
29189641,Silkeborg Kommune,Fjernvarmecentralen,Kejlstrupvej 38,8600,Silkeborg,01/01 - 2004,28/09 - 2009,
29189641,Silkeborg Kommune,Silkeborg Kommune,Søvej 1,8600,Silkeborg,01/01 - 2007,01/01 - 2007,
29189641,Silkeborg Kommune,Fokuscenter,Korshøjvej 3B,8600,Silkeborg,22/09 - 2011,27/06 - 2014,
29189641,Silkeborg Kommune,"Område Nord, Resdallund",Resdal Bakke 11A,8600,Silkeborg,27/05 - 2010,30/04 - 2012,
29189641,Silkeborg Kommune,Fjernvarmecentralen,Arendalsvej 2A,8600,Silkeborg,01/01 - 2004,28/09 - 2009,
29189641,Silkeborg Kommune,Botilbuddene Kejlstrupvej,Kejlstrupvej 229,8600,Silkeborg,29/06 - 2009,27/06 - 2014,
29189641,Silkeborg Kommune,Bofælesskaberne,"Vestergade 51A, st. th.",8600,Silkeborg,29/06 - 2009,27/06 - 2014,
29189641,Silkeborg Kommune,Bofællesskaberne,Tulipanvej 11H,8600,Silkeborg,29/06 - 2009,27/06 - 2014,
29189641,Silkeborg Kommune,Botilbuddene Kejlstrupvej,Kejlstrupvej 221,8600,Silkeborg,29/06 - 2009,27/06 - 2014,
29189641,Silkeborg Kommune,Botilbuddene Kejlstrupvej,Kejlstrupvej 151,8600,Silkeborg,29/06 - 2009,27/06 - 2014,
29189641,Silkeborg Kommune,Bofællesskaberne,"Bomholts Gård 6, st. tv.",8600,Silkeborg,29/06 - 2009,27/06 - 2014,
29189641,Silkeborg Kommune,Bofællesskaberne,Tulipanvej 11L,8600,Silkeborg,29/06 - 2009,27/06 - 2014,
29189641,Silkeborg Kommune,Beskæftigelsestilbud Kjellerup Skole,Tinghusvej 12,8620,Kjellerup,20/08 - 2008,28/06 - 2012,
29189641,Silkeborg Kommune,"REHABILITERINGSSEKTIONEN, MESTRINGSTEAMET",Borgergade 151,8600,Silkeborg,13/06 - 2012,01/01 - 2016,
29189641,Silkeborg Kommune,Buskelundhøjen,Buskelundhøjen 93,8600,Silkeborg,06/12 - 2007,11/05 - 2009,
29189641,Silkeborg Kommune,Akut Døgntilbud,Falkevej 5,8600,Silkeborg,08/04 - 2010,21/07 - 2016,
29189641,Silkeborg Kommune,Jupiter Fritidsklub og Ungdomsklub,Resedavej 105,8600,Silkeborg,19/02 - 2009,28/06 - 2012,
29189641,Silkeborg Kommune,Sorring Fritidsklub,Skolebakken 8,8641,Sorring,05/05 - 2009,30/01 - 2015,
29189641,Silkeborg Kommune,"REHABILITERINGSSEKTIONEN, FORLØBSPROGRAMMER BALLELUND",H.C.Branners Vej 1P,8600,Silkeborg,06/06 - 2012,01/10 - 2016,
29189641,Silkeborg Kommune,Bofællesskabet Amerikavej,Amerikavej 49,8883,Gjern,01/01 - 2007,01/01 - 2007,
29189641,Silkeborg Kommune,SFO Ans skole,Teglgade 20,8643,Ans By,01/01 - 2008,01/01 - 2008,
29189641,Silkeborg Kommune,Botilbuddene Kejlstrupvej,Kejlstrupvej 103,8600,Silkeborg,29/06 - 2009,27/06 - 2014,
29189641,Silkeborg Kommune,Cafe på Vejen,Borgergade 8,8600,Silkeborg,11/01 - 2010,27/06 - 2014,
29189641,Silkeborg Kommune,Kjellerup Skole SE-klassen,Vestergade 19,8620,Kjellerup,01/01 - 2003,16/02 - 2015,
29189641,Silkeborg Kommune,Silkeborg Kommunes Genoptræningscenter,Gudenåvej 1A,8600,Silkeborg,01/03 - 2017,31/12 - 2017,
29189641,Silkeborg Kommune,Børnehuset Svalerne,Vestergade 57,8600,Silkeborg,17/02 - 2020,17/02 - 2020,
29189641,Silkeborg Kommune,SEJS PENSIONISTBOLIGER,Sortbærvej 46,8600,Silkeborg,01/01 - 1993,23/05 - 2012,0
29189641,Silkeborg Kommune,PPR - Kjellerup,Bygaden 65,8620,Kjellerup,01/01 - 1994,21/12 - 2011,10-19
29189641,Silkeborg Kommune,NORDRE SKOLEFRITIDSORDNING,Nylandsvej 16,8600,Silkeborg,01/01 - 1993,30/09 - 2015,10-19
29189641,Silkeborg Kommune,Kjellerup Kloakvæsen,Ågade 1,8620,Kjellerup,01/01 - 1993,28/09 - 2009,5-9
29189641,Silkeborg Kommune,BIRKEGÅRDENS BØRNEHAVE,Lindevænget 5,8600,Silkeborg,01/01 - 1993,31/01 - 2011,10-19
29189641,Silkeborg Kommune,Vandforsyningen Silkeborg,Odinsvej 38,8600,Silkeborg,01/01 - 1993,28/09 - 2009,10-19
29189641,Silkeborg Kommune,Botilbuddet Fyrrevænget,Fyrrevænget 7-19,8620,Kjellerup,19/08 - 2008,30/04 - 2012,0
29189641,Silkeborg Kommune,Bofællesskabet Horsensvej,Horsensvej 3,8600,Silkeborg,01/01 - 2002,22/03 - 2012,1
29189641,Silkeborg Kommune,Aktivitetstilbuddet Ved Søerne-Viborgvej,Viborgvej 20,8600,Silkeborg,01/01 - 1993,29/04 - 2012,20-49
29189641,Silkeborg Kommune,Sundhedsafdelingen Them Toftevang,Silkeborgvej 31,8653,Them,01/01 - 1993,13/07 - 2011,5-9
29189641,Silkeborg Kommune,"Børnehuset Ans, Skovbørnehaven",Lyngvænget 1,8643,Ans By,01/01 - 2000,28/06 - 2012,5-9
29189641,Silkeborg Kommune,Pædagogisk Psykologisk Rådgivning,Kirkebakken 8,8620,Kjellerup,01/01 - 1993,21/07 - 2011,2-4
29189641,Silkeborg Kommune,Bostøtten Team Kjellerup,Kirkebakken 8C,8620,Kjellerup,01/01 - 2006,05/07 - 2012,0
29189641,Silkeborg Kommune,FÆRGELY,Færgevej 11,8600,Silkeborg,01/01 - 1993,31/01 - 2011,0
29189641,Silkeborg Kommune,"Område Syd, Marienlund",Gudenåvej 2,8600,Silkeborg,01/01 - 1993,30/04 - 2012,0
29189641,Silkeborg Kommune,LÆRKEGÅRDEN,Vestergade 57,8600,Silkeborg,01/01 - 1993,30/04 - 2012,10-19
29189641,Silkeborg Kommune,GRAUBALLELUND,Grønbækvej 6,8600,Silkeborg,01/01 - 1993,31/12 - 2015,2-4
29189641,Silkeborg Kommune,BLICHEREGNENS MUSEUM,Blichersvej 30,8620,Kjellerup,01/01 - 1993,21/07 - 2011,10-19
29189641,Silkeborg Kommune,Affaldscenter Tandskov,Tandskovvej 17,8600,Silkeborg,01/01 - 1993,28/09 - 2009,10-19
29189641,Silkeborg Kommune,Materieldepotet Them,Smedebakken 38,8653,Them,01/01 - 1993,03/06 - 2012,10-19
29189641,Silkeborg Kommune,KLØVERKLUBBEN LINÅ,Linå Skolebakke 17,8600,Silkeborg,01/01 - 1993,28/06 - 2012,1
29189641,Silkeborg Kommune,Kulturspinderiet og værkstederne,Papirfabrikken 32,8600,Silkeborg,27/05 - 2010,30/04 - 2012,0
29189641,Silkeborg Kommune,Rådhuset Gjern,Søndergade 54,8883,Gjern,01/01 - 1993,30/04 - 2012,0
29189641,Silkeborg Kommune,"Børnehuset Ans, Idrætsinstitutionen Nørskovlund",Taskebjergvej 33,8620,Kjellerup,01/08 - 1992,28/06 - 2012,0
29189641,Silkeborg Kommune,Arbejdsmarkedsafdelingen,Fuglemosevej 1C,8620,Kjellerup,01/01 - 2006,21/07 - 2011,10-19
29189641,Silkeborg Kommune,Materialegården Gjern,Lille Amerika 19,8883,Gjern,01/01 - 1993,03/06 - 2012,10-19
29189641,Silkeborg Kommune,LINAA SKOLE,Linå Skolebakke 23,8600,Silkeborg,01/01 - 1993,31/08 - 2011,0
29189641,Silkeborg Kommune,Botilbuddet Tulipanvej 11,Tulipanvej 11,8600,Silkeborg,01/01 - 1995,27/06 - 2014,5-9
29189641,Silkeborg Kommune,Dagplejen,Silkeborgvej 33,8653,Them,01/01 - 2005,28/06 - 2012,2-4
29189641,Silkeborg Kommune,"FREDERIKSBERGGÅRDEN & ARNEN, FREDERIKSBERGGÅRDEN",Frederiksberggade 60-62,8600,Silkeborg,01/01 - 1993,01/05 - 2015,0
29189641,Silkeborg Kommune,SEJS-SVEJBÆK FK/UK,Sejs Søvej 117,8600,Silkeborg,01/01 - 1993,11/05 - 2012,2-4
29189641,Silkeborg Kommune,Grauballe Børnehave,Gudenåvej 10,8600,Silkeborg,01/01 - 2008,28/06 - 2012,0
29189641,Silkeborg Kommune,BØRNEHUSET,Gran Allé 30,8600,Silkeborg,01/01 - 1993,30/04 - 2012,10-19
29189641,Silkeborg Kommune,"Område øst, Kejlstruplund",Færgevej 1,8600,Silkeborg,01/01 - 1993,30/04 - 2012,0
29189641,Silkeborg Kommune,Sundhedsplejen,Søvej 1,8600,Silkeborg,23/04 - 2009,01/07 - 2012,0
29189641,Silkeborg Kommune,Sorringhus,Hovedgaden 54,8641,Sorring,01/01 - 2006,23/05 - 2012,10-19
29189641,Silkeborg Kommune,Botilbud Nørreskov,Arendalsvej 280,8600,Silkeborg,01/01 - 1993,22/06 - 2011,0
29189641,Silkeborg Kommune,Værestedet i Gjern,Amerikavej 49,8883,Gjern,01/01 - 2006,30/04 - 2012,1
29189641,Silkeborg Kommune,Højmarkskolen,Oslovej 19,8600,Silkeborg,26/05 - 2010,28/06 - 2012,0
29189641,Silkeborg Kommune,RENSNINGSANLÆGGET,Hørrelundvej 1,8653,Them,01/01 - 2001,28/09 - 2009,2-4
29189641,Silkeborg Kommune,"OMRÅDE ØST, SØHOLT GRUPPEN",Ansvej 112,8600,Silkeborg,13/08 - 2008,26/11 - 2014,0
29189641,Silkeborg Kommune,ULVEDALSSKOLEN,Buskelundtoften 8,8600,Silkeborg,01/01 - 2001,31/12 - 2015,1
29189641,Silkeborg Kommune,FJERNVARMECENTRALEN,Hostrupsgade 45,8600,Silkeborg,01/01 - 1993,28/09 - 2009,10-19
29189641,Silkeborg Kommune,Forsyningsafdelingen Silkeborg,Tietgensvej 3,8600,Silkeborg,01/01 - 2001,28/09 - 2009,20-49
29189641,Silkeborg Kommune,SKOLEPSYKOLOGISK AFDELING,Silkeborgvej 31,8653,Them,01/08 - 1997,21/07 - 2011,1
29189641,Silkeborg Kommune,Gjern Gruppen,Karolinelundsvej 15,8883,Gjern,13/08 - 2008,23/05 - 2012,0
29189641,Silkeborg Kommune,Genbrugscentralen Silkeborg,Tietgensvej 7,8600,Silkeborg,01/01 - 1994,28/09 - 2009,10-19
29189641,Silkeborg Kommune,MINIINSTITUTIONEN HØJEN,Højstrupvej 17,8600,Silkeborg,01/01 - 2003,30/03 - 2014,0
29189641,Silkeborg Kommune,Gartnerafdelingen Kjellerup,Slagtehusvej 16,8620,Kjellerup,01/01 - 1993,03/06 - 2012,2-4
29189641,Silkeborg Kommune,Kjellerup Ungdomsskole,Tinghusvej 16,8620,Kjellerup,01/01 - 2006,28/06 - 2012,10-19
29189641,Silkeborg Kommune,Aktivitetstilbuddet Bakkevænget,Bakkevænget 22,8620,Kjellerup,01/01 - 2001,27/02 - 2011,10-19
29189641,Silkeborg Kommune,Pumpestation Gjern,Sørkelvej 10,8882,Fårvang,01/01 - 2001,28/09 - 2009,2-4
29189641,Silkeborg Kommune,BØRNE- OG FAMILIEAFDELINGEN,Søvej 1-3,8600,Silkeborg,01/01 - 1993,22/05 - 2012,0
29189641,Silkeborg Kommune,Botilbuddet Kejlstrupvej,Kejlstrupvej 2,8600,Silkeborg,20/08 - 2008,27/06 - 2014,0
29189641,Silkeborg Kommune,Værestedet Faarvang,Thorsøvej 11,8882,Fårvang,01/01 - 2002,19/10 - 2015,2-4
29189641,Silkeborg Kommune,"SILKEBORG UNGDOMSSKOLE, AFD. GJERN",Thorsøvej 13,8882,Fårvang,01/01 - 1993,28/06 - 2012,0
29189641,Silkeborg Kommune,"OMRÅDE ØST, NYLANDSGRUPPEN",Nylandsvej 14B,8600,Silkeborg,28/05 - 2009,26/11 - 2014,0
29189641,Silkeborg Kommune,Silkeborg Brand & Redning,Kejlstrupvej 99C,8600,Silkeborg,01/09 - 2007,31/05 - 2016,0
29189641,Silkeborg Kommune,Dag- og beskæftigelsestilbud Hinge,Tingskrivervej 37,8620,Kjellerup,20/08 - 2008,20/07 - 2016,0
29189641,Silkeborg Kommune,SØHOLT RENSEANLÆG,Ege Allé 300,8600,Silkeborg,01/01 - 1993,28/09 - 2009,20-49
29189641,Silkeborg Kommune,"Sølyst skolen, Nylandsvej",Nylandsvej 16,8600,Silkeborg,01/01 - 1993,30/09 - 2015,0
29189641,Silkeborg Kommune,Silkeborg Kommunes Ungecenter,"Vestergade 41, st",8600,Silkeborg,01/01 - 2007,22/01 - 2016,10-19
29189641,Silkeborg Kommune,Musikskolen Gjern,Søndergade 54,8883,Gjern,01/01 - 1993,26/03 - 2012,10-19
29189641,Silkeborg Kommune,Materielgården Kjellerup,Dæmningen 2,8620,Kjellerup,01/01 - 1993,03/06 - 2012,10-19
29189641,Silkeborg Kommune,BOSTØTTETEAMET,Møllegade 24,8600,Silkeborg,01/01 - 1995,05/06 - 2012,1
29189641,Silkeborg Kommune,Bofællesskaber,Grønnegade 14,8600,Silkeborg,01/01 - 2003,26/03 - 2012,0
29189641,Silkeborg Kommune,AL-HUSET,Skolegade 5,8620,Kjellerup,01/01 - 1993,29/04 - 2012,0
29189641,Silkeborg Kommune,Hjemmevejledningen,Søndergade 1B,8600,Silkeborg,11/11 - 2008,20/05 - 2012,0
29189641,Silkeborg Kommune,Them Ungdomscenter,Unge På Vej 2,8653,Them,08/09 - 2009,15/05 - 2012,0
29189641,Silkeborg Kommune,Værested Sorring,Skolebakken 4,8641,Sorring,01/01 - 2008,13/07 - 2011,1
29189641,Silkeborg Kommune,LINÅ SKOLEFRITIDSORDNING,Linå Skolebakke 23,8600,Silkeborg,01/01 - 1993,31/08 - 2011,0
29189641,Silkeborg Kommune,NORDRE SKOLES FRITIDSKLUB,Nylandsvej 16,8600,Silkeborg,01/01 - 1995,30/09 - 2015,2-4
29189641,Silkeborg Kommune,Dr. Louises Børnehave,Rolighedsvej 20,8600,Silkeborg,16/06 - 2011,30/04 - 2012,1
29189641,Silkeborg Kommune,Misbrugscenter Dagtilbud Hvilsted,Hvilstedvej 16,8355,Solbjerg,01/01 - 1999,31/12 - 2007,0
29189641,Silkeborg Kommune,"Bostøtten, Midtby Teams","Søndergade 1C, 2",8600,Silkeborg,01/01 - 2001,05/06 - 2012,0
29189641,Silkeborg Kommune,SMÅBØRNSINSTITUTIONEN SLUGTEN,Arendalsvej 367,8600,Silkeborg,01/01 - 1993,29/04 - 2012,10-19
29189641,Silkeborg Kommune,Genbrugsstationen Gjern,Lille Amerika 19,8883,Gjern,01/01 - 1993,28/09 - 2009,2-4
29189641,Silkeborg Kommune,VANGEN,Lollandsgade 6,8600,Silkeborg,01/01 - 1993,01/02 - 2015,0
29189641,Silkeborg Kommune,ALKOHOLRÅDGIVNINGEN I SILKEBORG,Vibevej 10,8600,Silkeborg,01/01 - 1995,01/09 - 2014,0
29189641,Silkeborg Kommune,Værestedet Voel,Højgårdsvej 2,8600,Silkeborg,01/01 - 2002,21/08 - 2015,1
29189641,Silkeborg Kommune,Troldebusken,Buskelundvej 2C,8600,Silkeborg,01/01 - 1997,25/10 - 2012,0
29189641,Silkeborg Kommune,Kjellerup Bibliotek,Skolegade 7,8620,Kjellerup,01/01 - 1993,28/06 - 2012,10-19
29189641,Silkeborg Kommune,"BRYRUP FRITIDSKLUB, SØSTJERNEN",Skolevej 17,8654,Bryrup,01/01 - 2002,01/10 - 2017,1
29189641,Silkeborg Kommune,AKTIVITETSTILBUDDET KASTANJEHUSET,Estrupsgade 4,8600,Silkeborg,01/01 - 1995,05/06 - 2012,0
29189641,Silkeborg Kommune,VIRKSOMHEDEN,Korshøjvej 6,8600,Silkeborg,01/01 - 1995,14/10 - 2015,5-9
29189641,Silkeborg Kommune,Dagplejekontoret,Søvej 1,8600,Silkeborg,01/01 - 2004,23/05 - 2012,0
29189641,Silkeborg Kommune,"Område Syd, Frydenslund",Grønnegade 10,8600,Silkeborg,01/01 - 1993,23/05 - 2012,0
29189641,Silkeborg Kommune,Resdalgruppen,Resdal Bakke 11A,8600,Silkeborg,24/05 - 2012,01/10 - 2016,0
29189641,Silkeborg Kommune,Silkeborg kommunes Familiecenter,Hostrupsgade 20,8600,Silkeborg,27/05 - 2010,31/12 - 2017,20-49
29189641,Silkeborg Kommune,KAROLINELUNDSKOLEN,Gormsvej 1,8600,Silkeborg,01/01 - 1993,01/05 - 2012,0
29189641,Silkeborg Kommune,Botilbuddene Kejlstrupvej,Kejlstrupvej 149,8600,Silkeborg,29/06 - 2009,27/06 - 2014,10-19
29189641,Silkeborg Kommune,Genoptræningscenter Kjellerup,"Vestergade 23A, st",8620,Kjellerup,06/06 - 2012,01/12 - 2017,0
29189641,Silkeborg Kommune,Remstruplund Daghjem,Gudenåvej 1A,8600,Silkeborg,01/01 - 2016,01/06 - 2017,20-49
29189641,Silkeborg Kommune,"Jobkompagniet, Korshøjvej",Korshøjvej 3A,8600,Silkeborg,04/02 - 2009,01/12 - 2016,0
29189641,Silkeborg Kommune,Ballelund,H.C.Branners Vej 1P,8600,Silkeborg,01/01 - 1993,31/12 - 2017,0
29189641,Silkeborg Kommune,Café Bindslevs Plads,Bindslevs Plads 5,8600,Silkeborg,04/06 - 2012,15/01 - 2019,0
29189641,Silkeborg Kommune,Midlertidige pladser Remstruplund,Gudenåvej 1A,8600,Silkeborg,15/10 - 2008,01/09 - 2018,20-49
29189641,Silkeborg Kommune,Botilbuddet Hinge,Tingskrivervej 37,8620,Kjellerup,01/01 - 1993,28/02 - 2019,2-4
29189641,Silkeborg Kommune,SKOLEFRITIDSORDNINGEN BRYRUP SKOLEKLUB,Østervang 6,8654,Bryrup,01/01 - 1993,01/03 - 2019,5-9
29189641,Silkeborg Kommune,UDGÅENDE TEAMS,Grønnegade 10,8600,Silkeborg,11/11 - 2008,01/04 - 2021,5-9
29189641,Silkeborg Kommune,PÆDAGOGISK PSYKOLOGISK RÅDGIVNING,Søvej 1,8600,Silkeborg,01/01 - 1993,20/08 - 2021,0
29189641,Silkeborg Kommune,Grauballe SFO,Grauballe Gudenåvej 21,8600,Silkeborg,01/01 - 1993,20/08 - 2021,7
29189641,Silkeborg Kommune,Fårvang SFO,Thorsøvej 11,8882,Fårvang,01/01 - 1993,20/08 - 2021,5
29189641,Silkeborg Kommune,RESENBRO SKOLEFRITIDSORDNING,Skellerupvej 16A,8600,Silkeborg,01/01 - 1993,20/08 - 2021,8
29189641,Silkeborg Kommune,VIRKLUND SKOLEFRITIDSORDNING,Thorsøvænget 1B,8600,Silkeborg,01/01 - 1993,20/08 - 2021,14
29189641,Silkeborg Kommune,"Funder-Kragelund SFO, afdeling Funder",Funder Skolevej 6,8600,Silkeborg,01/01 - 1993,20/08 - 2021,14
29189641,Silkeborg Kommune,DYBKÆR SKOLEFRITIDSORDNING MYRETUEN,Arendalsvej 271B,8600,Silkeborg,01/01 - 1993,20/08 - 2021,15
29189641,Silkeborg Kommune,"Funder-Kragelund SFO, afdeling Kragelund",Frederiksdalvej 9,8600,Silkeborg,01/01 - 1993,20/08 - 2021,5
29189641,Silkeborg Kommune,SKOLEFRITIDSORDNINGEN GJESSØ SKOLEKLUB,Brandevej 8,8600,Silkeborg,01/01 - 1993,20/08 - 2021,9
29189641,Silkeborg Kommune,VESTRE SKOLEFRITIDSORDNING,Rolighedsvej 2,8600,Silkeborg,01/01 - 1993,20/08 - 2021,15
29189641,Silkeborg Kommune,BALLE SKOLEFRITIDSORDNING,Balle Kirkevej 120,8600,Silkeborg,01/01 - 1993,20/08 - 2021,20
29189641,Silkeborg Kommune,FRISHOLM SKOLES FRITIDSDEL,Unge På Vej 2-4,8653,Them,01/01 - 1993,23/08 - 2021,10
29189641,Silkeborg Kommune,Sølyst SKOLEFRITIDSORDNING,Gran Allé 20,8600,Silkeborg,01/01 - 1993,20/08 - 2021,24
29189641,Silkeborg Kommune,SEJS SKOLEFRITIDSORDNING,Tyttebærvej 1,8600,Silkeborg,01/01 - 1993,20/08 - 2021,26
29189641,Silkeborg Kommune,ANS SKOLEFRITIDSORDNING,Lyngvænget 1,8643,Ans By,01/01 - 1993,23/08 - 2021,11
29189641,Silkeborg Kommune,"Trekløverskolens SFO, afdeling Kjellerup",Tinghusvej 16,8620,Kjellerup,01/01 - 1993,20/08 - 2021,15
29189641,Silkeborg Kommune,"Dybkær Specialskole, SFO",Arendalsvej 273,8600,Silkeborg,01/01 - 1995,20/08 - 2021,32
29189641,Silkeborg Kommune,SKOLEFRITIDSORDNINGEN THORNING SKOLE,Møllevej 7,8620,Kjellerup,01/01 - 1997,20/08 - 2021,8
29189641,Silkeborg Kommune,Buskelundskolens SFO,Buskelundtoften 5,8600,Silkeborg,01/08 - 2000,20/08 - 2021,19
29189641,Silkeborg Kommune,"Trekløverskolens SFO, afdeling Vinderslev",Vinderslevholmvej 2,8620,Kjellerup,01/01 - 2000,20/08 - 2021,4
29189641,Silkeborg Kommune,Voel SFO,Højgårdsvej 4,8600,Silkeborg,01/01 - 2000,20/08 - 2021,8
29189641,Silkeborg Kommune,Knasten Langsøskolens SFO,Hejrevej 25,8600,Silkeborg,01/08 - 1999,20/08 - 2021,22
29189641,Silkeborg Kommune,SFO Gjern Skole,Skovvejen 6,8883,Gjern,01/01 - 2001,23/08 - 2021,8
29189641,Silkeborg Kommune,SKOLEFRITIDSORDNINGEN HVINNINGDAL,Eidervej 50,8600,Silkeborg,01/01 - 2001,20/08 - 2021,14
29189641,Silkeborg Kommune,SORRING SFO,Skolebakken 4A,8641,Sorring,13/12 - 2007,20/08 - 2021,11
29189641,Silkeborg Kommune,"Trekløverskolens SFO, afdeling Sjørslev",Sognegårdsvej 41,8620,Kjellerup,01/01 - 2008,20/08 - 2021,7
29189641,Silkeborg Kommune,Skægkær Skolefritidsordning,Sindingvej 15,8600,Silkeborg,26/05 - 2010,20/08 - 2021,10
29189641,Silkeborg Kommune,"Jobcenter Silkeborg - Jobudvikling, Integration og Unge",Drewsensvej 60,8600,Silkeborg,01/12 - 2015,01/11 - 2021,40
29189641,Silkeborg Kommune,Skolekonsulenter,Vejlsøvej 55,8600,Silkeborg,01/01 - 2017,20/08 - 2021,1
29189641,Silkeborg Kommune,PLEJEHJEMMET RESDALLUND,Resdal Bakke 11A,8600,Silkeborg,01/01 - 1993,31/07 - 2008,
29189641,Silkeborg Kommune,Dag og sundhedsplejen Hammel,Lillehøjvej 29,8600,Silkeborg,01/01 - 1993,12/08 - 2008,10-19
29189641,Silkeborg Kommune,BOFÆLLESSKABET GJESSØ,Lærkebakken 19,8600,Silkeborg,01/01 - 1996,12/08 - 2008,
29189641,Silkeborg Kommune,Administration - Sektionen for hjemmepleje og hjemmesygepleje,Toldbodgade 29-31,8600,Silkeborg,27/01 - 2015,18/07 - 2022,72
29189641,Silkeborg Kommune,BROPARKENS BØRNEHAVE,Broparken 3,8620,Kjellerup,01/01 - 1993,31/12 - 2023,19
29189641,Silkeborg Kommune,IPS-projektet,Falkevej 5,8600,Silkeborg,01/12 - 2015,18/04 - 2024,6
29189641,Silkeborg Kommune,Virklund/Funder Helhedspleje,Silkeborgvej 31,8680,Ry,01/04 - 2026,02/04 - 2026,
29189641,Silkeborg Kommune,Lokalhistorisk Arkiv,Hostrupsgade 41A,8600,Silkeborg,01/01 - 2005,,5
29189641,Silkeborg Kommune,Funder Plejecenter,Funder Bygade 2B,8600,Silkeborg,01/01 - 2007,,51
29189641,Silkeborg Kommune,Virklund Plejecenter,Gl. Østergårdsvej 4,8600,Silkeborg,01/01 - 2007,,33
29189641,Silkeborg Kommune,Gødvad Plejecenter,Kongsbergvej 1,8600,Silkeborg,01/01 - 2007,,66
29189641,Silkeborg Kommune,Toftevang Plejecenter,Silkeborgvej 31A,8653,Them,01/01 - 2007,,29
29189641,Silkeborg Kommune,Sejs Plejecenter,Lyngvej 2,8600,Silkeborg,01/01 - 2007,,30
29189641,Silkeborg Kommune,Skolen i Nørskovlund,Taskebjergvej 33,8620,Kjellerup,01/01 - 2006,,71
29189641,Silkeborg Kommune,Buskelundhøjen,Buskelundhøjen 93,8600,Silkeborg,11/12 - 2007,,48
29189641,Silkeborg Kommune,"Jobcenter Silkeborg - Jobudvikling, Integration og Unge",Drewsensvej 60,8600,Silkeborg,01/01 - 2008,,114
29189641,Silkeborg Kommune,Tumlehøjen,Stockholmsvej 4,8600,Silkeborg,01/01 - 2008,,43
29189641,Silkeborg Kommune,Hjemmeplejen Gudenå-/Gjerngruppen,Gormsvej 1,8600,Silkeborg,13/08 - 2008,,79
29189641,Silkeborg Kommune,Hjemmeplejen Alderslyst,Færgevej 1,8600,Silkeborg,13/08 - 2008,,116
29189641,Silkeborg Kommune,Frydenslund Aktivitetstilbud,Grønnegade 10,8600,Silkeborg,20/08 - 2008,,26
29189641,Silkeborg Kommune,Levring Børnehus,Slussi 1,8620,Kjellerup,18/08 - 2008,,14
29189641,Silkeborg Kommune,Blå Gård,Ryvej 7A,8653,Them,20/08 - 2008,,14
29189641,Silkeborg Kommune,Specialbørnehaven Solsikken,Dybdalsvej 13,8600,Silkeborg,19/08 - 2008,,16
29189641,Silkeborg Kommune,Søfryd,Solhøjsvej 6-8,8600,Silkeborg,11/11 - 2008,,23
29189641,Silkeborg Kommune,Sundhedshuset,Toldbodgade 29-31,8600,Silkeborg,08/12 - 2009,,24
29189641,Silkeborg Kommune,Bakkehuset,Fuglemosevej 13-19,8620,Kjellerup,04/01 - 2010,,48
29189641,Silkeborg Kommune,Grauballe Børnegård,Grauballe Gudenåvej 10,8600,Silkeborg,12/01 - 2010,,33
29189641,Silkeborg Kommune,Socialpsykiatrisk Bosted i Kjellerup,Vestergade 42C 1.,8620,Kjellerup,04/01 - 2010,,26
29189641,Silkeborg Kommune,Vesterbo,Vestergade 144-158,8600,Silkeborg,08/04 - 2010,,26
29189641,Silkeborg Kommune,Elverhøjen,A.Andersens Vej 13,8600,Silkeborg,26/05 - 2010,,25
29189641,Silkeborg Kommune,Børnehaven Mælkebøtten,D. Christensens Vej 5,8620,Kjellerup,02/12 - 2011,,7
29189641,Silkeborg Kommune,Psykiatriens Hus,Falkevej 5,8600,Silkeborg,28/03 - 2012,,17
29189641,Silkeborg Kommune,"SILKEBORG UNGDOMSSKOLE, AFD. HØJMARKSKOLEN",Oslovej 63,8600,Silkeborg,03/05 - 2012,,14
29189641,Silkeborg Kommune,Beskæftigelsesafdelingen,Søvej 1,8600,Silkeborg,23/05 - 2012,,59
29189641,Silkeborg Kommune,SKOLEAFDELINGEN,Søvej 1-3,8600,Silkeborg,23/05 - 2012,,247
29189641,Silkeborg Kommune,STABEN ØKONOMI OG IT,Søvej 1-3,8600,Silkeborg,24/05 - 2012,,137
29189641,Silkeborg Kommune,Hjemmeplejen Toldbodgade,Toldbodgade 29,8600,Silkeborg,24/05 - 2012,,125
29189641,Silkeborg Kommune,Teknik- og Miljøafdelingen,Søvej 3,8600,Silkeborg,21/05 - 2012,,168
29189641,Silkeborg Kommune,"STABEN, ORGANISATION OG PERSONALE",Søvej 1-3,8600,Silkeborg,21/05 - 2012,,85
29189641,Silkeborg Kommune,SUNDHEDS- OG OMSORGSAFDELINGEN,Søvej 3,8600,Silkeborg,21/05 - 2012,,356
29189641,Silkeborg Kommune,BØRNE- OG FAMILIEAFDELINGEN,Søvej 1-3,8600,Silkeborg,23/05 - 2012,,388
29189641,Silkeborg Kommune,KULTUR- OG BORGERSERVICEAFDELINGEN,Søvej 1,8600,Silkeborg,23/05 - 2012,,50
29189641,Silkeborg Kommune,STABEN EJENDOMME,Østergade 1,8600,Silkeborg,23/05 - 2012,,49
29189641,Silkeborg Kommune,Sygeplejersker Toldbodgade/Them,Toldbodgade 29,8600,Silkeborg,24/05 - 2012,,35
29189641,Silkeborg Kommune,Familie- og Ungekontakten,Aldersrovej 1,8600,Silkeborg,04/06 - 2012,,71
29189641,Silkeborg Kommune,Botilbuddet Frydenslund,Grønnegade 10,8600,Silkeborg,10/10 - 2013,,41
29189641,Silkeborg Kommune,Socialtilsyn Midt,Papirfabrikken 38,8600,Silkeborg,10/10 - 2013,,85
29189641,Silkeborg Kommune,Ungeguiden,Papirfabrikken 18A,8600,Silkeborg,14/03 - 2014,,54
29189641,Silkeborg Kommune,Vinderslev Børne og Fritidsgård,Haugevej 1,8620,Kjellerup,01/09 - 2014,,8
29189641,Silkeborg Kommune,Bomholt Hus,Borgergade 53,8600,Silkeborg,01/05 - 2015,,19
29189641,Silkeborg Kommune,Funder Børnehus,Funder Skolevej 9A,8600,Silkeborg,22/10 - 2015,,57
29189641,Silkeborg Kommune,Sygeplejersker Alderslyst/Voel,Færgevej 1,8600,Silkeborg,01/01 - 2016,,38
29189641,Silkeborg Kommune,Hjemmesygeplejen Kjellerup,Vestergade 23A,8620,Kjellerup,01/01 - 2016,,49
29189641,Silkeborg Kommune,Hjemmeplejen Kjellerup,Vestergade 23A,8620,Kjellerup,01/01 - 2016,,141
29189641,Silkeborg Kommune,Helhedspleje Them/Bryrup og Virklund/Funder,Silkeborgvej 31A,8653,Them,01/01 - 2016,,55
29189641,Silkeborg Kommune,Midlertidige pladser,Kongsbergvej 1,8600,Silkeborg,01/01 - 2016,,33
29189641,Silkeborg Kommune,"Myndighedssektionen, hjælpemidler",Mads Clausens Vej 11,8600,Silkeborg,01/01 - 2016,,10
29189641,Silkeborg Kommune,Administration - Borger Eget Hjem,Gudenåvej 1A,8600,Silkeborg,01/01 - 2016,,8
29189641,Silkeborg Kommune,"Plejesektionen, Sundhed og Omsorg",Gudenåvej 1A,8600,Silkeborg,01/01 - 2016,,272
29189641,Silkeborg Kommune,Lysbro Kunst,Lysbrohøjen 14,8600,Silkeborg,01/03 - 2016,,14
29189641,Silkeborg Kommune,Botilbuddet Marienlund,Sanatorievej 40,8600,Silkeborg,01/01 - 2017,,47
29189641,Silkeborg Kommune,Marienlund Plejecenter,Sanatorievej 40,8600,Silkeborg,01/03 - 2017,,90
29189641,Silkeborg Kommune,Marienlund Daghjem,Sanatorievej 40,8600,Silkeborg,01/03 - 2017,,19
29189641,Silkeborg Kommune,Ejendomme - Teknisk Service,Østergade 1,8600,Silkeborg,01/05 - 2017,,131
29189641,Silkeborg Kommune,Ejendomme - Rengøringsenheden,Østergade 1,8600,Silkeborg,01/05 - 2017,,200
29189641,Silkeborg Kommune,Børnehaven Gården,Buskelundtoften 6,8600,Silkeborg,01/01 - 2018,,34
29189641,Silkeborg Kommune,Botilbuddet H. C. Branners Vej,H.C.Branners Vej 1P,8600,Silkeborg,06/06 - 2018,,41
29189641,Silkeborg Kommune,Børnehuset Bakkebo,Hvinningdal Kirkevej 2,8600,Silkeborg,15/09 - 2018,,17
29189641,Silkeborg Kommune,Genoptræning døgn og ambulant Remstruplund,Gudenåvej 1A,8600,Silkeborg,03/10 - 2018,,52
29189641,Silkeborg Kommune,Børnehuset Nørrevænget,Nørrevænget 80,8600,Silkeborg,01/01 - 2019,,42
29189641,Silkeborg Kommune,Bostøtten Nordøst,Grønnegade 10,8600,Silkeborg,01/03 - 2019,,19
29189641,Silkeborg Kommune,Botilbuddet Alderslyst - Skovhuset,Nylandsvej 18,8600,Silkeborg,01/10 - 2019,,17
29189641,Silkeborg Kommune,"Botilbuddet Alderslyst, Parkhuset og Byhuset",Nylandsvej 14,8600,Silkeborg,01/10 - 2019,,27
29189641,Silkeborg Kommune,Linå Børnehus,Linå Bygade 2,8600,Silkeborg,01/09 - 2020,,13
29189641,Silkeborg Kommune,Dybdal Daghjem,Dybdalsvej 31,8600,Silkeborg,01/01 - 2021,,7
29189641,Silkeborg Kommune,Kæret Daghjem,Fuglemosevej 5,8620,Kjellerup,01/01 - 2021,,5
29189641,Silkeborg Kommune,Børnehuset Langdalshøjen,Langdalshøjen 1,8600,Silkeborg,01/05 - 2021,,41
29189641,Silkeborg Kommune,Skolegades Børnehave - special børn,Skolegade 18,8600,Silkeborg,01/06 - 2021,,3
29189641,Silkeborg Kommune,Børnehuset Højgården,Buskelundhøjen 231,8600,Silkeborg,14/06 - 2021,,39
29189641,Silkeborg Kommune,Funder Allé Børnehus,Sandagervej 3,8600,Silkeborg,21/03 - 2022,,37
29189641,Silkeborg Kommune,Børnehuset Birksvej,Birksvej 1A,8600,Silkeborg,22/04 - 2022,,30
29189641,Silkeborg Kommune,Børnehuset Hasselvej,Hasselvej 19,8620,Kjellerup,18/07 - 2022,,35
29189641,Silkeborg Kommune,Poppelhuset,Frisholmvej 18,8653,Them,18/07 - 2022,,19
29189641,Silkeborg Kommune,Børnehuset Korshøjvej,Korshøjvej 4,8600,Silkeborg,21/11 - 2022,,21
29189641,Silkeborg Kommune,Børnehuset Stidalsvej,Stidalsvej 15,8600,Silkeborg,16/12 - 2022,,21
29189641,Silkeborg Kommune,Børnehuset Damgårdsvej,Damgårdsvej 14,8600,Silkeborg,24/03 - 2023,,49
29189641,Silkeborg Kommune,Børnehuset Harsnablundvej,Harsnablundvej 5,8600,Silkeborg,15/06 - 2023,,45
29189641,Silkeborg Kommune,PPL Naturfag,Vejlsøvej 55,8600,Silkeborg,18/04 - 2024,,5
29189641,Silkeborg Kommune,"Ledere social.,psykiatri og rusmiddel",Grønnegade 10,8600,Silkeborg,01/08 - 2024,,12
29189641,Silkeborg Kommune,"S&O, STAB VU, KU, Niveau 1&2 elever i oplæring",Søvej 3,8600,Silkeborg,01/11 - 2024,,8
29189641,Silkeborg Kommune,Produktionen,Stagehøjvej 6,8600,Silkeborg,01/06 - 2025,,8
29189641,Silkeborg Kommune,"Børnehuset Fårvang, Stationen",Jernbanegade 13,8882,Fårvang,01/03 - 2001,,10-19
29189641,Silkeborg Kommune,"Kragelund Fritidsklub, Ørnen",Frederiksdalvej 7,8600,Silkeborg,01/01 - 2005,,2-4
29189641,Silkeborg Kommune,Enghusene,Kejlstrupvej 30P,8600,Silkeborg,01/01 - 2005,,0
29189641,Silkeborg Kommune,Bofællesskabet Narvikvej,Narvikvej 1-15,8600,Silkeborg,16/11 - 2007,,0
29189641,Silkeborg Kommune,Bofællesskabet Lupinvej,Lupinvej 118,8600,Silkeborg,16/11 - 2007,,0
29189641,Silkeborg Kommune,Bofællesskabet Møllegade,Møllegade 10,8600,Silkeborg,16/11 - 2007,,
29189641,Silkeborg Kommune,Værestedet i Them,Røllikevej 3,8653,Them,01/01 - 2008,,1
29189641,Silkeborg Kommune,Kjellerup Fritids & Ungdomscenter,Digterparken 3,8620,Kjellerup,08/07 - 2009,,
29189641,Silkeborg Kommune,Bofællesskaberne,Rosengade 1E,8600,Silkeborg,29/06 - 2009,,
29189641,Silkeborg Kommune,Botilbuddet Grønnegade,Grønnegade 8,8600,Silkeborg,19/08 - 2008,,0
29189641,Silkeborg Kommune,Fårvang Fritidsklub,Thorsøvej 11,8882,Fårvang,05/05 - 2009,,
29189641,Silkeborg Kommune,Gjern Fritidsklub,Skovvejen 6,8883,Gjern,05/05 - 2009,,
29189641,Silkeborg Kommune,Alderslyst Fritidsklub,Gran Allé 30,8600,Silkeborg,19/02 - 2009,,
29189641,Silkeborg Kommune,Ans Fritidsklub,Teglgade 26,8643,Ans By,08/07 - 2009,,
29189641,Silkeborg Kommune,Grauballe Fritidsklub,Grauballe Gudenåvej 21A,8600,Silkeborg,19/02 - 2009,,
29189641,Silkeborg Kommune,Fritvalgsdelen Nylandshuset Børnehave,Nylandsvej 14B,8600,Silkeborg,13/08 - 2008,,
29189641,Silkeborg Kommune,Bofællesskabet Amerikavej,Amerikavej 49,8883,Gjern,27/05 - 2010,,
29189641,Silkeborg Kommune,Sydbyhallerne,Jernbanevej 64,8600,Silkeborg,27/05 - 2010,,
29189641,Silkeborg Kommune,Varmtvandsbassin Ans,Ans Søpark 30,8643,Ans By,27/05 - 2010,,0
29189641,Silkeborg Kommune,Sjørslev Fritidsklub,Sognegårdsvej 41,8620,Kjellerup,26/05 - 2010,,
29189641,Silkeborg Kommune,Gjessø Fritidsklub,Brandevej 6,8600,Silkeborg,26/05 - 2010,,
29189641,Silkeborg Kommune,Thorning Fritids og Ungdomsklub,Møllevej 9,8620,Kjellerup,28/05 - 2010,,
29189641,Silkeborg Kommune,Langsøskolens Fritidsklub,Rylevej 41A,8600,Silkeborg,26/05 - 2010,,
29189641,Silkeborg Kommune,Buskelund Fritidsklub,Buskelundtoften 5,8600,Silkeborg,26/05 - 2010,,
29189641,Silkeborg Kommune,Sorringhallen,Skolebakken 4,8641,Sorring,27/05 - 2010,,
29189641,Silkeborg Kommune,Silkeborg Skaterhal,Buskelundhøjen 231,8600,Silkeborg,27/05 - 2010,,
29189641,Silkeborg Kommune,Voel Fritidsklub,Højgårdsvej 4,8600,Silkeborg,26/05 - 2010,,0
29189641,Silkeborg Kommune,Idræt om dagen,Ansvej 114,8600,Silkeborg,27/05 - 2010,,3
29189641,Silkeborg Kommune,Sundhedsplejen,Søvej 1,8600,Silkeborg,01/09 - 2025,,
29189641,Silkeborg Kommune,TANDKLINIKKEN BUSKELUND,Buskelundtoften 5,8600,Silkeborg,03/05 - 2012,,
29189641,Silkeborg Kommune,TANDKLINIKKEN NYLANDSVEJ,Nylandsvej 16,8600,Silkeborg,03/05 - 2012,,
29189641,Silkeborg Kommune,TANDKLINIKKEN LANGSØ,Hejrevej 25,8600,Silkeborg,03/05 - 2012,,
29189641,Silkeborg Kommune,TANDKLINIKKEN BRYRUP,Sportsvej 20A,8600,Silkeborg,03/05 - 2012,,
29189641,Silkeborg Kommune,TANDKLINIKKEN DYBKÆR,Arendalsvej 271A,8600,Silkeborg,03/05 - 2012,,
29189641,Silkeborg Kommune,TANDKLINIKKEN SØLYST,Gran Allé 20,8600,Silkeborg,03/05 - 2012,,
29189641,Silkeborg Kommune,TANDKLINIKKEN VESTRE SKOLE,Rolighedsvej 2,8600,Silkeborg,03/05 - 2012,,
29189641,Silkeborg Kommune,TANDKLINIKKEN SEJS,Tyttebærvej 1,8600,Silkeborg,02/05 - 2012,,
29189641,Silkeborg Kommune,TANDKLINIKKEN HVINNINGDAL,Eidervej 50,8600,Silkeborg,02/05 - 2012,,
29189641,Silkeborg Kommune,TANDKLINIKKEN SKÆGKÆR,Sindingvej 15,8600,Silkeborg,02/05 - 2012,,
29189641,Silkeborg Kommune,TANDKLINIKKEN BALLE,Balle Kirkevej 120,8600,Silkeborg,02/05 - 2012,,
29189641,Silkeborg Kommune,TANDKLINIKKEN VIRKLUND,Paradisvænget 3,8600,Silkeborg,02/05 - 2012,,
29189641,Silkeborg Kommune,TANDKLINIKKEN FUNDER,Funder Skolevej 3,8600,Silkeborg,02/05 - 2012,,
29189641,Silkeborg Kommune,Satelittens Børnehave,Vestergade 23F,8620,Kjellerup,21/05 - 2012,,
29189641,Silkeborg Kommune,PROJEKT NÆRMILJØ,Arendalsvej 118,8600,Silkeborg,06/06 - 2012,,
29189641,Silkeborg Kommune,Jobcenter Silkeborg - Job og Erhverv,Lillehøjvej 29,8600,Silkeborg,04/06 - 2012,,1
29189641,Silkeborg Kommune,BADEANSTALTEN,Hostrupsgade 41A,8600,Silkeborg,01/01 - 1993,,1
29189641,Silkeborg Kommune,Skovly,Egelyvej 14B,8654,Bryrup,01/01 - 2007,,2
29189641,Silkeborg Kommune,Smørblomsten,Funder Kirkevej 7A,8600,Silkeborg,06/02 - 2023,,2
29189641,Silkeborg Kommune,Botilbuddet Fyrrevænget,Fyrrevænget 7,8620,Kjellerup,01/11 - 2014,,0
29189641,Silkeborg Kommune,Bo- og dagtilbuddet Granmosevej,Granmosevej 6,8620,Kjellerup,01/07 - 2025,,
29189641,Silkeborg Kommune,Vibevej,Vibevej 10,8600,Silkeborg,01/08 - 2015,,0
29189641,Silkeborg Kommune,Aktivitetshuset Kjellerup,Sindingsgade 13,8620,Kjellerup,01/09 - 2015,,1
29189641,Silkeborg Kommune,Fårvang Ungdomscenter,Thorsøvej 13,8882,Fårvang,19/10 - 2015,,
29189641,Silkeborg Kommune,Akutteamet,Lysbrogade 52,8600,Silkeborg,01/01 - 2016,,11
29189641,Silkeborg Kommune,Midlertidige pladser Fuglemosen,Fuglemosevej 5,8620,Kjellerup,01/01 - 2016,,3
29189641,Silkeborg Kommune,Forsorgstilbuddet Borgergade,Borgergade 27,8600,Silkeborg,01/03 - 2016,,0
29189641,Silkeborg Kommune,Produktionskøkkenet Frydenslund,Grønnegade 10,8600,Silkeborg,01/06 - 2025,,
29189641,Silkeborg Kommune,Kantinen Silkeborg Rådhus,Søvej 1,8600,Silkeborg,13/11 - 2017,,
29189641,Silkeborg Kommune,Hjemmeplejen Gudenågruppen,Gormsvej 2,8600,Silkeborg,01/09 - 2018,,
29189641,Silkeborg Kommune,Ungerådgivning,Amaliegade 1B,8600,Silkeborg,01/12 - 2018,,1
29189641,Silkeborg Kommune,Bostøtte Team Langsø,Færgevej 1,8600,Silkeborg,01/04 - 2019,,
29189641,Silkeborg Kommune,Boligerne Arendalsvej 277,Arendalsvej 277,8600,Silkeborg,01/10 - 2019,,
29189641,Silkeborg Kommune,Mosaikken,Tinghusvej 16,8620,Kjellerup,27/05 - 2010,,1
29189641,Silkeborg Kommune,Cafeen Medborgerhuset,Bindslevs Plads 5,8600,Silkeborg,01/10 - 2025,,1
29189641,Silkeborg Kommune,Dybkær Busserne,Arendalsvej 273,8600,Silkeborg,01/09 - 2022,,
29189641,Silkeborg Kommune,Støtte- og Vejledningsafdelingen,"Vestergade 9A, 2. sal.",8600,Silkeborg,01/01 - 2014,,0
29189641,Silkeborg Kommune,Vestergadehallen,Vestergade 80,8600,Silkeborg,27/05 - 2010,,
29189641,Silkeborg Kommune,"Skolegades børnehave, Vestergade 57 - Almen børn",Vestergade 57,8600,Silkeborg,01/06 - 2021,,
29189641,Silkeborg Kommune,"Skolegades børnehave, Vestergade 57 - special børn",Vestergade 57,8600,Silkeborg,01/01 - 2019,,7
29189641,Silkeborg Kommune,Vinderslev Fritidsklub,Vinderslevholmvej 2,8620,Kjellerup,26/05 - 2010,,
29189641,Silkeborg Kommune,Sundhed på tværs,"Kongsbergvej 5, st. 1.",8600,Silkeborg,08/09 - 2023,,
29189641,Silkeborg Kommune,VOEL HALLEN,Sorringvej 28,8600,Silkeborg,01/01 - 1993,,0
29189641,Silkeborg Kommune,JYSK arena,Ansvej 114,8600,Silkeborg,01/01 - 1993,,1
29189641,Silkeborg Kommune,FÅRVANG-HALLEN,Thorsøvej 19,8882,Fårvang,01/01 - 1993,,0
29189641,Silkeborg Kommune,THEM BIBLIOTEK,Silkeborgvej 33,8653,Them,01/01 - 1993,,2-4
29189641,Silkeborg Kommune,Bibliotek Gjern,Skovvejen 6,8883,Gjern,01/01 - 1993,,2-4
29189641,Silkeborg Kommune,"BALLE BØRNEHUS, VUGGESTUE",Balle Torv 6,8600,Silkeborg,01/01 - 1993,,10-19
29189641,Silkeborg Kommune,FRISHOLM BØRNEHAVE,Frisholmvej 18,8653,Them,01/01 - 1993,,0
29189641,Silkeborg Kommune,TANDKLINIKKEN FRISHOLM,Frisholmvej 22,8653,Them,01/01 - 1993,,5-9
29189641,Silkeborg Kommune,TANDKLINIKKEN FÅRVANG,Thorsøvej 11,8882,Fårvang,01/01 - 1993,,2-4
29189641,Silkeborg Kommune,Hvinningdal Fritidsklub,Buskelundvej 2A,8600,Silkeborg,01/01 - 1993,,0
29189641,Silkeborg Kommune,FUNDER FRITIDS- OG UNGDOMSKLUB,Funder Skolevej 7B,8600,Silkeborg,01/01 - 1993,,2-4
29189641,Silkeborg Kommune,KLUBBEN VIRKLUND,Virklundvej 38,8600,Silkeborg,01/01 - 1993,,2-4
29189641,Silkeborg Kommune,SILKEBORG STADION,Stadion Allé 14,8600,Silkeborg,01/01 - 1993,,0
29189641,Silkeborg Kommune,RESENBRO FRITIDSKLUB,Skellerupvej 18,8600,Silkeborg,01/01 - 1993,,1
29189641,Silkeborg Kommune,GØDVADHALLEN,Arendalsvej 91,8600,Silkeborg,01/01 - 1993,,0
29189641,Silkeborg Kommune,GØDVAD SKOLEFRITIDSORDNING,Harsnablundvej 2-7,8600,Silkeborg,01/01 - 1993,,14
29189641,Silkeborg Kommune,"THEM FRITIDSKLUB, SPILOPPEN",Dyrehaven 1A,8653,Them,01/01 - 1993,,1
29189641,Silkeborg Kommune,TANDKLINIKKEN GJERN,Søndergade 17,8883,Gjern,01/01 - 1993,,2-4
29189641,Silkeborg Kommune,Vestre Fritidsklub og Ungdomscenter,Rolighedsvej 2,8600,Silkeborg,01/01 - 1993,,1
29189641,Silkeborg Kommune,"SILKEBORG UNGDOMSSKOLE, AFD. ALDERSLYST",Resedavej 105,8600,Silkeborg,01/01 - 1994,,5-9
29189641,Silkeborg Kommune,DYBKÆRKLUBBEN,Dybkærvej 1,8600,Silkeborg,01/01 - 1995,,1
29189641,Silkeborg Kommune,BØRNEHAVEN TROLDBJERG,Troldbjergvej 4,8883,Gjern,01/01 - 1995,,0
29189641,Silkeborg Kommune,Botilbuddet Horsensvej,Horsensvej 3,8653,Them,01/01 - 1995,,2
29189641,Silkeborg Kommune,SKÆGKÆRKLUBBEN,Sindingvej 17B,8600,Silkeborg,01/01 - 1996,,2-4
29189641,Silkeborg Kommune,Bofællesskabet i Voel,Gormsvej 13,8600,Silkeborg,01/01 - 1997,,0
29189641,Silkeborg Kommune,Botilbuddet Bredhøjvej,"Bredhøjvej 24D, st. tv.",8600,Silkeborg,01/01 - 1998,,3
29189641,Silkeborg Kommune,Værestedet Kjellerup,Bakkevænget 22,8620,Kjellerup,01/01 - 1998,,5-9
29189641,Silkeborg Kommune,"Balle NaturBØRNEHAVE, Hytten",Balle Torv 12,8600,Silkeborg,01/01 - 1998,,0
29189641,Silkeborg Kommune,Bofællesskabet Fuglemosevænget,Fuglemosevænget 2,8620,Kjellerup,01/01 - 1998,,0
29189641,Silkeborg Kommune,VÆRESTEDET GRAUBALLE,Grauballe Gudenåvej 21,8600,Silkeborg,01/01 - 1998,,2-4
29189641,Silkeborg Kommune,Værestedet Gjern,Amerikavej 49,8883,Gjern,01/01 - 1998,,1
29189641,Silkeborg Kommune,Marienlund Cafe og Aktivitetscenter,Sanatorievej 40,8600,Silkeborg,01/06 - 2023,,10
29189641,Silkeborg Kommune,Halvvejshus,Marienlundsvej 35,8600,Silkeborg,01/01 - 2000,,2-4
29189641,Silkeborg Kommune,DEN KREATIVE SKOLE,Bindslevs Plads 7,8600,Silkeborg,01/09 - 1988,,44
29189641,Silkeborg Kommune,STU - Silkeborg,Lysbrohøjen 14,8600,Silkeborg,01/01 - 1993,,27
29189641,Silkeborg Kommune,VOEL SKOLE,Højgårdsvej 4,8600,Silkeborg,01/01 - 1993,,25
29189641,Silkeborg Kommune,BOTILBUDDET SOLBAKKEVEJ,Solbakkevej 20A,8600,Silkeborg,01/01 - 1993,,32
29189641,Silkeborg Kommune,GJERN SKOLE,Søndergade 17,8883,Gjern,01/01 - 1993,,23
29189641,Silkeborg Kommune,Fårvang ældrecenter,Lærkevej 19,8882,Fårvang,01/01 - 1993,,25
29189641,Silkeborg Kommune,Botilbuddet Tulipanvej,Tulipanvej 100 1.,8600,Silkeborg,01/01 - 1993,,34
29189641,Silkeborg Kommune,GRAUBALLE SKOLE,Grauballe Gudenåvej 21,8600,Silkeborg,01/01 - 1993,,22
29189641,Silkeborg Kommune,Jobcenter Silkeborg - Job og Erhverv,Stagehøjvej 9,8600,Silkeborg,01/01 - 1993,,124
29189641,Silkeborg Kommune,DYBKÆR SPECIALSKOLE,Arendalsvej 273,8600,Silkeborg,01/01 - 1993,,147
29189641,Silkeborg Kommune,SORRING BØRNEHUS,Skolebakken 13D,8641,Sorring,01/01 - 1993,,32
29189641,Silkeborg Kommune,Karolinelundscentret,Karolinelundsvej 15,8883,Gjern,01/01 - 1993,,64
29189641,Silkeborg Kommune,FÅRVANG SKOLE,Thorsøvej 13,8882,Fårvang,01/01 - 1993,,45
29189641,Silkeborg Kommune,Børnecentret Solbo,Dybdalsvej 13,8600,Silkeborg,01/01 - 1993,,94
29189641,Silkeborg Kommune,Botilbuddet Arendalsvej 280,Arendalsvej 280,8600,Silkeborg,01/01 - 1993,,58
29189641,Silkeborg Kommune,GØDVAD SKOLE,Harsnablundvej 1,8600,Silkeborg,01/01 - 1993,,49
29189641,Silkeborg Kommune,"Tollundskolen, afdeling Funder",Funder Skolevej 3,8600,Silkeborg,01/01 - 1993,,84
29189641,Silkeborg Kommune,BØRNEHUSET SØHOLT,Lindevænget 3,8600,Silkeborg,01/01 - 1993,,34
29189641,Silkeborg Kommune,SKÆGKÆR BØRNEHAVE,Sindingvej 17,8600,Silkeborg,01/01 - 1993,,40
29189641,Silkeborg Kommune,Svømmecenter Nordvest,Nylandsvej 80,8600,Silkeborg,01/01 - 1993,,15
29189641,Silkeborg Kommune,"Tollundskolen, afdeling Kragelund",Frederiksdalvej 9A,8600,Silkeborg,01/01 - 1993,,16
29189641,Silkeborg Kommune,Langsøskolen,Hejrevej 25,8600,Silkeborg,01/01 - 1993,,93
29189641,Silkeborg Kommune,SORRING SKOLE,Skolebakken 4,8641,Sorring,01/01 - 1993,,28
29189641,Silkeborg Kommune,HVINNINGDALSKOLEN,Padborgvej 131,8600,Silkeborg,01/01 - 1993,,91
29189641,Silkeborg Kommune,RESENBRO SKOLE,Skellerupvej 16,8600,Silkeborg,01/01 - 1993,,26
29189641,Silkeborg Kommune,Skolegades Børnehave - almen børn,Skolegade 18,8600,Silkeborg,01/01 - 1993,,28
29189641,Silkeborg Kommune,SILKEBORG BIBLIOTEK,Hostrupsgade 41A,8600,Silkeborg,01/01 - 1993,,64
29189641,Silkeborg Kommune,REGNBUEN,Buskelundhøjen 233,8600,Silkeborg,01/01 - 1993,,26
29189641,Silkeborg Kommune,"BALLE BØRNEHUS, BØRNEHAVE",Balle Torv 4,8600,Silkeborg,01/01 - 1993,,32
29189641,Silkeborg Kommune,DYBKÆRSKOLEN,Arendalsvej 121,8600,Silkeborg,01/01 - 1993,,92
29189641,Silkeborg Kommune,DALHAVEN,Daltoften 6-8,8600,Silkeborg,01/01 - 1993,,49
29189641,Silkeborg Kommune,SØLYST SKOLEN,Gran Allé 20,8600,Silkeborg,01/01 - 1993,,125
29189641,Silkeborg Kommune,FRISHOLM SKOLE,Frisholmvej 20,8653,Them,01/01 - 1993,,86
29189641,Silkeborg Kommune,LAVEN BØRNEHAVE,Anedalvej 3A,8600,Silkeborg,01/01 - 1993,,6
29189641,Silkeborg Kommune,Troldehøjen,Gunilshøjvej 64,8600,Silkeborg,01/01 - 1993,,30
29189641,Silkeborg Kommune,MEDBORGERHUSET TOFTEBJERG,Røllikevej 3,8653,Them,01/01 - 1993,,3
29189641,Silkeborg Kommune,Værestedet Mødestedet,Estrupsgade 4,8600,Silkeborg,01/01 - 1993,,11
29189641,Silkeborg Kommune,VIRKLUND BØRNEHAVE,Marienlystvej 1,8600,Silkeborg,01/01 - 1993,,28
29189641,Silkeborg Kommune,BALLESKOLEN,Balle Kirkevej 120,8600,Silkeborg,01/01 - 1993,,76
29189641,Silkeborg Kommune,"BALLE NATURBØRNEHAVE, Huset",Balle Torv 8,8600,Silkeborg,01/01 - 1993,,39
29189641,Silkeborg Kommune,Bøgehuset,Toftbjerg Bakke 2,8653,Them,01/01 - 1993,,11
29189641,Silkeborg Kommune,SILKEBORG UNGDOMSSKOLE,Oslovej 2,8600,Silkeborg,01/01 - 1993,,124
29189641,Silkeborg Kommune,Remstruplund,"Gudenåvej 1B, 1. 1.",8600,Silkeborg,01/01 - 1993,,10
29189641,Silkeborg Kommune,SEJS SKOLE,Tyttebærvej 1,8600,Silkeborg,01/01 - 1993,,89
29189641,Silkeborg Kommune,LYNGHØJEN,Strandvejen 1,8600,Silkeborg,01/01 - 1993,,18
29189641,Silkeborg Kommune,BRYRUP BØRNEHAVE,Østervang 41-43,8654,Bryrup,01/01 - 1993,,28
29189641,Silkeborg Kommune,BRYRUP SKOLE,Skolevej 14,8654,Bryrup,01/01 - 1993,,37
29189641,Silkeborg Kommune,Rådhuset Silkeborg,Søvej 1,8600,Silkeborg,01/01 - 1993,,421
29189641,Silkeborg Kommune,DYBKÆRGÅRDEN,Arendalsvej 270,8600,Silkeborg,01/01 - 1993,,26
29189641,Silkeborg Kommune,Estrupsgade 22C,Estrupsgade 22C,8600,Silkeborg,01/01 - 1993,,12
29189641,Silkeborg Kommune,BOTILBUDDET SANDVEJEN,Sandvejen 50,8600,Silkeborg,01/01 - 1993,,8
29189641,Silkeborg Kommune,Rødegård Plejecenter,Skærbækvej 13,8600,Silkeborg,01/01 - 1993,,43
29189641,Silkeborg Kommune,Daginstitutionen Kærsgård,Kollundvej 3A,8600,Silkeborg,01/01 - 1993,,26
29189641,Silkeborg Kommune,Gjesse Børnehave,Hedehusvej 2B,8600,Silkeborg,01/01 - 1993,,23
29189641,Silkeborg Kommune,Socialafdelingen,Søvej 3,8600,Silkeborg,01/01 - 1993,,187
29189641,Silkeborg Kommune,VIRKLUND SKOLE,Thorsøvænget 1A,8600,Silkeborg,01/01 - 1993,,62
29189641,Silkeborg Kommune,Entreprenørgården,Tietgensvej 5,8600,Silkeborg,01/01 - 1993,,111
29189641,Silkeborg Kommune,Børnegården,Plantagevej 1,8600,Silkeborg,01/01 - 1993,,26
29189641,Silkeborg Kommune,SKÆGKÆRSKOLEN,Sindingvej 15,8600,Silkeborg,01/01 - 1993,,90
29189641,Silkeborg Kommune,Kragelund Plejecenter,Kragelund Møllevej 5-9,8600,Silkeborg,01/01 - 1993,,30
29189641,Silkeborg Kommune,Børnehuset Forårsvej,Forårsvej 6,8600,Silkeborg,01/01 - 1993,,20
29189641,Silkeborg Kommune,TANDKLINIKKEN HOSTRUPSGADE 47,Hostrupsgade 47,8600,Silkeborg,01/01 - 1993,,93
29189641,Silkeborg Kommune,GJESSØ SKOLE,Brandevej 6,8600,Silkeborg,01/01 - 1993,,24
29189641,Silkeborg Kommune,VESTRE SKOLE,Rolighedsvej 2,8600,Silkeborg,01/01 - 1993,,57
29189641,Silkeborg Kommune,Aktivitetstilbuddet Kernen,Fabriksvej 1-2,8620,Kjellerup,01/01 - 1993,,28
29189641,Silkeborg Kommune,SVØMMEHALLEN,Skolevangen 8,8620,Kjellerup,01/01 - 1993,,1
29189641,Silkeborg Kommune,ANS SKOLE,Teglgade 22,8643,Ans By,01/01 - 1993,,44
29189641,Silkeborg Kommune,Fuglemosen,Fuglemosevej 5,8620,Kjellerup,01/01 - 1993,,29
29189641,Silkeborg Kommune,Malmhøj,Malmhøj 1,8620,Kjellerup,01/01 - 1993,,43
29189641,Silkeborg Kommune,THORNING SKOLE,Møllevej 7,8620,Kjellerup,01/01 - 1993,,81
29189641,Silkeborg Kommune,Sandgårdsparken,Sandgårdsparken 1,8620,Kjellerup,01/01 - 1993,,47
29189641,Silkeborg Kommune,"Trekløverskolen, afdeling Kjellerup",Tinghusvej 16,8620,Kjellerup,01/01 - 1993,,74
29189641,Silkeborg Kommune,Boenheden Klosterhaven,Klosterhaven 1 1.,8620,Kjellerup,01/01 - 1993,,33
29189641,Silkeborg Kommune,"Trekløverskolen, afdeling Vinderslev",Vinderslevholmvej 2,8620,Kjellerup,01/01 - 1993,,14
29189641,Silkeborg Kommune,INTEGRERET INSTITUTION TROLDHØJ,Vilhelm Skyttes Vej 32,8620,Kjellerup,01/01 - 1993,,28
29189641,Silkeborg Kommune,Børnehuset Thorning,Peblingestien 2,8620,Kjellerup,01/01 - 1993,,10
29189641,Silkeborg Kommune,"Trekløverskolen, afdeling Sjørslev",Sognegårdsvej 41,8620,Kjellerup,01/01 - 1993,,16
29189641,Silkeborg Kommune,Børnehuset Ågade,Ågade 30,8620,Kjellerup,01/01 - 1993,,19
29189641,Silkeborg Kommune,Søvangen,Vestre Langgade 30,8643,Ans By,01/01 - 1993,,19
29189641,Silkeborg Kommune,"Børnehuset Ans, Børnehuset",Teglgade 41,8643,Ans By,01/01 - 1993,,22
29189641,Silkeborg Kommune,Solgården,Solgården 1,8620,Kjellerup,01/01 - 1993,,30
29189641,Silkeborg Kommune,Bakkegården,Blichersvej 22,8620,Kjellerup,01/01 - 1993,,21
29189641,Silkeborg Kommune,MEDBORGERHUSET SILKEBORG,Bindslevs Plads 5,8600,Silkeborg,01/01 - 1994,,2
29189641,Silkeborg Kommune,Botilbuddet Nylandsvej,Nylandsvej 74,8600,Silkeborg,01/01 - 1995,,6
29189641,Silkeborg Kommune,Skolegade 28,Skolegade 28,8600,Silkeborg,01/01 - 1995,,18
29189641,Silkeborg Kommune,HVINNINGDAL BØRNEHUS,Eidervej 42,8600,Silkeborg,01/01 - 1996,,23
29189641,Silkeborg Kommune,GRANLY,Gjessøvej 40C,8600,Silkeborg,01/01 - 1996,,22
29189641,Silkeborg Kommune,JULSØHAVEN,Julsøvej 122A,8600,Silkeborg,01/01 - 1996,,36
29189641,Silkeborg Kommune,ENGEN,Kejlstrupvej 30A,8600,Silkeborg,01/01 - 1996,,13
29189641,Silkeborg Kommune,Rusmiddelcenter Silkeborg,Færgevej 1,8600,Silkeborg,01/01 - 1996,,27
29189641,Silkeborg Kommune,ASKEHUSET,Harbohøjvej 2,8653,Them,01/01 - 1998,,23
29189641,Silkeborg Kommune,Funder Kirkeby Børnehus,Skærskovvej 12A,8600,Silkeborg,29/08 - 1986,,20
29189641,Silkeborg Kommune,Vuggestuen Arnen,Åhavevej 48,8600,Silkeborg,01/01 - 1999,,12
29189641,Silkeborg Kommune,KRATHGÅRDEN,Sjørslevvej 15,8620,Kjellerup,01/01 - 1994,,13
29189641,Silkeborg Kommune,Daginstitutionen Bakkegården,Tranevej 8A-8D,8600,Silkeborg,01/01 - 1993,,34
29189641,Silkeborg Kommune,Rosengårdscentret,Tulipanvej 2,8600,Silkeborg,01/01 - 1999,,16
29189641,Silkeborg Kommune,Buskelundskolen,Buskelundtoften 5,8600,Silkeborg,01/08 - 2000,,63
29189641,Silkeborg Kommune,Børnehaven Toften,Buskelundtoften 5,8600,Silkeborg,01/08 - 2000,,14
29189641,Silkeborg Kommune,Voel Børnegård,Sorringvej 24,8600,Silkeborg,01/01 - 2000,,30
29189641,Silkeborg Kommune,Gjern Børnegård,Søndergade 58,8883,Gjern,01/01 - 2000,,20
29189641,Silkeborg Kommune,Børnehuset Fårvang,Thorsøvej 9,8882,Fårvang,01/01 - 2000,,17
29189641,Silkeborg Kommune,Birkebo,Hovedgaden 60,8654,Bryrup,30/04 - 2002,,18
29189641,Silkeborg Kommune,KRAGELUND BØRNEHAVE,Engesvangvej 38,8600,Silkeborg,01/01 - 2001,,19
29189641,Silkeborg Kommune,Lysbro Plejecenter,Lysbrogade 52-56,8600,Silkeborg,03/12 - 2002,,45
29189641,Silkeborg Kommune,Multihuset kjellerup,"Sindingsgade 13, 1",8620,Kjellerup,01/01 - 2002,,16
29189641,Silkeborg Kommune,Hjælpemiddelcenter,Mads Clausens Vej 11,8600,Silkeborg,01/01 - 2003,,31
29189641,Silkeborg Kommune,Birkeparken,Kejlstrupvej 32A,8600,Silkeborg,01/01 - 2004,,26
29189641,Silkeborg Kommune,Skovbuen,Stockholmsvej 6,8600,Silkeborg,01/01 - 2004,,26
29189641,Silkeborg Kommune,Klokbjerghøjen,Klokbjerghøjen 3-9,8653,Them,01/01 - 2004,,6
36423544,Sinal A/S,Eniig Fiber A/S,"Niels Jernes Vej 10, 2. sal.",9220,Aalborg Ø,01/04 - 2015,01/06 - 2017,0
36423544,Sinal A/S,Norlys Fibernet A/S,"Langebrogade 3B, 1",1411,København K,31/05 - 2022,01/01 - 2025,1
36423544,Sinal A/S,Sinal A/S,Tietgensvej 4,8600,Silkeborg,04/11 - 2014,,366
36423544,Sinal A/S,Eniig Fiber A/S,Brårupvej 50,7800,Skive,01/01 - 2015,,29
36423544,Sinal A/S,Eniig Fiber A/S,Over Bækken 6,9000,Aalborg,07/09 - 2016,,1
36423544,Sinal A/S,Eniig Fiber A/S,Slet Parkvej 5,8310,Tranbjerg J,09/09 - 2019,,7
36423544,Sinal A/S,Stofa Fiber A/S,Birkemose Allé 11,6000,Kolding,29/10 - 2020,,101
36423544,Sinal A/S,Norlys Fibernet A/S,Elholm 1,6400,Sønderborg,01/06 - 2022,,10
36423544,Sinal A/S,Norlys Fibernet A/S,Thorsvej 21,4100,Ringsted,31/05 - 2022,,14
36423544,Sinal A/S,Norlys Fibernet A/S,Stokkeby Landevej 11,5970,Ærøskøbing,31/05 - 2022,,1
36423544,Sinal A/S,Norlys Fibernet A/S,Edison Park 1,6715,Esbjerg N,01/09 - 2023,,4
36423544,Sinal A/S,Norlys Fibernet,Ørestads Boulevard 45,2300,København S,01/01 - 2025,,1
36423544,Sinal A/S,Norlys Fibernet A/S,Gasværksvej 25,9000,Aalborg,01/07 - 2025,,105
36423544,Sinal A/S,Eniig Fiber A/S,Håndværkervej 27,9700,Brønderslev,15/11 - 2016,,1
36423544,Sinal A/S,Eniig Fiber A/S,Juelstrupparken 16,9530,Støvring,30/09 - 2016,,1
36423544,Sinal A/S,Norlys Fibernet A/S,Saltumvej 22,9700,Brønderslev,01/06 - 2022,,19
29189633,Skanderborg kommune,Den eksterne Hjemmevejledning - Basen,Plantagevej 2,8660,Skanderborg,04/03 - 2009,30/12 - 2012,
29189633,Skanderborg kommune,AUC Bakkehuset,"Skanderborgvej 9, st",8362,Hørning,23/01 - 2007,23/01 - 2007,
29189633,Skanderborg kommune,Kreativ Center,Skolevej 2,8362,Hørning,03/03 - 2009,07/12 - 2009,
29189633,Skanderborg kommune,Dyrehaveværket,Dyrehaven 1,8660,Skanderborg,01/01 - 2003,30/12 - 2009,
29189633,Skanderborg kommune,Tandplejen Veng Fællesskole,Søballevej 2,8660,Skanderborg,11/03 - 2009,06/05 - 2015,
29189633,Skanderborg kommune,Aktivitetscenter,Agnetevej 1,8680,Ry,08/12 - 2009,26/10 - 2010,
29189633,Skanderborg kommune,Tandplejen Ejer Bavnehøj Skolen,Risvej 26,8660,Skanderborg,11/03 - 2009,31/12 - 2011,
29189633,Skanderborg kommune,Aktivitetscenter Samsø,Hosebåndet 3,8305,Samsø,21/02 - 2007,29/01 - 2015,
29189633,Skanderborg kommune,Kreativ Center,Skolevej 2,8362,Hørning,03/03 - 2009,07/12 - 2009,
29189633,Skanderborg kommune,Skovby Renseanlæg,Præstbrovej 30,8464,Galten,10/03 - 2009,30/12 - 2009,
29189633,Skanderborg kommune,Skanderborg Ungdomsskole - Værksteder,Finlandsvej 5,8660,Skanderborg,01/01 - 2016,01/02 - 2016,
29189633,Skanderborg kommune,Tandplejen Niels Ebbesen Skolen,Højvangens Torv 4,8660,Skanderborg,11/03 - 2009,11/05 - 2015,
29189633,Skanderborg kommune,Kreativ Center,Skolevej 2,8362,Hørning,03/03 - 2009,30/05 - 2009,
29189633,Skanderborg kommune,Centralrenseanlægget,Døjsøvej 1,8660,Skanderborg,10/03 - 2009,30/12 - 2009,
29189633,Skanderborg kommune,Bakkeskolen,Skanderborgvej 9,8362,Hørning,19/03 - 2014,30/06 - 2016,
29189633,Skanderborg kommune,Kreativ Center,Skolevej 2,8362,Hørning,03/03 - 2009,30/05 - 2009,
29189633,Skanderborg kommune,Ældrecenter Århusvej,Århusvej 51,8660,Skanderborg,08/12 - 2009,09/11 - 2016,
29189633,Skanderborg kommune,Lærken,Ole Rømers Alle 40,8464,Galten,23/06 - 2015,09/11 - 2016,
29189633,Skanderborg kommune,Guldsmeden,Mosegårdsvej 7,8464,Galten,29/05 - 2017,31/05 - 2017,
29189633,Skanderborg kommune,Galten Renseanlæg,Skjørringvej 120,8464,Galten,10/03 - 2009,30/12 - 2009,
29189633,Skanderborg kommune,Skanderborg kommune,Adelgade 44,8660,Skanderborg,01/01 - 2007,01/01 - 2007,
29189633,Skanderborg kommune,Voerladegård Skoles Fritidsklub,Holmedal 55,8660,Skanderborg,16/12 - 2009,09/11 - 2016,0
29189633,Skanderborg kommune,Materielgården i Hørning,Bakkedraget 3,8362,Hørning,01/01 - 1993,31/10 - 2016,10-19
29189633,Skanderborg kommune,Hjemmevejleder Team Skanderborg (Smedens hus),Bjertrupvej 2B,8362,Hørning,01/01 - 1997,29/01 - 2015,0
29189633,Skanderborg kommune,Vand- og Kloakforsyningen,Knudsvej 34,8680,Ry,01/01 - 1993,30/12 - 2009,20-49
29189633,Skanderborg kommune,GYVELHØJSKOLE SKOLELÆGEN,Skolevej 23B,8464,Galten,01/01 - 1993,30/12 - 2008,0
29189633,Skanderborg kommune,BØRNEHAVEN TUSINDFRYD,Toftevej 53,8362,Hørning,01/01 - 2001,30/12 - 2008,10-19
29189633,Skanderborg kommune,Familierådgivningen,Søndergade 27,8464,Galten,15/02 - 2007,15/12 - 2009,20-49
29189633,Skanderborg kommune,HØRNING HALLEN,Toftevej 53,8362,Hørning,01/12 - 1971,30/12 - 2008,2-4
29189633,Skanderborg kommune,Knudsøskolens Fritidsklub,Tulstrupvej 84,8680,Ry,16/12 - 2009,09/11 - 2016,1
29189633,Skanderborg kommune,Socialpsykiatrien i Galten,Gyvelparken 30,8464,Galten,01/01 - 1997,30/03 - 2013,0
29189633,Skanderborg kommune,Hørning Renseanlæg,Brogårdsvej 6,8362,Hørning,01/01 - 1993,30/12 - 2009,2-4
29189633,Skanderborg kommune,Ældrecenter Sygehusvej,Sygehusvej 17,8660,Skanderborg,11/03 - 2009,09/11 - 2016,0
29189633,Skanderborg kommune,HØRNING MUSIKSKOLE,Skolevej 2,8362,Hørning,01/01 - 1994,30/12 - 2008,10-19
29189633,Skanderborg kommune,Morten Børup Skolens SFOII,Plantagevej 7,8660,Skanderborg,01/01 - 2004,09/11 - 2016,0
29189633,Skanderborg kommune,Skanderborg Ungdomsskole - Ry Afdeling,Skanderborgvej 54,8680,Ry,01/01 - 1993,12/12 - 2014,0
29189633,Skanderborg kommune,Tandplejen Morten Børup Skolen,Møllegade 45,8660,Skanderborg,01/01 - 1993,11/05 - 2015,1
29189633,Skanderborg kommune,Ungdomsklubben Rust,Ellemosen 13,8680,Ry,16/12 - 2009,31/12 - 2011,2-4
29189633,Skanderborg kommune,Ry Renseanlæg,Silkeborgvej 36,8680,Ry,01/01 - 1993,30/12 - 2009,2-4
29189633,Skanderborg kommune,Skanderborg Ungdomsskole - Hørning Afdeling,Skolevej 2A,8362,Hørning,01/01 - 1993,12/12 - 2014,0
29189633,Skanderborg kommune,Børnehuset Mølleparken,Møllevænget 49,8362,Hørning,02/03 - 2009,30/07 - 2012,0
29189633,Skanderborg kommune,Lokalarkivet Hørning,Toftevej 53A,8362,Hørning,01/01 - 1993,30/05 - 2009,1
29189633,Skanderborg kommune,Børnehuset Bellisvej,Bellisvej 1,8660,Skanderborg,02/03 - 2009,09/11 - 2016,0
29189633,Skanderborg kommune,AUC Bakkehuset,Skanderborgvej 9,8362,Hørning,23/01 - 2007,16/03 - 2014,0
29189633,Skanderborg kommune,Nørre Allés Børnehave,Nørre Alle 1,8362,Hørning,01/01 - 1993,30/07 - 2012,0
29189633,Skanderborg kommune,Stilling-Bakkely,Sandgravvej 11,8660,Skanderborg,02/03 - 2009,31/07 - 2013,0
29189633,Skanderborg kommune,GALTEN BØRNEHAVE,Nørregade 33,8464,Galten,01/01 - 2001,30/12 - 2008,10-19
29189633,Skanderborg kommune,Ryparkens Børnehave,Ryparken 15,8660,Skanderborg,01/01 - 1993,31/12 - 2011,0
29189633,Skanderborg kommune,Børnehaven Rønnehaven,Rønnealle 1,8670,Låsby,01/01 - 1993,09/03 - 2015,0
29189633,Skanderborg kommune,Tandplejen Virring Skole,Skoletoften 11,8660,Skanderborg,11/03 - 2009,09/11 - 2016,0
29189633,Skanderborg kommune,Hertha Levefællesskab,Landsbyvænget 14,8464,Galten,01/01 - 1996,31/12 - 2012,20-49
29189633,Skanderborg kommune,Skovby Børnehave,Hørslevvej 5,8464,Galten,01/01 - 1993,30/12 - 2012,1
29189633,Skanderborg kommune,Daginstitutionen Bakkely,Bakkelyvej 1,8680,Ry,01/01 - 1993,31/12 - 2011,5-9
29189633,Skanderborg kommune,Bjedstrup Skoles Fritidsklub (Bjedstrup Børnehus),Bjedstrupvej 1A,8660,Skanderborg,16/12 - 2009,05/01 - 2017,1
29189633,Skanderborg kommune,Gl. Rye Skoles Fritidsklub,Nyvej 1B,8680,Ry,01/01 - 1993,01/12 - 2016,0
29189633,Skanderborg kommune,Den eksterne Hjemmevejledning - Højer Kro,Silkeborgvej 39,8464,Galten,01/09 - 2000,27/02 - 2012,2-4
29189633,Skanderborg kommune,Gl. Rye Skoles SFO - Kastaniehuset,Nyvej 1A,8680,Ry,01/01 - 1993,30/11 - 2016,10-19
29189633,Skanderborg kommune,Skanderborgskolen,Ryhavegårdsvej 45,8660,Skanderborg,01/01 - 1993,31/12 - 2017,0
29189633,Skanderborg kommune,"Brand & Redning, Ry",Brunhøjvej 13,8680,Ry,10/03 - 2009,15/08 - 2017,0
29189633,Skanderborg kommune,Ry Børnehave,Stadionalle 9,8680,Ry,01/01 - 1993,31/12 - 2011,10-19
29189633,Skanderborg kommune,Skanderborg Ungdomsskole - Galten Afdeling,Skolevej 23B,8464,Galten,01/01 - 1993,12/12 - 2014,0
29189633,Skanderborg kommune,Bofællesskabet Samsø,Onsbjerg Vestermark 4,8305,Samsø,01/01 - 1993,29/01 - 2015,0
29189633,Skanderborg kommune,De røde Løvers Børnehave,N F S Grundtvigs Vej 46,8660,Skanderborg,01/01 - 1993,31/12 - 2015,0
29189633,Skanderborg kommune,Materielgården i Galten,Smedeskovvej 26-28,8464,Galten,01/01 - 1993,01/04 - 2015,0
29189633,Skanderborg kommune,Børnerådgivningen,Søndergade 29,8464,Galten,01/01 - 2000,15/12 - 2009,5-9
29189633,Skanderborg kommune,Pædagogisk-Psykologisk Rådgivning,Adelgade 105,8660,Skanderborg,01/01 - 2008,30/12 - 2008,20-49
29189633,Skanderborg kommune,BO STØTTECENTER,Randersvej 4,8680,Ry,01/01 - 1995,30/12 - 2008,20-49
29189633,Skanderborg kommune,Dagplejen og Sundhedspleje Galten,Silkeborgvej 39,8464,Galten,01/01 - 1996,30/12 - 2008,5-9
29189633,Skanderborg kommune,Børnehuset Oasen,Toftevej 50,8362,Hørning,01/01 - 1993,30/07 - 2012,20-49
29189633,Skanderborg kommune,BAKKEHUSET,Vester Alle 18B,8362,Hørning,01/01 - 2001,30/12 - 2008,10-19
29189633,Skanderborg kommune,Dagplejen Ry,Agnetevej 6,8680,Ry,01/01 - 1994,30/12 - 2008,5-9
29189633,Skanderborg kommune,Naturbørnehaven Følfod,Langelinie 40B,8464,Galten,01/01 - 1993,31/12 - 2011,0
29189633,Skanderborg kommune,"Brand & Redning, Skanderborg",Vestergade 131,8660,Skanderborg,01/01 - 1993,15/08 - 2017,0
29189633,Skanderborg kommune,Hørning Mølle,Møllevænget 45,8362,Hørning,01/01 - 1993,07/12 - 2009,10-19
29189633,Skanderborg kommune,Administrationscenter B&S,Bakkedraget 1,8362,Hørning,26/08 - 2014,13/11 - 2017,0
29189633,Skanderborg kommune,"Brand & Redning, Hørning",Sønderskovvej 11,8362,Hørning,01/01 - 1993,15/08 - 2017,0
29189633,Skanderborg kommune,Tandplejen Bakkeskolen,Skolevej 2B,8362,Hørning,01/01 - 1994,12/11 - 2020,5-9
29189633,Skanderborg kommune,Servicecenter Galten,Søndergade 27,8464,Galten,01/01 - 1993,27/06 - 2017,0
29189633,Skanderborg kommune,Fælleden,Skanderborg Fælled 1,8660,Skanderborg,08/12 - 2009,24/10 - 2016,0
29189633,Skanderborg kommune,Hørning Bibliotek,Rådhuspladsen 1,8362,Hørning,01/01 - 2003,30/08 - 2017,0
29189633,Skanderborg kommune,Servicecenter Ry,Knudsvej 34,8680,Ry,01/01 - 1993,27/06 - 2017,0
29189633,Skanderborg kommune,Ungdomsklubben Loftet,Nyvej 1B,8680,Ry,16/12 - 2009,20/06 - 2018,5-9
29189633,Skanderborg kommune,Tandplejen Skovbyskolen,Skråvejen 1B,8464,Galten,11/03 - 2009,12/11 - 2020,5-9
29189633,Skanderborg kommune,Ungdomsklubben i Virring,Skoletoften 11,8660,Skanderborg,01/01 - 1993,06/10 - 2020,2
29189633,Skanderborg kommune,Ungdomsklubben i Herskind,Ladingvej 16B,8464,Galten,16/12 - 2009,06/10 - 2020,2
29189633,Skanderborg kommune,Ungdomsklubben Magneten,Skanderborgvej 9,8362,Hørning,16/12 - 2009,06/10 - 2020,2
29189633,Skanderborg kommune,Voerladegård Ungdomsklub,Holmedal 55,8660,Skanderborg,01/12 - 2016,06/10 - 2020,2
29189633,Skanderborg kommune,Klub Rust,Ellemosen 13,8680,Ry,05/12 - 2016,06/10 - 2020,2
29189633,Skanderborg kommune,Asylgades Børnehave,Asylgade 33,8660,Skanderborg,01/01 - 1993,19/09 - 2021,10
29189633,Skanderborg kommune,Eskebækparkens Børnehave,Eskebækparken 61,8660,Skanderborg,01/01 - 1993,01/10 - 2021,14
29189633,Skanderborg kommune,Ungdomsklubben i Veng,Søballevej 6A,8660,Skanderborg,16/12 - 2009,03/03 - 2021,1
29189633,Skanderborg kommune,Skanderborg Aktivitetscenter - Butikken,Adelgade 116,8660,Skanderborg,06/03 - 2015,05/10 - 2021,10
29189633,Skanderborg kommune,Ungdomsklubben Loftet,Nyvej 1A,8680,Ry,20/06 - 2018,03/03 - 2021,1
29189633,Skanderborg kommune,Veng Skoles Klub,Søballevej 2A,8660,Skanderborg,01/01 - 1994,31/01 - 2023,1
29189633,Skanderborg kommune,Sdr. Vissing Skole SFO,Sdr. Vissingvej 26B,8740,Brædstrup,01/01 - 2006,30/12 - 2008,2-4
29189633,Skanderborg kommune,Produktionskøkkenet,Danmarksvej 31,8660,Skanderborg,06/01 - 2010,14/11 - 2023,0
29189633,Skanderborg kommune,Børnehuset Tippethøj,Tippethøj 1,8680,Ry,01/02 - 2021,08/10 - 2024,
29189633,Skanderborg kommune,Hjemmeplejen - Møllehjørnet,Sygehusvej 19,8660,Skanderborg,06/01 - 2025,06/01 - 2025,
29189633,Skanderborg kommune,Hjemmeplejen - Dagmargården,Sygehusvej 1,8660,Skanderborg,06/01 - 2025,06/01 - 2025,
29189633,Skanderborg kommune,Socialpsykiatrien i Ry,Ellemosen 13,8680,Ry,01/01 - 1993,14/10 - 2024,1
29189633,Skanderborg kommune,Plejecenter Dalbogård,Jægergårdsvej 6,8680,Ry,01/01 - 1993,01/04 - 2024,3
29189633,Skanderborg kommune,Nøjsom,Adelgade 87,8660,Skanderborg,12/11 - 2013,31/12 - 2023,10
29189633,Skanderborg kommune,Herskind Børnehus,Ladingvej 12,8464,Galten,01/01 - 2005,,31
29189633,Skanderborg kommune,Bofællesskabet Skrænten,Sygehusvej 3,8660,Skanderborg,06/02 - 2007,,4
29189633,Skanderborg kommune,Jobcenter Skanderborg,Skanderborg Fælled 1,8660,Skanderborg,01/07 - 2007,,153
29189633,Skanderborg kommune,Børnehuset Kildebjerg,Kildebjerg Skovvej 1,8680,Ry,01/07 - 2006,,33
29189633,Skanderborg kommune,Hørningskolen,Vester Alle 18B,8362,Hørning,01/01 - 2007,,64
29189633,Skanderborg kommune,Storring-Stjær Vuggestue,Søballevej 3,8464,Galten,01/01 - 2007,,19
29189633,Skanderborg kommune,Børnehuset Skovkanten,Fregerslevvej 37,8362,Hørning,01/01 - 2008,,26
29189633,Skanderborg kommune,Børnehuset Fredensgård,Skanderborg Fælled 3,8660,Skanderborg,02/03 - 2009,,21
29189633,Skanderborg kommune,Børneriget Skanderborg Bakker,Kongefolden 1,8660,Skanderborg,02/03 - 2009,,39
29189633,Skanderborg kommune,Hylke Skole,Hylkevej 56,8660,Skanderborg,03/03 - 2009,,4
29189633,Skanderborg kommune,Knudsøhulen Skovbørnehave,Tulstrupvej 78,8680,Ry,02/03 - 2009,,6
29189633,Skanderborg kommune,Tandplejen Højboskolen,Toftevej 53B,8362,Hørning,11/03 - 2009,,5
29189633,Skanderborg kommune,Bofællesskabet Firkløvervej,Firkløvervej 212,8464,Galten,04/03 - 2009,,15
29189633,Skanderborg kommune,Børnehaven Skovhuset,Dyrehaven 2,8660,Skanderborg,02/03 - 2009,,11
29189633,Skanderborg kommune,Arbejdsmarked og Social Danmarksvej,Danmarksvej 31,8660,Skanderborg,04/03 - 2009,,46
29189633,Skanderborg kommune,Socialpsykiatrien Mestring og Rådgivning,Dyrehaven 10E,8660,Skanderborg,03/03 - 2009,,102
29189633,Skanderborg kommune,Tandplejen Stilling Skole,Gramvej 10A,8660,Skanderborg,11/03 - 2009,,4
29189633,Skanderborg kommune,Voerladegård Børnehave,Tyndeleddet 5A,8660,Skanderborg,02/03 - 2009,,8
29189633,Skanderborg kommune,Ungeteam,Møllebakken 21,8660,Skanderborg,01/10 - 2009,,16
29189633,Skanderborg kommune,Landsbyordningen Ejer Baunehøj SFO,Risvej 28A,8660,Skanderborg,14/12 - 2009,,10
29189633,Skanderborg kommune,Vestermølle,Oddervej 80A,8660,Skanderborg,08/12 - 2009,,3
29189633,Skanderborg kommune,Plejehjemmet Bøgehaven,Tjørnevej 12A,8464,Galten,08/12 - 2009,,9
29189633,Skanderborg kommune,Bjedstrup SFO,Bjedstrupvej 1A,8660,Skanderborg,14/12 - 2009,,8
29189633,Skanderborg kommune,Ungdomsklubben i Stjær,Stjærvej 100B,8464,Galten,16/12 - 2009,,2
29189633,Skanderborg kommune,Toftelunden,Toftevej 57,8362,Hørning,06/08 - 2012,,87
29189633,Skanderborg kommune,Tandklinikken/Tandreguleringen Skanderborg,Sygehusvej 24,8660,Skanderborg,14/12 - 2012,,27
29189633,Skanderborg kommune,Familiehuset,Grønnedalsvej 10,8660,Skanderborg,30/04 - 2013,,19
29189633,Skanderborg kommune,Specialtilbud Autisme - Niels Ebbesen Skolen,Højvangens Torv 4,8660,Skanderborg,18/11 - 2013,,57
29189633,Skanderborg kommune,Plejehjemmet Dagmargården,Sygehusvej 1,8660,Skanderborg,02/06 - 2014,,148
29189633,Skanderborg kommune,Det Kommunale Sundhedscenter,"Sygehusvej 7, 2",8660,Skanderborg,01/07 - 2014,,23
29189633,Skanderborg kommune,Skanderborg Aktivitetscenter - STU,Ryhavegårdsvej 45,8660,Skanderborg,06/03 - 2015,,20
29189633,Skanderborg kommune,Skanderborg Aktivitetscenter - Udeholdet,Hårbyvej 2-4,8680,Ry,06/03 - 2015,,17
29189633,Skanderborg kommune,Ungdomsskolen - Værksteder,Finlandsvej 5,8660,Skanderborg,01/08 - 2016,,72
29189633,Skanderborg kommune,Gl. Rye Skoles SFO,Nyvej 1A,8680,Ry,01/11 - 2016,,16
29189633,Skanderborg kommune,Ry Dagtilbud,Bakkelyvej 1,8680,Ry,01/01 - 2017,,32
29189633,Skanderborg kommune,Guldsmeden,Mosegårdsvej 7,8464,Galten,29/05 - 2017,,49
29189633,Skanderborg kommune,Socialpsykiatrien - Opsøgende Team,Christen Kolds Vej 42,8660,Skanderborg,07/06 - 2017,,2
29189633,Skanderborg kommune,Bofællesskabet Poul La Cours Vej 27,Poul la Cours Vej 27,8660,Skanderborg,08/06 - 2017,,24
29189633,Skanderborg kommune,Børnehuset Elmehøj,Elmely 20,8362,Hørning,16/02 - 2019,,28
29189633,Skanderborg kommune,Job Nu kollegiet,Vesterskovvej 4A,8660,Skanderborg,01/05 - 2019,,4
29189633,Skanderborg kommune,Fællesskabets Hus Ry,Alleen 2,8680,Ry,01/11 - 2019,,103
29189633,Skanderborg kommune,Børnehuset Stadion Allé,Stadionalle 9,8680,Ry,01/07 - 2019,,17
29189633,Skanderborg kommune,Hjemmeplejen - Plejedistrikt Ry,Alleen 2,8680,Ry,01/11 - 2019,,84
29189633,Skanderborg kommune,Vores Køkken FHR,Alleen 2,8680,Ry,01/11 - 2019,,33
29189633,Skanderborg kommune,Vores Køkken Sølund,Dyrehaven 10,8660,Skanderborg,01/01 - 2019,,49
29189633,Skanderborg kommune,Børnehuset Tippethøj,Tippethøj 1,8680,Ry,01/10 - 2020,,22
29189633,Skanderborg kommune,Børnehuset Dyrehaven,Dyrehaven 12,8660,Skanderborg,08/12 - 2020,,44
29189633,Skanderborg kommune,Børnehuset Horsegaard,Skjørringvej 9,8464,Galten,01/09 - 2021,,37
29189633,Skanderborg kommune,Dii Toftegården,Toftegårdsvej 18,8660,Skanderborg,08/11 - 2021,,16
29189633,Skanderborg kommune,Ukraine- og Ungeklassen,Sverigesvej 9A,8660,Skanderborg,01/06 - 2022,,5
29189633,Skanderborg kommune,Bjedstrup Børnehus - Naturbørnehaven,Bjedstrupvej 1B,8660,Skanderborg,26/09 - 2022,,4
29189633,Skanderborg kommune,Specialdaginstitution Galaksen,Toftevej 57,8362,Hørning,26/09 - 2022,,19
29189633,Skanderborg kommune,Sommerbæk Skole,Borgbjergvej 1,8362,Hørning,01/02 - 2023,,53
29189633,Skanderborg kommune,Jeksendalskolen - Veng afd.,Søballevej 6A,8660,Skanderborg,01/10 - 2023,,15
29189633,Skanderborg kommune,Cafe FLOK,Dyrehaven 10,8660,Skanderborg,18/12 - 2023,,2
29189633,Skanderborg kommune,Klank Idrætscenter,Baunevej 11,8464,Galten,29/02 - 2024,,3
29189633,Skanderborg kommune,Ejendomscentret,Skanderborg Fælled 1,8660,Skanderborg,29/02 - 2024,,196
29189633,Skanderborg kommune,Sølund Teknisk afdeling,Dyrehaven 10,8660,Skanderborg,08/03 - 2024,,36
29189633,Skanderborg kommune,Sygeplejen - Dagmargården,Sygehusvej 1,8660,Skanderborg,06/01 - 2025,,10
29189633,Skanderborg kommune,Hjemmeplejen - Kildegården,Kildevej 10,8660,Skanderborg,06/01 - 2025,,66
29189633,Skanderborg kommune,Sygeplejen - Møllehjørnet,Sygehusvej 19,8660,Skanderborg,06/01 - 2025,,1
29189633,Skanderborg kommune,Sygeplejen - P B Lundsvej,P B Lunds Vej 1B,8660,Skanderborg,06/01 - 2025,,28
29189633,Skanderborg kommune,Hørning Hjemmeteam,Vestervej 3,8362,Hørning,06/01 - 2025,,89
29189633,Skanderborg kommune,Sygeplejen - Plejedistrikt Galten,Søndergade 29,8464,Galten,06/01 - 2025,,28
29189633,Skanderborg kommune,Hjemmeplejen - Plejedistrikt Galten,Søndergade 29,8464,Galten,06/01 - 2025,,93
29189633,Skanderborg kommune,Sygeplejen - Plejedistrikt Ry,Alleen 2,8680,Ry,06/01 - 2025,,20
29189633,Skanderborg kommune,Skanderborg Fællesskaberne - Administration,Asylgade 18,8660,Skanderborg,18/02 - 2025,,13
29189633,Skanderborg kommune,Fritidskluben Pusterummet,Skoletoften 11,8660,Skanderborg,01/01 - 2003,,1
29189633,Skanderborg kommune,Bostederne Skanderborg,Kildevej 14K,8660,Skanderborg,23/01 - 2007,,5-9
29189633,Skanderborg kommune,Kreativ Center,Bjertrupvej 2,8362,Hørning,04/03 - 2009,,0
29189633,Skanderborg kommune,Ungdomsklubben Schrøders,Skolevej 10E,8670,Låsby,16/12 - 2009,,1
29189633,Skanderborg kommune,Landsbyordningen Ejer Bavnehøj Ungdomsklub,Risvej 28A,8660,Skanderborg,16/12 - 2009,,0
29189633,Skanderborg kommune,UU Odder Skanderborg,Skanderborg Fælled 1,8660,Skanderborg,08/12 - 2009,,3
29189633,Skanderborg kommune,Skanderborg Søbad,Dyrehaven 7,8660,Skanderborg,08/12 - 2009,,
29189633,Skanderborg kommune,Landsbyordningen Ejer Bavnehøj Fritidsklub,Risvej 28A,8660,Skanderborg,16/12 - 2009,,2-4
29189633,Skanderborg kommune,Ungdomsklubben Teeneren,Gudrunsvej 6A,8680,Ry,16/12 - 2009,,0
29189633,Skanderborg kommune,Søhøjlandets Skole og Børnehus - Afdeling Siim Skov,Skanderborgvej 83,8680,Ry,26/03 - 2026,,
29189633,Skanderborg kommune,Søhøjlandets Skole og Børnehus - Afdeling Siim Skov SFO og Klub,Skanderborgvej 83,8680,Ry,26/03 - 2026,,
29189633,Skanderborg kommune,Fællesdepotet,Dyrehaven 10,8660,Skanderborg,18/11 - 2013,,1
29189633,Skanderborg kommune,Dagplejen - Kirkesalen,Grønnedalsvej 10B,8660,Skanderborg,13/09 - 2021,,
29189633,Skanderborg kommune,Solsikken Bofællesskabet,Galgebjergvej 26,8660,Skanderborg,27/11 - 2013,,1
29189633,Skanderborg kommune,Knudsø Børnehus,Tulstrupvej 78,8680,Ry,01/11 - 2022,,17
29189633,Skanderborg kommune,Arbejdsmarked & Social – Bostøtterne,Dyrehaven 10F,8660,Skanderborg,06/01 - 2025,,25
29189633,Skanderborg kommune,Låsby Skoles Fritidsklub,Skolevej 10D,8670,Låsby,01/01 - 1993,,2-4
29189633,Skanderborg kommune,Bakkeskolens SFO,Skolevej 2A,8362,Hørning,01/01 - 1993,,32
29189633,Skanderborg kommune,Bofællesskabet Skolevej,Skolevej 40,8464,Galten,01/01 - 1993,,5-9
29189633,Skanderborg kommune,Mølleskolens Klub - Mølleværket,Gudrunsvej 1,8680,Ry,01/01 - 1993,,0
29189633,Skanderborg kommune,Sygeplejen - Plejedistrikt Hørning,Vestervej 3,8362,Hørning,06/01 - 2025,,
29189633,Skanderborg kommune,Fælleshuset,Møllegade 16,8660,Skanderborg,01/01 - 1998,,10-19
29189633,Skanderborg kommune,Søkilde - Flygtningeboliger,Tulstrupvej 76,8680,Ry,01/01 - 1993,,1
29189633,Skanderborg kommune,Plejecenter Ryvang,Skanderborgvej 49,8680,Ry,01/01 - 1993,,1
29189633,Skanderborg kommune,Stjær Hallen,Stjærvej 100C,8464,Galten,08/12 - 2009,,1
29189633,Skanderborg kommune,Gestus,"Sygehusvej 7, 1",8660,Skanderborg,08/12 - 2009,,2
29189633,Skanderborg kommune,Ryparkens Stordagpleje,Ryparken 15,8660,Skanderborg,16/09 - 2021,,1
29189633,Skanderborg kommune,”Modtagelsesklasse – Ukraine – NES”,Højvangens Torv 4,8660,Skanderborg,01/05 - 2022,,5
29189633,Skanderborg kommune,Børnehuset Bakkely,Bakkelyvej 1,8680,Ry,01/07 - 2022,,18
29189633,Skanderborg kommune,Ungdomsskolen - Ungeenheden,Finlandsvej 3,8660,Skanderborg,01/06 - 2022,,3
29189633,Skanderborg kommune,Børnehuset Gimle,Krakesvej 3A,8660,Skanderborg,25/09 - 2025,,
29189633,Skanderborg kommune,Borgernes Hus,Søballevej 6A,8660,Skanderborg,01/10 - 1972,,1
29189633,Skanderborg kommune,Solsikken,Holmedal 35,8660,Skanderborg,01/01 - 1993,,68
29189633,Skanderborg kommune,Voerladegård Skole,Tyndeleddet 5,8660,Skanderborg,01/01 - 1993,,14
29189633,Skanderborg kommune,"Voerladegård Børnehave, Fritidsklub og SFO",Tyndeleddet 5,8660,Skanderborg,01/01 - 1993,,5
29189633,Skanderborg kommune,Højboskolens SFO,Toftevej 53B,8362,Hørning,01/01 - 1993,,16
29189633,Skanderborg kommune,Pensionatet Skanderborg Øst,Kildevej 14K,8660,Skanderborg,01/01 - 1993,,48
29189633,Skanderborg kommune,Skovbyskolen,Skråvejen 1,8464,Galten,01/01 - 1993,,87
29189633,Skanderborg kommune,Højboskolen,Toftevej 53B,8362,Hørning,01/01 - 1993,,64
29189633,Skanderborg kommune,Bofællesskabet Toftegårdsvej,Toftegårdsvej 6C,8362,Hørning,01/01 - 1993,,9
29189633,Skanderborg kommune,Skanderborg Aktivitetscenter,Dyrehaven 10,8660,Skanderborg,01/01 - 1993,,62
29189633,Skanderborg kommune,Tandplejen Gyvelhøjskolen,Skolevej 23D,8464,Galten,01/01 - 1993,,11
29189633,Skanderborg kommune,Veng Børnehus,Søballevej 2B,8660,Skanderborg,01/01 - 1993,,26
29189633,Skanderborg kommune,Børnehuset Bakketoppen,Vestergade 41,8464,Galten,01/01 - 1993,,25
29189633,Skanderborg kommune,Bakkeskolen,Skolevej 2,8362,Hørning,01/01 - 1993,,40
29189633,Skanderborg kommune,Galten Bibliotek,Torvet 7,8464,Galten,01/01 - 1993,,6
29189633,Skanderborg kommune,Herskindskolens SFO,Ladingvej 16A,8464,Galten,01/01 - 1993,,8
29189633,Skanderborg kommune,Stjærskolens SFO,Stjærvej 100A,8464,Galten,01/01 - 1993,,4
29189633,Skanderborg kommune,Stjærskolen,Stjærvej 100,8464,Galten,01/01 - 1993,,29
29189633,Skanderborg kommune,Plejehjemmet Tjørnehaven,Søndergade 29,8464,Galten,01/01 - 1993,,80
29189633,Skanderborg kommune,Landsbyen Sølund,Dyrehaven 10,8660,Skanderborg,01/01 - 1993,,907
29189633,Skanderborg kommune,Gyvelhøjskolens SFO,Skolevej 23A,8464,Galten,01/01 - 1993,,15
29189633,Skanderborg kommune,Bavnebjerg Bo- og Aktivitetscenter,Hårbyvej 1,8680,Ry,01/01 - 1993,,70
29189633,Skanderborg kommune,Skanderborg Rusmiddelcenter,Ole Lund Kirkegaards Stræde 2F,8660,Skanderborg,01/01 - 1993,,15
29189633,Skanderborg kommune,Botilbud Kjærsholm,Fregerslevvej 20,8362,Hørning,01/01 - 1993,,32
29189633,Skanderborg kommune,Plejehjemmet Præstehaven,Vestervej 3,8362,Hørning,01/01 - 1993,,105
29189633,Skanderborg kommune,Storring - Stjær Børnehave,Østerbro 12,8464,Galten,01/01 - 1993,,18
29189633,Skanderborg kommune,Gyvelhøjskolen,Røddikvej 20A,8464,Galten,01/01 - 1993,,51
29189633,Skanderborg kommune,Skovby Mosegård,Mosegårdsvej 17,8464,Galten,01/01 - 1993,,15
29189633,Skanderborg kommune,Veng Skole & Børnehus,Søballevej 2A,8660,Skanderborg,01/01 - 1993,,13
29189633,Skanderborg kommune,Herskindskolen,Ladingvej 16,8464,Galten,01/01 - 1993,,31
29189633,Skanderborg kommune,Galten Hallen,Røddikvej 18,8464,Galten,01/01 - 1993,,1
29189633,Skanderborg kommune,Hørning Bibliotek,Rådhuspladsen 1,8362,Hørning,01/01 - 1993,,7
29189633,Skanderborg kommune,Daginstitutionen Birkehuset,Brunhøjvej 11,8680,Ry,01/01 - 1993,,39
29189633,Skanderborg kommune,Knudsøskolen,Tulstrupvej 80,8680,Ry,01/01 - 1993,,27
29189633,Skanderborg kommune,Mølleskolen,Skanderborgvej 50,8680,Ry,01/01 - 1993,,119
29189633,Skanderborg kommune,Plejehjemmet Søndervang,Hovedgaden 44,8670,Låsby,01/01 - 1993,,26
29189633,Skanderborg kommune,Tandplejen Ry,Bodalsvej 25,8680,Ry,01/01 - 1993,,8
29189633,Skanderborg kommune,Knudsøskolens SFO,Tulstrupvej 82,8680,Ry,01/01 - 1993,,18
29189633,Skanderborg kommune,Ry Bibliotek,Klostervej 6D,8680,Ry,01/01 - 1993,,9
29189633,Skanderborg kommune,Mølleskolens SFO,Møllevej 3A,8680,Ry,01/01 - 1993,,29
29189633,Skanderborg kommune,Morten Børup Skolen,Møllegade 45,8660,Skanderborg,01/01 - 1993,,62
29189633,Skanderborg kommune,Entreprenørafdelingen - Skanderborg,Norgesvej 3,8660,Skanderborg,01/01 - 1993,,35
29189633,Skanderborg kommune,Låsby Skoles SFO,Skolevej 10B,8670,Låsby,01/01 - 1993,,16
29189633,Skanderborg kommune,Børnegården Lynghoved,Brunhøjvej 6,8680,Ry,01/01 - 1993,,26
29189633,Skanderborg kommune,Låsby Skole,Skolevej 10,8670,Låsby,01/01 - 1993,,96
29189633,Skanderborg kommune,Børnegården Bison,Emborgvej 8D,8680,Ry,01/01 - 1993,,38
29189633,Skanderborg kommune,Fælleden,Skanderborg Fælled 1,8660,Skanderborg,01/01 - 1993,,1025
29189633,Skanderborg kommune,Landsbyordningen Ejer Bavnehøj,Risvej 28A,8660,Skanderborg,01/01 - 1993,,15
29189633,Skanderborg kommune,Virring Skole,Skoletoften 11,8660,Skanderborg,01/01 - 1993,,42
29189633,Skanderborg kommune,Niels Ebbesen Skolen,Højvangens Torv 4,8660,Skanderborg,01/01 - 1993,,62
29189633,Skanderborg kommune,Stilling Skole,Gramvej 10,8660,Skanderborg,01/01 - 1993,,80
29189633,Skanderborg kommune,Skanderborg Ungdomsskole - Skanderborg Afdeling,Højvangen 6,8660,Skanderborg,01/01 - 1993,,47
29189633,Skanderborg kommune,Landsbyordningen Ejer Bavnehøj Børnehave,Risvej 28B,8660,Skanderborg,01/01 - 1993,,28
29189633,Skanderborg kommune,Specialcenter Baunegården,Bjerggårdsvej 5,8660,Skanderborg,01/01 - 1993,,60
29189633,Skanderborg kommune,Morten Børup Skolens SFO,Møllegade 45A,8660,Skanderborg,01/01 - 1993,,41
29189633,Skanderborg kommune,Morten Børup Hallen,Morten Børups Vej 3,8660,Skanderborg,01/01 - 1993,,2
29189633,Skanderborg kommune,Børnehuset Regnbuen,Poul la Cours Vej 100,8660,Skanderborg,01/01 - 1993,,28
29189633,Skanderborg kommune,Specialdagtilbud Bøgen,Dyrehaven 12,8660,Skanderborg,01/01 - 1993,,18
29189633,Skanderborg kommune,Mallinggaard SFO,Grønnedalsvej 10,8660,Skanderborg,01/01 - 1993,,14
29189633,Skanderborg kommune,Skanderborg Bibliotek,Parkvej 10,8660,Skanderborg,01/01 - 1993,,12
29189633,Skanderborg kommune,Klub'n Højvangens Fritids- og Ungdomsklub,Grønnedalsvej 6,8660,Skanderborg,01/01 - 1993,,10
29189633,Skanderborg kommune,Klubberne i Stilling,Gramvej 2,8660,Skanderborg,01/01 - 1993,,8
29189633,Skanderborg kommune,Bjedstrup Skole,Bjedstrupvej 1,8660,Skanderborg,01/01 - 1993,,18
29189633,Skanderborg kommune,Gl. Rye Skole,Nyvej 1,8680,Ry,01/01 - 1993,,27
29189633,Skanderborg kommune,Bakkehuset,Skoletoften 11B,8660,Skanderborg,01/01 - 1993,,28
29189633,Skanderborg kommune,Hylke Skoles SFO,Hylkevej 56,8660,Skanderborg,01/01 - 1993,,1
29189633,Skanderborg kommune,Kastaniehuset SFO,Skoletoften 11A,8660,Skanderborg,01/01 - 1993,,15
29189633,Skanderborg kommune,Vrold Børnehus,Gammel Skolevej 1,8660,Skanderborg,01/01 - 1993,,30
29189633,Skanderborg kommune,Bjedstrup Børnehus,Bjedstrupvej 1A,8660,Skanderborg,01/01 - 1993,,27
29189633,Skanderborg kommune,Hjemmeplejen - P B Lundsvej,P B Lunds Vej 1B,8660,Skanderborg,01/01 - 1993,,86
29189633,Skanderborg kommune,Entreprenørafdelingen - Ry,Maglehøjvej 10,8680,Ry,01/01 - 1993,,18
29189633,Skanderborg kommune,Børnehaven Dragen,Plantagevej 12,8660,Skanderborg,01/01 - 1993,,28
29189633,Skanderborg kommune,DII Porskjær,Porskjærvej 45,8464,Galten,01/01 - 1995,,31
29189633,Skanderborg kommune,Hørning Fritidsklub,Toftevej 53G,8362,Hørning,01/01 - 1995,,15
29189633,Skanderborg kommune,Bofællesskabet Brunhøj,Lynghovedvej 10,8680,Ry,01/01 - 1995,,6
29189633,Skanderborg kommune,Støttecenter Skanderborg Fællesskaberne,Poul la Cours Vej 29A,8660,Skanderborg,01/01 - 1995,,2
29189633,Skanderborg kommune,Elgårdsminde Børnehave,Elgårdsmindelunden 151,8362,Hørning,01/01 - 1996,,15
29189633,Skanderborg kommune,Børnehuset Elverhøj,Grønnedalsvej 8,8660,Skanderborg,01/01 - 1996,,33
29189633,Skanderborg kommune,Kulturskolen Skanderborg,"Søtoften 2A, 1",8660,Skanderborg,01/01 - 1995,,52
29189633,Skanderborg kommune,Børnehuset Fugldal,Isagervej 40,8680,Ry,01/01 - 1996,,29
29189633,Skanderborg kommune,Børnehaven Tusindfryd,Hylkevej 56,8660,Skanderborg,01/01 - 1998,,8
29189633,Skanderborg kommune,Sommerbæk Børnehus,Borgbjergvej 1,8362,Hørning,01/01 - 1993,,37
29189633,Skanderborg kommune,Skovby Børnehus - Græshoppen,Mosegårdsvej 5,8464,Galten,01/01 - 1999,,26
29189633,Skanderborg kommune,Børnehuset Viften,Kirkevej 6,8670,Låsby,01/01 - 1999,,36
29189633,Skanderborg kommune,Stilling Skoles SFO,Gramvej 6,8660,Skanderborg,01/01 - 2000,,24
29189633,Skanderborg kommune,Columbusskolen,Skråvejen 11,8464,Galten,01/01 - 2001,,29
29189633,Skanderborg kommune,Herskindskolens Fritidsklub,Ladingvej 14,8464,Galten,01/01 - 2002,,2
29189633,Skanderborg kommune,Projekt Zig Zag,Skanderborgvej 25,8680,Ry,01/01 - 2002,,16
29189633,Skanderborg kommune,Skovbo,Ole Rømers Alle 40,8464,Galten,29/09 - 2003,,120
29189633,Skanderborg kommune,Børnehuset Skovtroldene,Fuglehaven 2,8660,Skanderborg,01/02 - 2003,,26
29189633,Skanderborg kommune,Plejehjemmet Kildegården,Kildevej 10,8660,Skanderborg,01/01 - 2003,,188
29189633,Skanderborg kommune,Veng Skoles SFO og Klub,Søballevej 2A,8660,Skanderborg,01/01 - 2003,,9
29189633,Skanderborg kommune,Børnehuset Gyvelhøjen,Røddikvej 16,8464,Galten,01/01 - 2003,,23
29189633,Skanderborg kommune,Plejehjemmet Møllehjørnet,Sygehusvej 19,8660,Skanderborg,06/05 - 2004,,50
29189633,Skanderborg kommune,Dagplejen,Skanderborg Fælled 1,8660,Skanderborg,01/01 - 2003,,116
29189633,Skanderborg kommune,Jeksendalskolen - Hørning afd.,Jeksen Dalvej 3B,8362,Hørning,01/01 - 2003,,32
29189633,Skanderborg kommune,Stjær Fritidsklub,Stjærvej 100A,8464,Galten,01/01 - 2004,,2
29189633,Skanderborg kommune,Skovbyskolens SFO - Skråvejen,Skråvejen 1A,8464,Galten,01/01 - 2004,,26
64806815,Sparekassen Danmark,VRÅ SPAREKASSE, 15,9999,Ukendt,06/02 - 1871,30/06 - 1964,
64806815,Sparekassen Danmark,Kaas Afdeling,Nørregade 1,9490,Pandrup,14/11 - 2012,05/10 - 2013,0
64806815,Sparekassen Danmark,Hurup Afdeling,Bryggerivej 10,7760,Hurup Thy,29/02 - 2012,05/10 - 2013,2-4
64806815,Sparekassen Danmark,Sjørring Afdeling,Vorupørvej 46,7700,Thisted,29/02 - 2012,05/10 - 2013,1
64806815,Sparekassen Danmark,Aalborg Syd Afdeling,Hobrovej 58,9000,Aalborg,01/01 - 2017,20/12 - 2018,0
64806815,Sparekassen Danmark,Hvidbjerg Afdeling,Nørregade 9,7790,Thyholm,29/02 - 2012,01/04 - 2021,3
64806815,Sparekassen Danmark,Saltum Afdeling,Tinghøjgade 12,9493,Saltum,14/11 - 2012,01/04 - 2021,1
64806815,Sparekassen Danmark,Vinderup Afdeling,Søndergade 3,7830,Vinderup,01/01 - 2017,01/04 - 2021,4
64806815,Sparekassen Danmark,Lem Afdeling,Vesterbrogade 24,7860,Spøttrup,01/01 - 2017,01/04 - 2021,5
64806815,Sparekassen Danmark,Vesterbro Afdeling,Vesterbro 65,9000,Aalborg,01/11 - 2019,01/05 - 2021,2
64806815,Sparekassen Danmark,Læsø Afdeling,Byrum Hovedgade 67,9940,Læsø,01/11 - 2019,01/04 - 2021,3
64806815,Sparekassen Danmark,Klokkerholm afdeling,Borgergade 19,9320,Hjallerup,15/04 - 2005,01/04 - 2021,2
64806815,Sparekassen Danmark,Lønstrup Afdeling,Strandvejen 62,9800,Hjørring,22/10 - 1979,01/04 - 2021,1
64806815,Sparekassen Danmark,Hundelev Afdeling,Vennebjergvej 7,9480,Løkken,22/10 - 1979,05/10 - 2013,5-9
64806815,Sparekassen Danmark,Poulstrup Afdeling,Hovedgaden 73,9760,Vrå,01/01 - 1992,28/02 - 2011,2-4
64806815,Sparekassen Danmark,Serritslev Afdeling,Syrenvej 21,9700,Brønderslev,16/09 - 1992,01/07 - 2011,
64806815,Sparekassen Danmark,SPAREKASSEN VENDSYSSEL,Bredgade 3,9700,Brønderslev,07/12 - 1995,31/12 - 2006,5-9
64806815,Sparekassen Danmark,Hørby afdeling,Hjørringvej 105,9300,Sæby,01/06 - 1999,05/10 - 2013,1
64806815,Sparekassen Danmark,Halvrimmen afdeling,Aalborgvej 8,9460,Brovst,01/01 - 2006,05/10 - 2013,2-4
64806815,Sparekassen Danmark,Tranum afdeling,Tranhøj 3,9460,Brovst,10/06 - 2009,01/10 - 2011,0
64806815,Sparekassen Danmark,Vestby afdeling,Maigårdsvej 2F,9900,Frederikshavn,05/05 - 2008,05/10 - 2013,1
64806815,Sparekassen Danmark,Skovgård Afdeling,Hovedgaden 19,9460,Brovst,01/01 - 2006,05/10 - 2013,1
64806815,Sparekassen Danmark,JERSLEV SPAREKASSE,Østergade 52A,9800,Hjørring,01/04 - 2006,09/11 - 2006,5-9
64806815,Sparekassen Danmark,Jerslev afdeling,Voldgade 11,9740,Jerslev J,18/07 - 1964,01/11 - 2022,1
64806815,Sparekassen Danmark,Erhverv Brønderslev,Peder Møllers Plads 5,9700,Brønderslev,20/05 - 2020,31/12 - 2023,7
64806815,Sparekassen Danmark,Erhverv Skive,Torvegade 8E,7800,Skive,01/01 - 2017,01/01 - 2024,1
64806815,Sparekassen Danmark,København afdeling,"Gammel Strand 42, 1",1202,København K,01/12 - 2006,,11
64806815,Sparekassen Danmark,Brovst Afdeling,Stationsvej 8,9460,Brovst,01/01 - 2006,,11
64806815,Sparekassen Danmark,Aabybro afdeling,Østergade 27,9440,Aabybro,01/01 - 2006,,14
64806815,Sparekassen Danmark,Sindal afdeling,Nørre Torv 11,9870,Sindal,15/08 - 2008,,9
64806815,Sparekassen Danmark,Ulsted afdeling,Jyllensgade 14,9370,Hals,10/02 - 2009,,7
64806815,Sparekassen Danmark,Bedsted Afdeling,Vestervigvej 79,7755,Bedsted Thy,29/02 - 2012,,7
64806815,Sparekassen Danmark,Lemvig Afdeling,Havnen 62,7620,Lemvig,29/02 - 2012,,6
64806815,Sparekassen Danmark,Struer Afdeling,Tegltorvet 1,7600,Struer,29/02 - 2012,,21
64806815,Sparekassen Danmark,Snedsted Afdeling,Hovedgaden 50,7752,Snedsted,29/02 - 2012,,5
64806815,Sparekassen Danmark,Aalborg Budolfi Plads Afdeling,Algade 42,9000,Aalborg,14/11 - 2012,,49
64806815,Sparekassen Danmark,Pandrup Afdeling,Bredgade 7,9490,Pandrup,14/11 - 2012,,51
64806815,Sparekassen Danmark,Aalborg Vest afdeling,Kastetvej 40,9000,Aalborg,01/08 - 2015,,13
64806815,Sparekassen Danmark,Hals afdeling,Torvet 1,9370,Hals,01/08 - 2015,,6
64806815,Sparekassen Danmark,Vester Hassing afdeling,Springvandspladsen 3,9310,Vodskov,01/08 - 2015,,7
64806815,Sparekassen Danmark,København Rådhuspladsen Afd.,"Rådhuspladsen 45-47, 4",1550,København V,20/02 - 2017,,19
64806815,Sparekassen Danmark,Mariager Afdeling,Østergade 6-8,9550,Mariager,01/03 - 2018,,10
64806815,Sparekassen Danmark,Tårs Afdeling,Halvej 14,9830,Tårs,01/08 - 2018,,5
64806815,Sparekassen Danmark,Dronninglund Afdeling,Slotsgade 42,9330,Dronninglund,01/11 - 2019,,22
64806815,Sparekassen Danmark,Hjallerup Afdeling,Søndergade 10A,9320,Hjallerup,01/11 - 2019,,8
64806815,Sparekassen Danmark,Analyse - Aalborg Syd,Hobrovej 412,9200,Aalborg SV,01/06 - 2020,,12
64806815,Sparekassen Danmark,Skive S Afdeling,Frederiksgade 6,7800,Skive,28/10 - 2020,,65
64806815,Sparekassen Danmark,Nykøbing Mors Afdeling,Algade 28,7900,Nykøbing M,28/10 - 2020,,11
64806815,Sparekassen Danmark,Viborg Afdeling,Hjultorvet 9,8800,Viborg,28/10 - 2020,,19
64806815,Sparekassen Danmark,Vinderup S Afdeling,Søndergade 30,7830,Vinderup,28/10 - 2020,,12
64806815,Sparekassen Danmark,Arden Afdeling,"Jernbanegade 1, st",9510,Arden,26/08 - 2021,,14
64806815,Sparekassen Danmark,Aalestrup Afdeling,Vestergade 28,9620,Aalestrup,26/08 - 2021,,8
64806815,Sparekassen Danmark,City Syd 2,Hobrovej 448B,9200,Aalborg SV,26/08 - 2021,,16
64806815,Sparekassen Danmark,Aarhus Frederiksbjerg Afdeling,Frederiks Allé 93,8000,Aarhus C,26/08 - 2021,,2
64806815,Sparekassen Danmark,Vejle Afdeling,"Havneparken 1, 1",7100,Vejle,26/08 - 2021,,19
64806815,Sparekassen Danmark,Viby Afdeling,Viby Torv 2,8260,Viby J,26/08 - 2021,,11
64806815,Sparekassen Danmark,København Afdeling,"Falkoner Alle 72A, 2",2000,Frederiksberg,26/08 - 2021,,16
64806815,Sparekassen Danmark,"Erhverv Aalborg, Eternitten",Tankedraget 5,9000,Aalborg,26/08 - 2021,,37
64806815,Sparekassen Danmark,Hadsund Afdeling,Bankpladsen 4,9560,Hadsund,26/08 - 2021,,13
64806815,Sparekassen Danmark,Skørping Afdeling,Jyllandsgade 19,9520,Skørping,26/08 - 2021,,11
64806815,Sparekassen Danmark,Gjerlev Afdeling,Hammergårdsvej 1,8983,Gjerlev J,26/08 - 2021,,8
64806815,Sparekassen Danmark,Privat Hobro Afdeling,Adelgade 27,9500,Hobro,26/08 - 2021,,181
64806815,Sparekassen Danmark,Nibe Afdeling,Toften 11,9240,Nibe,26/08 - 2021,,8
64806815,Sparekassen Danmark,Fredericia Afdeling,Danmarksgade 19,7000,Fredericia,26/08 - 2021,,7
64806815,Sparekassen Danmark,"Aars, Sparekassen Danmark af 1871",Markedsvej 5,9600,Aars,26/08 - 2021,,174
64806815,Sparekassen Danmark,Randers Østervold,Østervold 31,8900,Randers C,26/08 - 2021,,37
64806815,Sparekassen Danmark,Støvring Afdeling,Hobrovej 91,9530,Støvring,26/08 - 2021,,33
64806815,Sparekassen Danmark,Suldrup Afdeling,Hjedsbækvej 338,9541,Suldrup,26/08 - 2021,,11
64806815,Sparekassen Danmark,Løgstør Afdeling,Østerbrogade 26,9670,Løgstør,26/08 - 2021,,17
64806815,Sparekassen Danmark,Privat Aars Afdeling,Himmerlandsgade 74,9600,Aars,26/08 - 2021,,41
64806815,Sparekassen Danmark,Galten Afdeling,Søndergade 20,8464,Galten,26/08 - 2021,,8
64806815,Sparekassen Danmark,Odder Afdeling,Rådhusgade 5,8300,Odder,26/08 - 2021,,10
64806815,Sparekassen Danmark,Fjerritslev Afdeling,Østergade 11,9690,Fjerritslev,26/08 - 2021,,15
64806815,Sparekassen Danmark,København Amager Afd.,Amagerbrogade 67,2300,København S,01/10 - 2021,,23
64806815,Sparekassen Danmark,Aalborghus,Kollegievej 2G,9000,Aalborg,01/11 - 2021,,13
64806815,Sparekassen Danmark,Nørresundby,Brotorvet 4,9400,Nørresundby,01/02 - 2023,,15
64806815,Sparekassen Danmark,Odense N Afdeling,Rugårdsvej 244,5210,Odense NV,01/09 - 2023,,9
64806815,Sparekassen Danmark,Aarup Afdeling,Bredgade 95,5560,Aarup,01/09 - 2023,,41
64806815,Sparekassen Danmark,Odense C,Østre Stationsvej 41N,5000,Odense C,01/09 - 2023,,9
64806815,Sparekassen Danmark,Erhverv Odense og Odense M,"Cortex Park Vest 3, st. 1.",5230,Odense M,01/09 - 2023,,43
64806815,Sparekassen Danmark,Østerbro,Kristianiagade 7,2100,København Ø,01/01 - 2024,,51
64806815,Sparekassen Danmark,Vejgaard,Hadsundvej 27,9000,Aalborg,26/03 - 2024,,13
64806815,Sparekassen Danmark,Aarhus Åboulevarden,Åboulevarden 49C,8000,Aarhus C,01/06 - 2024,,43
64806815,Sparekassen Danmark,Erhverv Thy-Mors & Thisted,"Sydhavnsvej 5, 1",7700,Thisted,25/09 - 2024,,8
64806815,Sparekassen Danmark,Hornslet afdeling,Tingvej 10A,8543,Hornslet,01/04 - 2025,,6
64806815,Sparekassen Danmark,Grenaa afdeling,Østerbrogade 45,8500,Grenaa,01/04 - 2025,,18
64806815,Sparekassen Danmark,Randers SV afdeling,Århusvej 94,8940,Randers SV,01/04 - 2025,,23
64806815,Sparekassen Danmark,Ebeltoft afdeling,Jernbanegade 22B,8400,Ebeltoft,01/04 - 2025,,5
64806815,Sparekassen Danmark,Langå afdeling,Bredgade 10,8870,Langå,01/04 - 2025,,16
64806815,Sparekassen Danmark,Auning afdeling,Centervej 8,8963,Auning,01/04 - 2025,,9
64806815,Sparekassen Danmark,Fjerritslev afdeling,Søndergade 13,9690,Fjerritslev,01/01 - 2006,,1
64806815,Sparekassen Danmark,Hadsund Afdeling,Storegade 55-61,9560,Hadsund,01/03 - 2018,,1
64806815,Sparekassen Danmark,Hobro Afdeling,Adelgade 8,9500,Hobro,01/03 - 2018,,1
64806815,Sparekassen Danmark,Sparekassen Danmark Leasing,"Østergade 16, st. 1.",9760,Vrå,21/01 - 2020,,
64806815,Sparekassen Danmark,Aalborg Nytorv Afdeling,Østerågade 15,9000,Aalborg,26/08 - 2021,,1
64806815,Sparekassen Danmark,Mariager Afdeling,Egepladsen 2,9550,Mariager,26/08 - 2021,,1
64806815,Sparekassen Danmark,Erhverv Vest,Nupark 51,7500,Holstebro,16/03 - 2026,,
64806815,Sparekassen Danmark,Kongens Lyngby,"Gammel Lundtoftevej 48, st. tv.",2800,Kongens Lyngby,16/03 - 2026,,
64806815,Sparekassen Danmark,Backoffice Pension - Brønderslev,Peder Møllers Plads 5,9700,Brønderslev,01/03 - 2026,,
64806815,Sparekassen Danmark,Erhvervscenter Aarhus Afdeling,Frederiksgade 7,8000,Aarhus C,26/08 - 2021,,1
64806815,Sparekassen Danmark,Sparekassen Danmark,Østergade 15,9760,Vrå,02/07 - 1964,,231
64806815,Sparekassen Danmark,Hjørring Afdeling,Brinck Seidelins G 10,9800,Hjørring,01/12 - 1984,,53
64806815,Sparekassen Danmark,Brønderslev Afdeling,Albani Plads 1,9700,Brønderslev,21/11 - 1995,,24
64806815,Sparekassen Danmark,Sæby afdeling,Grønnegade 4,9300,Sæby,01/01 - 1999,,11
64806815,Sparekassen Danmark,Frederikshavn afdeling,Parallelvej 23,9900,Frederikshavn,01/12 - 2001,,36
64806815,Sparekassen Danmark,Skagen Afdeling,Sct. Laurentii Vej 33,9990,Skagen,01/06 - 2004,,15
64806815,Sparekassen Danmark,Hirtshals Afdeling,Jyllandsgade 14,9850,Hirtshals,01/01 - 2003,,16
17912828,SPAREKASSEN KRONJYLLAND,Sparekassen Kronjylland,Tronholmen 1,8900,Randers C,28/10 - 2002,28/10 - 2002,
17912828,SPAREKASSEN KRONJYLLAND,"SPAREKASSEN KRONJYLLAND, GJERN AFDELING",Østergade 11A,8883,Gjern,23/04 - 2012,18/02 - 2016,0
17912828,SPAREKASSEN KRONJYLLAND,"SPAREKASSEN KRONJYLLAND, ØSTBIRK AFDELING",Storegade 12,8752,Østbirk,23/04 - 2012,18/02 - 2015,0
17912828,SPAREKASSEN KRONJYLLAND,"SPAREKASSEN KRONJYLLAND, Kjellerup afdeling",Søndergade 17A,8620,Kjellerup,23/04 - 2012,11/02 - 2019,1
17912828,SPAREKASSEN KRONJYLLAND,SPAREKASSEN KRONJYLLAND SYGEHUS AFDELING,Skovlyvej 1,8900,Randers C,01/04 - 1992,31/12 - 2004,2-4
17912828,SPAREKASSEN KRONJYLLAND,SPAREKASSEN KRONJYLLAND VRIDSTED AFDELING,Dåsbjergvej 7C,7800,Skive,01/01 - 1992,31/12 - 2012,0
17912828,SPAREKASSEN KRONJYLLAND,SPAREKASSEN KRONJYLLAND FÅRUP AFDELING,Stadion Alle 1,8990,Fårup,01/01 - 1981,01/01 - 2022,6
17912828,SPAREKASSEN KRONJYLLAND,SPAREKASSEN KRONJYLLAND HAVNDAL AFDELING,Vesterbro 4,8970,Havndal,01/01 - 1981,30/08 - 2016,0
17912828,SPAREKASSEN KRONJYLLAND,SPAREKASSEN KRONJYLLAND ASFERG AFDELING,Vestergade 4,8990,Fårup,22/10 - 1979,31/07 - 2010,2-4
17912828,SPAREKASSEN KRONJYLLAND,SPAREKASSEN KRONJYLLAND VOLDUM AFDELING,Voldum-Rud Vej 34,8370,Hadsten,22/10 - 1979,31/12 - 2012,0
17912828,SPAREKASSEN KRONJYLLAND,SPAREKASSEN KRONJYLLAND VESTRE AFDELING,Hobrovej 109,8900,Randers C,01/10 - 1989,24/09 - 2018,0
17912828,SPAREKASSEN KRONJYLLAND,SPAREKASSEN KRONJYLLAND DRONNINGBORG AFDELING,Udbyhøjvej 146,8930,Randers NØ,22/10 - 1979,20/09 - 2017,0
17912828,SPAREKASSEN KRONJYLLAND,SPAREKASSEN KRONJYLLAND ØRSTED AFDELING,Rougsøvej 93,8950,Ørsted,22/10 - 1979,25/03 - 2019,0
17912828,SPAREKASSEN KRONJYLLAND,SPAREKASSEN KRONJYLLAND STOHOLM AFDELING,Vestergade 3,7850,Stoholm Jyll,01/01 - 1992,19/03 - 2018,0
17912828,SPAREKASSEN KRONJYLLAND,SPAREKASSEN KRONJYLLAND ASSENS AFDELING,Storegade 54,9550,Mariager,01/01 - 1981,13/03 - 2018,0
17912828,SPAREKASSEN KRONJYLLAND,SPAREKASSEN KRONJYLLAND SKEJBY SYGEHUS AFDELING,Åbogade 1,8200,Aarhus N,01/03 - 1995,18/02 - 2015,0
17912828,SPAREKASSEN KRONJYLLAND,SPAREKASSEN KRONJYLLAND SKEJBY CENTER AFDELING,Skelagervej 5,8200,Århus N,01/03 - 1995,31/12 - 2012,2-4
17912828,SPAREKASSEN KRONJYLLAND,SPAREKASSEN KRONJYLLAND ÅBYHØJ AFDELING,Vølundsvej 1,8230,Åbyhøj,01/11 - 1999,21/09 - 2009,2-4
17912828,SPAREKASSEN KRONJYLLAND,Mørke afdeling,Ebeltoftvej 19,8544,Mørke,28/01 - 2008,31/12 - 2012,0
17912828,SPAREKASSEN KRONJYLLAND,Mørke afdeling,Ebeltoftvej 19,8544,Mørke,28/01 - 2008,28/01 - 2008,
17912828,SPAREKASSEN KRONJYLLAND,"SPAREKASSEN KRONJYLLAND, Tved afdeling",Tved Bygade 49,8420,Knebel,30/06 - 2010,30/08 - 2016,0
17912828,SPAREKASSEN KRONJYLLAND,SPAREKASSEN KRONJYLLAND RANDERS CITY AFDELING,Østervold 39,8900,Randers C,01/01 - 2005,,24
17912828,SPAREKASSEN KRONJYLLAND,Sparekasse Kronjylland Horsens Afdeling,Grønlandsvej 1A,8700,Horsens,25/02 - 2009,,27
17912828,SPAREKASSEN KRONJYLLAND,"SPAREKASSEN KRONJYLLAND, FREDERIKSBERG AFDELING",Alhambravej 9,1826,Frederiksberg C,08/07 - 2010,,18
17912828,SPAREKASSEN KRONJYLLAND,"Sparekassen Kronjylland, Herning afdeling",Dalgasgade 35,7400,Herning,19/11 - 2010,,9
17912828,SPAREKASSEN KRONJYLLAND,"SPAREKASSEN KRONJYLLAND, RY AFDELING",Skanderborgvej 36,8680,Ry,23/04 - 2012,,6
17912828,SPAREKASSEN KRONJYLLAND,"SPAREKASSEN KRONJYLLAND, HAMMEL HOVEDSÆDE",Frankrigsvej 11,8450,Hammel,23/04 - 2012,,128
17912828,SPAREKASSEN KRONJYLLAND,"SPAREKASSEN KRONJYLLAND, ODDER AFDELING",Torvald Køhlsvej 7,8300,Odder,23/04 - 2012,,5
17912828,SPAREKASSEN KRONJYLLAND,"SPAREKASSEN KRONJYLLAND, HAMMEL AFDELING",Østergade 5,8450,Hammel,23/04 - 2012,,17
17912828,SPAREKASSEN KRONJYLLAND,"SPAREKASSEN KRONJYLLAND, GALTEN AFDELING",Søndergade 5,8464,Galten,23/04 - 2012,,8
17912828,SPAREKASSEN KRONJYLLAND,"SPAREKASSEN KRONJYLLAND, BRÆSTRUP AFDELING",Søndergade 48A,8740,Brædstrup,23/04 - 2012,,7
17912828,SPAREKASSEN KRONJYLLAND,SPAREKASSEN KRONJYLLAND,Tronholmen 1,8960,Randers SØ,31/01 - 2014,,11
17912828,SPAREKASSEN KRONJYLLAND,"SPAREKASSEN KRONJYLLAND, Vorbasse afdeling",Hovborgvej 1,6623,Vorbasse,04/02 - 2015,,9
17912828,SPAREKASSEN KRONJYLLAND,"SPAREKASSEN KRONJYLLAND, Billund afdeling",Hovedgaden 30,7190,Billund,04/02 - 2015,,17
17912828,SPAREKASSEN KRONJYLLAND,"SPAREKASSEN KRONJYLLAND, Lyngby afdeling",Lyngby Hovedgade 61,2800,Kgs. Lyngby,01/05 - 2015,,19
17912828,SPAREKASSEN KRONJYLLAND,"SPAREKASSEN KRONJYLLAND, København City afdeling",Vesterbrogade 1L,1620,"København V,",01/05 - 2015,,26
17912828,SPAREKASSEN KRONJYLLAND,"SPAREKASSEN KRONJYLLAND, Holbæk afdeling",Nygade 14,4300,Holbæk,01/10 - 2015,,21
17912828,SPAREKASSEN KRONJYLLAND,"SPAREKASSEN KRONJYLLAND, Kolding afdeling",Vejlevej 164,6000,Kolding,18/12 - 2015,,27
17912828,SPAREKASSEN KRONJYLLAND,"SPAREKASSEN KRONJYLLAND, Esbjerg afdeling",Esbjerg Brygge 28,6700,Esbjerg,01/08 - 2016,,15
17912828,SPAREKASSEN KRONJYLLAND,Sparekassen Kronjylland Slagelse afdeling,Bredegade 3C,4200,Slagelse,09/09 - 2016,,14
17912828,SPAREKASSEN KRONJYLLAND,"SPAREKASSEN KRONJYLLAND, Køge afdeling",Bag Haverne 20,4600,Køge,01/12 - 2016,,29
17912828,SPAREKASSEN KRONJYLLAND,"SPAREKASSEN KRONJYLLAND, Aalborg Afdeling",Nålemagervej 6C,9000,Aalborg,03/09 - 2018,,24
17912828,SPAREKASSEN KRONJYLLAND,"SPAREKASSEN KRONJYLLAND, Odense afdeling","Finlandgade 1, st",5000,Odense C,01/07 - 2019,,14
17912828,SPAREKASSEN KRONJYLLAND,"SPAREKASSEN KRONJYLLAND, Roskilde afdeling","Ringstedvej 18, st. th.",4000,Roskilde,01/02 - 2022,,24
17912828,SPAREKASSEN KRONJYLLAND,SPAREKASSEN KRONJYLLAND VEJLE AFDELING,Dandyvej 3B,7100,Vejle,01/02 - 2024,,16
17912828,SPAREKASSEN KRONJYLLAND,SPAREKASSEN KRONJYLLAND HILLERØD AFDELING,Slotsgade 36A,3400,Hillerød,01/02 - 2024,,13
17912828,SPAREKASSEN KRONJYLLAND,SPAREKASSEN KRONJYLLAND KONGENS NYTORV AFDELING,Store Kongensgade 27,1264,København K,15/03 - 2024,,15
17912828,SPAREKASSEN KRONJYLLAND,"SPAREKASSEN KRONJYLLAND, Marsvej 43","Marsvej 43A, 1",8960,Randers SØ,27/05 - 2025,,35
17912828,SPAREKASSEN KRONJYLLAND,SPAREKASSEN KRONJYLLAND HELSINGØR AFDELING,Prøvestensvej 50,3000,Helsingør,01/02 - 2026,,16
17912828,SPAREKASSEN KRONJYLLAND,SPAREKASSEN KRONJYLLAND HIMMERLAND AFDELING,Messevej 1,9600,Aars,05/02 - 2026,,
17912828,SPAREKASSEN KRONJYLLAND,"SPAREKASSEN KRONJYLLAND, Skovlund afdeling",Ansagervej 1-3,6823,Ansager,04/02 - 2015,,0
17912828,SPAREKASSEN KRONJYLLAND,"SPAREKASSEN KRONJYLLAND, Alslev afdeling",Bredgade 32B,6800,Varde,04/02 - 2015,,
17912828,SPAREKASSEN KRONJYLLAND,"SPAREKASSEN KRONJYLLAND, Hejnsvig afdeling",Torvegade 2,7250,Hejnsvig,04/02 - 2015,,0
17912828,SPAREKASSEN KRONJYLLAND,SPAREKASSEN KRONJYLLAND HIMMERLAND AFDELING,"Toldbodgade 8, st. tv.",9670,Løgstør,26/02 - 2026,,
17912828,SPAREKASSEN KRONJYLLAND,SPAREKASSEN KRONJYLLAND KRISTRUP AFDELING,Kristrupvej 59,8960,Randers SØ,22/10 - 1979,,1
17912828,SPAREKASSEN KRONJYLLAND,SPAREKASSEN KRONJYLLAND Ø.TØRSLEV AFDELING,Udbyhøjvej 563,8983,Gjerlev J,22/10 - 1979,,1
17912828,SPAREKASSEN KRONJYLLAND,SPAREKASSEN KRONJYLLAND SKT. PAULS AFDELING,Jægergårdsgade 100B,8000,Aarhus C,01/11 - 1997,,2
17912828,SPAREKASSEN KRONJYLLAND,"SPAREKASSEN KRONJYLLAND, HINNERUP AFDELING",Pakhusvej 1,8382,Hinnerup,23/04 - 2012,,4
17912828,SPAREKASSEN KRONJYLLAND,"SPAREKASSEN KRONJYLLAND, Billum afdeling",Kirkebyvej 20,6852,Billum,04/02 - 2015,,1
17912828,SPAREKASSEN KRONJYLLAND,SPAREKASSEN KRONJYLLAND EBELTOFT AFDELING,Strandvejen 9,8400,Ebeltoft,01/10 - 1992,,5
17912828,SPAREKASSEN KRONJYLLAND,SPAREKASSEN KRONJYLLAND NORDRE AFDELING,Mariagervej 47,8920,Randers NV,22/10 - 1979,,23
17912828,SPAREKASSEN KRONJYLLAND,SPAREKASSEN KRONJYLLAND VORUP AFDELING,Vandværksvej 4,8940,Randers SV,22/10 - 1979,,10
17912828,SPAREKASSEN KRONJYLLAND,SPAREKASSEN KRONJYLLAND SPENTRUP AFD.,Jennumvej 1,8981,Spentrup,01/01 - 1992,,8
17912828,SPAREKASSEN KRONJYLLAND,SPAREKASSEN KRONJYLLAND,Tronholmen 1,8960,Randers SØ,01/01 - 1981,,254
17912828,SPAREKASSEN KRONJYLLAND,SPAREKASSEN KRONJYLLAND GRENAA AFD.,Østergade 11,8500,Grenaa,01/01 - 1992,,10
17912828,SPAREKASSEN KRONJYLLAND,SPAREKASSEN KRONJYLLAND ASSENTOFT AFDELING,Vandværksvej 2,8960,Randers SØ,22/10 - 1979,,7
17912828,SPAREKASSEN KRONJYLLAND,SPAREKASSEN KRONJYLLAND HADSTEN AFDELING,Søndergade 8,8370,Hadsten,01/09 - 1991,,15
17912828,SPAREKASSEN KRONJYLLAND,SPAREKASSEN KRONJYLLAND VIBORG AFDELING,"Tingvej 9, st",8800,Viborg,01/05 - 1991,,21
17912828,SPAREKASSEN KRONJYLLAND,SPAREKASSEN KRONJYLLAND AUNING AFDELING,Vestergade 30,8963,Auning,01/01 - 1981,,7
17912828,SPAREKASSEN KRONJYLLAND,SPAREKASSEN KRONJYLLAND MARIAGER AFDELING,Fjordgade 1A,9550,Mariager,01/01 - 1981,,10
17912828,SPAREKASSEN KRONJYLLAND,SPAREKASSEN KRONJYLLAND BJERRINGBRO AFDELING,Torvegade 2,8850,Bjerringbro,01/01 - 1994,,9
17912828,SPAREKASSEN KRONJYLLAND,SPAREKASSEN KRONJYLLAND ÅRHUS NORD AFDELING,Åbogade 1A,8200,Aarhus N,01/03 - 1995,,12
17912828,SPAREKASSEN KRONJYLLAND,SPAREKASSEN KRONJYLLAND ÅRHUS CITY AFDELING,Vestergade 11,8000,Aarhus C,01/11 - 1997,,54
17912828,SPAREKASSEN KRONJYLLAND,SPAREKASSEN KRONJYLLAND SILKEBORG AFDELING,Vestergade 25A,8600,Silkeborg,31/05 - 2002,,15
17912828,SPAREKASSEN KRONJYLLAND,SPAREKASSEN KRONJYLLAND EGÅ AFDELING,Egå Havvej 3A,8250,Egå,01/12 - 2001,,7
17912828,SPAREKASSEN KRONJYLLAND,SPAREKASSEN KRONJYLLAND SKANDERBORG AFDELING,"Adelgade 92, st",8660,Skanderborg,01/01 - 2002,,15
41952725,STARK Group A/S,STARK Group A/S,"C.F. Richs Vej 115, 3",2000,Frederiksberg,16/12 - 2020,,70
41952725,STARK Group A/S,STARK Group ApS,Skanderborgvej 277,8260,Viby J,05/05 - 2021,,1
35822690,STIBO SYSTEMS A/S,STIBO SYSTEMS A/S,Axel Kiers Vej 11,8270,Højbjerg,26/03 - 2014,,175
35822690,STIBO SYSTEMS A/S,Stibo Systems A/S,Dampfærgevej 21,2100,København Ø,01/05 - 2020,,25
29189730,Svendborg Kommune,Sygeplejersker og nat Hjemmepleje Øst,Ørbækvej 42,5700,Svendborg,17/05 - 2010,17/05 - 2010,
29189730,Svendborg Kommune,Demensdagcentret 17 c,Byparken 17,5700,Svendborg,15/12 - 2015,21/12 - 2018,
29189730,Svendborg Kommune,Indkøbskontoret,Grubbemøllevej 22,5700,Svendborg,30/08 - 2010,03/09 - 2012,
29189730,Svendborg Kommune,midtbyhallen,Johs Jørgensens Vej 10,5700,Svendborg,21/03 - 2014,20/02 - 2015,
29189730,Svendborg Kommune,Kernehuset,Wiggers Park 201,5700,Svendborg,11/01 - 2011,03/09 - 2012,
29189730,Svendborg Kommune,Genbrugsstationen Hesselager,Industrivænget 1,5874,Hesselager,02/06 - 2010,17/03 - 2013,
29189730,Svendborg Kommune,SUS Sydfyns Udviklings Samarbejde,"Abildvej 5, 2",5700,Svendborg,22/04 - 2010,20/02 - 2015,
29189730,Svendborg Kommune,"Svendborg Kommunale Tandpleje, Sundhøj Klinik",Eskærvej 71,5700,Svendborg,23/09 - 2010,25/08 - 2013,
29189730,Svendborg Kommune,Skovsbovej,Skovsbovej 101,5700,Svendborg,04/05 - 2010,20/02 - 2015,
29189730,Svendborg Kommune,Svendborg kommune,Ramsherred 5,5700,Svendborg,01/01 - 2007,31/01 - 2007,
29189730,Svendborg Kommune,Sygeplejersker og nat Hjemmepleje Øst,Ørbækvej 42,5700,Svendborg,17/05 - 2010,17/05 - 2010,
29189730,Svendborg Kommune,Hesselager Genbrugsstation,Industrivænget 1,5874,Hesselager,04/08 - 2008,21/04 - 2009,
29189730,Svendborg Kommune,Mærskgården,Eghavevej 22,5700,Svendborg,08/04 - 2013,10/03 - 2014,
29189730,Svendborg Kommune,bofællesskabet Gudme Søpark 7,Gudme Søpark 7,5884,Gudme,17/10 - 2011,20/10 - 2020,
29189730,Svendborg Kommune,Wandallshaven,Wandallshaven 50,5700,Svendborg,01/08 - 2011,20/11 - 2020,
29189730,Svendborg Kommune,sygeplejersker øst,Ørbækvej 42,5700,Svendborg,14/09 - 2010,12/12 - 2011,20-49
29189730,Svendborg Kommune,Sundhøj Naturbørnehave,Gammel Nybyvej 44,5700,Svendborg,01/01 - 2004,25/08 - 2013,0
29189730,Svendborg Kommune,BUC afdeling Skårup,Østergade 49,5881,Skårup Fyn,01/06 - 2008,20/02 - 2015,5-9
29189730,Svendborg Kommune,FRITIDSHJEMMET KOLIBRIEN,St Byhavevej 67,5700,Svendborg,01/01 - 1993,30/07 - 2015,0
29189730,Svendborg Kommune,KIRKEBY SKOLEFRITIDSORDNING,Assensvej 18,5771,Stenstrup,01/01 - 1993,21/04 - 2009,5-9
29189730,Svendborg Kommune,Børn og Unge sekretariat + distriktsteam,Kirkegade 14,5884,Gudme,01/01 - 1993,17/06 - 2012,20-49
29189730,Svendborg Kommune,Aktivitetshuset Svendborg,Vestergade 24-26,5700,Svendborg,01/01 - 1993,30/11 - 2012,1
29189730,Svendborg Kommune,HUNDSTRUP FRITIDSHUS,Filippavej 64,5762,Vester Skerninge,01/01 - 1996,05/03 - 2009,2-4
29189730,Svendborg Kommune,Sundhøj,"Syrenvej 24, 1",5700,Svendborg,14/02 - 2002,14/04 - 2008,20-49
29189730,Svendborg Kommune,Skovhøjen,Skovvej 16,5700,Svendborg,01/01 - 1993,14/02 - 2011,2-4
29189730,Svendborg Kommune,GUDME DAGCENTER,Storkehavevej 6,5884,Gudme,01/01 - 1993,08/01 - 2014,0
29189730,Svendborg Kommune,VINDEBY BØRNEHAVE,Bregningevej 17,5700,Svendborg,01/01 - 1993,20/02 - 2015,0
29189730,Svendborg Kommune,Naturama,Dronningemaen 30,5700,Svendborg,01/01 - 1993,21/04 - 2009,20-49
29189730,Svendborg Kommune,Rådhuset Egebjerg,Svendborgvej 135,5762,Vester Skerninge,01/01 - 1993,22/04 - 2009,20-49
29189730,Svendborg Kommune,SUNDHØJSKOLENS SKOLEFRITIDSORDNING,Eskærvej 69,5700,Svendborg,01/01 - 1993,22/04 - 2009,10-19
29189730,Svendborg Kommune,"CSV - SYDØSTFYN, Nyborg",Skovbrynet 17,5800,Nyborg,01/01 - 1993,25/08 - 2013,0
29189730,Svendborg Kommune,Vejstrup Børnehave,Brudagervej 14,5882,Vejstrup,01/01 - 1995,20/02 - 2015,0
29189730,Svendborg Kommune,SKOLEFRITIDSORDNINGEN SKÅRUP ØVELSESSKOLE,Østergade 53,5881,Skårup Fyn,01/01 - 1993,22/04 - 2009,2-4
29189730,Svendborg Kommune,SKOLEFRITIDSORDNINGEN SPIREN BYMARKSKOLEN,Skolebakken 10,5762,Vester Skerninge,01/01 - 1993,22/04 - 2009,1
29189730,Svendborg Kommune,St. Michael Skolefritidsordning,Hammesbrovej 7,5883,Oure,01/01 - 1993,23/04 - 2009,5-9
29189730,Svendborg Kommune,SKOLEFRITIDSORDNINGEN PÅFUGLEN VESTER SKÆRINGE,Fåborgvej 60,5762,Vester Skerninge,01/01 - 1993,22/04 - 2009,5-9
29189730,Svendborg Kommune,SKOLEFRITIDSORDNINGEN HESSELAGER SKOLE,Skolevej 50,5874,Hesselager,01/01 - 1993,22/04 - 2009,5-9
29189730,Svendborg Kommune,Musikskole Gudme,Hammesbrovej 7,5883,Oure,01/01 - 1994,05/03 - 2009,5-9
29189730,Svendborg Kommune,Øen,Tingmarken 5,5700,Svendborg,01/01 - 2004,23/04 - 2009,2-4
29189730,Svendborg Kommune,Materialegården Gudme,Industrivænget 1,5874,Hesselager,01/01 - 1993,21/04 - 2009,5-9
29189730,Svendborg Kommune,Pyramiden,Slotsvængevej 14,5700,Svendborg,01/01 - 1999,20/02 - 2015,0
29189730,Svendborg Kommune,"SYDBO, Egensevej",Egensevej 8,5700,Svendborg,01/01 - 1993,14/03 - 2009,10-19
29189730,Svendborg Kommune,SKOLEFRITIDSORDNINGEN LUNDBY SKOLE,Lundbyvej 43,5700,Svendborg,01/01 - 1993,22/04 - 2009,5-9
29189730,Svendborg Kommune,SKOLEFRITIDSORDNINGEN VESTRE SKOLE,Gyldenbjergsvej 29,5700,Svendborg,01/01 - 1993,22/04 - 2009,5-9
29189730,Svendborg Kommune,Social og Sundhed,Svinget 14,5700,Svendborg,04/03 - 2011,04/11 - 2012,5-9
29189730,Svendborg Kommune,Svendborg Affald,Bodøvej 15,5700,Svendborg,01/10 - 1999,30/12 - 2010,20-49
29189730,Svendborg Kommune,REGNBUEN,Skovvej 16,5700,Svendborg,01/01 - 1993,21/12 - 2016,0
29189730,Svendborg Kommune,Pædagogisk Central,"Grubbemøllevej 22, st",5700,Svendborg,01/01 - 2002,26/08 - 2012,20-49
29189730,Svendborg Kommune,EGEBJERG BIBLIOTEK,Fåborgvej 53,5762,Vester Skerninge,01/01 - 1993,21/04 - 2009,5-9
29189730,Svendborg Kommune,Materielgården Egebjerg,Juelsbjergvej 5,5771,Stenstrup,01/01 - 1993,21/04 - 2009,5-9
29189730,Svendborg Kommune,SKAARUP UNGDOMSKLUB,Østergade 51,5881,Skårup Fyn,01/01 - 1993,05/03 - 2009,1
29189730,Svendborg Kommune,SKOLEFRITIDSORDNINGEN Gudme Skole,Storkehavevej 9,5884,Gudme,01/01 - 1993,22/04 - 2009,5-9
29189730,Svendborg Kommune,NORDRE SKOLE,Mølmarksvej 31,5700,Svendborg,01/01 - 1993,21/08 - 2011,0
29189730,Svendborg Kommune,Jobcenter Svendborg Kommune,Ramsherred 12,5700,Svendborg,01/01 - 2007,21/04 - 2009,2-4
29189730,Svendborg Kommune,"Projekterne, Jobcenter Svendborg",Danmarksvej 1,5700,Svendborg,09/11 - 2005,21/12 - 2016,10-19
29189730,Svendborg Kommune,"Kultur, Erhverv og udvikling",Ramsherred 5,5700,Svendborg,01/01 - 1993,20/02 - 2015,0
29189730,Svendborg Kommune,Naturbørnehaven Lærkereden,Østerskovvej 12,5700,Svendborg,01/01 - 2007,21/04 - 2009,2-4
29189730,Svendborg Kommune,byhaven,Ørbækvej 47,5700,Svendborg,01/01 - 1993,09/09 - 2015,50-99
29189730,Svendborg Kommune,RANTZAUSMINDE SKOLE SKOLEFRITIDSORDNINGEN,Dyrekredsen 12,5700,Svendborg,01/01 - 1993,22/04 - 2009,10-19
29189730,Svendborg Kommune,Kilen Børnehave,Sognevej 40,5883,Oure,26/09 - 2011,25/08 - 2013,0
29189730,Svendborg Kommune,Behandlingscentret Faaborg afd.,Priorensgade 67A,5600,Faaborg,01/01 - 1997,29/04 - 2012,10-19
29189730,Svendborg Kommune,Børnehuset,Bergmannsvej 64,5700,Svendborg,01/01 - 1993,20/02 - 2015,0
29189730,Svendborg Kommune,BØRNEHAVEN WANDALLSGÅRDEN,Wandallsvej 5,5700,Svendborg,01/01 - 1993,03/09 - 2012,0
29189730,Svendborg Kommune,BUC afdeling Ung,Hjortøvænge 40,5700,Svendborg,01/01 - 1993,21/08 - 2014,20-49
29189730,Svendborg Kommune,Lunden,Ørbækvej 53,5700,Svendborg,01/01 - 1993,21/04 - 2009,20-49
29189730,Svendborg Kommune,UNGDOMSKLUBBEN,Skolevej 2,5771,Stenstrup,01/01 - 1994,05/03 - 2009,1
29189730,Svendborg Kommune,Børn og UngeCenter Svendborg,Jessens Mole 11,5700,Svendborg,02/01 - 2008,20/02 - 2015,5-9
29189730,Svendborg Kommune,"Vestereng, afd. Ryttervej",Ryttervej 51,5700,Svendborg,16/02 - 2009,03/09 - 2012,50-99
29189730,Svendborg Kommune,Værestedet Knasten,Kirkestræde 11B,5700,Svendborg,01/01 - 1998,05/04 - 2013,1
29189730,Svendborg Kommune,Bofællesskabet Sanddalsparken,Sanddalsparken 19,5700,Svendborg,01/01 - 2004,24/09 - 2018,2-4
29189730,Svendborg Kommune,Lyøvej,Lyøvej 10-58,5700,Svendborg,01/01 - 2004,21/04 - 2009,10-19
29189730,Svendborg Kommune,SG. HALLEN,Johs Jørgensens Vej 10,5700,Svendborg,01/01 - 1993,22/04 - 2009,5-9
29189730,Svendborg Kommune,Plejecenter Vindeby Pilevej,Vindeby Pilevej 26,5700,Svendborg,01/01 - 2007,21/04 - 2009,20-49
29189730,Svendborg Kommune,Center Frøavlen,Lerchesvej 7,5700,Svendborg,01/01 - 2004,21/04 - 2009,20-49
29189730,Svendborg Kommune,Åmosen,Svendborgvej 16,5762,Vester Skerninge,01/01 - 2007,16/09 - 2010,20-49
29189730,Svendborg Kommune,Svendborg Erhvervskontor,Ramsherred 5,5700,Svendborg,01/01 - 1993,09/11 - 2010,2-4
29189730,Svendborg Kommune,Færgegården,Færgevej 13,5700,Svendborg,01/01 - 2008,20/02 - 2015,0
29189730,Svendborg Kommune,Sektion Sygeplejersker vest,"Vandværksvej 4, st",5700,Svendborg,15/04 - 2008,16/09 - 2010,2-4
29189730,Svendborg Kommune,Støttecentret Stubbevangen,Stubbevangen 11,5700,Svendborg,03/10 - 2012,04/01 - 2016,0
29189730,Svendborg Kommune,børn- og ungecenter Svendborg,Jessens Mole 11,5700,Svendborg,01/09 - 2010,05/02 - 2015,0
29189730,Svendborg Kommune,Værestedet 7eren,Havnepladsen 7,5700,Svendborg,01/01 - 2004,26/06 - 2014,1
29189730,Svendborg Kommune,Entreprenørafdelingen,Bodøvej 18,5700,Svendborg,01/01 - 1993,08/01 - 2014,0
29189730,Svendborg Kommune,SKOLEFRITIDSORDNINGEN ØSTRE SKOLE,Østre Skolevej 2,5700,Svendborg,01/01 - 1993,22/04 - 2009,5-9
29189730,Svendborg Kommune,SKOLEFRITIDSORDNINGEN TVED SKOLE,Skolevej 2,5700,Svendborg,01/01 - 1993,22/04 - 2009,5-9
29189730,Svendborg Kommune,BØRNEHAVEN KASTANIEN,Rantzausmindevej 172A,5700,Svendborg,01/01 - 1996,19/08 - 2010,10-19
29189730,Svendborg Kommune,HOLBØLLSMINDE BØRNEHUS,Skovbrynet 1,5700,Svendborg,01/01 - 1997,21/12 - 2016,0
29189730,Svendborg Kommune,BUC afdeling Ungekollegiet,Møllergade 87,5700,Svendborg,04/05 - 2010,04/01 - 2016,0
29189730,Svendborg Kommune,SCT. MICHAEL SKOLE,Hammesbrovej 7,5883,Oure,01/01 - 1993,21/08 - 2011,0
29189730,Svendborg Kommune,SKOLEFRITIDSORDNINGEN NORDRE SKOLE,Mølmarksvej 31,5700,Svendborg,01/01 - 1993,22/04 - 2009,10-19
29189730,Svendborg Kommune,SKOLEFRITIDSORDNINGEN OASEN STENSTRUP SKOLE,Skolevej 2,5771,Stenstrup,01/01 - 1993,22/04 - 2009,10-19
29189730,Svendborg Kommune,"Sydbo, Eskegårdsvej",Eskegårdsvej 10,5700,Svendborg,01/01 - 1993,14/03 - 2009,20-49
29189730,Svendborg Kommune,Genbrugsstation Svendborg,Odensevej 230,5700,Svendborg,01/01 - 1993,20/02 - 2015,5-9
29189730,Svendborg Kommune,"sygepleje + nat, Øst",Caroline Amalie Vej 13,5700,Svendborg,01/01 - 2004,13/09 - 2010,20-49
29189730,Svendborg Kommune,Sygekassens Center Vest,Christinedalsvej 20,5700,Svendborg,01/01 - 2004,23/04 - 2009,2-4
29189730,Svendborg Kommune,Aktivitetshuset Skallen,Møllergade 99,5700,Svendborg,01/01 - 1996,21/04 - 2009,1
29189730,Svendborg Kommune,Stigbjerg Kollegiet,Stigbjergvej 4,5874,Hesselager,01/08 - 2000,21/08 - 2012,0
29189730,Svendborg Kommune,FRITIDSHJEMMET BØRNELY,Bagergade 28,5700,Svendborg,01/01 - 1993,21/04 - 2009,2-4
29189730,Svendborg Kommune,SKOLEFRITIDSORDNING THURØ SKOLE,Bergmannsvej 25,5700,Svendborg,01/01 - 1993,22/04 - 2009,10-19
29189730,Svendborg Kommune,Globussen,Ryttervej 68,5700,Svendborg,01/01 - 1993,21/04 - 2009,1
29189730,Svendborg Kommune,HØMARKSSKOLEN UNGDOMSKLUB,Marslevvej 1,5700,Svendborg,01/01 - 1993,21/04 - 2009,0
29189730,Svendborg Kommune,GUDME BIBLIOTEK,Højsagervej 6,5884,Gudme,01/01 - 1993,21/04 - 2009,1
29189730,Svendborg Kommune,Distriktspsykiatrisk Center,Vestergade 19,5700,Svendborg,01/01 - 1993,21/04 - 2009,2-4
29189730,Svendborg Kommune,Bulderby,Egensevej 3,5762,Vester Skerninge,01/01 - 1993,21/04 - 2009,10-19
29189730,Svendborg Kommune,LEJRSKOLEN,Vindebyørevej 15,5700,Svendborg,01/01 - 1993,21/04 - 2009,1
29189730,Svendborg Kommune,Hestehaven,Bergmannsvej 17,5700,Svendborg,01/01 - 2007,24/02 - 2014,0
29189730,Svendborg Kommune,Jobtræning Egebjerg,Skerningegårdsvej 13,5762,Vester Skerninge,01/01 - 1994,21/04 - 2009,0
29189730,Svendborg Kommune,Fyldeplads Sellebjerg,Vængevej 4B,5771,Stenstrup,01/01 - 2005,21/04 - 2009,2-4
29189730,Svendborg Kommune,Byhaven,Ørbækvej 47-53,5700,Svendborg,19/05 - 2011,05/01 - 2014,0
29189730,Svendborg Kommune,BYSKOLEN SKOLEFRITIDSORDNINGEN,Skolegade 2,5700,Svendborg,01/01 - 1993,21/04 - 2009,5-9
29189730,Svendborg Kommune,DREJØ CENTRET,Drejø Brovej 11,5700,Svendborg,01/01 - 1993,21/04 - 2009,2-4
29189730,Svendborg Kommune,HESSELAGER UNGDOMSKLUB,Kirkegade 26,5884,Gudme,01/01 - 1993,05/03 - 2009,5-9
29189730,Svendborg Kommune,Børnehusene,Ørbækvej 51,5700,Svendborg,01/01 - 2004,21/04 - 2009,20-49
29189730,Svendborg Kommune,BØRNEHAVEN SOLGÅRDEN,Odensevej 36,5700,Svendborg,01/01 - 1993,21/04 - 2009,2-4
29189730,Svendborg Kommune,Gudbjerg Skolefritidsordning,Byvej 11,5892,Gudbjerg Sydfyn,01/01 - 1993,21/04 - 2009,5-9
29189730,Svendborg Kommune,Rensningsanlæg,Langemarken 39B,5762,Vester Skerninge,01/01 - 2005,30/12 - 2007,2-4
29189730,Svendborg Kommune,Svendborg Kraftvarmeværk,Bodøvej 15,5700,Svendborg,01/12 - 2000,30/12 - 2010,20-49
29189730,Svendborg Kommune,Humlebien,Fruerstuevej 17,5700,Svendborg,01/01 - 1996,10/03 - 2014,10-19
29189730,Svendborg Kommune,SKOLEFRITIDSORDNINGEN HØMARK SKOLE,Marslevvej 1,5700,Svendborg,01/01 - 1993,22/04 - 2009,5-9
29189730,Svendborg Kommune,Svendborghusene,Stubbevangen 11,5700,Svendborg,01/01 - 1993,14/03 - 2009,5-9
29189730,Svendborg Kommune,Beskæftigelsesprojekt StenagergårdGudme,Klintholmvej 54,5874,Hesselager,01/01 - 1993,21/04 - 2009,2-4
29189730,Svendborg Kommune,Egebjerg musikskole,Skerningegårdsvej 13,5762,Vester Skerninge,01/01 - 2003,15/03 - 2009,5-9
29189730,Svendborg Kommune,Svendborg Beredskabstjeneste,Poul Smeds Vej 20,5700,Svendborg,01/01 - 1997,31/01 - 2016,0
29189730,Svendborg Kommune,"Vester Skerninge børnehus, afdeling filippahuset",Filippavej 64,5762,Vester Skerninge,01/01 - 1993,17/06 - 2020,0
29189730,Svendborg Kommune,Støttecenter Kløvermarksvej,Kløvermarksvej 4C,5762,Vester Skerninge,03/08 - 2009,22/10 - 2020,0
29189730,Svendborg Kommune,Bryghuset,Bryghusvej 2,5700,Svendborg,01/01 - 2004,20/02 - 2019,0
29189730,Svendborg Kommune,støttecenter Enghavevej,Enghavevej 11,5762,Vester Skerninge,09/04 - 2013,26/09 - 2018,0
29189730,Svendborg Kommune,Den nye heldagsskole afd. Brydevej,Brydevej 34,5700,Svendborg,01/01 - 2004,21/12 - 2018,0
29189730,Svendborg Kommune,sektion Høje Bøge,Fåborgvej 66,5700,Svendborg,01/01 - 2007,03/12 - 2019,0
29189730,Svendborg Kommune,Sektion Sandalsparken,Sanddalsparken 19,5700,Svendborg,24/11 - 2010,24/09 - 2018,1
29189730,Svendborg Kommune,Hjemmetræning Øst,Lyøvej 50A,5700,Svendborg,12/09 - 2011,20/12 - 2019,10-19
29189730,Svendborg Kommune,Ungdomsrådgivningen,Klosterplads 8,5700,Svendborg,01/01 - 1993,27/09 - 2018,0
29189730,Svendborg Kommune,STØTTECENTER FRUERLUNDEN,Fruerlunden 67,5700,Svendborg,01/01 - 1993,22/10 - 2020,0
29189730,Svendborg Kommune,botilbuddet Grastenvej 207,Grastenvej 207,5700,Svendborg,09/10 - 2013,30/04 - 2018,0
29189730,Svendborg Kommune,Hus 53,Ørbækvej 53,5700,Svendborg,25/08 - 2011,01/05 - 2018,0
29189730,Svendborg Kommune,Områdekontoret Vesterlunden,Wandallsvej 5,5700,Svendborg,29/06 - 2010,12/04 - 2021,20-49
29189730,Svendborg Kommune,Børnebyøster,Grubbemøllevej 20,5700,Svendborg,01/01 - 2019,12/04 - 2021,
29189730,Svendborg Kommune,Støttecenter Svendborg,Lyøvej 34,5700,Svendborg,01/01 - 1993,26/10 - 2020,2
29189730,Svendborg Kommune,Botilbuddet Skovbrynet,Skovbrynet 3A,5700,Svendborg,08/04 - 2010,26/10 - 2020,4
29189730,Svendborg Kommune,Familiecentret,Ørbækvej 42A,5700,Svendborg,01/01 - 2007,17/02 - 2020,44
29189730,Svendborg Kommune,HELDAGSSKOLEN JUULGÅRDEN,Juulgårdsvej 64,5700,Svendborg,01/01 - 1993,04/08 - 2020,20
29189730,Svendborg Kommune,Støttecenter Solsikkevej,Solsikkevej 9,5700,Svendborg,01/01 - 1993,11/02 - 2022,1
29189730,Svendborg Kommune,Områdekontor Plejecenter Øst,Byskoven 11,5700,Svendborg,01/01 - 1993,19/05 - 2021,1
29189730,Svendborg Kommune,Administration af hjemmepleje og sygepleje,Fåborgvej 64,5700,Svendborg,01/01 - 1993,07/05 - 2021,11
29189730,Svendborg Kommune,SVENDBORG VANDVÆRK,Ryttermarken 21,5700,Svendborg,01/01 - 1993,30/12 - 2007,1
29189730,Svendborg Kommune,RENSEANLÆG EGSMADE,Skårupøre Strandvej 54D,5881,Skårup Fyn,01/01 - 1993,30/12 - 2007,5-9
29189730,Svendborg Kommune,HESSELAGER BIBLIOTEK,Højmarksvej 3,5874,Hesselager,01/01 - 1994,01/01 - 2007,0
29189730,Svendborg Kommune,Rensningsanlæg Gudme,Purreskovvej 47,5874,Hesselager,01/01 - 1997,30/12 - 2007,1
29189730,Svendborg Kommune,Sektion Byskoven,Byskoven 11,5700,Svendborg,01/01 - 2007,16/03 - 2023,6
29189730,Svendborg Kommune,Fremtidsfabrikken - Medstrøm,Jessens Mole 11,5700,Svendborg,01/04 - 2019,25/01 - 2024,
29189730,Svendborg Kommune,Co-create I,Frederiksgade 8,5700,Svendborg,01/04 - 2019,25/01 - 2024,
29189730,Svendborg Kommune,Styrket Erhverv i Gadeplan,Jessens Mole 11,5700,Svendborg,18/11 - 2019,25/01 - 2024,
29189730,Svendborg Kommune,Co-Create II,Frederiksgade 8,5700,Svendborg,01/04 - 2019,25/01 - 2024,
29189730,Svendborg Kommune,Naturturisme I/S,"Frederiksgade 12, st",5700,Svendborg,08/09 - 2010,07/02 - 2025,5-9
29189730,Svendborg Kommune,Rusmiddelrådgivning for Unge i Svendborg,Nannasvej 24,5700,Svendborg,01/01 - 1994,28/02 - 2025,4
29189730,Svendborg Kommune,Christinehaven,Christinedalsvej 20,5700,Svendborg,01/01 - 2007,26/05 - 2025,2
29189730,Svendborg Kommune,Støttecenter Storkehaven,Storkehavevej 4,5884,Gudme,05/09 - 2013,30/09 - 2025,3
29189730,Svendborg Kommune,Støttecenter Skovsbovej,Skovsbovej 103A,5700,Svendborg,01/01 - 2005,,9
29189730,Svendborg Kommune,Familieafdelingen,Centrumpladsen 7,5700,Svendborg,01/01 - 2007,,200
29189730,Svendborg Kommune,Sektion Gudme,Storkehavevej 6,5884,Gudme,01/01 - 2007,,51
29189730,Svendborg Kommune,Sektion Ørkild,Byskoven 11,5700,Svendborg,01/01 - 2007,,63
29189730,Svendborg Kommune,Bryghuset - Svendborg Demensby,Bryggerlunden 2,5700,Svendborg,01/01 - 2007,,131
29189730,Svendborg Kommune,Sektion Hostrup,Hostrupvej 1,5771,Stenstrup,07/04 - 2008,,49
29189730,Svendborg Kommune,Hjemmepleje Vest Områdekontoret,Fåborgvej 64,5700,Svendborg,15/04 - 2008,,22
29189730,Svendborg Kommune,Sektion Tåsinge,Syrenvej 24,5700,Svendborg,15/04 - 2008,,50
29189730,Svendborg Kommune,Sektion Midtbyen,Fåborgvej 64,5700,Svendborg,15/04 - 2008,,79
29189730,Svendborg Kommune,Østerdalen Skårup Børnehus,Oluf Rings Vej 19,5881,Skårup Fyn,01/01 - 2008,,22
29189730,Svendborg Kommune,Vesterlunden Skovlinden,Sofielund 2,5700,Svendborg,01/01 - 2008,,27
29189730,Svendborg Kommune,Jobcenter Svendborg kommune,Ramsherred 5,5700,Svendborg,01/01 - 2008,,126
29189730,Svendborg Kommune,Støttecenter Kærvej,Kærvej 10,5762,Vester Skerninge,03/08 - 2009,,18
29189730,Svendborg Kommune,Støttecenter Hostrupvej,Hostrupvej 9A,5771,Stenstrup,03/08 - 2009,,12
29189730,Svendborg Kommune,På Hjørnet,Nannasvej 24E,5700,Svendborg,01/01 - 2008,,5
29189730,Svendborg Kommune,Botilbuddet Skovsbovej,Skovsbovej 111A,5700,Svendborg,08/02 - 2010,,67
29189730,Svendborg Kommune,Cafe A'Roma,Korsgade 17C,5700,Svendborg,16/02 - 2010,,19
29189730,Svendborg Kommune,Støttecenter Gyldenbjergsvej,Gyldenbjergsvej 7E,5700,Svendborg,08/04 - 2010,,5
29189730,Svendborg Kommune,Støttecenter Bryghuset,Bryghusvej 2,5700,Svendborg,08/04 - 2010,,7
29189730,Svendborg Kommune,"Sektion Christiansminde, Hjemmepleje Øst",Byskoven 11,5700,Svendborg,23/04 - 2010,,61
29189730,Svendborg Kommune,Botilbuddet Ryttervej,Ryttervej 51,5700,Svendborg,08/04 - 2010,,113
29189730,Svendborg Kommune,Sygeplejersker Hjemmepleje Øst,Byskoven 11,5700,Svendborg,17/05 - 2010,,34
29189730,Svendborg Kommune,"Sektion Hømarken, Hjemmepleje Øst",Byskoven 11,5700,Svendborg,17/05 - 2010,,52
29189730,Svendborg Kommune,PPR,"Centrumpladsen 7, 2",5700,Svendborg,27/05 - 2010,,45
29189730,Svendborg Kommune,Sygeplejersker Hjemmepleje Vest,Fåborgvej 64,5700,Svendborg,07/09 - 2010,,50
29189730,Svendborg Kommune,Sundbyøster Humlebien,Fruerstuevej 17B,5700,Svendborg,21/01 - 2011,,25
29189730,Svendborg Kommune,UU Sydfyn,A P Møllers Vej 37A,5700,Svendborg,14/04 - 2011,,18
29189730,Svendborg Kommune,Ergo-Fysioterapien,Ørbækvej 49,5700,Svendborg,25/08 - 2011,,14
29189730,Svendborg Kommune,Byhaveskolen,Ørbækvej 47,5700,Svendborg,25/08 - 2011,,92
29189730,Svendborg Kommune,Sektion Hjemmetræning,Aldersro 6,5700,Svendborg,26/09 - 2011,,26
29189730,Svendborg Kommune,Svendborg idrætscenter,Ryttervej 70,5700,Svendborg,01/02 - 2012,,56
29189730,Svendborg Kommune,"Svendborg Juniorklub, afd. Centrum",Skolegade 2,5700,Svendborg,06/03 - 2012,,4
29189730,Svendborg Kommune,Sekretariat og Dagtilbud,"Centrumpladsen 7, 1. th.",5700,Svendborg,27/08 - 2012,,147
29189730,Svendborg Kommune,Botilbuddet Høje Bøgevej,Storkehavevej 4,5884,Gudme,05/11 - 2012,,10
29189730,Svendborg Kommune,Støttecenter Lyøvej,Lyøvej 34A,5700,Svendborg,28/10 - 2013,,6
29189730,Svendborg Kommune,Bo- og aflastningstilbuddet Tankefuld,Sofielund Skovvej 180,5700,Svendborg,09/01 - 2014,,102
29189730,Svendborg Kommune,CETS,Svendborgvej 135,5762,Vester Skerninge,13/02 - 2014,,231
29189730,Svendborg Kommune,Støttecenter Skovbrynet,Skovbrynet 3A,5700,Svendborg,17/06 - 2015,,6
29189730,Svendborg Kommune,Sydbo,Stationsvej 74A,5771,Stenstrup,01/01 - 2017,,98
29189730,Svendborg Kommune,Sundhedsplejens Hus,Egensevej 8,5700,Svendborg,21/12 - 2016,,21
29189730,Svendborg Kommune,Sundhedshus Svendborg,Hulgade 9,5700,Svendborg,02/01 - 2017,,26
29189730,Svendborg Kommune,Plan og Udvikling,"Frederiksø 4A, 1",5700,Svendborg,21/12 - 2018,,34
29189730,Svendborg Kommune,Borgerservice,Centrumpladsen 4,5700,Svendborg,21/12 - 2018,,17
29189730,Svendborg Kommune,Erhverv & Iværksætteri,Østre Havnevej 2,5700,Svendborg,07/08 - 2019,,7
29189730,Svendborg Kommune,Dagplejens hus,Fruerstuevej 17,5700,Svendborg,23/01 - 2020,,3
29189730,Svendborg Kommune,"Svendborg Juniorklub, adf. Værestedet",Marslevvej 1,5700,Svendborg,16/03 - 2020,,3
29189730,Svendborg Kommune,Sektion Akutfunktion,"Aldersro 6, kl",5700,Svendborg,01/01 - 2021,,14
29189730,Svendborg Kommune,Skole og Uddannelse,Centrumpladsen 7,5700,Svendborg,12/02 - 2021,,139
29189730,Svendborg Kommune,Demenscenter Sydfyn,Hulgade 9,5700,Svendborg,09/02 - 2022,,3
29189730,Svendborg Kommune,Interkulturel Team,Byparken 43,5700,Svendborg,08/06 - 2022,,13
29189730,Svendborg Kommune,"Østerdalen Eriksholm Børnehus, Bergmannsvej",Eriksholmsvej 2,5700,Svendborg,31/08 - 2022,,21
29189730,Svendborg Kommune,Vesterlunden Wandallsgårdens Vuggestue,Byparken 45,5700,Svendborg,13/09 - 2022,,9
29189730,Svendborg Kommune,Social Vejledning,Aldersro 2,5700,Svendborg,25/07 - 2024,,38
29189730,Svendborg Kommune,Hesselager Plejecenter,Langgade 2,5874,Hesselager,01/06 - 2025,,38
29189730,Svendborg Kommune,Tabt arbejdsfortjeneste,Ramsherred 5,5700,Svendborg,19/05 - 2025,,87
29189730,Svendborg Kommune,Stenbruddet,Vestergade 42G,5700,Svendborg,01/01 - 2004,,2-4
29189730,Svendborg Kommune,UdeVærkstedet,Tipsvænget 19A,5700,Svendborg,31/01 - 2014,,
29189730,Svendborg Kommune,Fremtidsfabrikken Sydfyn,Jessens Mole 11,5700,Svendborg,24/11 - 2014,,1
29189730,Svendborg Kommune,Gudme Bibliotek,Højsagervej 6,5884,Gudme,01/01 - 2015,,
29189730,Svendborg Kommune,Stenstrup Bibliotek,Skolevej 2,5771,Stenstrup,01/01 - 2015,,
29189730,Svendborg Kommune,Thurø Bibliotek,Bergmannsvej 70,5700,Svendborg,01/01 - 2015,,
29189730,Svendborg Kommune,Vester Skerning Bibliotek,Fåborgvej 53,5762,Vester Skerninge,01/01 - 2015,,
29189730,Svendborg Kommune,Skårup Bibliotek,Åbyvejen 43,5881,Skårup Fyn,01/01 - 2015,,
29189730,Svendborg Kommune,Drejø Bibliotek,Kirkevejen 1,5700,Svendborg,01/01 - 2015,,
29189730,Svendborg Kommune,Landet Bibliotek,Biblioteksvej 1,5700,Svendborg,01/01 - 2015,,
29189730,Svendborg Kommune,"Svendborg Juniorklub, afd. Heldagervej",Heldagervej 43A,5700,Svendborg,16/03 - 2020,,
29189730,Svendborg Kommune,Lejlighederne Skovsbovej,Skovsbovej 111A,5700,Svendborg,01/11 - 2020,,1
29189730,Svendborg Kommune,Selvudpeget hjælper Svendborg Kommune,Svinget 14,5700,Svendborg,19/05 - 2025,,
29189730,Svendborg Kommune,Ledsagere Plejecenter Øst,Byskoven 11,5700,Svendborg,13/03 - 2026,,
29189730,Svendborg Kommune,Ledsagere Plejecenter Øst,Fåborgvej 64,5700,Svendborg,13/03 - 2026,,
29189730,Svendborg Kommune,Bykollegiet Jernbanegade,Jernbanegade 12,5700,Svendborg,01/01 - 2022,,
29189730,Svendborg Kommune,Bykollegiet Vestergade,"Vestergade 2D, st",5700,Svendborg,01/01 - 2022,,
29189730,Svendborg Kommune,"Sundbyøster Paraplyen, Holbøllsminde",Skovbrynet 1B,5700,Svendborg,13/07 - 2022,,
29189730,Svendborg Kommune,"Østerdalen Thurø Børnehus, Skårup Skovmølle",Skovmøllevej 37B,5881,Skårup Fyn,13/07 - 2022,,
29189730,Svendborg Kommune,"Øbakkerne Sundhøj Børnehus, Vindeby",Bregningevej 17,5700,Svendborg,13/07 - 2022,,
29189730,Svendborg Kommune,Sundbyøster Børnehuset Skovhuset,Byparken 45,5700,Svendborg,26/08 - 2022,,1
29189730,Svendborg Kommune,Cafe Tryk,"Jernbanegade 12, st",5700,Svendborg,01/01 - 2024,,
29189730,Svendborg Kommune,"Vestermarkskolen, BYMARKSKOLEN",Skolebakken 6,5762,Vester Skerninge,01/01 - 1993,,20-49
29189730,Svendborg Kommune,Forvaltning af familieplejeordning,Centrumpladsen 7,5700,Svendborg,19/05 - 2025,,
29189730,Svendborg Kommune,Det gode madhus,Ryttervej 39,5700,Svendborg,01/01 - 1998,,1
29189730,Svendborg Kommune,Bakkehuset,Klingstrupvej 5B,5881,Skårup Fyn,01/01 - 1999,,2
29189730,Svendborg Kommune,Kompetencepædagogerne,Svinget 12,5700,Svendborg,01/12 - 2021,,1
29189730,Svendborg Kommune,Forsorgscenter Sydfyn,Stenpladsen 5,5700,Svendborg,01/01 - 1993,,36
29189730,Svendborg Kommune,"Issø-skolen, Kirkeby",Assensvej 18,5771,Stenstrup,01/01 - 1993,,28
29189730,Svendborg Kommune,"Stokkebækskolen, Gudme",Storkehavevej 9,5884,Gudme,01/01 - 1993,,35
29189730,Svendborg Kommune,Grønnemoseværkstederne,Grønnemosevej 7,5700,Svendborg,01/01 - 1993,,90
29189730,Svendborg Kommune,Stenstrup Plejecenter,Hostrupvej 1,5771,Stenstrup,01/01 - 1993,,75
29189730,Svendborg Kommune,"Stokkebækskolen, Gudbjerg",Byvej 11,5892,Gudbjerg Sydfyn,01/01 - 1993,,17
29189730,Svendborg Kommune,Rådgivnings- og familiecentret,Møllergade 88,5700,Svendborg,01/01 - 1993,,57
29189730,Svendborg Kommune,Øbakkerne Vester Skerninge børnehus,Fåborgvej 60,5762,Vester Skerninge,01/01 - 1993,,14
29189730,Svendborg Kommune,Botilbuddet Vestereng,Vestereng 2,5881,Skårup Fyn,01/01 - 1993,,65
29189730,Svendborg Kommune,Østerdalen Gudme Børnehus,Storkehavevej 8,5884,Gudme,01/01 - 1993,,17
29189730,Svendborg Kommune,"Issø-skolen, Stenstrup",Skolevej 2,5771,Stenstrup,01/01 - 1993,,18
29189730,Svendborg Kommune,Østerdalen Gudbjerg Børnehus,Byvej 15,5892,Gudbjerg Sydfyn,01/01 - 1993,,9
29189730,Svendborg Kommune,Øbakkerne Kirkeby Børnehus,Assensvej 16,5771,Stenstrup,01/01 - 1993,,14
29189730,Svendborg Kommune,Ollerup Plejecenter,Svendborgvej 16,5762,Vester Skerninge,01/01 - 1993,,54
29189730,Svendborg Kommune,"Vestermarkskolen, Vester Skerninge",Fåborgvej 60,5762,Vester Skerninge,01/01 - 1993,,50
29189730,Svendborg Kommune,Ældrecenter Ådalen,Egemosevej 3,5882,Vejstrup,01/01 - 1993,,32
29189730,Svendborg Kommune,Gudbjerg Ældrecenter,Byvej 27,5892,Gudbjerg Sydfyn,01/01 - 1993,,45
29189730,Svendborg Kommune,"Stokkebækskolen, Hesselager",Skolevej 50,5874,Hesselager,01/01 - 1993,,14
29189730,Svendborg Kommune,Østerdalen Hesselager Børnehus,Skolevej 52,5874,Hesselager,01/01 - 1993,,7
29189730,Svendborg Kommune,Østerdalen Oure Børnehus,Hammesbrovej 11,5883,Oure,01/01 - 1993,,7
29189730,Svendborg Kommune,Svendborg Heldagsskole,Skolebakken 6,5762,Vester Skerninge,01/01 - 1993,,28
29189730,Svendborg Kommune,Impuls kursuscenter,Skovbrynet 1C,5700,Svendborg,01/01 - 1993,,17
29189730,Svendborg Kommune,Natur og klima,Svendborgvej 135,5762,Vester Skerninge,01/01 - 1993,,46
29189730,Svendborg Kommune,Vesterlunden Kildebækken,Engdraget 2,5700,Svendborg,01/01 - 1993,,11
29189730,Svendborg Kommune,THURØ SKOLE,Bergmannsvej 25,5700,Svendborg,01/01 - 1993,,55
29189730,Svendborg Kommune,Vesterlunden Nordlyset,Frilandsvej 30,5700,Svendborg,01/01 - 1993,,18
29189730,Svendborg Kommune,Dagplejen og administration,Svinget 12,5700,Svendborg,01/01 - 1993,,95
29189730,Svendborg Kommune,Sundbyøster Poppellunden,Linkenkærsvej 30,5700,Svendborg,01/01 - 1993,,13
29189730,Svendborg Kommune,RANTZAUSMINDEHALLEN,Dyrekredsen 12,5700,Svendborg,01/01 - 1993,,3
29189730,Svendborg Kommune,Social og Sundhed,Svinget 14,5700,Svendborg,01/01 - 1993,,458
29189730,Svendborg Kommune,TVED SKOLE,Skolevej 2,5700,Svendborg,01/01 - 1993,,57
29189730,Svendborg Kommune,"Ørkildskolen, Østre",Østre Skolevej 2,5700,Svendborg,01/01 - 1993,,67
29189730,Svendborg Kommune,Taasinge Plejecenter,Syrenvej 24,5700,Svendborg,01/01 - 1993,,57
29189730,Svendborg Kommune,Øbakkerne Sundhøj Børnehus,Eskærvej 63B,5700,Svendborg,01/01 - 1993,,19
29189730,Svendborg Kommune,Østerdalen Gambøt Børnehus,Gambøtvej 2,5700,Svendborg,01/01 - 1993,,18
29189730,Svendborg Kommune,Skårup Skole,Østergade 53,5881,Skårup Fyn,01/01 - 1993,,45
29189730,Svendborg Kommune,VESTRE SKOLE,Gyldenbjergsvej 31,5700,Svendborg,01/01 - 1993,,56
29189730,Svendborg Kommune,NYMARKSKOLEN,Marslevvej 1,5700,Svendborg,01/01 - 1993,,76
29189730,Svendborg Kommune,RANTZAUSMINDE SKOLE,Dyrekredsen 12,5700,Svendborg,01/01 - 1993,,62
29189730,Svendborg Kommune,"Ørkildskolen, BYEN",Skolegade 2,5700,Svendborg,01/01 - 1993,,27
29189730,Svendborg Kommune,"Tåsingeskolen, Sundhøj",Eskærvej 69,5700,Svendborg,01/01 - 1993,,60
29189730,Svendborg Kommune,Vesterlunden Ryttergården,Ryttervej 68A,5700,Svendborg,01/01 - 1993,,12
29189730,Svendborg Kommune,Svendborg Musikskole,"Dronningemaen 57, 1",5700,Svendborg,01/01 - 1993,,39
29189730,Svendborg Kommune,Sundbyøster Børnely,Klostervænget 3-53,5700,Svendborg,01/01 - 1993,,26
29189730,Svendborg Kommune,UNGDOMSSKOLEN,"Abildvej 2, st",5700,Svendborg,01/01 - 1993,,47
29189730,Svendborg Kommune,Rådhuset Svendborg,Ramsherred 5,5700,Svendborg,01/01 - 1993,,227
29189730,Svendborg Kommune,Hjemmepleje Øst Administrationen,Byskoven 11,5700,Svendborg,01/01 - 1993,,27
29189730,Svendborg Kommune,"Tåsingeskolen, Lundby",Lundbyvej 43,5700,Svendborg,01/01 - 1993,,19
29189730,Svendborg Kommune,TANDPLEJEN,Toldbodvej 17,5700,Svendborg,01/01 - 1993,,53
29189730,Svendborg Kommune,Sundbyøster Kobberbækken,Slotsvængevej 12,5700,Svendborg,01/01 - 1993,,21
29189730,Svendborg Kommune,Svendborg Bibliotek,Svinget 1,5700,Svendborg,01/01 - 1993,,46
29189730,Svendborg Kommune,CSV Sydfyn,Jernbanegade 10,5700,Svendborg,01/01 - 1994,,32
29189730,Svendborg Kommune,Sundbyøster Paraplyen,Marslevvej 1,5700,Svendborg,01/01 - 1994,,22
29189730,Svendborg Kommune,Øbakkerne Lundby Børnehave,Lundbyvej 43B,5700,Svendborg,01/01 - 1994,,12
29189730,Svendborg Kommune,Svendborg Natur- og Miljøskole,Skårupøre Strandvej 47,5881,Skårup Fyn,01/01 - 1994,,2
29189730,Svendborg Kommune,Vesterlunden Nordenvinden,Pengekrogen 37,5700,Svendborg,01/01 - 1995,,11
29189730,Svendborg Kommune,Øbakkerne Solsikken,Eskærvej 50,5700,Svendborg,01/01 - 1996,,20
29189730,Svendborg Kommune,Vesterlunden Kernehuset,Wiggers Park 201,5700,Svendborg,01/01 - 1996,,25
29189730,Svendborg Kommune,Botilbuddet Søndergade,Søndergade 69,5884,Gudme,01/01 - 1997,,37
29189730,Svendborg Kommune,"Svendborg Juniorklub, afd. Holbøllsminde",Skovbrynet 1,5700,Svendborg,01/01 - 1997,,5
29189730,Svendborg Kommune,Rederiet Højestene,Jessens Mole 6,5700,Svendborg,01/01 - 1997,,9
29189730,Svendborg Kommune,Øbakkerne Stenstrup Børnehus,Hostrupvej 12,5771,Stenstrup,01/01 - 1993,,17
29189730,Svendborg Kommune,Øbakkerne Ollerup Børnehus,Enghavevej 6,5762,Vester Skerninge,01/01 - 1993,,12
29189730,Svendborg Kommune,Alkohol og Rusmiddelrådgivningen,Nannasvej 24,5700,Svendborg,01/01 - 1999,,10
29189730,Svendborg Kommune,Behandlingscentret Voksenafdelingen,Dronningholmsvej 60A,5700,Svendborg,01/01 - 1999,,20
29189730,Svendborg Kommune,"Center for børn, unge og familer, afd. skovsbovej",Skovsbovej 101,5700,Svendborg,01/01 - 2000,,26
29189730,Svendborg Kommune,Støttecenter Gl. Skårupvej,Gammel Skårupvej 12,5700,Svendborg,01/01 - 2000,,5
29189730,Svendborg Kommune,Hjælpemiddeldepotet,Tipsvænget 19D,5700,Svendborg,14/02 - 2002,,10
29189730,Svendborg Kommune,Caroline Amalie,Caroline Amalie Vej 13,5700,Svendborg,14/02 - 2002,,54
29189730,Svendborg Kommune,Sundbyøster 4-kløveren,Ragnhildsvej 11,5700,Svendborg,01/04 - 2001,,20
29189730,Svendborg Kommune,Svendborg Havnekontor,Jessens Mole 6,5700,Svendborg,01/01 - 2002,,15
29189730,Svendborg Kommune,Vindeby Pilevej,Vindeby Pilevej 26,5700,Svendborg,01/01 - 2002,,46
29189730,Svendborg Kommune,Frøavlen,Lerchesvej 3-5,5700,Svendborg,27/04 - 2004,,74
29189730,Svendborg Kommune,Damgården,Kærvej 8,5881,Skårup Fyn,01/01 - 2004,,48
29189730,Svendborg Kommune,Trollemosen,Gammel Skårupvej 18,5700,Svendborg,01/01 - 2004,,67
29189730,Svendborg Kommune,Trollehøj,Kvistvænget 4,5700,Svendborg,01/01 - 2004,,56
29189730,Svendborg Kommune,Thurøhus,Bergmannsvej 15-19,5700,Svendborg,01/01 - 2004,,55
29189730,Svendborg Kommune,Aldersro,Aldersro 4,5700,Svendborg,01/01 - 2004,,60
29189730,Svendborg Kommune,Sektion Fåborgvej,Fåborgvej 64,5700,Svendborg,01/01 - 2004,,48
78834412,SYSTEMATIC A/S,SYSTEMATIC SOFTWARE ENGINEERING A/S,Kongensgade 72,5000,Odense C,01/01 - 2002,31/12 - 2003,
78834412,SYSTEMATIC A/S,Andreas Jensen,Vejsgårdparken 104A,4241,Vemmelev,01/10 - 2019,31/05 - 2025,1
78834412,SYSTEMATIC A/S,Systematic A/S,Herningvej 30,7470,Karup J,07/05 - 2018,,9
78834412,SYSTEMATIC A/S,Systematic A/S,Nørre Voldgade 15,1358,København K,02/03 - 2026,,
78834412,SYSTEMATIC A/S,Systematic A/S,"Borgergade 24B, 6",1300,København K,01/09 - 2024,30/04 - 2026,42
78834412,SYSTEMATIC A/S,SYSTEMATIC A/S,"Landgreven 3, 1",1301,København K,01/09 - 1995,30/04 - 2026,28
78834412,SYSTEMATIC A/S,SYSTEMATIC A/S,Søren Frichs Vej 39,8000,Aarhus C,19/08 - 1985,,878
35954716,Salling Group A/S,DANSK SUPERMARKED A/S,Englandsvej 2,7100,Vejle,01/01 - 2006,01/01 - 2006,
35954716,Salling Group A/S,NETTO Højmarksvej Silkeborg,Nordre Højmarksvej 1,8600,Silkeborg,01/11 - 2014,02/11 - 2014,
35954716,Salling Group A/S,NETTO,Vestergade 39,1456,København K,20/11 - 2014,21/11 - 2014,
35954716,Salling Group A/S,DANSK SUPERMARKED A/S, 18,9999,Ukendt,01/06 - 1956,31/03 - 1964,
35954716,Salling Group A/S,Netto VRÅ,Nygade 5,9760,Vrå,29/01 - 2019,29/01 - 2019,
35954716,Salling Group A/S,Bistro og Quick Food i Bilka,Agerøvej 7,8381,Tilst,01/01 - 2005,01/01 - 2005,
35954716,Salling Group A/S,Netto - Slotsgade 5- 3400 Hillerød,Slotsgade 5,3400,Hillerød,25/10 - 2006,25/10 - 2006,
35954716,Salling Group A/S,F. Salling A/S,Søndergade 27,8000,Århus C,11/06 - 2009,11/06 - 2009,
35954716,Salling Group A/S,Dansk Supermarked køle- og frugtterminal,Skovsøvej 13,4200,Slagelse,14/03 - 2007,14/03 - 2007,
35954716,Salling Group A/S,NETTO Viby Ringvej,Viby Ringvej 20,8260,Viby J,01/01 - 2015,02/01 - 2015,
35954716,Salling Group A/S,Quick food Føtex,Klosterparks Alle 10,4100,Ringsted,04/10 - 2006,04/10 - 2006,
35954716,Salling Group A/S,Starbucks,Lyngbyvej 11,2100,København Ø,01/07 - 2014,31/05 - 2015,
35954716,Salling Group A/S,Køle og Frugtterminal,Skovsøvej 13,4200,Slagelse,26/04 - 2007,26/04 - 2007,
35954716,Salling Group A/S,F. Salling A/S,Nytorv 8,9000,Aalborg,11/06 - 2009,11/06 - 2009,
35954716,Salling Group A/S,Føtex Food Dragør,Maglebytorv 2,2791,Dragør,20/10 - 2009,20/10 - 2009,
35954716,Salling Group A/S,TØJ & SKO,Amagerbrogade 54,2300,København S,01/01 - 1987,31/03 - 2013,0
35954716,Salling Group A/S,TØJ & SKO,Ahlgade 29,4300,Holbæk,01/01 - 1987,31/03 - 2013,0
35954716,Salling Group A/S,TØJ & SKO,Vestergade 5,7900,Nykøbing M,01/01 - 1987,31/03 - 2013,0
35954716,Salling Group A/S,TØJ & SKO,Søndergade 2,4900,Nakskov,01/01 - 1987,31/03 - 2013,0
35954716,Salling Group A/S,TØJ & SKO,Rådhustorvet 2,8900,Randers C,01/01 - 1987,31/03 - 2013,1
35954716,Salling Group A/S,DANSK SUPERMARKED INDKØB I/S KØD - KOLONIAL - SILD,Englandsvej 2,7100,Vejle,01/01 - 1987,29/04 - 2012,0
35954716,Salling Group A/S,NETTO,Adelgade 35,4880,Nysted,01/01 - 1995,23/09 - 2007,10-19
35954716,Salling Group A/S,TØJ & SKO,Store Torv 17,3700,Rønne,01/01 - 1994,31/03 - 2013,0
35954716,Salling Group A/S,Netto,Nørregade 13-15,6580,Vamdrup,07/10 - 2004,31/12 - 2008,2-4
35954716,Salling Group A/S,"Netto City 2, Butik 396",Cityringen 2,2630,Taastrup,25/12 - 2005,25/12 - 2005,10-19
35954716,Salling Group A/S,NETTO,Lyngbyvej 11,2100,København Ø,26/02 - 1991,04/04 - 2007,10-19
35954716,Salling Group A/S,Netto A/S,Kirke Alle 85,7800,Skive,01/01 - 2001,31/05 - 2014,2-4
35954716,Salling Group A/S,TØJ & SKO,Nytorv 10,4200,Slagelse,01/01 - 1987,31/03 - 2013,1
35954716,Salling Group A/S,TØJ & SKO,Søndergade 24,8700,Horsens,01/01 - 1992,31/03 - 2013,1
35954716,Salling Group A/S,TØJ & SKO,Hovedgaden 25,3460,Birkerød,01/01 - 1993,31/03 - 2013,0
35954716,Salling Group A/S,FØTEX,Fejøvej 9,4700,Næstved,01/04 - 2010,01/05 - 2013,10-19
35954716,Salling Group A/S,NETTO,Asylgade 1,7700,Thisted,01/01 - 1993,30/11 - 2014,10-19
35954716,Salling Group A/S,TØJ & SKO,Vestergade 6A,7700,Thisted,01/01 - 1987,31/03 - 2013,0
35954716,Salling Group A/S,NETTO,Revvej 10A,4220,Korsør,01/01 - 1991,22/04 - 2006,10-19
35954716,Salling Group A/S,TØJ OG SKO Storcenter Nord,Finlandsgade 17,8200,Århus N,23/08 - 2006,31/12 - 2008,5-9
35954716,Salling Group A/S,TØJ & SKO,Ramsherred 1,4700,Næstved,01/04 - 1987,31/03 - 2013,0
35954716,Salling Group A/S,TØJ & SKO,Sct Hansgade 6,4100,Ringsted,01/01 - 1987,31/03 - 2013,0
35954716,Salling Group A/S,TØJ & SKO,Amagerbrogade 146,2300,København S,01/01 - 1994,31/03 - 2013,0
35954716,Salling Group A/S,TØJ & SKO,Torvegade 18,7100,Vejle,01/01 - 1987,31/03 - 2013,1
35954716,Salling Group A/S,TØJ & SKO,Bispensgade 4,9000,Aalborg,01/01 - 1987,31/03 - 2013,5-9
35954716,Salling Group A/S,TØJ & SKO,Nørregade 17,6100,Haderslev,01/01 - 1987,31/03 - 2013,1
35954716,Salling Group A/S,NETTO,Gammel Køge Landevej 263,2650,Hvidovre,25/01 - 2008,01/12 - 2015,5-9
35954716,Salling Group A/S,BILKA INDKØB,Agerøvej 7A,8381,Tilst,01/01 - 1987,31/12 - 2010,100-199
35954716,Salling Group A/S,TØJ & SKO,Sct. Mathias Gade 32,8800,Viborg,01/01 - 1987,31/03 - 2013,1
35954716,Salling Group A/S,TØJ & SKO,Gudrunsvej 7,8220,Brabrand,01/01 - 1987,31/03 - 2013,0
35954716,Salling Group A/S,TØJ & SKO,Toftegårds Allé 30,2500,Valby,01/01 - 1988,31/03 - 2013,1
35954716,Salling Group A/S,TØJ & SKO,Vesterbrogade 20,1620,København V,01/01 - 1987,31/03 - 2013,0
35954716,Salling Group A/S,TØJ & SKO,Danmarksgade 10,7000,Fredericia,01/01 - 1987,31/03 - 2013,0
35954716,Salling Group A/S,TØJ & SKO,Jernbanegade 21,4800,Nykøbing F,01/01 - 1987,31/03 - 2013,1
35954716,Salling Group A/S,NETTO,Strandby Kirkevej 258,6700,Esbjerg,01/01 - 1989,01/05 - 2013,1
35954716,Salling Group A/S,Frugt- og Grøntlager,Industrigrenen 4-6,2635,Ishøj,07/04 - 2006,31/12 - 2011,0
35954716,Salling Group A/S,DØGNNETTO,Dirch Passers Allé 19,2000,Frederiksberg,28/11 - 2008,13/12 - 2015,5-9
35954716,Salling Group A/S,TØJ & SKO,Kongensgade 15,5000,Odense C,01/01 - 1989,31/03 - 2013,0
35954716,Salling Group A/S,Hotel Frederik den II,Idagårdsvej 3,4200,Slagelse,01/01 - 1988,21/02 - 2012,0
35954716,Salling Group A/S,TØJ & SKO,Stengade 37,3000,Helsingør,18/10 - 2007,31/03 - 2013,2-4
35954716,Salling Group A/S,TØJ & SKO,Slotsgade 29,3400,Hillerød,01/01 - 1987,31/03 - 2013,0
35954716,Salling Group A/S,TØJ & SKO,Danmarksgade 62,9900,Frederikshavn,01/01 - 1987,31/03 - 2013,0
35954716,Salling Group A/S,TØJ & SKO,Nørrebrogade 183,2200,København N,01/01 - 1987,31/03 - 2013,1
35954716,Salling Group A/S,TØJ & SKO,Østergade 1,3600,Frederikssund,01/01 - 1987,31/03 - 2013,2-4
35954716,Salling Group A/S,Døgnetto,Gentoftegade 74,2820,Gentofte,01/01 - 1988,05/06 - 2016,0
35954716,Salling Group A/S,TØJ & SKO,Algade 46,4760,Vordingborg,01/01 - 1989,31/03 - 2013,0
35954716,Salling Group A/S,DØGNNETTO,I L Tvedes Vej 16,3000,Helsingør,01/01 - 1987,12/06 - 2016,0
35954716,Salling Group A/S,DØGNNETTO,"Vesterbrogade 65, st. tv.",1620,København V,08/12 - 2011,02/11 - 2018,5-9
35954716,Salling Group A/S,Døgnnetto,Rolighedsvej 11,1958,Frederiksberg C,20/06 - 2002,08/08 - 2016,0
35954716,Salling Group A/S,TØJ & SKO,Nørregade 50,7500,Holstebro,01/01 - 1987,31/03 - 2013,1
35954716,Salling Group A/S,TØJ & SKO,Møllergade 1,5700,Svendborg,01/01 - 1989,31/03 - 2013,1
35954716,Salling Group A/S,TØJ & SKO,Kordilgade 6,4400,Kalundborg,24/11 - 2005,31/03 - 2013,1
35954716,Salling Group A/S,Døgnnetto,Sdr.Stationsvej 28,4200,Slagelse,01/11 - 2001,01/12 - 2015,0
35954716,Salling Group A/S,NETTO,Slotsgade 5,3400,Hillerød,05/11 - 2006,08/10 - 2015,0
35954716,Salling Group A/S,TØJ & SKO,Nørrebrogade 34,2200,København N,31/08 - 1995,31/03 - 2013,0
35954716,Salling Group A/S,TØJ & SKO,Algade 13,4000,Roskilde,01/01 - 1992,31/03 - 2013,0
35954716,Salling Group A/S,NETTO Herregårdscentret,Odensevej 16,5600,Faaborg,01/01 - 1988,16/09 - 2005,2-4
35954716,Salling Group A/S,NETTO,Fyrvej 10,6960,Hvide Sande,27/05 - 2003,31/01 - 2008,5-9
35954716,Salling Group A/S,NETTO A/S,Musvågevej 2,8210,Århus V,05/04 - 2002,21/02 - 2012,0
35954716,Salling Group A/S,Netto,Centerpladsen 23,6360,Tinglev,19/10 - 2000,31/05 - 2014,1
35954716,Salling Group A/S,DANSK SUPERMARKED INDKØB I/S FROST V/VEJLE FRYSEHUS TERMINAL NORD,Kristian Skous Vej 1,7100,Vejle,01/01 - 1998,21/02 - 2012,2-4
35954716,Salling Group A/S,Føtex Food,Banegårdsgade 18-20,8300,Odder,15/06 - 2009,01/05 - 2013,5-9
35954716,Salling Group A/S,NØRRE SNEDE FRYSEHUS NETTO VEST,Industrivej 60-70,8766,Nørre Snede,01/01 - 2005,30/09 - 2010,2-4
35954716,Salling Group A/S,FØTEX,Vestergade 7,7500,Holstebro,01/01 - 1987,29/03 - 2014,10-19
35954716,Salling Group A/S,Føtex,Kirkegårdsvej 2,2300,København S,01/04 - 1972,20/09 - 2016,0
35954716,Salling Group A/S,NETTO,Algade 30-32,4000,Roskilde,01/01 - 1987,17/07 - 2016,0
35954716,Salling Group A/S,Døgnetto,Jydeholmen 53,2720,Vanløse,01/01 - 1987,26/09 - 2016,0
35954716,Salling Group A/S,NETTO,Damhustorvet 7,2610,Rødovre,12/12 - 1991,26/06 - 2016,0
35954716,Salling Group A/S,TØJ & SKO,Torvet 24,4600,Køge,01/01 - 1989,31/03 - 2013,0
35954716,Salling Group A/S,TØJ & SKO,Vestergade 22,8600,Silkeborg,01/01 - 1987,31/03 - 2013,1
35954716,Salling Group A/S,TØJ & SKO,Østerbrogade 94,2100,København Ø,01/01 - 1992,31/03 - 2013,1
35954716,Salling Group A/S,NETTO,Lygten 11,2400,København NV,02/04 - 2009,06/11 - 2018,1
35954716,Salling Group A/S,Føtex Food Fredensborg,Wendorfsvej 2,3480,Fredensborg,18/10 - 2010,01/05 - 2013,5-9
35954716,Salling Group A/S,NETTO,Ryhavevej 28,8210,Aarhus V,18/03 - 2008,30/06 - 2015,0
35954716,Salling Group A/S,FØTEX,Storegade 31,6700,Esbjerg,01/01 - 1989,29/02 - 2016,0
35954716,Salling Group A/S,DANSK SUPERMARKED A/S Indkøb - Administration,Rosbjergvej 34,8220,Brabrand,01/01 - 2011,31/12 - 2014,0
35954716,Salling Group A/S,DøgnNetto,Søndervangen 4,3460,Birkerød,01/01 - 2012,19/06 - 2016,0
35954716,Salling Group A/S,døgnNetto Brønshøj,Frederikssundsvej 221-223,2700,Brønshøj,01/11 - 2011,26/06 - 2016,0
35954716,Salling Group A/S,Døgnnetto Køge,Nørregade 24,4600,Køge,01/07 - 1989,01/05 - 2013,0
35954716,Salling Group A/S,Starbucks,Finlandsgade 17,8200,Aarhus N,01/08 - 2014,01/02 - 2016,0
35954716,Salling Group A/S,Døgnnetto Solrød,Solrød Strandvej 66,2680,Solrød Strand,03/09 - 2009,18/09 - 2016,0
35954716,Salling Group A/S,Føtex Food Vesterbro,Vesterbrogade 8,1620,København V,03/06 - 2015,12/01 - 2017,0
35954716,Salling Group A/S,NETTO,Sølvgade 10,1307,København K,02/10 - 2003,16/05 - 2016,1
35954716,Salling Group A/S,Starbucks Trianglen,Trianglen 2,2100,København Ø,06/10 - 2015,07/11 - 2018,0
35954716,Salling Group A/S,NETTO,Herlev Ringvej 2D,2730,Herlev,22/03 - 1990,01/01 - 2014,1
35954716,Salling Group A/S,NETTO SKOVLUNDE CENTRET,Torvestrædet 20,2740,Skovlunde,01/01 - 1994,02/06 - 2021,0
35954716,Salling Group A/S,Netto Odder,Vennelundsvej 31,8300,Odder,20/06 - 2017,02/06 - 2021,5-9
35954716,Salling Group A/S,Føtex,Møllergade 92-96,5700,Svendborg,28/06 - 2005,28/06 - 2005,
35954716,Salling Group A/S,Føtex,Mejlstedgade 12-16,9700,Brønderslev,20/05 - 2009,20/05 - 2009,
35954716,Salling Group A/S,Netto,Gasværksvej 16,1656,København V,24/05 - 2007,14/06 - 2021,3
35954716,Salling Group A/S,Døgnnetto,Rued Langgaards Vej 2A,2300,København S,26/05 - 2010,01/06 - 2021,2
35954716,Salling Group A/S,Døgnnetto,Søborg Hovedgade 121-127,2860,Søborg,30/06 - 2011,02/06 - 2021,23
35954716,Salling Group A/S,NETTO,Emmasvej 1,8220,Brabrand,01/01 - 1994,10/07 - 2009,10-19
35954716,Salling Group A/S,NETTO,Ølbycenter 71,4600,Køge,01/01 - 1987,26/01 - 2010,20-49
35954716,Salling Group A/S,DANSK SUPERMARKED,Bjødstrupvej 18,8270,Højbjerg,01/04 - 1964,02/01 - 2008,5-9
35954716,Salling Group A/S,DANSK SUPERMARKED INDKØB ÅRHUS A/S,Bjødstrupvej 18,8270,Højbjerg,11/03 - 1980,02/01 - 2008,200-499
35954716,Salling Group A/S,TØJ & SKO,Bjødstrupvej 18,8270,Højbjerg,11/03 - 1980,13/04 - 2010,5-9
35954716,Salling Group A/S,DANSK SUPERMARKED ADMINISTRATION A/S,Bjødstrupvej 18,8270,Højbjerg,01/01 - 1987,02/01 - 2008,200-499
35954716,Salling Group A/S,NETTO,Møllemærsk 24,6200,Aabenraa,02/03 - 1995,30/04 - 2009,10-19
35954716,Salling Group A/S,NETTO,Sverigesvej 4,9480,Løkken,20/06 - 1996,31/12 - 2008,10-19
35954716,Salling Group A/S,DANSK SUPERMARKED INDKØB A/S CTL. BAGER,Axel Gruhns Vej 9,8270,Højbjerg,01/01 - 1998,31/12 - 2010,100-199
35954716,Salling Group A/S,DANSK SUPERMARKED INDKØB A/S FRUGT & GRØNT LAGER,Blomstervej 8,8381,Tilst,01/01 - 1998,31/05 - 2011,0
35954716,Salling Group A/S,Netto Pandrup,Bredgade 6A,9490,Pandrup,28/06 - 2017,29/08 - 2022,2
35954716,Salling Group A/S,Døgnnetto,Jarmers Plads 7,1551,København V,15/12 - 2011,15/09 - 2022,1
35954716,Salling Group A/S,CARL'S JR.BOULEVARDEN,Boulevarden 8,9000,Aalborg,04/07 - 2018,28/10 - 2022,1
35954716,Salling Group A/S,NETTO,Thorvaldsensgade 22,8000,Aarhus C,21/11 - 1997,15/09 - 2022,1
35954716,Salling Group A/S,Basalt Nakskov,Perlestikkergade 15B,4900,Nakskov,01/05 - 2023,18/07 - 2023,
35954716,Salling Group A/S,Basalt Greve,Over Bølgen 35,2670,Greve,01/05 - 2023,18/07 - 2023,
35954716,Salling Group A/S,BASALT HELSINGØR,Birkedalsvej 21,3000,Helsingør,01/06 - 1996,16/06 - 2023,11
35954716,Salling Group A/S,Basalt Hjørring,Bispensgade 87,9800,Hjørring,10/03 - 2005,20/06 - 2023,6
35954716,Salling Group A/S,Netto Rungsted,Rungsted Bytorv 3,2960,Rungsted Kyst,16/06 - 2017,16/07 - 2023,10
35954716,Salling Group A/S,Basalt Fredericia,Vejlevej 18,7000,Fredericia,03/04 - 2023,18/07 - 2023,2
35954716,Salling Group A/S,BASALT SILKEBORG,Østergade 9,8600,Silkeborg,01/01 - 1992,25/05 - 2023,11
35954716,Salling Group A/S,NETTO,Kantatevej 1,2730,Herlev,27/08 - 1997,16/05 - 2023,9
35954716,Salling Group A/S,Netto Banegaardsvej Hobro,Banegaardsvej 4A,9500,Hobro,21/12 - 2023,10/01 - 2024,
35954716,Salling Group A/S,FØTEX,Gudrunsvej 7,8220,Brabrand,01/01 - 1987,27/08 - 2023,58
35954716,Salling Group A/S,BASALT VIBY,Viby Ringvej 20,8260,Viby J,01/01 - 2015,04/06 - 2023,5
35954716,Salling Group A/S,Netto Sæby,Tranåsvej 2,9300,Sæby,28/06 - 2017,24/01 - 2025,2-4
35954716,Salling Group A/S,Salling Group Slagteriskolen Roskilde,Maglegårdsvej 10,4000,Roskilde,24/01 - 2025,19/02 - 2025,
35954716,Salling Group A/S,Salling Group UCH Uddannelsescenter Holstebro,Døesvej 70,7500,Holstebro,24/01 - 2025,19/02 - 2025,
35954716,Salling Group A/S,Salling Group Århus Tech,Dollerupvej 4,8000,Aarhus C,24/01 - 2025,19/02 - 2025,
35954716,Salling Group A/S,Netto Gørlev,Algade 39,4281,Gørlev,27/03 - 2025,31/03 - 2025,
35954716,Salling Group A/S,Netto Svinninge,Hovedgaden 46,4520,Svinninge,27/03 - 2025,12/09 - 2025,
35954716,Salling Group A/S,FØTEX FOOD MATTHÆUSGADE,Matthæusgade 48B,1666,København V,23/06 - 2017,22/08 - 2024,1
35954716,Salling Group A/S,Netto Grejs,Keglekærvej 70,7100,Vejle,23/09 - 2024,23/10 - 2025,
35954716,Salling Group A/S,WUPTI.COM,Rosbjergvej 33,8220,Brabrand,18/11 - 2019,24/10 - 2025,
35954716,Salling Group A/S,Føtex Snekkersten,Nørrebakken 5,3070,Snekkersten,18/08 - 2017,09/04 - 2026,9
35954716,Salling Group A/S,Døgnnetto,Valby Langgade 57,2500,Valby,01/12 - 2011,03/03 - 2026,14
35954716,Salling Group A/S,Tjæpt Blegdamsvej,Blegdamsvej 118,2100,København Ø,03/11 - 2023,12/03 - 2026,12
35954716,Salling Group A/S,Netto,Vasevej 115,3460,Birkerød,09/05 - 2006,,31
35954716,Salling Group A/S,NETTO,Højtoftevej 1,6700,Esbjerg,27/04 - 2006,,24
35954716,Salling Group A/S,NETTO LØGUMKLOSTERVEJ,Løgumklostervej 121,6200,Aabenraa,07/04 - 2006,,31
35954716,Salling Group A/S,FØTEX,Klosterparks Alle 10,4100,Ringsted,18/10 - 2006,,168
35954716,Salling Group A/S,Netto,Grønvangen 1,5550,Langeskov,23/11 - 2006,,32
35954716,Salling Group A/S,Netto,Parallelvej 2A,8620,Kjellerup,16/11 - 2006,,22
35954716,Salling Group A/S,NETTO,Vestensborg Alle 29,4800,Nykøbing F,07/11 - 2006,,27
35954716,Salling Group A/S,NETTO,Grundtvigs Plads 8,6400,Sønderborg,09/11 - 2006,,28
35954716,Salling Group A/S,Netto,Søndergade 42-44,5450,Otterup,28/11 - 2006,,35
35954716,Salling Group A/S,Netto,Vestre Alle 3,9000,Aalborg,30/11 - 2006,,26
35954716,Salling Group A/S,Netto,Bavnager 236,3310,Ølsted,01/12 - 2006,,20
35954716,Salling Group A/S,Netto,Banetoften 2,7500,Holstebro,01/02 - 2007,,30
35954716,Salling Group A/S,NETTO,Østerbrogade 107B,2100,København Ø,14/03 - 2007,,34
35954716,Salling Group A/S,Netto,Bytoften 12-14,6710,Esbjerg V,16/05 - 2007,,18
35954716,Salling Group A/S,Ishøj Lageret,Industribuen 2,2635,Ishøj,01/06 - 2007,,48
35954716,Salling Group A/S,NETTO,Frederikssundsvej 261-267,2700,Brønshøj,30/08 - 2007,,34
35954716,Salling Group A/S,FØTEX,Lyngbyvej 11,2100,København Ø,13/11 - 2007,,165
35954716,Salling Group A/S,Netto,Ny Østergade 9,4880,Nysted,26/09 - 2007,,32
35954716,Salling Group A/S,NETTO,Tuborg Havnevej 4,2900,Hellerup,26/09 - 2007,,41
35954716,Salling Group A/S,FØTEX,Cityringen 24,2630,Taastrup,16/10 - 2007,,178
35954716,Salling Group A/S,Netto Jyllingevej,Jyllingevej 9,2720,Vanløse,12/12 - 2007,,23
35954716,Salling Group A/S,NETTO,Lyneborggade 5-7,2300,København S,13/03 - 2008,,33
35954716,Salling Group A/S,NETTO,Søborg Hovedgade 65-67,2860,Søborg,06/03 - 2008,,27
35954716,Salling Group A/S,NETTO,Ejbovej 75,4632,Bjæverskov,09/04 - 2008,,37
35954716,Salling Group A/S,NETTO,Adelgade 103,5400,Bogense,10/04 - 2008,,29
35954716,Salling Group A/S,Netto Michael Strungesvej,Michael Strunges Vej 13,2300,København S,06/05 - 2008,,28
35954716,Salling Group A/S,NETTO,Ryvangs Alle 87,2900,Hellerup,19/06 - 2008,,11
35954716,Salling Group A/S,NETTO,Fasanvej 1,4600,Køge,01/10 - 2008,,39
35954716,Salling Group A/S,FØTEX,Storegade 2-6,7700,Thisted,25/11 - 2008,,87
35954716,Salling Group A/S,FØTEX,Vestergade 30,9400,Nørresundby,04/11 - 2008,,131
35954716,Salling Group A/S,NETTO,Hovedgaden 64-68,4140,Borup,16/10 - 2008,,38
35954716,Salling Group A/S,NETTO,Finderupvej 1-3,8000,Aarhus C,30/10 - 2008,,30
35954716,Salling Group A/S,DØGNNETTO,Utterslevvej 11,2400,København NV,18/12 - 2008,,18
35954716,Salling Group A/S,NETTO,Rugvang 40,5210,Odense NV,02/12 - 2008,,25
35954716,Salling Group A/S,Føtex,Hasseris Bymidte 29,9000,Aalborg,02/01 - 2009,,71
35954716,Salling Group A/S,NETTO,Lovvej 1A,4700,Næstved,18/03 - 2009,,33
35954716,Salling Group A/S,NETTO,Roskildevej 158-162,2500,Valby,26/03 - 2009,,36
35954716,Salling Group A/S,NETTO,Trøjborggade 1,1757,København V,24/03 - 2009,,23
35954716,Salling Group A/S,Netto Lyngbyvej 165-167,Lyngbyvej 165-167,2100,København Ø,30/06 - 2009,,26
35954716,Salling Group A/S,Føtex Food Dragør,Maglebytorv 2,2791,Dragør,08/10 - 2009,,86
35954716,Salling Group A/S,NETTO,Brombærvej 1,8462,Harlev J,02/10 - 2009,,35
35954716,Salling Group A/S,Netto Nibe,Grønnegade 40,9240,Nibe,01/10 - 2009,,39
35954716,Salling Group A/S,Døgnnetto,Kollegiebakken 7,2800,Kgs.Lyngby,06/10 - 2009,,16
35954716,Salling Group A/S,NETTO,Ørnstrupvej 1,8700,Horsens,12/11 - 2009,,36
35954716,Salling Group A/S,"NETTO Centrallager, Årslev",Rosbjergvej 37,8220,Brabrand,04/01 - 2010,,257
35954716,Salling Group A/S,"DANSK SUPERMARKED A/S Nonfoodlager, Årslev",Rosbjergvej 35,8220,Brabrand,15/01 - 2010,,158
35954716,Salling Group A/S,NETTO ØLBY,Ølbycenter 6,4600,Køge,27/01 - 2010,,45
35954716,Salling Group A/S,Salling Group A/S,Rosbjergvej 33,8220,Brabrand,01/03 - 2010,,1426
35954716,Salling Group A/S,NETTO,Børupvej 3,8310,Tranbjerg J,08/06 - 2010,,24
35954716,Salling Group A/S,NETTO,Vejlevej 42C,7300,Jelling,02/09 - 2010,,21
35954716,Salling Group A/S,Netto,Engholm Søpark 2,7400,Herning,20/08 - 2010,,23
35954716,Salling Group A/S,NETTO Blegdammen,Torvebyen 4,4600,Køge,14/10 - 2010,,23
35954716,Salling Group A/S,Netto,Bygaden 26,3500,Værløse,21/10 - 2010,,34
35954716,Salling Group A/S,NETTO,Korsørvej 31,4200,Slagelse,10/11 - 2010,,34
35954716,Salling Group A/S,NETTO,Silkeborgvej 650,8220,Brabrand,22/11 - 2010,,37
35954716,Salling Group A/S,DøgnNetto,Tomsgårdsvej 24,2400,København NV,25/11 - 2010,,41
35954716,Salling Group A/S,Føtex,Synergivej 5,9000,Aalborg,12/05 - 2011,,148
35954716,Salling Group A/S,NETTO,Holmensvej 2,3600,Frederikssund,03/03 - 2011,,36
35954716,Salling Group A/S,NETTO,Holstebrovej 91,7800,Skive,29/03 - 2011,,29
35954716,Salling Group A/S,NETTO,Værebrovej 72,2880,Bagsværd,03/05 - 2011,,22
35954716,Salling Group A/S,NETTO,Elverdamsvej 236,4070,Kirke Hyllinge,24/05 - 2011,,28
35954716,Salling Group A/S,NETTO,Rågelejevej 2,3210,Vejby,31/05 - 2011,,23
35954716,Salling Group A/S,NETTO,Holmegaardsvej 87,4684,Holmegaard,20/07 - 2011,,36
35954716,Salling Group A/S,Netto Osted,Alfarvejen 52,4320,Lejre,09/09 - 2011,,26
35954716,Salling Group A/S,Netto Herlufmagle,Industrivej 15,4160,Herlufmagle,29/09 - 2011,,28
35954716,Salling Group A/S,Netto Nødebo,Nødebovej 41,3480,Fredensborg,04/11 - 2011,,34
35954716,Salling Group A/S,NETTO,Ringstedgade 225,4700,Næstved,17/11 - 2011,,25
35954716,Salling Group A/S,Netto,"Kystvejen 2, st",4600,Køge,30/11 - 2011,,39
35954716,Salling Group A/S,BILKA,Slotsarkaderne 26,3400,Hillerød,01/03 - 2012,,294
35954716,Salling Group A/S,FØTEX BIRKERØD,Stiholmsvej 6,3460,Birkerød,15/02 - 2012,,110
35954716,Salling Group A/S,FØTEX HOLBÆK,Smedelundsgade 33,4300,Holbæk,13/02 - 2012,,138
35954716,Salling Group A/S,Netto Tagensvej,Tagensvej 85-87,2200,København N,04/01 - 2012,,19
35954716,Salling Group A/S,NETTO,Høje Gladsaxe Torv 2,2860,Søborg,19/01 - 2012,,29
35954716,Salling Group A/S,NETTO,Bredstrupvej 2,7000,Fredericia,08/02 - 2012,,25
35954716,Salling Group A/S,NETTO,Ellemosevej 2,3200,Helsinge,23/02 - 2012,,32
35954716,Salling Group A/S,NETTO Eternitten,Alexander Foss Gade 30,9000,Aalborg,01/03 - 2012,,28
35954716,Salling Group A/S,Netto Højby Odense,Syvhøjevej 2,5260,Odense S,01/03 - 2012,,29
35954716,Salling Group A/S,Netto Dildhaven,Dildhaven 40,2730,Herlev,01/03 - 2012,,32
35954716,Salling Group A/S,FØTEX,Ørbækvej 75,5220,Odense SØ,31/07 - 2012,,122
35954716,Salling Group A/S,NETTO,Roskildevej 294,4390,Vipperød,25/04 - 2012,,22
35954716,Salling Group A/S,NETTO LYNGBYVEJ,Lyngbyvej 34,2100,København Ø,26/04 - 2012,,30
35954716,Salling Group A/S,NETTO,Helsingevej 75A,3230,Græsted,21/05 - 2012,,19
35954716,Salling Group A/S,FØTEX,Dronning Dagmars Vej 201,3650,Ølstykke,16/08 - 2012,,132
35954716,Salling Group A/S,Føtex Skanderborg,Gasværksvej 5,8660,Skanderborg,15/09 - 2012,,133
35954716,Salling Group A/S,FØTEX Kokkedal,Egevangen 4,2980,Kokkedal,01/03 - 2013,,160
35954716,Salling Group A/S,NETTO Veksø,Kirkebakken 9,3670,Veksø Sjælland,25/10 - 2012,,33
35954716,Salling Group A/S,NETTO EGEBJERG,Langagergård 9,8700,Horsens,24/10 - 2012,,33
35954716,Salling Group A/S,NETTO Stensved,Skyttemarksvej 2,4773,Stensved,01/11 - 2012,,21
35954716,Salling Group A/S,NETTO,Ørbækvej 11,5700,Svendborg,01/12 - 2012,,39
35954716,Salling Group A/S,NETTO,Fasanskellet 1,2635,Ishøj,01/12 - 2012,,27
35954716,Salling Group A/S,NETTO ØRBÆKVEJ ODENSE,Ørbækvej 109A,5220,Odense SØ,04/04 - 2013,,26
35954716,Salling Group A/S,NETTO,Hylkedalvej 3,6000,Kolding,01/06 - 2013,,27
35954716,Salling Group A/S,NETTO Storcenter Nord,Finlandsgade 17,8200,Aarhus N,10/06 - 2013,,39
35954716,Salling Group A/S,Føtex Kolding,Industrivej 2,6000,Kolding,01/10 - 2013,,99
35954716,Salling Group A/S,NETTO,Strandvejen 180,5500,Middelfart,05/09 - 2013,,26
35954716,Salling Group A/S,Netto Vemmelev,Borgergade 1A,4241,Vemmelev,19/09 - 2013,,26
35954716,Salling Group A/S,NETTO Damstien Kolding,Damstien 1,6000,Kolding,27/08 - 2013,,27
35954716,Salling Group A/S,NETTO Torslundevej,Torslundevej 2,2635,Ishøj,20/11 - 2013,,23
35954716,Salling Group A/S,NETTO Himmelev,Himmelev Bygade 61,4000,Roskilde,12/11 - 2013,,37
35954716,Salling Group A/S,NETTO Skøjtealleen,Skøjtealleen 3,9900,Frederikshavn,29/11 - 2013,,32
35954716,Salling Group A/S,NETTO Skt. Klemens,Møllevej 2,5260,Odense S,28/11 - 2013,,39
35954716,Salling Group A/S,"NETTO Vestergade, Holstebro",Vestergade 7,7500,Holstebro,01/02 - 2014,,28
35954716,Salling Group A/S,NETTO Tilst Parkvej,Tilst Parkvej 4B,8381,Tilst,01/03 - 2014,,30
35954716,Salling Group A/S,Terminal Vejle,Englandsvej 2,7100,Vejle,24/03 - 2014,,148
35954716,Salling Group A/S,Starbucks,Rådhuspladsen 45-47,1550,København V,01/08 - 2014,,18
35954716,Salling Group A/S,NETTO Gørløse,Stationsvej 4,3330,Gørløse,01/08 - 2014,,40
35954716,Salling Group A/S,Netto,Katrinevænget 2,8800,Viborg,15/10 - 2014,,25
35954716,Salling Group A/S,NETTO Rådmands Boulevard,Rådmands Boulevard 45,8900,Randers C,12/11 - 2014,,29
35954716,Salling Group A/S,NETTO Højmarksvej Silkeborg,Nordre Højmarksvej 3,8600,Silkeborg,01/11 - 2014,,29
35954716,Salling Group A/S,NETTO,Vestergade 39,1456,København K,20/11 - 2014,,20
35954716,Salling Group A/S,Føtex Food Østerbro,Østerbrogade 94,2100,København Ø,01/02 - 2015,,28
35954716,Salling Group A/S,NETTO,Hermods Allé 7,2600,Glostrup,20/01 - 2015,,33
35954716,Salling Group A/S,Starbucks Frederiksbergcenteret,Falkoner Alle 21,2000,Frederiksberg,07/07 - 2015,,19
35954716,Salling Group A/S,Starbucks Fisketorvet,Kalvebod Brygge 59,1560,København V,09/03 - 2015,,13
35954716,Salling Group A/S,Starbucks Frederiksborggade,Frederiksborggade 15,1360,København K,09/03 - 2015,,16
35954716,Salling Group A/S,Netto Dronningmølle,Dr Mølle Strandvej 556-558,3120,Dronningmølle,14/04 - 2015,,25
35954716,Salling Group A/S,"Føtex Big, Herlev","Herlev Hovedgade 25, st. 1.",2730,Herlev,03/06 - 2015,,132
35954716,Salling Group A/S,Føtex Food Esplanaden,Bredgade 77,1260,København K.,03/06 - 2015,,21
35954716,Salling Group A/S,NETTO KREGME,HILLERØDVEJ 101,3300,FREDERIKSVÆRK,11/06 - 2015,,33
35954716,Salling Group A/S,Netto,Frederiksværksgade 152A,3400,Hillerød,15/09 - 2015,,33
35954716,Salling Group A/S,Starbucks Vejle,Nørregade 25,7100,Vejle,14/09 - 2015,,7
35954716,Salling Group A/S,Netto Herlev,"Herlev Hovedgade 25, st. 2.",2730,Herlev,23/09 - 2015,,31
35954716,Salling Group A/S,Netto Jyllinge Bromarken,Bromarken 1,4040,Jyllinge,01/10 - 2015,,29
35954716,Salling Group A/S,Netto Støberiet,Teglholm Tværvej 2,2450,København SV,06/10 - 2015,,34
35954716,Salling Group A/S,Netto Løgten,Grenåvej 752,8541,Skødstrup,26/10 - 2015,,24
35954716,Salling Group A/S,Netto Ndr. Strandvej Riss,Nordre Strandvej 127B,8240,Risskov,28/10 - 2015,,25
35954716,Salling Group A/S,Netto Falkoner Allé,"Falkoner Alle 1-3, st",2000,Frederiksberg,28/10 - 2015,,22
35954716,Salling Group A/S,Starbucks Borgporten,Store Torv 18,8000,Aarhus C,28/01 - 2016,,13
35954716,Salling Group A/S,Netto,Karrebækvej 994,4736,Karrebæksminde,28/01 - 2016,,25
35954716,Salling Group A/S,FØTEX SØLVGADE,SØLVGADE 10,1307,København K,14/03 - 2016,,26
35954716,Salling Group A/S,FØTEX GENTOFTE,GENTOFTEGADE 74,2820,Gentofte,14/03 - 2016,,27
35954716,Salling Group A/S,FØTEX ROLIGHEDSVEJ,ROLIGHEDSVEJ 11,1958,Frederiksberg C,14/03 - 2016,,28
35954716,Salling Group A/S,Netto Gefioncentret,Gefionsvej 43,3000,Helsingør,05/04 - 2016,,31
35954716,Salling Group A/S,Netto Korup,Åbakkevej 67F,5210,Odense NV,27/04 - 2016,,26
35954716,Salling Group A/S,Føtex Carlsberg Byen,Tapperitorvet 44,1799,København V,12/05 - 2016,,112
35954716,Salling Group A/S,Netto Storegade,Storegade 31,6700,Esbjerg,18/05 - 2016,,21
35954716,Salling Group A/S,Netto Carlsberg Byen,Tapperitorvet 2,1799,København V,02/08 - 2016,,31
35954716,Salling Group A/S,FØTEX FOOD CONVENIENCE,Amagerbrogade 23,2300,København S,12/09 - 2016,,23
35954716,Salling Group A/S,FØTEX FOOD ST. KONGENSGADE,STORE KONGENSGADE 47,1264,København K,12/09 - 2016,,24
35954716,Salling Group A/S,FØTEX FOOD KRØYERS PLADS,"STRANDGADE 83, st",1401,København K,12/09 - 2016,,26
35954716,Salling Group A/S,NETTO BAGERI,ØSTER FLAK 4,3730,Nexø,19/09 - 2016,,3
35954716,Salling Group A/S,NETTO ØRSLEV,Ugledigevej 156,4760,Vordingborg,13/10 - 2016,,28
35954716,Salling Group A/S,NETTO EGÅ,Stavneagervej 31,8250,Egå,24/10 - 2016,,23
35954716,Salling Group A/S,Dansk Supermarked Kontorhus E-Commerce Tilst,Agerøvej 7A,8381,Tilst,01/11 - 2016,,92
35954716,Salling Group A/S,NETTO ANKER HEEGAARDS GADE,Niels Brocks Gade 3,1574,København V,24/01 - 2019,,15
35954716,Salling Group A/S,Netto Vrå,Nygade 5,9760,Vrå,29/01 - 2019,,28
35954716,Salling Group A/S,CARL'S JR STORCENTER NORD,Finlandsgade 17,8200,Aarhus N,25/04 - 2017,,30
35954716,Salling Group A/S,Netto Søren Frichs vej,Søren Frichs Vej 53M,8230,Åbyhøj,27/04 - 2017,,42
35954716,Salling Group A/S,Netto Slagelse,Skovvejen 48,4200,Slagelse,29/05 - 2017,,25
35954716,Salling Group A/S,Netto Lyngbygårdsvej,Lyngbygårdsvej 141,2800,Kgs. Lyngby,16/06 - 2017,,33
35954716,Salling Group A/S,Netto Dragør,Møllegade 14B,2791,Dragør,20/06 - 2017,,31
35954716,Salling Group A/S,Netto Odder,Venneslaparken 2,8300,Odder,20/06 - 2017,,36
35954716,Salling Group A/S,Netto Skovvejen,Skovvejen 17,8000,Aarhus C,20/06 - 2017,,29
35954716,Salling Group A/S,NETTO ULLERSLEV,Nyborgvej 15-17,5540,Ullerslev,20/06 - 2017,,27
35954716,Salling Group A/S,Netto Aalborgvej,Ålborgvej 86,9800,Hjørring,20/06 - 2017,,42
35954716,Salling Group A/S,Netto Roersvej,Roersvej 33,5000,Odense C,20/06 - 2017,,29
35954716,Salling Group A/S,FØTEX FOOD CERES,"Ceres Allé 20, kl",8000,Aarhus C,23/06 - 2017,,49
35954716,Salling Group A/S,Netto Haderslev,Erlev Bjerge 64,6100,Haderslev,25/06 - 2017,,28
35954716,Salling Group A/S,Netto Adelgade,Adelgade 12A,1304,København K,25/06 - 2017,,27
35954716,Salling Group A/S,Netto Faxe,Postvej 2,4654,Faxe Ladeplads,25/06 - 2017,,23
35954716,Salling Group A/S,Netto Karslunde,Karlslunde Parkvej 9,2690,Karlslunde,25/06 - 2017,,27
35954716,Salling Group A/S,Netto Ryomgård,Vestergade 98A,8550,Ryomgård,25/06 - 2017,,26
35954716,Salling Group A/S,Netto Brøndby,Søndre Ringvej 41A,2605,Brøndby,25/06 - 2017,,38
35954716,Salling Group A/S,Netto Hånbæk,Rømøvej 2 th.,9900,Frederikshavn,25/06 - 2017,,30
35954716,Salling Group A/S,Netto Malling,Krekærlundsvej 2,8340,Malling,26/06 - 2017,,28
35954716,Salling Group A/S,Netto Højbjerg,Kridthøjvej 8,8270,Højbjerg,26/06 - 2017,,35
35954716,Salling Group A/S,Netto Frederiks Alle,Frederiks Allé 162,8000,Aarhus C,26/06 - 2017,,24
35954716,Salling Group A/S,Netto Park Alle,Park Alle 9A,8960,Randers SØ,26/06 - 2017,,28
35954716,Salling Group A/S,Netto Ringkøbing,Vellingvej 47,6950,Ringkøbing,26/06 - 2017,,23
35954716,Salling Group A/S,Netto Storebælt Butikscenter,Storebæltsvej 14,5800,Nyborg,28/06 - 2017,,27
35954716,Salling Group A/S,Netto Stensballe,Brådhusvej 3,8700,Horsens,28/06 - 2017,,32
35954716,Salling Group A/S,Netto Løjt Storegade,Løjt Storegade 36,6200,Aabenraa,28/06 - 2017,,21
35954716,Salling Group A/S,Netto Løsning,Sneppevej 1,8723,Løsning,28/06 - 2017,,30
35954716,Salling Group A/S,Netto Hinnerup,Pakhusvej 7,8382,Hinnerup,28/06 - 2017,,25
35954716,Salling Group A/S,Netto Odense,Hans Mules Gade 16,5000,Odense C,29/06 - 2017,,32
35954716,Salling Group A/S,Netto Trylleskoven,Trylleskov Allé 5,2680,Solrød Strand,28/06 - 2017,,35
35954716,Salling Group A/S,Netto Boholte Center,"Marksvinget 19, st. 1.",4600,Køge,28/06 - 2017,,42
35954716,Salling Group A/S,Netto Øsbirk,H C Andersensvej 2F,8752,Østbirk,29/06 - 2017,,26
35954716,Salling Group A/S,Netto Nordhavn,Helsinkigade 24,2150,Nordhavn,30/06 - 2017,,15
35954716,Salling Group A/S,Netto Vesterbrogade KBH,Vesterbrogade 8,1620,København V,12/07 - 2017,,12
35954716,Salling Group A/S,Netto Øster Farimagsgade,Øster Farimagsgade 17,1353,København K,29/08 - 2017,,29
35954716,Salling Group A/S,Netto Vestre Teglgade,Vestre Teglgade 31,2450,København SV,06/11 - 2017,,41
35954716,Salling Group A/S,Netto Grønnedalen,Grønnedalen 4,7100,Vejle,15/11 - 2017,,25
35954716,Salling Group A/S,Bilka Randers,Merkurvej 53,8960,Randers SØ,24/11 - 2017,,365
35954716,Salling Group A/S,Netto Snekkersten,"Nørrebakken 7, st",3070,Snekkersten,17/01 - 2018,,35
35954716,Salling Group A/S,Carl's JR Holbæk,Spånnebæk 1A,4300,Holbæk,18/01 - 2018,,26
35954716,Salling Group A/S,Carl's JR Randers Storcenter,Merkurvej 55,8960,Randers SØ,18/01 - 2018,,29
35954716,Salling Group A/S,Carl's JR Nyborg,Storebæltsvej 7A,5800,Nyborg,18/01 - 2018,,41
35954716,Salling Group A/S,CARL's JR Skejby,Karl Krøyers Vej 19,8200,Aarhus N,17/05 - 2018,,32
35954716,Salling Group A/S,NETTO Mørkøv,Ringstedvej 27,4440,Mørkøv,23/07 - 2018,,28
35954716,Salling Group A/S,Netto Børkop,Ny Boder 41,7080,Børkop,30/07 - 2018,,27
35954716,Salling Group A/S,Netto Aarup,Søndergade 1,5560,Aarup,28/08 - 2018,,31
35954716,Salling Group A/S,NETTO DR BYEN,Amagerfælledvej 170,2300,København S,02/10 - 2018,,39
35954716,Salling Group A/S,Bageri Årslev,Rosbjergvej 43A,8220,Brabrand,04/10 - 2018,,54
35954716,Salling Group A/S,Netto Spentrup,Birke Alle 15,8981,Spentrup,16/10 - 2018,,26
35954716,Salling Group A/S,Netto Jels,Ørstedvej 6,6630,Rødding,16/10 - 2018,,17
35954716,Salling Group A/S,Netto Købkes Plads,Constantin Hansens Gade 2,1799,København V,23/10 - 2018,,40
35954716,Salling Group A/S,Netto Kolt,Kolt Skovvej 1,8361,Hasselager,23/10 - 2018,,27
35954716,Salling Group A/S,NETTO HC ØRSTEDSVEJ,H.C. Ørsteds Vej 65B,1879,Frederiksberg C,01/11 - 2018,,21
35954716,Salling Group A/S,Netto Trørød,Trørødvej 56,2950,Vedbæk,06/11 - 2018,,27
35954716,Salling Group A/S,Salling Aalborg,Nytorv 8,9000,Aalborg,17/12 - 2018,,376
35954716,Salling Group A/S,Salling Aarhus,Søndergade 27,8000,Aarhus C,17/12 - 2018,,618
35954716,Salling Group A/S,Netto Cortex Park,Cortex Park Vest 12,5230,Odense M,11/12 - 2018,,28
35954716,Salling Group A/S,Netto Sæby,Nordens Alle 1,9300,Sæby,14/01 - 2019,,26
35954716,Salling Group A/S,BR Frederiksberg Centret,Falkoner Alle 21,2000,Frederiksberg,20/02 - 2019,,18
35954716,Salling Group A/S,BR Fisketorvet,Kalvebod Brygge 59,1560,København V,20/02 - 2019,,30
35954716,Salling Group A/S,BR Vimmelskaftet,Vimmelskaftet 45,1161,København K,20/02 - 2019,,25
35954716,Salling Group A/S,BR Slotsarkaderne,Slotsarkaderne 27,3400,Hillerød,20/02 - 2019,,17
35954716,Salling Group A/S,BR Guldborgsundcentret,Guldborgsundcentret 32,4800,Nykøbing F,20/02 - 2019,,22
35954716,Salling Group A/S,"BR Bryggen, Vejle","Søndertorv 2, 1. 200.",7100,Vejle,20/02 - 2019,,21
35954716,Salling Group A/S,BR Slagelse,Japanvej 14A,4200,Slagelse,20/02 - 2019,,22
35954716,Salling Group A/S,BR Rødovre,Jyllingevej 336A,2610,Rødovre,20/02 - 2019,,31
35954716,Salling Group A/S,BR FIelds,Arne Jacobsens Allé 12,2300,København S,20/02 - 2019,,49
35954716,Salling Group A/S,BR Bruuns Galleri,M.P. Bruuns Gade 25,8000,Aarhus C,20/02 - 2019,,35
35954716,Salling Group A/S,BR Aalborg,Algade 9,9000,Aalborg,20/02 - 2019,,16
35954716,Salling Group A/S,BR Rosensgårdscentret,Ørbækvej 79,5220,Odense SØ,20/02 - 2019,,43
35954716,Salling Group A/S,BR Herning,Engdahlsvej 2A,7400,Herning,20/02 - 2019,,28
35954716,Salling Group A/S,BR Sønderborg,Østergade 4,6400,Sønderborg,20/02 - 2019,,12
35954716,Salling Group A/S,BR Ro's Torv,Ro's Torv 1,4000,Roskilde,20/02 - 2019,,14
35954716,Salling Group A/S,BR Randers SØ,Marsvej 33,8960,Randers SØ,26/02 - 2019,,27
35954716,Salling Group A/S,BR Taastrup,Mårkærvej 15,2630,Taastrup,26/02 - 2019,,24
35954716,Salling Group A/S,BR Esbjerg N,Gl Vardevej 243,6715,Esbjerg N,26/02 - 2019,,24
35954716,Salling Group A/S,BR Næstved,Vestergårdsvej 8,4700,Næstved,26/02 - 2019,,21
35954716,Salling Group A/S,BR Holbæk Mewga Center,Frejasvej 16,4300,Holbæk,26/02 - 2019,,25
35954716,Salling Group A/S,BR Holstebro,Nyholmvej 12,7500,Holstebro,26/02 - 2019,,18
35954716,Salling Group A/S,BR Viborg Storcenter,Holstebrovej 81C,8800,Viborg,26/02 - 2019,,23
35954716,Salling Group A/S,BR Hjørring,Bispetorv 4,9800,Hjørring,26/02 - 2019,,18
35954716,Salling Group A/S,BR Kolding,Egtved Alle 3A,6000,Kolding,26/02 - 2019,,22
35954716,Salling Group A/S,BR Skalborg,Løven 2,9200,Aalborg SV,26/02 - 2019,,37
35954716,Salling Group A/S,BR Tilst,Anelystparken 2,8381,Tilst,26/02 - 2019,,35
35954716,Salling Group A/S,Netto Brynet,"Vindrosen 39, st",8240,Risskov,27/02 - 2019,,29
35954716,Salling Group A/S,CARL'S JR VIBORG,Holstebrovej 79,8800,Viborg,12/03 - 2019,,22
35954716,Salling Group A/S,Netto Hobrovej Aalborg,Hobrovej 446B,9200,Aalborg SV,30/04 - 2019,,29
35954716,Salling Group A/S,Netto Tåsinge,Solvej 1,5700,Svendborg,22/05 - 2019,,31
35954716,Salling Group A/S,Netto Tuborgvej,Tuborgvej 239,2400,København NV,27/09 - 2019,,27
35954716,Salling Group A/S,NETTO ISLANDS BRYGGE,Islands Brygge 58A,2300,København S,09/10 - 2019,,15
35954716,Salling Group A/S,NETTO VILHELM BECKS VEJ,Vilhelm Becks Vej 83,8260,Viby J,14/10 - 2019,,35
35954716,Salling Group A/S,NETTO TORNHØJ CENTRET,Tornhøjvej 4A,9220,Aalborg Øst,14/10 - 2019,,32
35954716,Salling Group A/S,Føtex Virum,Skovridergårdsvej 60A,2830,Virum,25/10 - 2019,,78
35954716,Salling Group A/S,Netto Juelsminde,Færgegårdsengen 2,7130,Juelsminde,29/10 - 2019,,30
35954716,Salling Group A/S,Netto ByBuen,Bybuen 2,2740,Skovlunde,04/11 - 2019,,36
35954716,Salling Group A/S,Starbucks Vestergade,Vestergade 21,5000,Odense C,27/11 - 2019,,13
35954716,Salling Group A/S,Føtex Food Nørrebrogade,Nørrebrogade 26,2200,København N,30/12 - 2019,,30
35954716,Salling Group A/S,Netto Frederiksberg,H.C. Ørsteds Vej 25,1879,Frederiksberg C,06/01 - 2020,,42
35954716,Salling Group A/S,Netto,Trojels Knæ 2,6760,Ribe,17/02 - 2020,,20
35954716,Salling Group A/S,Netto Pakkerivej,Pakkerivej 21,2500,Valby,09/03 - 2020,,38
35954716,Salling Group A/S,Netto Hurup,Jernbanegade 7,7760,Hurup Thy,27/03 - 2020,,27
35954716,Salling Group A/S,NETTO ISLEV,Islevbrovej 22,2610,Rødovre,16/04 - 2020,,34
35954716,Salling Group A/S,BR Hundige,Over Bølgen 1,2670,Greve,10/06 - 2020,,19
35954716,Salling Group A/S,BR Gentofte,Nybrovej 2,2820,Gentofte,10/06 - 2020,,34
35954716,Salling Group A/S,Føtex DR byen,Amagerfælledvej 102,2300,København S,21/09 - 2020,,74
35954716,Salling Group A/S,Netto Hornslet,Hornbjergvej 3,8543,Hornslet,22/09 - 2020,,37
35954716,Salling Group A/S,Føtex Lyngby Hovedgade,Lyngby Hovedgade 63,2800,Kongens Lyngby,24/09 - 2020,,86
35954716,Salling Group A/S,DISTRIBUTIONSCENTER VEST,Prinsessens Kvarter 1A,7000,Fredericia,06/10 - 2020,,36
35954716,Salling Group A/S,DISTRIBUTIONSCENTER ØST,Litauen Alle 4,2630,Taastrup,06/10 - 2020,,50
35954716,Salling Group A/S,Netto Bygholm Bakker,Rosenkrantzvej 3,8700,Horsens,29/10 - 2020,,32
35954716,Salling Group A/S,Netto Ølgod,Industrivej 2,6870,Ølgod,29/10 - 2020,,27
35954716,Salling Group A/S,BR Storcenter Nord,Finlandsgade 17,8200,Aarhus N,19/01 - 2021,,17
35954716,Salling Group A/S,Netto Lyngby Hovedgade,Gyldendalsvej 4,2800,Kongens Lyngby,27/01 - 2021,,27
35954716,Salling Group A/S,Netto Farsø,Holmevej 2,9640,Farsø,19/02 - 2021,,29
35954716,Salling Group A/S,Netto Skalbølle,Odensevej 152,5492,Vissenbjerg,22/03 - 2021,,30
35954716,Salling Group A/S,Netto Storvorde,Stationsvej 5D,9280,Storvorde,27/04 - 2021,,26
35954716,Salling Group A/S,Netto Skelbækgade,Skelbækgade 2,1717,København V,26/04 - 2021,,23
35954716,Salling Group A/S,NETTO TAULOV,Adelvej 61,7000,Fredericia,19/05 - 2021,,30
35954716,Salling Group A/S,Netto Køge Idrætspark,Stensbjergvej 11,4600,Køge,27/08 - 2021,,35
35954716,Salling Group A/S,Netto Kollegievej,Kollegievej 2A,9000,Aalborg,31/08 - 2021,,29
35954716,Salling Group A/S,FØTEX FOOD NICOLINEHUS,Bernhardt Jensens Boulevard 79,8000,Aarhus C,10/12 - 2021,,104
35954716,Salling Group A/S,Netto Brande,N. J. Fjords Allé 2,7330,Brande,21/01 - 2022,,19
35954716,Salling Group A/S,Netto Femøren,Jorisvej 1,2300,København S,03/03 - 2022,,42
35954716,Salling Group A/S,Netto Blåvand,Blåvandvej 36,6857,Blåvand,02/05 - 2022,,17
35954716,Salling Group A/S,NETTO,Smidstrup Strandvej 49,3250,Gilleleje,25/08 - 2022,,21
35954716,Salling Group A/S,Netto Mellemvang Holbæk,Mellemvang 29,4300,Holbæk,19/07 - 2022,,23
35954716,Salling Group A/S,FØTEX FOOD TORVEPORTEN,Gammel Køge Landevej 84,2500,Valby,08/08 - 2022,,145
35954716,Salling Group A/S,Netto Brabrand,Kirsten Holsts Gade 3,8220,Brabrand,28/10 - 2022,,34
35954716,Salling Group A/S,Netto Thorvaldsensgade,Thorvaldsensgade 22,8000,Aarhus C,16/01 - 2023,,30
35954716,Salling Group A/S,Netto Søften,Ekkovej 4,8382,Hinnerup,31/01 - 2023,,23
35954716,Salling Group A/S,NETTO,Egelundsvej 1,2620,Albertslund,15/09 - 2023,,25
35954716,Salling Group A/S,Netto Dalumvej Odense,Dalumvej 18,5250,Odense SV,30/08 - 2023,,39
35954716,Salling Group A/S,NETTO,Mejlstedvej 25,9380,Vestbjerg,25/08 - 2023,,30
35954716,Salling Group A/S,Føtex Food,Michael Strunges Vej 15,2300,København S,10/08 - 2023,,65
35954716,Salling Group A/S,Starbucks Fiolstræde,Fiolstræde 20,1171,København K,28/08 - 2023,,13
35954716,Salling Group A/S,Carls Jr. Recharge City Horsens,Kai Lindbergs Vej 4A,8700,Horsens,11/09 - 2023,,22
35954716,Salling Group A/S,Starbucks Industriens hus,Vesterbrogade 1E,1620,København V,28/09 - 2023,,17
35954716,Salling Group A/S,Netto Mileparken,Hørkær 25,2730,Herlev,15/11 - 2023,,29
35954716,Salling Group A/S,Netto Højvangen,Højvang Centret 2,8660,Skanderborg,05/12 - 2023,,26
35954716,Salling Group A/S,Netto Kaffevej Rødovre,Kaffevej 3,2610,Rødovre,05/12 - 2023,,37
35954716,Salling Group A/S,Netto Kastrupgård,Kastrupvej 326,2770,Kastrup,05/12 - 2023,,14
35954716,Salling Group A/S,Netto Østervangsvej Esbjerg,Østervangsvej 1B,6715,Esbjerg N,05/12 - 2023,,27
35954716,Salling Group A/S,Netto Ravnsøvej Risskov,Ravnsøvej 15B,8240,Risskov,05/12 - 2023,,25
35954716,Salling Group A/S,Netto Nordbyvej Viby,Nordbyvej 4,8260,Viby J,05/12 - 2023,,32
35954716,Salling Group A/S,Netto Vestergade Svendborg,Vestergade 117,5700,Svendborg,05/12 - 2023,,25
35954716,Salling Group A/S,Netto Høje Taastrup BLVD Taastrup,Høje Taastrup Boulevard 88A,2630,Taastrup,05/12 - 2023,,29
35954716,Salling Group A/S,Netto Vestervangsvej Viborg,Vestervangsvej 12,8800,Viborg,05/12 - 2023,,22
35954716,Salling Group A/S,Netto Stenvej Højbjerg,Stenvej 3,8270,Højbjerg,05/12 - 2023,,22
35954716,Salling Group A/S,Netto Idagårdsvej Slagelse,Idagårdsvej 7,4200,Slagelse,05/12 - 2023,,24
35954716,Salling Group A/S,Netto Koldingvej Viborg,Koldingvej 61,8800,Viborg,06/12 - 2023,,25
35954716,Salling Group A/S,Netto Flegmade Vejle,Flegmade 19,7100,Vejle,06/12 - 2023,,28
35954716,Salling Group A/S,Netto Håndværkervej Varde,Håndværkervej 16,6800,Varde,06/12 - 2023,,27
35954716,Salling Group A/S,Netto Egerisvej Skive,Egerisvej 2,7800,Skive,06/12 - 2023,,26
35954716,Salling Group A/S,Netto Havnegade Odense,Havnegade 8A,5000,Odense C,06/12 - 2023,,24
35954716,Salling Group A/S,Netto Butiksvej Hundested,Butiksvej 2,3390,Hundested,21/12 - 2023,,20
35954716,Salling Group A/S,Netto Banegaardsvej Hobro,Banegaardsvej 4A,9500,Hobro,16/01 - 2024,,21
35954716,Salling Group A/S,Føtex Food Vallensbæk,Dagmarhaven 2,2665,Vallensbæk Strand,08/02 - 2024,,50
35954716,Salling Group A/S,Starbucks Rosengårdscentret,Ørbækvej 75,5220,Odense SØ,21/02 - 2024,,12
35954716,Salling Group A/S,NETTO ROSENHØJ,Rosenhøj 4,8260,Viby J,07/03 - 2024,,26
35954716,Salling Group A/S,Føtex Food Industriens Hus,Vesterbrogade 1D,1620,København V,13/03 - 2024,,30
35954716,Salling Group A/S,BR HORSENS,Grønlandsvej 10,8700,Horsens,02/04 - 2024,,24
35954716,Salling Group A/S,NETTO DALBY,Karisevej 65,4690,Haslev,25/04 - 2024,,26
35954716,Salling Group A/S,NETTO BELLINGE,Bronzevej 1,5250,Odense SV,14/08 - 2024,,42
35954716,Salling Group A/S,Matinique Rødovre Centrum,"Rødovre Centrum 1M, st. 38.",2610,Rødovre,16/08 - 2024,,14
35954716,Salling Group A/S,Matinique Bruuns Galleri,M.P. Bruuns Gade 25,8000,Aarhus C,16/08 - 2024,,6
35954716,Salling Group A/S,HUGO Fisketorvet,Kalvebod Brygge 59,1560,København V,16/08 - 2024,,4
35954716,Salling Group A/S,Matinique Fisketorvet,Kalvebod Brygge 59,1560,København V,16/08 - 2024,,3
35954716,Salling Group A/S,BR Nyborg,Storebæltsvej 16,5800,Nyborg,26/08 - 2024,,13
35954716,Salling Group A/S,Netto Grejs,Keglekærvej 70,7100,Vejle,23/09 - 2024,,27
35954716,Salling Group A/S,Netto Humlebæk Center,Humlebæk Center 27,3050,Humlebæk,02/10 - 2024,,39
35954716,Salling Group A/S,Netto Søndervig,Klitstrædet 2,6950,Ringkøbing,31/01 - 2025,,17
35954716,Salling Group A/S,Netto Vinge,Vinge Stationsvej 25,3600,Frederikssund,05/02 - 2025,,18
35954716,Salling Group A/S,Netto Gistrup,Nøvlingvej 27,9260,Gistrup,27/03 - 2025,,24
35954716,Salling Group A/S,Netto Bytorvet Hedensted,Bytorvet 32,8722,Hedensted,27/03 - 2025,,22
35954716,Salling Group A/S,Netto August Kraags Plads,August Kraags Plads 12,6300,Gråsten,27/03 - 2025,,27
35954716,Salling Group A/S,Netto Herfølge,Billesborgvej 8,4681,Herfølge,27/03 - 2025,,32
35954716,Salling Group A/S,Netto Tommerup,Møllebakken 20,5690,Tommerup,27/03 - 2025,,32
35954716,Salling Group A/S,Netto Hamletsgade,Hamletsgade 8,2200,København N,27/03 - 2025,,21
35954716,Salling Group A/S,Netto Enghavecentret,Enghavevej 9A,7100,Vejle,27/03 - 2025,,23
35954716,Salling Group A/S,Netto Kibæk,Sandfeldparken 34A,6933,Kibæk,27/03 - 2025,,23
35954716,Salling Group A/S,Netto Terndrup Center,Terndrup Center 1A,9575,Terndrup,27/03 - 2025,,23
35954716,Salling Group A/S,Netto Æbeløgade,Æbeløgade 20,2100,København Ø,27/03 - 2025,,21
35954716,Salling Group A/S,Netto Hillerød Østergade,Østergade 7,3400,Hillerød,27/03 - 2025,,24
35954716,Salling Group A/S,Netto Sæby,Sophus Falcks Vej 1C,9300,Sæby,27/03 - 2025,,27
35954716,Salling Group A/S,Netto Blokhusvej Pandrup,Blokhusvej 9,9490,Pandrup,27/03 - 2025,,24
35954716,Salling Group A/S,Netto Vorup Randers,Bøsbrovej 22,8940,Randers SV,27/03 - 2025,,23
35954716,Salling Group A/S,Føtex City HC Ørstedsvej,"H.C. Ørsteds Vej 4B, st",1879,Frederiksberg C,27/03 - 2025,,28
35954716,Salling Group A/S,Føtex Food Odense N,Karlavej 1,5270,Odense N,27/03 - 2025,,49
35954716,Salling Group A/S,Føtex Esbjerg Broen,Exnersgade 18,6700,Esbjerg,27/03 - 2025,,104
35954716,Salling Group A/S,Føtex Food Smidstrup,Smidstrup Strandvej 65,3250,Gilleleje,27/03 - 2025,,34
35954716,Salling Group A/S,Føtex Food Kolding,Vestre Ringgade 4,6000,Kolding,27/03 - 2025,,48
35954716,Salling Group A/S,Føtex City Islands Brygge,Islands Brygge 79E,2300,København S,27/03 - 2025,,21
35954716,Salling Group A/S,Føtex City Odensen,Benediktsgade 46,5000,Odense C,27/03 - 2025,,25
35954716,Salling Group A/S,Netto Metropolen,Njalsgade 72A,2300,København S,27/03 - 2025,,18
35954716,Salling Group A/S,Netto Peter Bangsvej,Peter Bangs Vej 24,2000,Frederiksberg,27/03 - 2025,,23
35954716,Salling Group A/S,Netto Ejby St.,Ejbyvej 46,4623,Lille Skensved,27/03 - 2025,,25
35954716,Salling Group A/S,Netto Hobro Adelgade,Adelgade 14,9500,Hobro,27/03 - 2025,,23
35954716,Salling Group A/S,Netto Hede Nielsens vej Horsens,Hede Nielsens Vej 2,8700,Horsens,15/04 - 2025,,38
35954716,Salling Group A/S,Matinique Kolding Storcenter,Skovvangen 42,6000,Kolding,21/05 - 2025,,5
35954716,Salling Group A/S,Netto Royal Arena,Ørestads Boulevard 126,2300,København S,09/07 - 2025,,28
35954716,Salling Group A/S,Føtex City Nørreport,Nørre Voldgade 94,1358,København K,13/08 - 2025,,24
35954716,Salling Group A/S,Hugo Boss Kolding Storcenter,Skovvangen 42,6000,Kolding,25/08 - 2025,,3
35954716,Salling Group A/S,Boss Kolding Storcenter,Skovvangen 42,6000,Kolding,25/08 - 2025,,4
35954716,Salling Group A/S,Føtex Slagelse,Vestsjællandscentret 8,4200,Slagelse,16/09 - 2025,,122
35954716,Salling Group A/S,Netto Rørby,Gl Sorøvej 6,4400,Kalundborg,02/10 - 2025,,25
35954716,Salling Group A/S,Netto Valnøddevænget,Valnøddevænget 2,4200,Slagelse,22/01 - 2026,,1
35954716,Salling Group A/S,NETTO,Hækmosen 65,2730,Herlev,30/05 - 2002,,25
35954716,Salling Group A/S,NETTO Munkebo,Bycentret 205,5330,Munkebo,01/03 - 2002,,31
35954716,Salling Group A/S,NETTO,Fredensgade 8-12,7323,Give,01/10 - 2001,,24
35954716,Salling Group A/S,Salling Kultorvet,Kultorvet 2,1175,København K,09/01 - 2026,,
35954716,Salling Group A/S,Salling retur/ BR.dk,P.O. Pedersens Vej 15A,8200,Aarhus N,26/03 - 2025,,
35954716,Salling Group A/S,Føtex Food Odense,Skomagerstræde 7,5000,Odense C,21/12 - 2020,,76
35954716,Salling Group A/S,Netto,Nørregade 43,6330,Padborg,18/04 - 2000,,23
35954716,Salling Group A/S,Netto,Kystvejen 1,2770,Kastrup,15/09 - 2000,,14
35954716,Salling Group A/S,Netto Vonsild,Peter Møllers Vej 1,6000,Kolding,06/03 - 2026,,
35954716,Salling Group A/S,Netto Køgevej Roskilde,Køgevej 116A,4000,Roskilde,12/02 - 2026,,
35954716,Salling Group A/S,Salling Rødovre,"Rødovre Centrum 1R, st. 101.",2610,Rødovre,24/04 - 2026,,
35954716,Salling Group A/S,Netto Hammelev,Egemarken 6,6500,Vojens,22/12 - 2025,,
35954716,Salling Group A/S,Carl's JR Holstebro,Nyholmvej 20,7500,Holstebro,05/03 - 2019,,6
35954716,Salling Group A/S,Salling Outlet Skagen,"Sct. Laurentii Vej 26A, st",9990,Skagen,19/03 - 2021,,2
35954716,Salling Group A/S,Salling Outlet Ebeltoft,Ndr. Strandvej 42,8400,Ebeltoft,27/04 - 2021,,1
35954716,Salling Group A/S,Starbucks,Nordre Fasanvej 25,2000,Frederiksberg,01/07 - 2014,,3
35954716,Salling Group A/S,Starbucks Axeltowers,Axeltorv 2,1609,København V,08/08 - 2016,,1
35954716,Salling Group A/S,Carl's JR Bilka Slagelse,Idagårdsvej 1,4200,Slagelse,18/01 - 2018,,
35954716,Salling Group A/S,Netto ALS,Hadsundvej 1,9560,Hadsund,29/11 - 2018,,1
35954716,Salling Group A/S,NETTO CONCEPT,Mimersvej 3,4600,Køge,26/02 - 2019,,
35954716,Salling Group A/S,Netto Bodyguide - slow mover,Mimersvej 3,4600,Køge,21/10 - 2019,,
35954716,Salling Group A/S,Netto Parken,Mimersvej 5,4600,Køge,26/11 - 2025,,
35954716,Salling Group A/S,Netto Popup Ærø,Ærøskøbing Havn 4,5970,Ærøskøbing,09/12 - 2025,,
35954716,Salling Group A/S,Bager produktion Føtex Friheden,Strandmarksvej 20,2650,Hvidovre,05/02 - 2021,,
35954716,Salling Group A/S,HD Ishøj 9040,Industrigrenen 4,2635,Ishøj,08/02 - 2021,,
35954716,Salling Group A/S,Salling Outlet Frederikshavn,"Danmarksgade 56, st",9900,Frederikshavn,17/02 - 2022,,1
35954716,Salling Group A/S,FØTEX FOOD BLEGDAMSVEJ,Blegdamsvej 118,2100,København Ø,24/08 - 2022,,
35954716,Salling Group A/S,HQ Årslev,Rosbjergvej 33,8220,Brabrand,27/10 - 2023,,
35954716,Salling Group A/S,"Lager, Salling.dk",Logistikparken 1,8220,Brabrand,01/06 - 2019,,2
35954716,Salling Group A/S,NETTO,Brænderigården 21,4230,Skælskør,01/01 - 1987,,23
35954716,Salling Group A/S,Hugo Boss Fisketorvet,Kalvebod Brygge 59,1560,København V,16/08 - 2024,,
35954716,Salling Group A/S,SALLING.DK,Jens Olsens Vej 4,8200,Aarhus N,01/06 - 2023,,
35954716,Salling Group A/S,NETTO,Gl Vardevej 13,6700,Esbjerg,10/10 - 2002,,21
35954716,Salling Group A/S,NETTO,Storegade 107,6740,Bramming,01/09 - 2001,,22
35954716,Salling Group A/S,NETTO,Store Kongensgade 49,1264,København K,01/01 - 1992,,20
35954716,Salling Group A/S,NETTO,Vølundsvej 1-3,7400,Herning,01/03 - 2001,,33
35954716,Salling Group A/S,Netto Frederiksborgvej,Frederiksborgvej 59,2400,København NV,06/12 - 2023,,
35954716,Salling Group A/S,NETTO,Korshøjen 1,8240,Risskov,06/11 - 1996,,34
35954716,Salling Group A/S,FØTEX GO TRØJBORG,Tordenskjoldsgade 21,8200,Aarhus N,02/07 - 2024,,
35954716,Salling Group A/S,NETTO HOVEDVEJEN GLOSTRUP,Hovedvejen 150A,2600,Glostrup,01/01 - 1987,,23
35954716,Salling Group A/S,NETTO,Rådhusgade 13,8300,Odder,01/01 - 1989,,35
35954716,Salling Group A/S,NETTO BRØNSHØJ,Frederikssundsvej 192,2700,Brønshøj,11/04 - 1991,,24
35954716,Salling Group A/S,NETTO,Gladsaxe Møllevej 61,2860,Søborg,01/01 - 1991,,31
35954716,Salling Group A/S,NETTO,Studsgaardsgade 1,2100,København Ø,26/03 - 1991,,28
35954716,Salling Group A/S,NETTO,Frejasvej 32,3400,Hillerød,01/01 - 1990,,1
35954716,Salling Group A/S,NÆSTVED CENTERFORENING,Næstved Storcenter 3,4700,Næstved,01/01 - 1989,,0
35954716,Salling Group A/S,NETTO,Kongevejen 32,3450,Allerød,05/11 - 2009,,36
35954716,Salling Group A/S,DANSK SUPERMARKED A/S,Bjødstrupvej 18,8270,Højbjerg,09/11 - 2017,,1
35954716,Salling Group A/S,CARL'S JR RØDOVRE,"Rødovre Centrum 1M, st. 43.",2610,Rødovre,29/03 - 2017,,1
35954716,Salling Group A/S,NETTO,Vesterbrogade 52,7000,Fredericia,01/01 - 1993,,20
35954716,Salling Group A/S,NETTO,Centervej 15,4270,Høng,01/01 - 1988,,24
35954716,Salling Group A/S,NETTO,Skibhusvej 41-45,5000,Odense C,19/11 - 1998,,25
35954716,Salling Group A/S,NETTO,Grønløkkevej 22,5000,Odense C,31/03 - 1998,,26
35954716,Salling Group A/S,NETTO,Ådalsparkvej 63,2970,Hørsholm,01/11 - 1990,,21
35954716,Salling Group A/S,NETTO A/S,Ved Stationen 4,2635,Ishøj,26/09 - 1992,,30
35954716,Salling Group A/S,NETTO,Magnoliavej 1,5250,Odense SV,01/08 - 1988,,31
35954716,Salling Group A/S,NETTO,Jernbanegade 48,6000,Kolding,21/09 - 2000,,21
35954716,Salling Group A/S,NETTO,Vesterbro 11,3720,Aakirkeby,16/05 - 2000,,23
35954716,Salling Group A/S,NETTO,Hvidovrevej 255,2650,Hvidovre,17/02 - 1992,,39
35954716,Salling Group A/S,Døgnnetto,Emdrupvej 107,2400,København NV,01/01 - 1987,,21
35954716,Salling Group A/S,Netto Vesterbrogade,Vesterbrogade 14B,8800,Viborg,01/01 - 1989,,22
35954716,Salling Group A/S,Netto Bogensevej,Bogensevej 2,5270,Odense N,01/01 - 1988,,36
35954716,Salling Group A/S,NETTO,Bryggervangen 1,4760,Vordingborg,01/01 - 1987,,27
35954716,Salling Group A/S,NETTO GRANTOFTE CENTRET,Grantoftestræde 11,2750,Ballerup,01/01 - 1987,,14
35954716,Salling Group A/S,NETTO,Holbækvej 1,4330,Hvalsø,01/01 - 1987,,31
35954716,Salling Group A/S,NETTO,Høje Taastrup Vej 6,2630,Taastrup,01/01 - 1987,,36
35954716,Salling Group A/S,NETTO,Nytorv 2,4400,Kalundborg,01/01 - 1987,,26
35954716,Salling Group A/S,Netto Frederikssundsvej,Frederikssundsvej 52,2400,København NV,01/01 - 1992,,29
35954716,Salling Group A/S,NETTO,Lundebjerg 1,2740,Skovlunde,29/03 - 1990,,25
35954716,Salling Group A/S,NETTO,Kastruplundgade 20B,2770,Kastrup,01/01 - 1989,,23
35954716,Salling Group A/S,NETTO,Algade 23,4660,Store Heddinge,01/01 - 1987,,32
35954716,Salling Group A/S,NETTO,Godthåbsvej 14,2000,Frederiksberg,04/10 - 1982,,31
35954716,Salling Group A/S,NETTO,Kastrupvej 109,2300,København S,01/01 - 1992,,14
35954716,Salling Group A/S,NETTO,Kongelundsvej 49,2300,København S,13/09 - 1990,,33
35954716,Salling Group A/S,NETTO,Solrød Center 84,2680,Solrød Strand,01/01 - 1988,,39
35954716,Salling Group A/S,NETTO,Kirke Værløsevej 8,3500,Værløse,01/01 - 1987,,45
35954716,Salling Group A/S,DØGNNETTO,Jagtvej 223,2100,København Ø,01/01 - 1987,,18
35954716,Salling Group A/S,NETTO,Vesterbrogade 192,1800,Frederiksberg C,01/01 - 1987,,33
35954716,Salling Group A/S,NETTO,Tvedvangen 201,2730,Herlev,01/01 - 1984,,26
35954716,Salling Group A/S,NETTO,Norvangen 1A,4220,Korsør,01/01 - 1987,,30
35954716,Salling Group A/S,NETTO,Apotekervænget 56,4990,Sakskøbing,01/01 - 1987,,25
35954716,Salling Group A/S,NETTO,Roskildevej 150,4100,Ringsted,01/01 - 1987,,31
35954716,Salling Group A/S,NETTO,Havnevej 6,4720,Præstø,01/01 - 1987,,26
35954716,Salling Group A/S,NETTO,"Korsgade 4, st",4200,Slagelse,01/01 - 1987,,32
35954716,Salling Group A/S,NETTO,Allerød Stationsvej 11,3450,Allerød,01/01 - 1987,,29
35954716,Salling Group A/S,NETTO,Stærevej 74,2400,København NV,01/01 - 1993,,24
35954716,Salling Group A/S,NETTO,Godthåbsvej 195,2720,Vanløse,01/01 - 1987,,19
35954716,Salling Group A/S,Netto Nørre Voldgade,Nørre Voldgade 15,1358,København K,01/01 - 1987,,30
35954716,Salling Group A/S,NETTO,Korsørgade 1,2100,København Ø,01/01 - 1987,,31
35954716,Salling Group A/S,NETTO,Ringstedgade 24,4700,Næstved,01/01 - 1987,,28
35954716,Salling Group A/S,NETTO,Vester Alle 2B,8362,Hørning,01/01 - 1994,,34
35954716,Salling Group A/S,NETTO VEST AMAGER CENTRET,Ugandavej 111,2770,Kastrup,01/01 - 1987,,28
35954716,Salling Group A/S,NETTO,Vestergade 4,5750,Ringe,01/01 - 1988,,28
35954716,Salling Group A/S,NETTO,Søbækken 2-4,3730,Nexø,01/01 - 1994,,23
35954716,Salling Group A/S,NETTO KERTEMINDE,Martin Kolds Vej 2,5300,Kerteminde,30/01 - 1992,,33
35954716,Salling Group A/S,NETTO,Torpenvej 10,3050,Humlebæk,01/01 - 1992,,27
35954716,Salling Group A/S,NETTO,Vigerslevvej 216,2500,Valby,12/12 - 1991,,24
35954716,Salling Group A/S,NETTO,Mimersvej 1,4600,Køge,01/01 - 1987,,866
35954716,Salling Group A/S,NETTO,Lavhedevej 54,7500,Holstebro,01/01 - 1989,,33
35954716,Salling Group A/S,NETTO,Københavnsvej 1,3550,Slangerup,01/01 - 1989,,46
35954716,Salling Group A/S,NETTO,Vestergade 22,7200,Grindsted,07/06 - 1990,,22
35954716,Salling Group A/S,NETTO,Nymarksvej 39B,7000,Fredericia,01/01 - 1990,,35
35954716,Salling Group A/S,NETTO FUGLEBJERG CENTRET,Byagervej 8,4250,Fuglebjerg,01/01 - 1989,,25
35954716,Salling Group A/S,Netto Roskildevej,Roskildevej 63,2000,Frederiksberg,01/01 - 1994,,26
35954716,Salling Group A/S,NETTO,Marielyst Strandvej 53,4873,Væggerløse,01/01 - 1994,,32
35954716,Salling Group A/S,NETTO,Blichersvej 1A,3000,Helsingør,03/05 - 1990,,31
35954716,Salling Group A/S,NETTO,Finsensvej 34,2000,Frederiksberg,01/01 - 1987,,27
35954716,Salling Group A/S,NETTO,Bagsværd Hovedgade 98-106,2880,Bagsværd,01/01 - 1987,,37
35954716,Salling Group A/S,NETTO,Randersvej 116,8200,Aarhus N,01/01 - 1994,,37
35954716,Salling Group A/S,NETTO,Norgesvej 4-6,4180,Sorø,01/01 - 1987,,34
35954716,Salling Group A/S,NETTO BALLERUP STATIONSCENTER,Banetoften 30,2750,Ballerup,01/01 - 1992,,23
35954716,Salling Group A/S,NETTO,Hovedgaden 31,2970,Hørsholm,01/01 - 1987,,27
35954716,Salling Group A/S,NETTO,Gedservej 150,4800,Nykøbing F,18/04 - 1991,,28
35954716,Salling Group A/S,NETTO,Lyngbyvej 237,2900,Hellerup,01/01 - 1987,,43
35954716,Salling Group A/S,NETTO,Toftegårds Allé 30,2500,Valby,01/01 - 1987,,21
35954716,Salling Group A/S,NETTO,Fejøgade 15,4800,Nykøbing F,01/01 - 1987,,17
35954716,Salling Group A/S,NETTO ULSNÆS CENTRET,Sundsnæs 7,6300,Gråsten,01/01 - 1989,,42
35954716,Salling Group A/S,NETTO,Møllemarken 14,4622,Havdrup,01/01 - 1994,,33
35954716,Salling Group A/S,NETTO,Vesterbrogade 30,3250,Gilleleje,01/01 - 1987,,26
35954716,Salling Group A/S,NETTO A/S,Laurits Olsens Vej 1,2650,Hvidovre,01/01 - 1987,,14
35954716,Salling Group A/S,NETTO,Nærum Hovedgade 67,2850,Nærum,01/01 - 1987,,31
35954716,Salling Group A/S,NETTO,Gammelby Ringvej 2,6700,Esbjerg,01/01 - 1989,,29
35954716,Salling Group A/S,NETTO,Vallensbæk Stationstorv 52,2665,Vallensbæk Strand,01/01 - 1988,,19
35954716,Salling Group A/S,NETTO,Østergade 77,6900,Skjern,01/01 - 1989,,25
35954716,Salling Group A/S,NETTO,Tarphagevej 23,6710,Esbjerg V,01/01 - 1990,,27
35954716,Salling Group A/S,NETTO DRAGØR CENTRET,Maglebytorv 4,2791,Dragør,01/01 - 1988,,21
35954716,Salling Group A/S,NETTO,Hillerødgade 23,2200,København N,01/01 - 1987,,43
35954716,Salling Group A/S,NETTO,Ved Stranden 32,4780,Stege,01/01 - 1989,,21
35954716,Salling Group A/S,NETTO,Måløv Hovedgade 64,2760,Måløv,01/01 - 1993,,25
35954716,Salling Group A/S,Føtex Food Jagtvej,Jagtvej 145,2200,København N,01/01 - 1987,,26
35954716,Salling Group A/S,NETTO,Stengårds Alle 195B,2860,Søborg,09/08 - 1990,,27
35954716,Salling Group A/S,NETTO,Vestergade 23,7900,Nykøbing M,01/01 - 1994,,35
35954716,Salling Group A/S,NETTO,Mølmarksvej 50,5700,Svendborg,01/01 - 1990,,28
35954716,Salling Group A/S,NETTO BREDE TORV,Lystoftevej 52,2800,Kgs.Lyngby,01/01 - 1987,,34
35954716,Salling Group A/S,NETTO,Gammel Køge Landevej 198,2500,Valby,01/01 - 1987,,24
35954716,Salling Group A/S,NETTO,Skansevej 12,3400,Hillerød,01/01 - 1994,,26
35954716,Salling Group A/S,NETTO,Gammel Kongevej 123,1850,Frederiksberg C,01/01 - 1992,,15
35954716,Salling Group A/S,NETTO,Nivå Center 61,2990,Nivå,10/05 - 1990,,30
35954716,Salling Group A/S,NETTO,Hovedgaden 50B,4050,Skibby,04/07 - 1991,,34
35954716,Salling Group A/S,NETTO,Lygten 53,2400,København NV,01/01 - 1987,,22
35954716,Salling Group A/S,NETTO,Egebjerg Bygade 1,2750,Ballerup,11/10 - 1990,,32
35954716,Salling Group A/S,NETTO,Apotekergade 4,4840,Nørre Alslev,01/01 - 1987,,22
35954716,Salling Group A/S,NETTO,Vesterbro 99,9000,Aalborg,01/01 - 1993,,61
35954716,Salling Group A/S,NETTO,Wendorfsvej 4,3480,Fredensborg,01/01 - 1993,,45
35954716,Salling Group A/S,NETTO,Blågårdsgade 26,2200,København N,01/01 - 1993,,39
35954716,Salling Group A/S,NETTO,Store Torv 3,3700,Rønne,01/01 - 1993,,20
35954716,Salling Group A/S,NETTO,Årbyesvej 22,4970,Rødby,01/01 - 1987,,23
35954716,Salling Group A/S,NETTO,Stationspladsen 2B,4690,Haslev,01/01 - 1987,,42
35954716,Salling Group A/S,NETTO,Søndergade 7,8500,Grenaa,01/01 - 1989,,41
35954716,Salling Group A/S,Netto Hundested,Nørregade 48B,3390,Hundested,01/01 - 1989,,19
35954716,Salling Group A/S,NETTO,Holbækvej 2,4000,Roskilde,01/01 - 1989,,21
35954716,Salling Group A/S,NETTO,Centervejen 1,3230,Græsted,01/01 - 1994,,26
35954716,Salling Group A/S,NETTO,Haderslevvej 124,6000,Kolding,08/02 - 1990,,30
35954716,Salling Group A/S,NETTO MOSEDE CENTRET,Lilleholm 1,2670,Greve,01/01 - 1987,,27
35954716,Salling Group A/S,NETTO,Godthaabsvej 15,6950,Ringkøbing,01/01 - 1990,,22
35954716,Salling Group A/S,NETTO,Madvigs Plads 10B,4500,Nykøbing Sj,01/01 - 1987,,27
35954716,Salling Group A/S,NETTO,Marienbergvej 100,4760,Vordingborg,01/01 - 1989,,22
35954716,Salling Group A/S,Netto Stubbekøbing,Nykøbingvej 42,4850,Stubbekøbing,01/01 - 1994,,29
35954716,Salling Group A/S,NETTO Papirfabrikken,Papirmester Allé 10,5250,Odense SV,01/01 - 1989,,27
35954716,Salling Group A/S,NETTO,Holte Stationsvej 14,2840,Holte,01/01 - 1987,,27
35954716,Salling Group A/S,NETTO,Ålsgårdecentret 13,3140,Ålsgårde,01/01 - 1994,,34
35954716,Salling Group A/S,NETTO,Forbindelsesvejen 147,9400,Nørresundby,01/01 - 1989,,25
35954716,Salling Group A/S,NETTO,Tranehavevej 1,2450,København SV,12/09 - 1991,,29
35954716,Salling Group A/S,NETTO,Odinsvej 3,4640,Faxe,01/01 - 1987,,29
35954716,Salling Group A/S,NETTO,"Kirkegårdsvej 6, st",2300,København S,31/05 - 1990,,38
35954716,Salling Group A/S,NETTO,Nygårds Plads 21,2605,Brøndby,01/01 - 1987,,45
35954716,Salling Group A/S,NETTO,Vedbæk Stationsvej 5,2950,Vedbæk,01/01 - 1992,,20
35954716,Salling Group A/S,NETTO,Nygårdsvej 32,2100,København Ø,01/01 - 1993,,32
35954716,Salling Group A/S,NETTO,Østergade 3,6400,Sønderborg,01/01 - 1988,,36
35954716,Salling Group A/S,Netto Åbyhøj,Silkeborgvej 246,8230,Åbyhøj,01/01 - 1989,,24
35954716,Salling Group A/S,NETTO,Hvedevej 2,8920,Randers NV,26/09 - 1991,,27
35954716,Salling Group A/S,NETTO,Backersvej 19,2300,København S,01/01 - 1992,,16
35954716,Salling Group A/S,Føtex Food Strandvejen,Strandvejen 193,2900,Hellerup,01/01 - 1988,,29
35954716,Salling Group A/S,NETTO,Nørregade 35,3300,Frederiksværk,01/01 - 1987,,39
35954716,Salling Group A/S,NETTO,Jerismosevej 8,2670,Greve,01/01 - 1992,,25
35954716,Salling Group A/S,NETTO,Tømmergade 5,4900,Nakskov,01/01 - 1987,,29
35954716,Salling Group A/S,NETTO,Ørstedsgade 12,5900,Rudkøbing,01/01 - 1989,,20
35954716,Salling Group A/S,NETTO,Hovedgaden 417,2640,Hedehusene,01/01 - 1989,,52
35954716,Salling Group A/S,NETTO,Lollands Centret 22,4930,Maribo,01/01 - 1987,,30
35954716,Salling Group A/S,NETTO,Lilli Gyldenkildes Torv 20,8700,Horsens,01/01 - 1989,,33
35954716,Salling Group A/S,NETTO,Kampmannsgade 1,1604,København V,01/02 - 1990,,28
35954716,Salling Group A/S,NETTO,Brøndby Strand Centrum 15,2660,Brøndby Strand,16/07 - 1990,,26
35954716,Salling Group A/S,NETTO,Nørrebrogade 170,2200,København N,01/01 - 1989,,31
35954716,Salling Group A/S,NETTO,Eremitageparken 353,2800,Kgs.Lyngby,12/09 - 1991,,32
35954716,Salling Group A/S,NETTO,Nørrekær 1B,2610,Rødovre,01/01 - 1987,,30
35954716,Salling Group A/S,NETTO,Akacietorvet 1,3520,Farum,01/01 - 1988,,31
35954716,Salling Group A/S,NETTO,Jernbanepladsen 11,2800,Kongens Lyngby,01/01 - 1993,,28
35954716,Salling Group A/S,NETTO,Amagerbrogade 54,2300,København S,01/01 - 1987,,16
35954716,Salling Group A/S,NETTO,Smakkegårdsvej 114,2820,Gentofte,01/01 - 1994,,26
35954716,Salling Group A/S,NETTO,Hjulmagerporten 1,2650,Hvidovre,01/01 - 1988,,34
35954716,Salling Group A/S,NETTO,Hadsundvej 75,9000,Aalborg,01/01 - 1989,,30
35954716,Salling Group A/S,NETTO,Vangede Bygade 101,2820,Gentofte,01/01 - 1993,,32
35954716,Salling Group A/S,NETTO,Rantzausgade 21,2200,København N,01/01 - 1988,,14
35954716,Salling Group A/S,NETTO,Strandvejen 8,5800,Nyborg,01/01 - 1988,,27
35954716,Salling Group A/S,NETTO,Teglporten 25,3460,Birkerød,01/01 - 1987,,20
35954716,Salling Group A/S,NETTO,"Egedal Centret 93, st",3660,Stenløse,01/01 - 1987,,41
35954716,Salling Group A/S,NETTO,Dalstrøget 133,2870,Dyssegård,01/01 - 1987,,22
35954716,Salling Group A/S,NETTO NÆSTVED,Østre Ringvej 59,4700,Næstved,01/01 - 1987,,28
35954716,Salling Group A/S,NETTO,Nordre Frihavnsgade 70,2100,København Ø,01/01 - 1994,,36
35954716,Salling Group A/S,Netto Kornmarksvej,Kornmarksvej 27,2605,Brøndby,01/08 - 1991,,38
35954716,Salling Group A/S,NETTO,Silkeborgvej 82B,7400,Herning,11/07 - 1991,,31
35954716,Salling Group A/S,NETTO,Hvidovrevej 436,2650,Hvidovre,01/01 - 1993,,24
35954716,Salling Group A/S,NETTO,Munkholmvej 141,4300,Holbæk,01/01 - 1993,,28
35954716,Salling Group A/S,NETTO,Fuglebakken 2,4100,Ringsted,01/01 - 1987,,28
35954716,Salling Group A/S,NETTO,Ny Erlevvej 17-19,6100,Haderslev,12/07 - 1990,,23
35954716,Salling Group A/S,NETTO,Østergade 24,9700,Brønderslev,01/01 - 1990,,19
35954716,Salling Group A/S,NETTO,Toldbodvej 19,4600,Køge,01/01 - 1993,,41
35954716,Salling Group A/S,NETTO,Jernbane Allé 54,2720,Vanløse,01/01 - 1993,,22
35954716,Salling Group A/S,NETTO,Landemærket 11,1119,København K,01/01 - 1994,,19
35954716,Salling Group A/S,NETTO,Danmarksgade 41,9000,Aalborg,01/01 - 1990,,28
35954716,Salling Group A/S,NETTO,Ndr.Ringgade 65,4200,Slagelse,01/01 - 1992,,38
35954716,Salling Group A/S,NETTO,Viborgvej 102B,8920,Randers NV,01/01 - 1994,,27
35954716,Salling Group A/S,NETTO,Nygade 16-18,3600,Frederikssund,01/01 - 1987,,26
35954716,Salling Group A/S,NETTO,Rundhøjtorvet 5,8270,Højbjerg,01/01 - 1994,,49
35954716,Salling Group A/S,NETTO,Smedelundsgade 21,4300,Holbæk,01/01 - 1987,,39
35954716,Salling Group A/S,NETTO,Skarridsøgade 2,4450,Jyderup,01/01 - 1987,,17
35954716,Salling Group A/S,NETTO TOLDBODGADE NÆSTVED,Toldbodgade 17,4700,Næstved,01/01 - 1987,,26
35954716,Salling Group A/S,NETTO,Niels Olsens Vej 2A,3650,Ølstykke,01/01 - 1989,,31
35954716,Salling Group A/S,NETTO,Sydfrontvej 2,2860,Søborg,01/01 - 1992,,26
35954716,Salling Group A/S,Føtex Food Bernikows gade,Kristen Bernikows Gade 2,1105,København K,01/01 - 1992,,22
35954716,Salling Group A/S,DØGNNETTO A/S,Østerbrogade 238,2100,København Ø,01/01 - 1987,,16
35954716,Salling Group A/S,NETTO,Østergade 18B,3200,Helsinge,01/01 - 1987,,34
35954716,Salling Group A/S,NETTO,Nørremarksvej 2,6760,Ribe,01/01 - 1990,,23
35954716,Salling Group A/S,NETTO,Ålekistevej 168,2720,Vanløse,01/01 - 1987,,17
35954716,Salling Group A/S,Netto Asnæs,Asnæs Centret 25,4550,Asnæs,01/01 - 1987,,31
35954716,Salling Group A/S,NETTO,Benediktsgade 30,5000,Odense C,01/01 - 1988,,57
35954716,Salling Group A/S,NETTO,Vestergade 25,8700,Horsens,01/01 - 1994,,27
35954716,Salling Group A/S,NETTO,Blegdamsvej 124,2100,København Ø,01/01 - 1987,,25
35954716,Salling Group A/S,FØTEX IKAST CENTRET,Rådhusstrædet 2,7430,Ikast,01/01 - 1992,,99
35954716,Salling Group A/S,NETTO Tåstrup St. Center,Selsmosevej 2,2630,Taastrup,01/05 - 1994,,35
35954716,Salling Group A/S,NETTO HELLERUP,Rymarksvej 73,2900,Hellerup,01/01 - 1983,,21
35954716,Salling Group A/S,NETTO,Sorgenfri Torv 29,2830,Virum,01/02 - 1992,,58
35954716,Salling Group A/S,Netto Ballerup,"Hedeparken 1, 1. a.",2750,Ballerup,01/11 - 1986,,26
35954716,Salling Group A/S,NETTO,Kjærsvej 68,4220,Korsør,01/01 - 1992,,25
35954716,Salling Group A/S,Føtex,Borupvang 2,2750,Ballerup,01/01 - 1986,,182
35954716,Salling Group A/S,NETTO,Hillerødsholmsalle 6,3400,Hillerød,01/01 - 1983,,31
35954716,Salling Group A/S,NETTO,Frederikssundsvej 137,2700,Brønshøj,01/01 - 1992,,18
35954716,Salling Group A/S,NETTO,Duevej 1,2970,Hørsholm,01/01 - 1984,,39
35954716,Salling Group A/S,NETTO Holmegårds Centret,Højengen 3,2980,Kokkedal,15/10 - 1992,,35
35954716,Salling Group A/S,Føtex,Reberbanegade 3,2300,København S,22/11 - 1976,,133
35954716,Salling Group A/S,Netto,Hollænderdybet 3,2300,København S,22/11 - 1976,,44
35954716,Salling Group A/S,NETTO,Alsvej 2,2970,Hørsholm,22/11 - 1976,,21
35954716,Salling Group A/S,NETTO,Tagensvej 47,2200,København N,22/11 - 1976,,31
35954716,Salling Group A/S,DANSK SUPERMARKED INDKØB A/S,Axel Gruhns Vej 7,8270,Højbjerg,01/01 - 1983,,242
35954716,Salling Group A/S,FØTEX,Adelgade 39,9500,Hobro,01/01 - 1987,,82
35954716,Salling Group A/S,FØTEX VIBY CENTRET,Viby Ringvej 10,8260,Viby J,01/01 - 1987,,154
35954716,Salling Group A/S,FØTEX,Østergade 43-53,9700,Brønderslev,01/01 - 1987,,113
35954716,Salling Group A/S,FØTEX,Søndergade 19,7800,Skive,01/01 - 1990,,110
35954716,Salling Group A/S,FØTEX,Rådhus Alle 83,9900,Frederikshavn,01/01 - 1987,,145
35954716,Salling Group A/S,FØTEX,Prinsessegade 45-49,7000,Fredericia,01/01 - 1987,,103
35954716,Salling Group A/S,FØTEX,Kronprinsensgade 1,6700,Esbjerg,18/02 - 2016,,111
35954716,Salling Group A/S,NETTO,Levysgade 2,8700,Horsens,01/01 - 1987,,28
35954716,Salling Group A/S,FØTEX,Slotsgade 10,9000,Aalborg,01/01 - 1987,,144
35954716,Salling Group A/S,FØTEX,Torvet 4,8600,Silkeborg,01/01 - 1987,,130
35954716,Salling Group A/S,FØTEX,Gravene 39,8800,Viborg,01/01 - 1988,,130
35954716,Salling Group A/S,FØTEX,Brobjerg Parkvej 2-8,8250,Egå,01/01 - 1987,,109
35954716,Salling Group A/S,BILKA,Grundtvigs Alle 195,6400,Sønderborg,01/01 - 1989,,320
35954716,Salling Group A/S,BILKA,Nyholmvej 20,7500,Holstebro,01/01 - 1992,,384
35954716,Salling Group A/S,FØTEX,Nordmarks Alle 10,2620,Albertslund,01/01 - 1989,,141
35954716,Salling Group A/S,BILKA,Over Bølgen 1,2670,Greve,01/01 - 1987,,590
35954716,Salling Group A/S,FØTEX,Frederiks Allé 22-24,8000,Aarhus C,01/01 - 1987,,79
35954716,Salling Group A/S,FØTEX,Nordre Fasanvej 25,2000,Frederiksberg,01/01 - 1987,,122
35954716,Salling Group A/S,FØTEX STORCENTER NORD,Finlandsgade 17,8200,Aarhus N,20/08 - 1991,,174
35954716,Salling Group A/S,FØTEX,Nørregade 23,7100,Vejle,01/01 - 1987,,116
35954716,Salling Group A/S,FØTEX,Vesterbro 39-51,5000,Odense C,01/01 - 1987,,150
35954716,Salling Group A/S,FØTEX SUPERMARKED,Mimersgade 124,2200,København N,01/01 - 1994,,161
35954716,Salling Group A/S,FØTEX,Dytmærsken 14,8900,Randers C,01/01 - 1992,,104
35954716,Salling Group A/S,BILKA LAVPRISVAREHUS,Stormgade 157,6715,Esbjerg N,01/01 - 1994,,379
35954716,Salling Group A/S,FØTEX,Bankagervej 111,8700,Horsens,01/01 - 1987,,161
35954716,Salling Group A/S,CENTERFORENINGEN STOR CENTER NORD,Finlandsgade 17,8200,Aarhus N,01/01 - 1991,,19
35954716,Salling Group A/S,BILKA,Solkilde Alle 2,7100,Vejle,01/01 - 1993,,617
35954716,Salling Group A/S,FØTEX,Guldsmedgade 3-9,8000,Aarhus C,01/01 - 1987,,105
35954716,Salling Group A/S,FØTEX,Nygårdsvej 95,8270,Højbjerg,10/10 - 1990,,137
35954716,Salling Group A/S,FØTEX,Madevej 39,6200,Aabenraa,16/05 - 1990,,108
35954716,Salling Group A/S,FØTEX,"Lyngby Storcenter 1, st. 91.",2800,Kgs. Lyngby,01/01 - 1987,,144
35954716,Salling Group A/S,FØTEX,Baltorpvej 2,2750,Ballerup,01/01 - 1987,,147
35954716,Salling Group A/S,FØTEX,Bredgade 42,4400,Kalundborg,01/01 - 1987,,99
35954716,Salling Group A/S,FØTEX,Bispetorv 40,9800,Hjørring,01/01 - 1987,,170
35954716,Salling Group A/S,FØTEX,Guldborgsundcentret 23,4800,Nykøbing F,12/09 - 1990,,192
35954716,Salling Group A/S,FØTEX,Venusvej 8,7000,Fredericia,01/01 - 1987,,157
35954716,Salling Group A/S,BILKA IMPORTLAGER A/S,Graham Bells Vej 22,8200,Aarhus N,01/01 - 1987,,47
35954716,Salling Group A/S,BILKA,Næstved Storcenter 1,4700,Næstved,01/01 - 1989,,464
35954716,Salling Group A/S,BILKA,Hobrovej 450,9200,Aalborg SV,01/01 - 1987,,769
35954716,Salling Group A/S,BILKA,Holstebrovej 79,8800,Viborg,01/01 - 1991,,374
35954716,Salling Group A/S,BILKA,Niels Bohrs Allé 150,5230,Odense M,01/01 - 1987,,677
35954716,Salling Group A/S,FØTEX,Vesterbrogade 74,1620,København V,01/01 - 1987,,169
35954716,Salling Group A/S,FØTEX,Skelagervej 1-9,8200,Aarhus N,01/01 - 1988,,117
35954716,Salling Group A/S,BILKA,Ishøj Lille Torv 1,2635,Ishøj,01/01 - 1987,,339
35954716,Salling Group A/S,A - Z,A F Heidemanns Vej 20,9800,Hjørring,01/01 - 1991,,147
35954716,Salling Group A/S,BILKA,Skovvangen 42,6000,Kolding,01/01 - 1993,,474
35954716,Salling Group A/S,FØTEX SUPERMARKED,Frederikssundsvej 284,2700,Brønshøj,01/01 - 1994,,172
35954716,Salling Group A/S,FØTEX SØNDERBORG,"Kastanie Alle 3, 1. 1.",6400,Sønderborg,09/03 - 1991,,112
35954716,Salling Group A/S,FØTEX,Mariagervej 175,8920,Randers NV,01/01 - 1989,,147
35954716,Salling Group A/S,FØTEX,Bredgade 43,7400,Herning,01/01 - 1987,,130
35954716,Salling Group A/S,BILKA LAVPRISVAREHUS,Agerøvej 7,8381,Tilst,01/01 - 1987,,791
35954716,Salling Group A/S,FØTEX,Møllergade 92,5700,Svendborg,01/01 - 1987,,132
35954716,Salling Group A/S,FØTEX,Middelfartvej 125,5200,Odense V,01/01 - 1987,,166
35954716,Salling Group A/S,NETTO,Gadehavegårdsvej 6,2630,Taastrup,01/01 - 1987,,35
35954716,Salling Group A/S,FØTEX,Nørrevænget 47A,8600,Silkeborg,01/01 - 1987,,200
35954716,Salling Group A/S,FØTEX,Kløvervej 10,5500,Middelfart,01/01 - 1987,,98
35954716,Salling Group A/S,FØTEX,M.P. Bruuns Gade 55,8000,Aarhus C,01/01 - 1987,,109
35954716,Salling Group A/S,FØTEX,Helligkorsgade 4-6,6000,Kolding,01/01 - 1987,,105
35954716,Salling Group A/S,BILKA LAVPRISVAREHUS A/S,Idagårdsvej 1,4200,Slagelse,01/01 - 1988,,379
35954716,Salling Group A/S,FØTEX,"Glostrup Shoppingcenter 50, st",2600,Glostrup,27/12 - 1994,,121
35954716,Salling Group A/S,NETTO,Møllehegnet 4,3630,Jægerspris,29/06 - 1995,,31
35954716,Salling Group A/S,NETTO,Kettevej 7,2650,Hvidovre,28/03 - 1996,,31
35954716,Salling Group A/S,FØTEX,Strandgade 20,7100,Vejle,29/11 - 1995,,157
35954716,Salling Group A/S,NETTO,Vissevej 1,9210,Aalborg SØ,29/02 - 1996,,29
35954716,Salling Group A/S,NETTO,Erritsø Bygade 113,7000,Fredericia,02/11 - 1995,,31
35954716,Salling Group A/S,Salling Group Academy - Bøgehøj,Østeralle 56,8400,Ebeltoft,01/11 - 1995,,25
35954716,Salling Group A/S,NETTO,Fiolstræde 5A,1171,København K,01/01 - 1996,,20
35954716,Salling Group A/S,NETTO,Amagerbrogade 239,2300,København S,30/11 - 1995,,35
35954716,Salling Group A/S,NETTO,Jyllingecentret 1B,4040,Jyllinge,02/04 - 1996,,28
35954716,Salling Group A/S,FØTEX,Vestergade 32,5800,Nyborg,27/03 - 1996,,109
35954716,Salling Group A/S,NETTO,Nyborgvej 200A,5220,Odense SØ,24/10 - 1995,,37
35954716,Salling Group A/S,NETTO,"Jernbane Allé 36, st. 1.",2720,Vanløse,01/10 - 1995,,46
35954716,Salling Group A/S,NETTO Eriksminde Centret,Eriksmindevej 26,2670,Greve,01/08 - 1995,,25
35954716,Salling Group A/S,NETTO,Vestermarken 1,3060,Espergærde,01/01 - 1996,,49
35954716,Salling Group A/S,NETTO,Chr. Xs Vej 6A,9990,Skagen,30/03 - 1995,,17
35954716,Salling Group A/S,NETTO Borgergade,Borgergade 110,8600,Silkeborg,29/11 - 1995,,43
35954716,Salling Group A/S,NETTO,Fynsvej 100,6000,Kolding,31/08 - 1995,,26
35954716,Salling Group A/S,NETTO,Frederikssundsvej 348,2700,Brønshøj,01/09 - 1996,,21
35954716,Salling Group A/S,NETTO,Sauntevej 1A,3100,Hornbæk,01/07 - 1996,,27
35954716,Salling Group A/S,NETTO,Godthåbsvej 74,2000,Frederiksberg,12/09 - 1996,,34
35954716,Salling Group A/S,NETTO,Gentoftegade 35,2820,Gentofte,01/01 - 1995,,41
35954716,Salling Group A/S,Netto Borgmestervangen,Borgmestervangen 5,2200,København N,15/09 - 1996,,25
35954716,Salling Group A/S,NETTO,Greve Midtby Center 14A,2670,Greve,27/02 - 1997,,32
35954716,Salling Group A/S,NETTO,Hans Grams Gade 1,6500,Vojens,27/11 - 1996,,22
35954716,Salling Group A/S,NETTO,Søtoften 2A,8660,Skanderborg,20/11 - 1996,,28
35954716,Salling Group A/S,FØTEX LM 1040,Falkoner Alle 21,2000,Frederiksberg,17/09 - 1996,,219
35954716,Salling Group A/S,Netto Hadsten,Vesselbjergvej 10,8370,Hadsten,29/09 - 1996,,36
35954716,Salling Group A/S,NETTO,Vibæk Strandvej 10,8400,Ebeltoft,19/06 - 1996,,27
35954716,Salling Group A/S,NETTO,Matthæusgade 46,1666,København V,20/03 - 1997,,31
35954716,Salling Group A/S,NETTO,Rismarksvej 39,5200,Odense V,27/06 - 1996,,29
35954716,Salling Group A/S,NETTO,Lyshøjen 1,8520,Lystrup,29/11 - 1996,,31
35954716,Salling Group A/S,Netto Søborg Hovedgade,Søborg Hovedgade 121,2860,Søborg,29/11 - 1996,,19
35954716,Salling Group A/S,NETTO,Skagensvej 201D,9800,Hjørring,29/08 - 1996,,31
35954716,Salling Group A/S,NETTO AMAGER LANDEVEJ,Amager Landevej 30,2770,Kastrup,01/01 - 1995,,21
35954716,Salling Group A/S,NETTO,Algade 44,5683,Haarby,01/01 - 1995,,25
35954716,Salling Group A/S,NETTO,Lindegade 53,6070,Christiansfeld,01/01 - 1995,,20
35954716,Salling Group A/S,Netto Århushallen,Skt. Knuds Torv 15,8000,Aarhus C,03/12 - 1996,,29
35954716,Salling Group A/S,NETTO,Jørgen Fibigersgade 20,9850,Hirtshals,05/07 - 1996,,24
35954716,Salling Group A/S,NETTO,Østerbrogade 79,2100,København Ø,01/01 - 1995,,28
35954716,Salling Group A/S,NETTO,Østergade 29,9440,Aabybro,29/05 - 1997,,28
35954716,Salling Group A/S,NETTO TAVLEHOLMSVEJ,Tavleholmsvej 2A,2600,Glostrup,06/12 - 1996,,32
35954716,Salling Group A/S,NETTO,Skånevej 1,6230,Rødekro,05/12 - 1996,,25
35954716,Salling Group A/S,NETTO,Randersvej 5,8800,Viborg,21/03 - 1997,,24
35954716,Salling Group A/S,NETTO,Hjørringvej 144,9900,Frederikshavn,24/10 - 1996,,24
35954716,Salling Group A/S,NETTO,Københavnsvej 80,4000,Roskilde,01/01 - 1995,,35
35954716,Salling Group A/S,NETTO,Hovedgaden 45,7190,Billund,01/01 - 1995,,33
35954716,Salling Group A/S,FØTEX ROSKILDE STATIONSCENTER,Stationscentret 12,4000,Roskilde,19/08 - 1997,,177
35954716,Salling Group A/S,FØTEX HELSINGØR BYCENTER,Stürups Plads 1,3000,Helsingør,23/09 - 1997,,130
35954716,Salling Group A/S,NETTO,Torvet 6,4293,Dianalund,13/11 - 1997,,29
35954716,Salling Group A/S,NETTO,Tårnvej 310,2610,Rødovre,27/11 - 1997,,45
35954716,Salling Group A/S,Netto Assens,Østergade 74,5610,Assens,20/11 - 1997,,32
35954716,Salling Group A/S,NETTO,Nørremark Center 6,7100,Vejle,26/11 - 1997,,35
35954716,Salling Group A/S,NETTO,Søndergade 4,8464,Galten,28/05 - 1998,,27
35954716,Salling Group A/S,NETTO,Torvesvinget 1,4560,Vig,26/03 - 1998,,30
35954716,Salling Group A/S,NETTO,Stenløsevej 1,2700,Brønshøj,25/11 - 1998,,38
35954716,Salling Group A/S,NETTO,Himmerlandsgade 6,9560,Hadsund,13/08 - 1998,,32
35954716,Salling Group A/S,FØTEX,Skæring Parkvej 1,8250,Egå,14/10 - 1998,,70
35954716,Salling Group A/S,NETTO,Svendborgvej 80,5260,Odense S,31/03 - 1998,,31
35954716,Salling Group A/S,NETTO,Tårnby Torv 11,2770,Kastrup,23/11 - 1998,,32
35954716,Salling Group A/S,NETTO,Frijsenborgvej 5,8240,Risskov,03/09 - 1998,,28
35954716,Salling Group A/S,NETTO,Kæmpestranden 8,3770,Allinge,01/04 - 1998,,16
35954716,Salling Group A/S,NETTO,Peter Bangs Vej 100,2000,Frederiksberg,25/03 - 1998,,58
35954716,Salling Group A/S,NETTO,Markedsvej 1,9600,Aars,12/11 - 1998,,25
35954716,Salling Group A/S,NETTO,Svinget 1,7160,Tørring,15/09 - 1998,,30
35954716,Salling Group A/S,DANSK SUPERMARKED INDKØB A/S CTL. DEKORATION,Søren Nymarks Vej 5,8270,Højbjerg,01/01 - 1998,,48
35954716,Salling Group A/S,BILKA,Golfvej 5,7400,Herning,30/12 - 1998,,402
35954716,Salling Group A/S,Netto Ry,Parallelvej 1,8680,Ry,27/05 - 1999,,45
35954716,Salling Group A/S,Netto Bjerringbro,Grønnegade 22A,8850,Bjerringbro,25/03 - 1999,,34
35954716,Salling Group A/S,Netto Nørre Nebel,Bredgade 27,6830,Nørre Nebel,29/04 - 1999,,18
35954716,Salling Group A/S,NETTO,Åderupvej 5,4700,Næstved,01/09 - 1999,,30
35954716,Salling Group A/S,Netto Tølløse,Industrivej 2,4340,Tølløse,19/08 - 1999,,21
35954716,Salling Group A/S,Netto Rødovre,Fortvej 2,2610,Rødovre,29/07 - 1999,,28
35954716,Salling Group A/S,NETTO,Spånnebæk 1,4300,Holbæk,01/09 - 1999,,21
35954716,Salling Group A/S,Netto Brørup,Søndergade 27,6650,Brørup,07/10 - 1999,,35
35954716,Salling Group A/S,Netto Ikast,E Christensens Vej 3,7430,Ikast,19/08 - 1999,,25
35954716,Salling Group A/S,Føtex Aalborg Øst,Niels Bohrs Vej 44,9220,Aalborg Øst,25/08 - 1999,,174
35954716,Salling Group A/S,Føtex Herlev,Herlev Bygade 9,2730,Herlev,12/10 - 1999,,138
35954716,Salling Group A/S,Netto Vest Center,Egelundsvej 24,2620,Albertslund,26/03 - 1999,,28
35954716,Salling Group A/S,Føtex Varde,Ringkøbingvej 1,6800,Varde,26/08 - 1998,,98
35954716,Salling Group A/S,Netto Søndersø,Vesterled 45,5471,Søndersø,11/11 - 1999,,33
35954716,Salling Group A/S,Netto Svogerslev,Brønsager 5,4000,Roskilde,18/11 - 1999,,25
35954716,Salling Group A/S,Netto Hjallerup,Hjallerup Centret 2,9320,Hjallerup,24/03 - 1999,,28
35954716,Salling Group A/S,Netto,Tune Parkvej 7,4030,Tune,13/07 - 2000,,27
35954716,Salling Group A/S,NETTO,Næstvedvej 15,4100,Ringsted,01/10 - 1999,,38
35954716,Salling Group A/S,Føtex A/S Fisketorvets Shopping Center,Kalvebod Brygge 59,1560,København V,10/10 - 2000,,194
35954716,Salling Group A/S,FØTEX,Havnegade 10-16,4220,Korsør,09/05 - 2000,,97
35954716,Salling Group A/S,NETTO Egedals Centret,Egedal 3,2690,Karlslunde,18/10 - 2000,,26
35954716,Salling Group A/S,NETTO,Poppelgården 1,3450,Allerød,21/09 - 2005,,29
35954716,Salling Group A/S,Netto,Birkevej 41,8410,Rønde,14/09 - 2000,,32
35954716,Salling Group A/S,Netto,Lynge Bytorv 2,3540,Lynge,25/05 - 2000,,22
35954716,Salling Group A/S,Netto,Farum Bytorv 1,3520,Farum,17/08 - 2000,,56
35954716,Salling Group A/S,Netto,Limfjordsvej 1,9670,Løgstør,29/06 - 2000,,30
35954716,Salling Group A/S,Netto Lindedal Haderslev,Remisen 2,6100,Haderslev,01/12 - 2000,,22
35954716,Salling Group A/S,Netto,Herredsgade 5-7,6990,Ulfborg,22/11 - 2000,,29
35954716,Salling Group A/S,Netto,Thurøvej 9,9500,Hobro,29/11 - 2000,,37
35954716,Salling Group A/S,Netto,Industrivej 1B,7600,Struer,18/05 - 2000,,25
35954716,Salling Group A/S,Netto,Stationsvej 8,6430,Nordborg,16/11 - 2000,,24
35954716,Salling Group A/S,Bilka Horsens,Høegh Guldbergs Gade 10,8700,Horsens,01/11 - 2000,,397
35954716,Salling Group A/S,NETTO,Engelsborgvej 76,2800,Kgs.Lyngby,30/11 - 2000,,52
35954716,Salling Group A/S,NETTO,Furden 1,8305,Samsø,19/04 - 2000,,19
35954716,Salling Group A/S,NETTO,Nørrebrogade 43,2200,København N,05/04 - 2001,,23
35954716,Salling Group A/S,Netto,Søndergade 15,9690,Fjerritslev,29/03 - 2001,,31
35954716,Salling Group A/S,NETTO,Ribevej 29,6800,Varde,01/11 - 2001,,24
35954716,Salling Group A/S,NETTO,Apotekervej 21,4180,Sorø,30/11 - 2001,,32
35954716,Salling Group A/S,NETTO,Olgas Vej 1,7100,Vejle,01/12 - 2001,,33
35954716,Salling Group A/S,NETTO,Jernbanegade 1,6780,Skærbæk,01/05 - 2001,,19
35954716,Salling Group A/S,NETTO,Centervej 12,8963,Auning,01/03 - 2001,,29
35954716,Salling Group A/S,Føtex Greve Centret,Greve Midtby Center 16,2670,Greve,22/03 - 2002,,134
35954716,Salling Group A/S,NETTO,Beder Landevej 67,8330,Beder,01/06 - 2001,,30
35954716,Salling Group A/S,NETTO,Bredstrupsgade 3,8900,Randers C,01/10 - 2001,,40
35954716,Salling Group A/S,NETTO,Søndergade 60,8740,Brædstrup,01/11 - 2001,,29
35954716,Salling Group A/S,NETTO,Hobrovej 55,9530,Støvring,01/12 - 2001,,29
35954716,Salling Group A/S,NETTO,Bjerggårds Allé 4,5240,Odense NØ,01/06 - 2001,,37
35954716,Salling Group A/S,NETTO,Faaborgvej 108-118,5250,Odense SV,01/06 - 2001,,40
35954716,Salling Group A/S,NETTO,Halvtolv 4,1436,København K,01/11 - 2001,,21
35954716,Salling Group A/S,Netto Svinninge,Hovedgaden 46,4520,Svinninge,01/03 - 2001,,28
35954716,Salling Group A/S,Netto Ærøskøbing,Vestre Allé 4,5970,Ærøskøbing,01/03 - 2002,,27
35954716,Salling Group A/S,FØTEX Hvidovre,Hvidovrevej 75-81,2650,Hvidovre,28/08 - 2002,,128
35954716,Salling Group A/S,NETTO Videbæk,Bredgade 40-42,6920,Videbæk,01/03 - 2002,,22
35954716,Salling Group A/S,FØTEX Ebeltoft,Ndr. Strandvej 12-14,8400,Ebeltoft,29/05 - 2002,,77
35954716,Salling Group A/S,NETTO,Østre Ringvej 2B,3700,Rønne,21/06 - 2002,,31
35954716,Salling Group A/S,FØTEX Frihedens Butikscenter,Strandmarksvej 20,2650,Hvidovre,30/10 - 2002,,198
35954716,Salling Group A/S,Netto,Plantagevej 42,6270,Tønder,01/01 - 2001,,18
35954716,Salling Group A/S,Netto,Priorensgade 73,5600,Faaborg,28/11 - 2002,,26
35954716,Salling Group A/S,FØTEX,Brønnersvej 1,5600,Faaborg,08/04 - 2003,,93
35954716,Salling Group A/S,FØTEX,Bredgade 12,6100,Haderslev,22/05 - 2003,,159
35954716,Salling Group A/S,FØTEX,Ølbycenter 24,4600,Køge,18/09 - 2003,,109
35954716,Salling Group A/S,NETTO,Hovedgaden 23,5853,Ørbæk,28/08 - 2003,,20
35954716,Salling Group A/S,NETTO,Viaduktvej 16,9400,Nørresundby,06/03 - 2003,,30
35954716,Salling Group A/S,Netto Gørlev,Algade 39,4281,Gørlev,10/04 - 2003,,26
35954716,Salling Group A/S,Netto,Brovejen 2,5500,Middelfart,01/01 - 2002,,30
35954716,Salling Group A/S,NETTO,Østergade 23-27,5580,Nørre Aaby,26/11 - 2003,,20
35954716,Salling Group A/S,Føtex,Amagerbrogade 290,2300,København S,16/03 - 2004,,103
35954716,Salling Group A/S,NETTO,Dyvelåsen 2-4,2765,Smørum,24/06 - 2003,,34
35954716,Salling Group A/S,NETTO,Udbyhøjvej 87,8930,Randers NØ,04/12 - 2003,,25
35954716,Salling Group A/S,NETTO,Stengårdsvej 2,6705,Esbjerg Ø,14/05 - 2003,,28
35954716,Salling Group A/S,NETTO,Fr. d. 7s Gade 30,6600,Vejen,13/11 - 2003,,30
35954716,Salling Group A/S,BILKA One Stop,Arne Jacobsens Allé 24,2300,København S,08/03 - 2004,,420
35954716,Salling Group A/S,NETTO,Axel Heides Gade 7C,2300,København S,12/11 - 2003,,16
35954716,Salling Group A/S,NETTO Holbæk Megacenter,Søagervej 2,4300,Holbæk,30/10 - 2003,,38
35954716,Salling Group A/S,NETTO,Bro Centervej 1,6440,Augustenborg,27/11 - 2003,,30
35954716,Salling Group A/S,FØTEX,Kalvøvej 2A,3600,Frederikssund,28/04 - 2004,,144
35954716,Salling Group A/S,NETTO,Blækhatten 11-13,5220,Odense SØ,28/04 - 2004,,30
35954716,Salling Group A/S,NETTO,Skous Gade 1,7620,Lemvig,12/05 - 2004,,27
35954716,Salling Group A/S,NETTO,Christmas Møllers Plads 3-5,2300,København S,22/04 - 2004,,16
35954716,Salling Group A/S,Netto Jægergårdsgade,Jægergårdsgade 64,8000,Aarhus C,16/06 - 2004,,41
35954716,Salling Group A/S,FØTEX,Moltkes Alle 1,6760,Ribe,29/09 - 2004,,96
35954716,Salling Group A/S,Netto,Skelagervej 301,9000,Aalborg,14/10 - 2004,,41
35954716,Salling Group A/S,Netto,Vodskovvej 31-33,9310,Vodskov,02/12 - 2004,,27
35954716,Salling Group A/S,NETTO,Østre Alle 66,4200,Slagelse,27/10 - 2004,,33
35954716,Salling Group A/S,FØTEX,Ro's Torv 41,4000,Roskilde,01/02 - 2005,,130
35954716,Salling Group A/S,Netto,Runevej 1,8210,Aarhus V,03/03 - 2005,,40
35954716,Salling Group A/S,Netto,Århusvej 102,8940,Randers SV,06/04 - 2005,,32
35954716,Salling Group A/S,Netto,Ole Rømers Vej 65,5700,Svendborg,16/06 - 2005,,49
35954716,Salling Group A/S,Netto,Dalvej 12-14,8450,Hammel,23/06 - 2005,,31
35954716,Salling Group A/S,Føtex,Vanløse Torv 1,2720,Vanløse,27/09 - 2005,,169
35954716,Salling Group A/S,FØTEX,Slangerupgade 50,3400,Hillerød,23/08 - 2005,,105
35954716,Salling Group A/S,NETTO,Hovedgaden 12-14,3320,Skævinge,10/08 - 2005,,23
35954716,Salling Group A/S,Netto,Roskildevej 274-276,2610,Rødovre,06/10 - 2005,,33
35954716,Salling Group A/S,NETTO,Sydhavnsvej 1,7700,Thisted,01/12 - 2005,,34
35954716,Salling Group A/S,NETTO,Amerika Plads 1,2100,København Ø,19/01 - 2006,,22
35954716,Salling Group A/S,FØTEX,Rødovre Centrum 198,2610,Rødovre,21/03 - 2006,,157
64806815,Sparekassen Danmark,VRÅ SPAREKASSE, 15,9999,Ukendt,06/02 - 1871,30/06 - 1964,
64806815,Sparekassen Danmark,Kaas Afdeling,Nørregade 1,9490,Pandrup,14/11 - 2012,05/10 - 2013,0
64806815,Sparekassen Danmark,Hurup Afdeling,Bryggerivej 10,7760,Hurup Thy,29/02 - 2012,05/10 - 2013,2-4
64806815,Sparekassen Danmark,Sjørring Afdeling,Vorupørvej 46,7700,Thisted,29/02 - 2012,05/10 - 2013,1
64806815,Sparekassen Danmark,Aalborg Syd Afdeling,Hobrovej 58,9000,Aalborg,01/01 - 2017,20/12 - 2018,0
64806815,Sparekassen Danmark,Hvidbjerg Afdeling,Nørregade 9,7790,Thyholm,29/02 - 2012,01/04 - 2021,3
64806815,Sparekassen Danmark,Saltum Afdeling,Tinghøjgade 12,9493,Saltum,14/11 - 2012,01/04 - 2021,1
64806815,Sparekassen Danmark,Vinderup Afdeling,Søndergade 3,7830,Vinderup,01/01 - 2017,01/04 - 2021,4
64806815,Sparekassen Danmark,Lem Afdeling,Vesterbrogade 24,7860,Spøttrup,01/01 - 2017,01/04 - 2021,5
64806815,Sparekassen Danmark,Vesterbro Afdeling,Vesterbro 65,9000,Aalborg,01/11 - 2019,01/05 - 2021,2
64806815,Sparekassen Danmark,Læsø Afdeling,Byrum Hovedgade 67,9940,Læsø,01/11 - 2019,01/04 - 2021,3
64806815,Sparekassen Danmark,Klokkerholm afdeling,Borgergade 19,9320,Hjallerup,15/04 - 2005,01/04 - 2021,2
64806815,Sparekassen Danmark,Lønstrup Afdeling,Strandvejen 62,9800,Hjørring,22/10 - 1979,01/04 - 2021,1
64806815,Sparekassen Danmark,Hundelev Afdeling,Vennebjergvej 7,9480,Løkken,22/10 - 1979,05/10 - 2013,5-9
64806815,Sparekassen Danmark,Poulstrup Afdeling,Hovedgaden 73,9760,Vrå,01/01 - 1992,28/02 - 2011,2-4
64806815,Sparekassen Danmark,Serritslev Afdeling,Syrenvej 21,9700,Brønderslev,16/09 - 1992,01/07 - 2011,
64806815,Sparekassen Danmark,SPAREKASSEN VENDSYSSEL,Bredgade 3,9700,Brønderslev,07/12 - 1995,31/12 - 2006,5-9
64806815,Sparekassen Danmark,Hørby afdeling,Hjørringvej 105,9300,Sæby,01/06 - 1999,05/10 - 2013,1
64806815,Sparekassen Danmark,Halvrimmen afdeling,Aalborgvej 8,9460,Brovst,01/01 - 2006,05/10 - 2013,2-4
64806815,Sparekassen Danmark,Tranum afdeling,Tranhøj 3,9460,Brovst,10/06 - 2009,01/10 - 2011,0
64806815,Sparekassen Danmark,Vestby afdeling,Maigårdsvej 2F,9900,Frederikshavn,05/05 - 2008,05/10 - 2013,1
64806815,Sparekassen Danmark,Skovgård Afdeling,Hovedgaden 19,9460,Brovst,01/01 - 2006,05/10 - 2013,1
64806815,Sparekassen Danmark,JERSLEV SPAREKASSE,Østergade 52A,9800,Hjørring,01/04 - 2006,09/11 - 2006,5-9
64806815,Sparekassen Danmark,Jerslev afdeling,Voldgade 11,9740,Jerslev J,18/07 - 1964,01/11 - 2022,1
64806815,Sparekassen Danmark,Erhverv Brønderslev,Peder Møllers Plads 5,9700,Brønderslev,20/05 - 2020,31/12 - 2023,7
64806815,Sparekassen Danmark,Erhverv Skive,Torvegade 8E,7800,Skive,01/01 - 2017,01/01 - 2024,1
64806815,Sparekassen Danmark,København afdeling,"Gammel Strand 42, 1",1202,København K,01/12 - 2006,,11
64806815,Sparekassen Danmark,Brovst Afdeling,Stationsvej 8,9460,Brovst,01/01 - 2006,,11
64806815,Sparekassen Danmark,Aabybro afdeling,Østergade 27,9440,Aabybro,01/01 - 2006,,14
64806815,Sparekassen Danmark,Sindal afdeling,Nørre Torv 11,9870,Sindal,15/08 - 2008,,9
64806815,Sparekassen Danmark,Ulsted afdeling,Jyllensgade 14,9370,Hals,10/02 - 2009,,7
64806815,Sparekassen Danmark,Bedsted Afdeling,Vestervigvej 79,7755,Bedsted Thy,29/02 - 2012,,7
64806815,Sparekassen Danmark,Lemvig Afdeling,Havnen 62,7620,Lemvig,29/02 - 2012,,6
64806815,Sparekassen Danmark,Struer Afdeling,Tegltorvet 1,7600,Struer,29/02 - 2012,,21
64806815,Sparekassen Danmark,Snedsted Afdeling,Hovedgaden 50,7752,Snedsted,29/02 - 2012,,5
64806815,Sparekassen Danmark,Aalborg Budolfi Plads Afdeling,Algade 42,9000,Aalborg,14/11 - 2012,,49
64806815,Sparekassen Danmark,Pandrup Afdeling,Bredgade 7,9490,Pandrup,14/11 - 2012,,51
64806815,Sparekassen Danmark,Aalborg Vest afdeling,Kastetvej 40,9000,Aalborg,01/08 - 2015,,13
64806815,Sparekassen Danmark,Hals afdeling,Torvet 1,9370,Hals,01/08 - 2015,,6
64806815,Sparekassen Danmark,Vester Hassing afdeling,Springvandspladsen 3,9310,Vodskov,01/08 - 2015,,7
64806815,Sparekassen Danmark,København Rådhuspladsen Afd.,"Rådhuspladsen 45-47, 4",1550,København V,20/02 - 2017,,19
64806815,Sparekassen Danmark,Mariager Afdeling,Østergade 6-8,9550,Mariager,01/03 - 2018,,10
64806815,Sparekassen Danmark,Tårs Afdeling,Halvej 14,9830,Tårs,01/08 - 2018,,5
64806815,Sparekassen Danmark,Dronninglund Afdeling,Slotsgade 42,9330,Dronninglund,01/11 - 2019,,22
64806815,Sparekassen Danmark,Hjallerup Afdeling,Søndergade 10A,9320,Hjallerup,01/11 - 2019,,8
64806815,Sparekassen Danmark,Analyse - Aalborg Syd,Hobrovej 412,9200,Aalborg SV,01/06 - 2020,,12
64806815,Sparekassen Danmark,Skive S Afdeling,Frederiksgade 6,7800,Skive,28/10 - 2020,,65
64806815,Sparekassen Danmark,Nykøbing Mors Afdeling,Algade 28,7900,Nykøbing M,28/10 - 2020,,11
64806815,Sparekassen Danmark,Viborg Afdeling,Hjultorvet 9,8800,Viborg,28/10 - 2020,,19
64806815,Sparekassen Danmark,Vinderup S Afdeling,Søndergade 30,7830,Vinderup,28/10 - 2020,,12
64806815,Sparekassen Danmark,Arden Afdeling,"Jernbanegade 1, st",9510,Arden,26/08 - 2021,,14
64806815,Sparekassen Danmark,Aalestrup Afdeling,Vestergade 28,9620,Aalestrup,26/08 - 2021,,8
64806815,Sparekassen Danmark,City Syd 2,Hobrovej 448B,9200,Aalborg SV,26/08 - 2021,,16
64806815,Sparekassen Danmark,Aarhus Frederiksbjerg Afdeling,Frederiks Allé 93,8000,Aarhus C,26/08 - 2021,,2
64806815,Sparekassen Danmark,Vejle Afdeling,"Havneparken 1, 1",7100,Vejle,26/08 - 2021,,19
64806815,Sparekassen Danmark,Viby Afdeling,Viby Torv 2,8260,Viby J,26/08 - 2021,,11
64806815,Sparekassen Danmark,København Afdeling,"Falkoner Alle 72A, 2",2000,Frederiksberg,26/08 - 2021,,16
64806815,Sparekassen Danmark,"Erhverv Aalborg, Eternitten",Tankedraget 5,9000,Aalborg,26/08 - 2021,,37
64806815,Sparekassen Danmark,Hadsund Afdeling,Bankpladsen 4,9560,Hadsund,26/08 - 2021,,13
64806815,Sparekassen Danmark,Skørping Afdeling,Jyllandsgade 19,9520,Skørping,26/08 - 2021,,11
64806815,Sparekassen Danmark,Gjerlev Afdeling,Hammergårdsvej 1,8983,Gjerlev J,26/08 - 2021,,8
64806815,Sparekassen Danmark,Privat Hobro Afdeling,Adelgade 27,9500,Hobro,26/08 - 2021,,181
64806815,Sparekassen Danmark,Nibe Afdeling,Toften 11,9240,Nibe,26/08 - 2021,,8
64806815,Sparekassen Danmark,Fredericia Afdeling,Danmarksgade 19,7000,Fredericia,26/08 - 2021,,7
64806815,Sparekassen Danmark,"Aars, Sparekassen Danmark af 1871",Markedsvej 5,9600,Aars,26/08 - 2021,,174
64806815,Sparekassen Danmark,Randers Østervold,Østervold 31,8900,Randers C,26/08 - 2021,,37
64806815,Sparekassen Danmark,Støvring Afdeling,Hobrovej 91,9530,Støvring,26/08 - 2021,,33
64806815,Sparekassen Danmark,Suldrup Afdeling,Hjedsbækvej 338,9541,Suldrup,26/08 - 2021,,11
64806815,Sparekassen Danmark,Løgstør Afdeling,Østerbrogade 26,9670,Løgstør,26/08 - 2021,,17
64806815,Sparekassen Danmark,Privat Aars Afdeling,Himmerlandsgade 74,9600,Aars,26/08 - 2021,,41
64806815,Sparekassen Danmark,Galten Afdeling,Søndergade 20,8464,Galten,26/08 - 2021,,8
64806815,Sparekassen Danmark,Odder Afdeling,Rådhusgade 5,8300,Odder,26/08 - 2021,,10
64806815,Sparekassen Danmark,Fjerritslev Afdeling,Østergade 11,9690,Fjerritslev,26/08 - 2021,,15
64806815,Sparekassen Danmark,København Amager Afd.,Amagerbrogade 67,2300,København S,01/10 - 2021,,23
64806815,Sparekassen Danmark,Aalborghus,Kollegievej 2G,9000,Aalborg,01/11 - 2021,,13
64806815,Sparekassen Danmark,Nørresundby,Brotorvet 4,9400,Nørresundby,01/02 - 2023,,15
64806815,Sparekassen Danmark,Odense N Afdeling,Rugårdsvej 244,5210,Odense NV,01/09 - 2023,,9
64806815,Sparekassen Danmark,Aarup Afdeling,Bredgade 95,5560,Aarup,01/09 - 2023,,41
64806815,Sparekassen Danmark,Odense C,Østre Stationsvej 41N,5000,Odense C,01/09 - 2023,,9
64806815,Sparekassen Danmark,Erhverv Odense og Odense M,"Cortex Park Vest 3, st. 1.",5230,Odense M,01/09 - 2023,,43
64806815,Sparekassen Danmark,Østerbro,Kristianiagade 7,2100,København Ø,01/01 - 2024,,51
64806815,Sparekassen Danmark,Vejgaard,Hadsundvej 27,9000,Aalborg,26/03 - 2024,,13
64806815,Sparekassen Danmark,Aarhus Åboulevarden,Åboulevarden 49C,8000,Aarhus C,01/06 - 2024,,43
64806815,Sparekassen Danmark,Erhverv Thy-Mors & Thisted,"Sydhavnsvej 5, 1",7700,Thisted,25/09 - 2024,,8
64806815,Sparekassen Danmark,Hornslet afdeling,Tingvej 10A,8543,Hornslet,01/04 - 2025,,6
64806815,Sparekassen Danmark,Grenaa afdeling,Østerbrogade 45,8500,Grenaa,01/04 - 2025,,18
64806815,Sparekassen Danmark,Randers SV afdeling,Århusvej 94,8940,Randers SV,01/04 - 2025,,23
64806815,Sparekassen Danmark,Ebeltoft afdeling,Jernbanegade 22B,8400,Ebeltoft,01/04 - 2025,,5
64806815,Sparekassen Danmark,Langå afdeling,Bredgade 10,8870,Langå,01/04 - 2025,,16
64806815,Sparekassen Danmark,Auning afdeling,Centervej 8,8963,Auning,01/04 - 2025,,9
64806815,Sparekassen Danmark,Fjerritslev afdeling,Søndergade 13,9690,Fjerritslev,01/01 - 2006,,1
64806815,Sparekassen Danmark,Hadsund Afdeling,Storegade 55-61,9560,Hadsund,01/03 - 2018,,1
64806815,Sparekassen Danmark,Hobro Afdeling,Adelgade 8,9500,Hobro,01/03 - 2018,,1
64806815,Sparekassen Danmark,Sparekassen Danmark Leasing,"Østergade 16, st. 1.",9760,Vrå,21/01 - 2020,,
64806815,Sparekassen Danmark,Aalborg Nytorv Afdeling,Østerågade 15,9000,Aalborg,26/08 - 2021,,1
64806815,Sparekassen Danmark,Mariager Afdeling,Egepladsen 2,9550,Mariager,26/08 - 2021,,1
64806815,Sparekassen Danmark,Erhverv Vest,Nupark 51,7500,Holstebro,16/03 - 2026,,
64806815,Sparekassen Danmark,Kongens Lyngby,"Gammel Lundtoftevej 48, st. tv.",2800,Kongens Lyngby,16/03 - 2026,,
64806815,Sparekassen Danmark,Backoffice Pension - Brønderslev,Peder Møllers Plads 5,9700,Brønderslev,01/03 - 2026,,
64806815,Sparekassen Danmark,Erhvervscenter Aarhus Afdeling,Frederiksgade 7,8000,Aarhus C,26/08 - 2021,,1
64806815,Sparekassen Danmark,Sparekassen Danmark,Østergade 15,9760,Vrå,02/07 - 1964,,231
64806815,Sparekassen Danmark,Hjørring Afdeling,Brinck Seidelins G 10,9800,Hjørring,01/12 - 1984,,53
64806815,Sparekassen Danmark,Brønderslev Afdeling,Albani Plads 1,9700,Brønderslev,21/11 - 1995,,24
64806815,Sparekassen Danmark,Sæby afdeling,Grønnegade 4,9300,Sæby,01/01 - 1999,,11
64806815,Sparekassen Danmark,Frederikshavn afdeling,Parallelvej 23,9900,Frederikshavn,01/12 - 2001,,36
64806815,Sparekassen Danmark,Skagen Afdeling,Sct. Laurentii Vej 33,9990,Skagen,01/06 - 2004,,15
64806815,Sparekassen Danmark,Hirtshals Afdeling,Jyllandsgade 14,9850,Hirtshals,01/01 - 2003,,16
48233511,Sweco Danmark A/S,CARL BRO A/S, 8,9999,Ukendt,05/10 - 1970,30/06 - 1996,
48233511,Sweco Danmark A/S,GRONTMIJA/S - Skagen,Sct. Laurentii Vej 99A,9990,Skagen,07/07 - 2008,30/08 - 2011,
48233511,Sweco Danmark A/S,GRONTMIJA/S - Frederikshavn,Silovej 8,9900,Frederikshavn,14/01 - 2009,28/02 - 2014,
48233511,Sweco Danmark A/S,CARL BRO A/S,Foldegade 33,7100,Vejle,01/01 - 1982,31/12 - 2003,1
48233511,Sweco Danmark A/S,CARL BRO A/S,Brandtsgade 30,4700,Næstved,01/07 - 2002,04/10 - 2006,2-4
48233511,Sweco Danmark A/S,GRONTMIJA/S - Esbjerg,"Skolegade 17, 1",6700,Esbjerg,01/01 - 2001,31/03 - 2014,5-9
48233511,Sweco Danmark A/S,CARL BRO A/S,Herstedøstervej 27,2620,Albertslund,29/12 - 1999,04/10 - 2006,1
48233511,Sweco Danmark A/S,CARL BRO A/S,Gasværksvej 24,9000,Aalborg,01/07 - 1985,04/10 - 2006,1
48233511,Sweco Danmark A/S,CARL BRO A/S,Runetoften 14,8210,Århus V,29/12 - 1999,31/12 - 2001,10-19
48233511,Sweco Danmark A/S,CARL BRO A/S,Skoleholmen 19,2670,Greve,01/01 - 1987,04/10 - 2006,1
48233511,Sweco Danmark A/S,GRONTMIJA/S - Skive,"Frederiksgade 9, 1",7800,Skive,01/07 - 2002,28/02 - 2014,0
48233511,Sweco Danmark A/S,CARL BRO A/S,Preislers Plads 4,8800,Viborg,01/01 - 1985,04/10 - 2006,1
48233511,Sweco Danmark A/S,CARL BRO A/S,Susåvænget 3,6710,Esbjerg V,01/07 - 1990,04/10 - 2006,5-9
48233511,Sweco Danmark A/S,CARL BRO A/S,Sofiendalsvej 94,9200,Aalborg SV,01/01 - 2002,04/10 - 2006,10-19
48233511,Sweco Danmark A/S,GRONTMIJ Carl Bro A/S - Herning,Rolighedsvej 30,7400,Herning,23/06 - 2004,05/01 - 2011,0
48233511,Sweco Danmark A/S,CARL BRO A/S,Fælledvej 3,8800,Viborg,01/01 - 1994,04/10 - 2006,20-49
48233511,Sweco Danmark A/S,CARL BRO A/S,Vestergade 3,8800,Viborg,29/12 - 1999,31/12 - 2001,10-19
48233511,Sweco Danmark A/S,CARL BRO A/S,Fuglesangsalle 16,6600,Vejen,01/01 - 2002,04/10 - 2006,10-19
48233511,Sweco Danmark A/S,CARL BRO A/S,Voldbjergvej 12,8240,Risskov,01/08 - 2002,01/06 - 2003,2-4
48233511,Sweco Danmark A/S,Sweco Danmark A/S,Strømgade 4,9800,Hjørring,07/07 - 2008,31/03 - 2016,0
48233511,Sweco Danmark A/S,CARL BRO A/S,Odensevej 25,5500,Middelfart,01/01 - 1994,04/10 - 2006,1
48233511,Sweco Danmark A/S,Sweco Danmark A/S,Kystvej 26,8500,Grenaa,01/01 - 1986,21/05 - 2019,0
48233511,Sweco Danmark A/S,CARL BRO A/S,Gasværksvej 37,7900,Nykøbing M,01/01 - 1986,31/12 - 1999,1
48233511,Sweco Danmark A/S,VINTHER BUUS INDUSTRIRÅDGIVNING V/ Carl Bro A/S,Herstedøstervej 27,2620,Albertslund,01/01 - 1990,31/12 - 2001,10-19
48233511,Sweco Danmark A/S,CARL BRO A/S,Klintehøj Vænge 19,3460,Birkerød,01/01 - 1988,31/12 - 2002,1
48233511,Sweco Danmark A/S,CARL BRO A/S,Sletten 2,8543,Hornslet,01/01 - 1988,30/06 - 2001,1
48233511,Sweco Danmark A/S,CARL BRO A/S,Sønderlandsgade 44,7500,Holstebro,01/01 - 1998,31/12 - 2003,1
48233511,Sweco Danmark A/S,CARL BRO A/S,Skibsværftsvej 4,4900,Nakskov,01/01 - 2003,04/10 - 2006,1
48233511,Sweco Danmark A/S,CARL BRO A/S,"Sct Mortens Gade 6, 1. th.",4700,Næstved,01/01 - 2002,04/10 - 2006,1
48233511,Sweco Danmark A/S,CARL BRO A/S,Godthåbsvej 2,8600,Silkeborg,01/07 - 1996,29/06 - 2000,2-4
48233511,Sweco Danmark A/S,CARL BRO A/S,Alsvej 6,5500,Middelfart,01/01 - 1988,31/12 - 2003,0
48233511,Sweco Danmark A/S,CARL BRO A/S,Hauser Plads 32,1127,København K,01/01 - 1991,31/12 - 2003,0
48233511,Sweco Danmark A/S,CARL BRO A/S,Industrivej 29,4230,Skælskør,01/01 - 1988,21/04 - 2004,10-19
48233511,Sweco Danmark A/S,CARL BRO A/S,Havnegade 47,6700,Esbjerg,29/12 - 1999,04/10 - 2006,2-4
48233511,Sweco Danmark A/S,CARL BRO A/S,Ølgodvej 5,9220,Aalborg Øst,01/01 - 1992,04/10 - 2006,1
48233511,Sweco Danmark A/S,CARL BRO A/S,Roskildevej 12B,3400,Hillerød,01/01 - 2001,04/10 - 2006,1
48233511,Sweco Danmark A/S,CARL BRO A/S,Torvestrædet 6,3450,Allerød,27/06 - 1977,31/12 - 2000,50-99
48233511,Sweco Danmark A/S,CARL BRO A/S,Vestergade 95,5000,Odense C,29/12 - 1999,31/12 - 2001,1
48233511,Sweco Danmark A/S,Grontmij A/S,Himmerlandsgade 110B,9600,Aars,02/09 - 2011,28/02 - 2012,0
48233511,Sweco Danmark A/S,Sweco Danmark A/S,Nupark 51,7500,Holstebro,01/01 - 2005,01/01 - 2017,0
48233511,Sweco Danmark A/S,Sweco Danmark A/S,"Bygmestervej 5, st. th.",2400,København NV,27/07 - 2018,31/12 - 2018,0
48233511,Sweco Danmark A/S,Sweco Danmark A/S,Ravnsborg Tværgade 3C,2200,København N,27/07 - 2018,31/12 - 2018,0
48233511,Sweco Danmark A/S,Sweco Danmark A/S,Storetorv 9A,6200,Aabenraa,27/06 - 1977,01/06 - 2021,2-4
48233511,Sweco Danmark A/S,Sweco Danmark A/S,Storegade 86,6100,Haderslev,01/01 - 1985,01/06 - 2021,1
48233511,Sweco Danmark A/S,Sweco Danmark A/S,Færgevej 2,3600,Frederikssund,01/01 - 1994,01/06 - 2021,0
48233511,Sweco Danmark A/S,Sweco Danmark A/S,"Havneholmen 21, 1",1561,København V,02/06 - 2020,08/07 - 2021,
48233511,Sweco Danmark A/S,Sweco Danmark A/S,Granskoven 8,2600,Glostrup,01/01 - 1981,01/06 - 2021,2
48233511,Sweco Danmark A/S,Sweco Danmark A/S,Dusager 12,8200,Aarhus N,01/01 - 1981,01/06 - 2021,98
48233511,Sweco Danmark A/S,Sweco Danmark A/S,Vævervej 7,8800,Viborg,01/09 - 2003,28/02 - 2022,22
48233511,Sweco Danmark A/S,Sweco Danmark A/S,"Ceresbyen 68B, st",8000,Aarhus C,27/07 - 2018,01/06 - 2021,17
48233511,Sweco Danmark A/S,Sweco Danmark A/S,Ryesgade 19C,2200,København N,01/03 - 2020,30/09 - 2022,
48233511,Sweco Danmark A/S,Sweco Danmark A/S,Randersvej 38,6700,Esbjerg,01/04 - 2014,24/02 - 2023,1
48233511,Sweco Danmark A/S,Sweco Danmark A/S,Jyllandsgade 30,6400,Sønderborg,01/01 - 2005,04/01 - 2024,5
48233511,Sweco Danmark A/S,Sweco Danmark A/S,Måde Industrivej 21,6705,Esbjerg Ø,24/02 - 2023,02/07 - 2024,
48233511,Sweco Danmark A/S,Sweco Danmark A/S,V Strandsbjerg 4A,6950,Ringkøbing,01/07 - 2023,31/08 - 2024,
48233511,Sweco Danmark A/S,Sweco Danmark A/S,"Europaplads 16, 1",8000,Aarhus C,26/04 - 2024,31/07 - 2025,33
48233511,Sweco Danmark A/S,Sweco Danmark A/S,"Klokkestøbervej 18, st",5230,Odense M,26/04 - 2024,31/07 - 2025,1
48233511,Sweco Danmark A/S,Sweco Danmark A/S,Maribovej 9,4960,Holeby,04/10 - 2006,31/01 - 2024,2
48233511,Sweco Danmark A/S,Sweco Danmark A/S,"Kirke Værløsevej 24, 1",3500,Værløse,01/10 - 2019,27/06 - 2024,1
48233511,Sweco Danmark A/S,Sweco Danmark A/S,Ndr.Ringgade 70A,4200,Slagelse,01/12 - 2021,18/09 - 2025,9
48233511,Sweco Danmark A/S,Sweco Danmark A/S,Dalgasgade 11,7400,Herning,27/07 - 2018,,35
48233511,Sweco Danmark A/S,Sweco Danmark A/S,"Papirfabrikken 24, 2",8600,Silkeborg,27/07 - 2018,,108
48233511,Sweco Danmark A/S,Sweco Danmark A/S,Ørestads Boulevard 41,2300,København S,20/07 - 2018,,970
48233511,Sweco Danmark A/S,Sweco Danmark A/S,Willemoesgade 13K,8200,Aarhus N,01/01 - 2021,,263
48233511,Sweco Danmark A/S,Sweco Danmark A/S,"Asmildklostervej 11, 2",8800,Viborg,01/03 - 2022,,19
48233511,Sweco Danmark A/S,Sweco Danmark A/S,Søvej 13B,3460,Birkerød,01/11 - 2022,,29
48233511,Sweco Danmark A/S,Sweco Danmark A/S,Torskekaj 1B,6700,Esbjerg,01/07 - 2023,,5
48233511,Sweco Danmark A/S,Sweco Danmark A/S,Nørre Havnegade 43,6400,Sønderborg,01/10 - 2023,,33
48233511,Sweco Danmark A/S,Sweco Danmark A/S,"Rabalderstræde 7, 3. 1.",4000,Roskilde,01/11 - 2023,,74
48233511,Sweco Danmark A/S,Sweco Danmark A/S,"Roms Hule 4, 4",7100,Vejle,01/03 - 2024,,25
48233511,Sweco Danmark A/S,Sweco Danmark A/S,"Kidnakken 11, 1",4930,Maribo,31/01 - 2024,,2
48233511,Sweco Danmark A/S,Sweco Danmark A/S,Kløvervej 26B,7190,Billund,26/04 - 2024,,2
48233511,Sweco Danmark A/S,Sweco Danmark A/S,Langmarksvej 34,8700,Horsens,26/04 - 2024,,68
48233511,Sweco Danmark A/S,Sweco Danmark A/S,Norgesvej 14,4200,Slagelse,17/09 - 2025,,9
48233511,Sweco Danmark A/S,Sweco Danmark A/S,"Torvegade 4, 3. tv.",5000,Odense C,01/11 - 2021,,
48233511,Sweco Danmark A/S,Sweco Danmark A/S,Kornmarksvej 21,2605,Brøndby,01/09 - 2022,,
48233511,Sweco Danmark A/S,Sweco Danmark A/S,"Nørrebrogade 45C, 3",2200,København N,02/06 - 2020,,
48233511,Sweco Danmark A/S,Sweco Danmark A/S,"Ørestads Boulevard 45, 4",2300,København S,01/03 - 2024,,
48233511,Sweco Danmark A/S,Sweco Danmark A/S,Lufthavnsboulevarden 10,2770,Kastrup,25/08 - 2025,,
48233511,Sweco Danmark A/S,Sweco Danmark A/S,Kokbjerg 5,6000,Kolding,01/01 - 1994,,115
48233511,Sweco Danmark A/S,Sweco Danmark A/S,Sofiendalsvej 94,9200,Aalborg SV,01/01 - 1981,,104
48233511,Sweco Danmark A/S,Sweco Danmark A/S,Skibhusvej 52A,5000,Odense C,01/07 - 1992,,93
12626509,AL Sydbank A/S,Løgumkloster,Storegade 13,6240,Løgumkloster,20/06 - 2013,18/12 - 2013,
12626509,AL Sydbank A/S,Toftlund,Søndergade 8,6520,Toftlund,20/06 - 2013,18/12 - 2013,
12626509,AL Sydbank A/S,SYDBANK A/S, 4,9999,Ukendt,02/01 - 1986,31/12 - 1988,
12626509,AL Sydbank A/S,Sydbank,Holmegaardsvej 1A,4684,Holmegaard,15/09 - 2014,13/05 - 2015,0
12626509,AL Sydbank A/S,Sydbank A/S,Rådhuscentret 27,6500,Vojens,27/11 - 2012,04/12 - 2015,0
12626509,AL Sydbank A/S,Sydbank,Algade 19,4660,Store Heddinge,15/09 - 2014,13/05 - 2015,0
12626509,AL Sydbank A/S,Skive afdeling,Østergade 15B,7800,Skive,14/06 - 2013,01/09 - 2015,2-4
12626509,AL Sydbank A/S,Sydbank A/S,Søndergade 8,6520,Toftlund,27/11 - 2012,01/06 - 2014,0
12626509,AL Sydbank A/S,Sydbank,Aasen 3,3730,Nexø,15/09 - 2014,09/10 - 2015,0
12626509,AL Sydbank A/S,Sydbank A/S,Storegade 13,6240,Løgumkloster,27/11 - 2012,01/06 - 2014,0
12626509,AL Sydbank A/S,Sydbank A/S,"Rådhustorvet 1, 2",3520,Farum,26/08 - 2013,31/10 - 2014,0
12626509,AL Sydbank A/S,Sydbank A/S,Adelgade 1,9500,Hobro,26/08 - 2013,01/01 - 2021,2
12626509,AL Sydbank A/S,Sydbank,Brogade 19,4600,Køge,01/03 - 2014,24/03 - 2021,18
12626509,AL Sydbank A/S,SYDBANK A/S,Sundgade 79,6320,Egernsund,01/01 - 1991,31/12 - 2004,2-4
12626509,AL Sydbank A/S,SYDBANK A/S,Storegade 12,6310,Broager,01/01 - 1991,01/12 - 2014,2-4
12626509,AL Sydbank A/S,SYDBANK A/S Munkeris Afd.,Hjallesevej 143,5230,Odense M,01/05 - 1994,07/12 - 2017,0
12626509,AL Sydbank A/S,SYDBANK A/S,Madevej 9,6200,Aabenraa,01/01 - 1991,12/11 - 1999,50-99
12626509,AL Sydbank A/S,SYDBANK A/S SUNDTORV AFD.,Chr M Østergaards Vej 1A,8700,Horsens,01/05 - 1994,29/02 - 2008,5-9
12626509,AL Sydbank A/S,SYDBANK A/S ØSTERBRO AFD,Østerbrogade 41,2100,København Ø,01/01 - 1991,30/06 - 2006,2-4
12626509,AL Sydbank A/S,SYDBANK A/S,Gl Jernbanevej 8,8763,Rask Mølle,01/05 - 1994,10/07 - 2003,2-4
12626509,AL Sydbank A/S,SYDBANK A/S,Vestergade 2B,6823,Ansager,01/01 - 1994,08/02 - 2002,0
12626509,AL Sydbank A/S,SYDBANK A/S,Hærvejen 41,6230,Rødekro,01/01 - 1991,01/02 - 2016,0
12626509,AL Sydbank A/S,SYDBANK A/S TÅSINGE AFD,Bregningevej 43,5700,Svendborg,01/01 - 1991,15/05 - 2014,0
12626509,AL Sydbank A/S,SYDBANK A/S KVÆRNDRUP AFD,Bøjdenvejen 2,5772,Kværndrup,01/01 - 1991,31/12 - 2004,2-4
12626509,AL Sydbank A/S,SYDBANK A/S,Apotekerbakken 20,8783,Hornsyld,01/05 - 1994,30/04 - 2014,0
12626509,AL Sydbank A/S,SYDBANK A/S Vamdrup / Lunderskov,Østergade 14,6580,Vamdrup,01/05 - 1994,19/03 - 2016,0
12626509,AL Sydbank A/S,SYDBANK A/S VIBY AFD.,Skanderborgvej 213,8260,Viby J,01/05 - 1994,01/05 - 2021,1
12626509,AL Sydbank A/S,SYDBANK A/S,Aftensang 4 th.,6040,Egtved,01/05 - 1994,19/09 - 2014,0
12626509,AL Sydbank A/S,SYDBANK A/S,Tingvej 15A,8543,Hornslet,01/01 - 1991,10/06 - 2016,0
12626509,AL Sydbank A/S,SYDBANK A/S,Nørregade 90A,6690,Gørding,01/01 - 1994,25/09 - 2012,0
12626509,AL Sydbank A/S,SYDBANK A/S,Vestergade 33,5000,Odense C,01/01 - 1982,07/12 - 2017,0
12626509,AL Sydbank A/S,SYDBANK A/S,Storegade 38,6780,Skærbæk,01/01 - 1991,01/02 - 2016,0
12626509,AL Sydbank A/S,SYDBANK A/S,Søren Frichs Vej 68,8230,Åbyhøj,01/01 - 1991,16/03 - 2009,2-4
12626509,AL Sydbank A/S,SYDBANK A/S,Torvet 5,7323,Give,01/05 - 1994,31/10 - 2014,5-9
12626509,AL Sydbank A/S,SYDBANK A/S,Storegade 31,6753,Agerbæk,01/01 - 1994,30/06 - 2006,2-4
12626509,AL Sydbank A/S,SYDBANK A/S KIPLEV AFD.,Skolegade 1,6200,Aabenraa,01/01 - 1991,31/08 - 2012,0
12626509,AL Sydbank A/S,SYDBANK A/S,Kystvejen 29,8000,Aarhus C,01/01 - 1991,30/11 - 2002,50-99
12626509,AL Sydbank A/S,SYDBANK A/S FRØSLEV AFD,Motorvejen 2,6330,Padborg,01/01 - 1991,31/12 - 2004,2-4
12626509,AL Sydbank A/S,SYDBANK A/S GUDERUP AFD.,Søndergade 1,6430,Nordborg,01/01 - 1991,28/06 - 2013,0
12626509,AL Sydbank A/S,SYDBANK A/S,Nørretorv 27,8700,Horsens,01/05 - 1994,16/10 - 2010,10-19
12626509,AL Sydbank A/S,SYDBANK A/S HJORDKÆR AFD.,Kirkegade 31,6230,Rødekro,01/01 - 1991,16/04 - 2008,1
12626509,AL Sydbank A/S,SYDBANK A/S BRØRUP AFD.,Nørregade 10,6650,Brørup,01/01 - 1994,13/12 - 2013,5-9
12626509,AL Sydbank A/S,SYDBANK A/S VARDE CENTRET / SDR.VARDE AFD.,Hjertingvej 17,6800,Varde,01/01 - 1994,30/06 - 2008,2-4
12626509,AL Sydbank A/S,SYDBANK A/S,Ringgade 177,6400,Sønderborg,01/01 - 1991,30/06 - 2010,5-9
12626509,AL Sydbank A/S,Sydbank A/S Kolding Storcenter,Skovvangen 42,6000,Kolding,01/05 - 1994,01/11 - 2012,5-9
12626509,AL Sydbank A/S,SYDBANK A/S HØRUPHAV AFD.,Østerbakken 1A,6470,Sydals,01/01 - 1991,24/08 - 2012,0
12626509,AL Sydbank A/S,SYDBANK A/S,Strandvejen 82,2900,Hellerup,01/05 - 1994,30/12 - 2021,4
12626509,AL Sydbank A/S,SYDBANK A/S SÆDDING CENTRET,Fyrvej 34,6710,Esbjerg V,01/01 - 1994,05/02 - 2010,5-9
12626509,AL Sydbank A/S,SYDBANK A/S OLLERUP AFD,Øster Skerningevej 2,5762,Vester Skerninge,01/01 - 1991,01/04 - 2010,2-4
12626509,AL Sydbank A/S,SYDBANK A/S,Flensborgvej 26,6340,Kruså,01/01 - 1991,21/12 - 2012,2-4
12626509,AL Sydbank A/S,SYDBANK A/S,Banegårdspladsen 9,8000,Aarhus C,01/01 - 1991,01/10 - 2015,1
12626509,AL Sydbank A/S,SYDBANK A/S TARP AFD.,Tarp Byvej 51,6715,Esbjerg N,01/01 - 1994,07/07 - 2000,10-19
12626509,AL Sydbank A/S,SYDBANK A/S,Kirkeplads 2,6200,Aabenraa,01/01 - 1991,30/06 - 2014,0
12626509,AL Sydbank A/S,SYDBANK A/S,Storegade 20,6640,Lunderskov,01/05 - 1994,28/01 - 2011,0
12626509,AL Sydbank A/S,SYDBANK A/S Nr. Lyndelse Afd.,Kærvej 4,5792,Årslev,22/10 - 1979,08/05 - 2013,0
12626509,AL Sydbank A/S,SYDBANK A/S ØSTRE AFD,Ørbækvej 1,5700,Svendborg,01/01 - 1991,29/11 - 2012,0
12626509,AL Sydbank A/S,SYDBANK A/S,Algade 49,5683,Haarby,01/05 - 1994,26/09 - 2014,2-4
12626509,AL Sydbank A/S,SYDBANK A/S,Skolegade 8,6280,Højer,01/01 - 1991,27/06 - 2008,2-4
12626509,AL Sydbank A/S,SYDBANK A/S VESTRE AFD.,Vestergade 49,7100,Vejle,01/05 - 1994,03/04 - 2009,5-9
12626509,AL Sydbank A/S,SYDBANK A/S,Bredgade 29,7160,Tørring,01/05 - 1994,01/08 - 2015,0
12626509,AL Sydbank A/S,SYDBANK A/S,Købmagergade 45,1150,København K,01/05 - 1994,31/12 - 2006,10-19
12626509,AL Sydbank A/S,SYDBANK A/S,Engvej 8,6372,Bylderup-Bov,01/01 - 1991,31/08 - 2012,0
12626509,AL Sydbank A/S,SYDBANK A/S JERNE AFD.,Jagtvej 45,6705,Esbjerg Ø,01/01 - 1994,31/03 - 2014,0
12626509,AL Sydbank A/S,SYDBANK A/S HOLSTED AFD,Storegade 53,6670,Holsted,01/01 - 1994,31/10 - 2003,0
12626509,AL Sydbank A/S,SYDBANK A/S,Vestergade 2,8723,Løsning,01/05 - 1994,15/11 - 2013,1
12626509,AL Sydbank A/S,SYDBANK A/S,Stationsvej 8,7300,Jelling,01/05 - 1994,31/10 - 2014,2-4
12626509,AL Sydbank A/S,SYDBANK A/S SØNDERPORT AFD.,Agtrupvej 2,6000,Kolding,01/05 - 1994,19/09 - 2014,1
12626509,AL Sydbank A/S,SYDBANK A/S FYNSHAV AFD,Toftevej 2,6440,Augustenborg,01/01 - 1991,31/12 - 2004,2-4
12626509,AL Sydbank A/S,SYDBANK A/S,Vestergade 25,6500,Vojens,01/01 - 1991,21/12 - 2012,1
12626509,AL Sydbank A/S,SYDBANK A/S,Storegade 49,6440,Augustenborg,01/01 - 1991,01/01 - 2016,2-4
12626509,AL Sydbank A/S,SYDBANK A/S LANGENÆS AFD,Skanderborgvej 16,8000,Århus C,01/01 - 1991,31/12 - 2004,2-4
12626509,AL Sydbank A/S,SYDBANK A/S TANDSLETAFD.,Mommarkvej 270,6470,Sydals,01/01 - 1991,30/06 - 2006,2-4
12626509,AL Sydbank A/S,SYDBANK A/S PBI,Torvet 2,6300,Gråsten,01/01 - 1991,31/12 - 2011,5-9
12626509,AL Sydbank A/S,SYDBANK A/S,Storegade 2,6261,Bredebro,01/01 - 1991,30/12 - 2010,2-4
12626509,AL Sydbank A/S,SYDBANK A/S LØJT KIRKEBY,Storegade 10,6200,Aabenraa,01/01 - 1991,29/10 - 2010,5-9
12626509,AL Sydbank A/S,SYDBANK A/S,Bredgade 3,8766,Nørre Snede,01/05 - 1994,31/12 - 2004,2-4
12626509,AL Sydbank A/S,SYDBANK A/S HJERTING AFD.,Hjerting Strandvej 16,6710,Esbjerg V,01/01 - 1994,01/04 - 2016,0
12626509,AL Sydbank A/S,SYDBANK A/S ULLERUP AFD.,Kirkepold 6,6400,Sønderborg,01/01 - 1991,26/06 - 2003,0
12626509,AL Sydbank A/S,SYDBANK A/S,Brystrupvej 1,6230,Rødekro,01/01 - 1991,07/07 - 2000,0
12626509,AL Sydbank A/S,SYDBANK A/S BOULEVARD AFD.,H.C. Andersens Boulevard 37,1553,København V,01/01 - 1991,31/05 - 2013,0
12626509,AL Sydbank A/S,SYDBANK A/S,Kærvej 2,6731,Tjæreborg,01/01 - 1994,07/02 - 2002,0
12626509,AL Sydbank A/S,SYDBANK A/S RUGKOBBELCENTRET,Farversmøllevej 12,6200,Aabenraa,01/01 - 1991,21/12 - 2012,5-9
12626509,AL Sydbank A/S,SYDBANK A/S FELSTED AFD.,Møgelmosevej 2,6200,Aabenraa,01/01 - 1991,22/06 - 2007,2-4
12626509,AL Sydbank A/S,SYDBANK A/S BOVRUP AFD,Kidingvej 2,6200,Aabenraa,01/01 - 1991,31/12 - 2001,2-4
12626509,AL Sydbank A/S,SYDBANK A/S TØNDER VEST AFD,Plantagevej 40,6270,Tønder,01/01 - 1991,21/12 - 2012,2-4
12626509,AL Sydbank A/S,SYDBANK A/S,Hovedgaden 23,6360,Tinglev,01/01 - 1991,01/02 - 2016,0
12626509,AL Sydbank A/S,SYDBANK A/S,Bredgade 8,8740,Brædstrup,01/05 - 1994,01/10 - 2015,1
12626509,AL Sydbank A/S,SYDBANK A/S,Vestergade 157,5700,Svendborg,01/01 - 1991,13/10 - 2000,0
12626509,AL Sydbank A/S,SYDBANK A/S DAGNÆS AFD.,Bjerrevej 95,8700,Horsens,01/05 - 1994,30/04 - 2014,0
12626509,AL Sydbank A/S,SYDBANK A/S TOFTERUP AFD.,Hovborgvej 48,7200,Grindsted,01/01 - 1994,23/12 - 2000,0
12626509,AL Sydbank A/S,SYDBANK A/S,Stationsvej 1,4241,Vemmelev,01/01 - 1981,12/12 - 2013,2-4
12626509,AL Sydbank A/S,SYDBANK A/S,Klosterbanken 1,4200,Slagelse,01/01 - 1993,11/06 - 2010,2-4
12626509,AL Sydbank A/S,SYDBANK A/S,Strandvejen 48,4200,Slagelse,01/01 - 1981,21/12 - 2012,5-9
12626509,AL Sydbank A/S,SYDBANK A/S VEJGAARD AFD.,Hadsundvej 41,9000,Aalborg,01/01 - 1994,15/05 - 2013,0
12626509,AL Sydbank A/S,SYDBANK A/S,Storegade 25,6862,Tistrup,01/01 - 1994,04/07 - 2014,0
12626509,AL Sydbank A/S,SYDBANK A/S,Kongensgade 74-76,5000,Odense C,01/01 - 1995,31/12 - 2001,5-9
12626509,AL Sydbank A/S,SYDBANK A/S,Skibhusvej 65,5000,Odense C,01/06 - 1997,11/06 - 2010,5-9
12626509,AL Sydbank A/S,SYDBANK A/S BLÅVAND AFD.,Blåvandvej 24,6857,Blåvand,01/01 - 1998,30/11 - 2008,1
12626509,AL Sydbank A/S,SYDBANK A/S SØNDRE AFD.,Koldingvej 144B,7100,Vejle,01/01 - 1998,31/12 - 2001,2-4
12626509,AL Sydbank A/S,SYDBANK A/S STRANDBYPLADS AFD.,Gl Færgevej 2,6700,Esbjerg,01/01 - 1998,29/02 - 2008,5-9
12626509,AL Sydbank A/S,SYDBANK A/S,Algade 9,4230,Skælskør,01/11 - 2000,09/10 - 2015,0
12626509,AL Sydbank A/S,SYDBANK A/S,Amagerbrogade 69,2300,København S,15/03 - 2011,30/12 - 2021,1
12626509,AL Sydbank A/S,SYDBANK A/S,Badstuevælen 4,2791,Dragør,04/04 - 2011,01/03 - 2019,0
12626509,AL Sydbank A/S,SYDBANK A/S,Jernbanegade 6,8800,Viborg,01/01 - 2004,31/12 - 2021,6
12626509,AL Sydbank A/S,SYDBANK A/S,Nørregade 54B,4600,Køge,01/04 - 2007,26/02 - 2014,0
12626509,AL Sydbank A/S,SYDBANK A/S,Lejrvejen 9,6330,Padborg,01/01 - 2006,31/05 - 2013,0
12626509,AL Sydbank A/S,Sydbank Landbrug,Hærvejen 41,6230,Rødekro,01/02 - 2016,31/12 - 2022,2
12626509,AL Sydbank A/S,Sydbank A/S,Saltebakken 29,9900,Frederikshavn,15/03 - 2021,28/04 - 2023,5
12626509,AL Sydbank A/S,SYDBANK A/S,Sct. Jacobsvej 15,2750,Ballerup,01/09 - 2006,,5
12626509,AL Sydbank A/S,Sydbank A/S,Greve Strandvej 3-5,2670,Greve,22/09 - 2008,,6
12626509,AL Sydbank A/S,SYDBANK A/S,Københavnsvej 9,4000,Roskilde,01/10 - 2008,,11
12626509,AL Sydbank A/S,Sydbank A/S,Hovedgaden 53,2970,Hørsholm,21/02 - 2011,,6
12626509,AL Sydbank A/S,Sydbank,Ahlgade 63,4300,Holbæk,15/09 - 2014,,6
12626509,AL Sydbank A/S,Sydbank,Lille Torv 1,3700,Rønne,15/09 - 2014,,9
12626509,AL Sydbank A/S,Sydbank A/S,Sdr. Boulevard 39-41,5000,Odense C,01/09 - 2017,,69
12626509,AL Sydbank A/S,SYDBANK A/S,Peberlyk 2,6200,Aabenraa,01/05 - 2018,,209
12626509,AL Sydbank A/S,SYDBANK A/S,Solbæk 7,6200,Aabenraa,01/06 - 2018,,52
12626509,AL Sydbank A/S,Sydbank A/S,Sct. Mathias Gade 25,8800,Viborg,01/01 - 2021,,6
12626509,AL Sydbank A/S,Sydbank A/S,Torvet 6,4600,Køge,01/01 - 2021,,13
12626509,AL Sydbank A/S,Sydbank A/S,Lyngbyvej 2,2100,København Ø,01/01 - 2021,,1
12626509,AL Sydbank A/S,Sydbank A/S,Vejlevej 24,7000,Fredericia,01/01 - 2021,,54
12626509,AL Sydbank A/S,Sydbank A/S,Midtermolen 7,2100,København Ø,01/01 - 2021,,2
12626509,AL Sydbank A/S,Sydbank A/S,Dronningensvej 6,5800,Nyborg,01/07 - 2021,,7
12626509,AL Sydbank A/S,Sydbank Direkte/Operations,"Stationsparken 25, 3",2600,Glostrup,01/12 - 2021,,45
12626509,AL Sydbank A/S,Sydbank Aalborg,Østre Havnegade 14,9000,Aalborg,05/09 - 2023,,14
12626509,AL Sydbank A/S,Sydbank A/S,Storegade 22,6270,Tønder,27/11 - 2012,,0
12626509,AL Sydbank A/S,Sydbank A/S,H.P. Hanssens Gade 21,6200,Aabenraa,27/03 - 2014,,0
12626509,AL Sydbank A/S,Sydbank A/S,Nygade 5,6200,Aabenraa,13/04 - 2015,,1
12626509,AL Sydbank A/S,Landbrugscenter Midt,"Gammelbro 28, st",7190,Billund,09/06 - 2015,,
12626509,AL Sydbank A/S,Sydbank A/S Kirkeplads,Kirkeplads 2,6200,Aabenraa,01/06 - 2017,,2
12626509,AL Sydbank A/S,AL Sydbank A/S - Ikast,Østergade 21,7430,Ikast,08/12 - 2025,,
12626509,AL Sydbank A/S,AL Sydbank A/S - Lemvig,Torvet 4,7620,Lemvig,08/12 - 2025,,
12626509,AL Sydbank A/S,AL Sydbank A/S - Forretningssupport Odense,"Nyborgvej 200D, 1",5220,Odense SØ,08/12 - 2025,,
12626509,AL Sydbank A/S,AL Sydbank A/S - Helsingør,Klostergade 1A,3000,Helsingør,08/12 - 2025,,
12626509,AL Sydbank A/S,AL Sydbank A/S - Frederikssund,Havnegade 18,3600,Frederikssund,08/12 - 2025,,
12626509,AL Sydbank A/S,AL Sydbank A/S - Gug,Gugvej 223,9210,Aalborg SØ,08/12 - 2025,,
12626509,AL Sydbank A/S,AL Sydbank A/S - Frederikshavn,"Silovej 8, st",9900,Frederikshavn,08/12 - 2025,,
12626509,AL Sydbank A/S,AL Sydbank A/S - Enghave Plads,Enghave Plads 5,1670,København V,08/12 - 2025,,
12626509,AL Sydbank A/S,AL Sydbank A/S - Herning,Østergade 44,7400,Herning,08/12 - 2025,,
12626509,AL Sydbank A/S,AL Sydbank A/S - Herlev,"Herlev Hovedgade 136, st",2730,Herlev,08/12 - 2025,,
12626509,AL Sydbank A/S,AL Sydbank A/S - Erhverv Midt,Runevej 2B,8210,Aarhus V,08/12 - 2025,,
12626509,AL Sydbank A/S,AL Sydbank A/S - Hillerød,Nordstensvej 2,3400,Hillerød,08/12 - 2025,,
12626509,AL Sydbank A/S,AL Sydbank A/S - Fredericia,Vejlevej 101,7000,Fredericia,08/12 - 2025,,
12626509,AL Sydbank A/S,AL Sydbank A/S - Dalum,Dalumvej 52,5250,Odense SV,08/12 - 2025,,
12626509,AL Sydbank A/S,AL Sydbank A/S - Esbjerg,Kongensgade 13,6700,Esbjerg,08/12 - 2025,,
12626509,AL Sydbank A/S,AL Sydbank A/S - Frederiksberg,Falkoner Alle 62,2000,Frederiksberg,08/12 - 2025,,
12626509,AL Sydbank A/S,AL Sydbank A/S - Holbæk,Smedelundsgade 16,4300,Holbæk,08/12 - 2025,,
12626509,AL Sydbank A/S,AL Sydbank A/S - Slagelse,Jernbanegade 2,4200,Slagelse,08/12 - 2025,,
12626509,AL Sydbank A/S,AL Sydbank A/S - Skive,Nørregade 34,7800,Skive,08/12 - 2025,,
12626509,AL Sydbank A/S,AL Sydbank A/S - Vejle,Havnegade 22A,7100,Vejle,08/12 - 2025,,
12626509,AL Sydbank A/S,AL Sydbank A/S - Sluseholmen,Sluseholmen 3,2450,København SV,08/12 - 2025,,
12626509,AL Sydbank A/S,AL Sydbank A/S - Seden,Svendsagervej 2A,5240,Odense NØ,08/12 - 2025,,
12626509,AL Sydbank A/S,AL Sydbank A/S - Odense,"Torvegade 3, st",5000,Odense C,08/12 - 2025,,
12626509,AL Sydbank A/S,AL Sydbank A/S - Svendborg,Voldgade 16,5700,Svendborg,08/12 - 2025,,
12626509,AL Sydbank A/S,AL Sydbank A/S - Silkeborg,Papirfabrikken 20B,8600,Silkeborg,08/12 - 2025,,
12626509,AL Sydbank A/S,AL Sydbank A/S - Skanderborg,Adelgade 78,8660,Skanderborg,08/12 - 2025,,
12626509,AL Sydbank A/S,AL Sydbank A/S - Randers,Østervold 18,8900,Randers C,08/12 - 2025,,
12626509,AL Sydbank A/S,AL Sydbank A/S - Roskilde,Algade 14,4000,Roskilde,08/12 - 2025,,
12626509,AL Sydbank A/S,AL Sydbank A/S - Stjernepladsen,Funch Thomsens Gade 2A,8200,Aarhus N,08/12 - 2025,,
12626509,AL Sydbank A/S,AL Sydbank A/S - Valby,Valby Langgade 136,2500,Valby,08/12 - 2025,,
12626509,AL Sydbank A/S,AL Sydbank A/S - Taastrup,Taastrup Hovedgade 75,2630,Taastrup,08/12 - 2025,,
12626509,AL Sydbank A/S,AL Sydbank A/S - Ringsted,Nørregade 25,4100,Ringsted,08/12 - 2025,,
12626509,AL Sydbank A/S,AL Sydbank A/S - Vestegnen,Hovedvejen 107,2600,Glostrup,08/12 - 2025,,
12626509,AL Sydbank A/S,AL Sydbank A/S - Brønshøj,Frederikssundsvej 160,2700,Brønshøj,08/12 - 2025,,
12626509,AL Sydbank A/S,AL Sydbank A/S - Åbyhøj,Silkeborgvej 228,8230,Åbyhøj,08/12 - 2025,,
12626509,AL Sydbank A/S,AL Sydbank A/S - Haderslev,Gravene 3,6100,Haderslev,08/12 - 2025,,
12626509,AL Sydbank A/S,AL Sydbank A/S - Viborg,"Vestervangsvej 4A, st",8800,Viborg,08/12 - 2025,,
12626509,AL Sydbank A/S,AL Sydbank A/S - Østerbro,Nordre Frihavnsgade 74,2100,København Ø,08/12 - 2025,,
12626509,AL Sydbank A/S,AL Sydbank A/S - Bornholm,Krystalgade 13,3700,Rønne,08/12 - 2025,,
12626509,AL Sydbank A/S,AL Sydbank A/S - Amagerbro,Amagerbrogade 60,2300,København S,08/12 - 2025,,
12626509,AL Sydbank A/S,AL Sydbank A/S - Aabenraa,H P Hanssens Gade 5,6200,Aabenraa,08/12 - 2025,,
12626509,AL Sydbank A/S,AL Sydbank A/S - Aalborg,Vingårdsgade 9,9000,Aalborg,08/12 - 2025,,
12626509,AL Sydbank A/S,AL Sydbank A/S - Sønderborg,Møllebakken 3,6400,Sønderborg,08/12 - 2025,,
12626509,AL Sydbank A/S,AL Sydbank A/S - Vanløse,Jernbane Allé 66,2720,Vanløse,08/12 - 2025,,
12626509,AL Sydbank A/S,AL Sydbank A/S - Ballerup,Centrumgaden 35,2750,Ballerup,08/12 - 2025,,
12626509,AL Sydbank A/S,AL Sydbank A/S - København 2,Nørre Voldgade 17,1358,København K,08/12 - 2025,,
12626509,AL Sydbank A/S,AL Sydbank A/S - Aarhus 2,Søndergade 15,8000,Aarhus C,08/12 - 2025,,
12626509,AL Sydbank A/S,AL Sydbank A/S - Dalgas Alle 1,Dalgas Alle 1,7400,Herning,08/12 - 2025,,
12626509,AL Sydbank A/S,AL Sydbank A/S - Holstebro,Vestergade 1,7500,Holstebro,08/12 - 2025,,
12626509,AL Sydbank A/S,AL Sydbank A/S - Skjern,Bredgade 38,6900,Skjern,08/12 - 2025,,
12626509,AL Sydbank A/S,AL Sydbank A/S - Kolding,Haderslevvej 121,6000,Kolding,08/12 - 2025,,
12626509,AL Sydbank A/S,AL Sydbank A/S - Struer,Vestergade 5,7600,Struer,08/12 - 2025,,
12626509,AL Sydbank A/S,AL Sydbank A/S - Grindsted,Borgergade 3,7200,Grindsted,08/12 - 2025,,
12626509,AL Sydbank A/S,AL Sydbank A/S - Herning,Dalgasgade 29B,7400,Herning,08/12 - 2025,,
12626509,AL Sydbank A/S,AL Sydbank A/S - Hovedkontoret Herning,Industrivej Syd 13C,7400,Herning,08/12 - 2025,,
12626509,AL Sydbank A/S,AL Sydbank A/S - Ringkøbing,Torvet 2,6950,Ringkøbing,08/12 - 2025,,
12626509,AL Sydbank A/S,AL Sydbank A/S - Vejle,Havnepladsen 2,7100,Vejle,08/12 - 2025,,
12626509,AL Sydbank A/S,AL Sydbank A/S - Juelsminde,Rousthøjs Alle 8,7130,Juelsminde,08/12 - 2025,,
12626509,AL Sydbank A/S,AL Sydbank A/S - Horsens,Løvenørnsgade 13,8700,Horsens,08/12 - 2025,,
12626509,AL Sydbank A/S,AL Sydbank A/S - Aarhus,Åboulevarden 67,8000,Aarhus C,08/12 - 2025,,
12626509,AL Sydbank A/S,AL Sydbank A/S - Randers,St. Voldgade 4,8900,Randers C,08/12 - 2025,,
12626509,AL Sydbank A/S,AL Sydbank A/S - Thyborøn,Bredgade 2,7680,Thyborøn,08/12 - 2025,,
12626509,AL Sydbank A/S,AL Sydbank A/S - Viborg,St. Sct. Peder Stræde 4,8800,Viborg,08/12 - 2025,,
12626509,AL Sydbank A/S,AL Sydbank A/S - Lyngby,Jernbanepladsen 14,2800,Kongens Lyngby,08/12 - 2025,,
12626509,AL Sydbank A/S,AL Sydbank A/S - Hadsten,Østergade 15,8370,Hadsten,08/12 - 2025,,
12626509,AL Sydbank A/S,AL Sydbank A/S - Næstved,Banegårdspladsen 1,4700,Næstved,08/12 - 2025,,
12626509,AL Sydbank A/S,AL Sydbank A/S - Esbjerg,Torvegade 8,6700,Esbjerg,08/12 - 2025,,
12626509,AL Sydbank A/S,AL Sydbank A/S - Nykøbing F,Langgade 32,4800,Nykøbing F,08/12 - 2025,,
12626509,AL Sydbank A/S,AL Sydbank A/S - Videbæk,Bredgade 38,6920,Videbæk,08/12 - 2025,,
12626509,AL Sydbank A/S,AL Sydbank A/S - Brande,Storegade 5,7330,Brande,08/12 - 2025,,
12626509,AL Sydbank A/S,AL Sydbank A/S - Nørrebro,Nørrebrogade 50,2200,København N,08/12 - 2025,,
12626509,AL Sydbank A/S,AL Sydbank A/S - Hvide Sande,Bredgade 4,6960,Hvide Sande,08/12 - 2025,,
12626509,AL Sydbank A/S,AL Sydbank A/S - Billund,Byens Plads 11,7190,Billund,08/12 - 2025,,
12626509,AL Sydbank A/S,AL Sydbank A/S - Nyborg,Strandvejen 1,5800,Nyborg,08/12 - 2025,,
12626509,AL Sydbank A/S,AL Sydbank A/S - Farsø,Nørregade 1,9640,Farsø,08/12 - 2025,,
12626509,AL Sydbank A/S,AL Sydbank A/S - Ølgod,Gartnerpassagen 4,6870,Ølgod,08/12 - 2025,,
12626509,AL Sydbank A/S,AL Sydbank A/S - Give,Nytorv 10,7323,Give,08/12 - 2025,,
12626509,AL Sydbank A/S,AL Sydbank A/S - Kastrup,Kastrupvej 201,2770,Kastrup,08/12 - 2025,,
12626509,AL Sydbank A/S,AL Sydbank A/S - Holstebro,Vestergade 6,7500,Holstebro,08/12 - 2025,,
12626509,AL Sydbank A/S,AL Sydbank A/S - Horsens,Søndergade 48,8700,Horsens,08/12 - 2025,,
12626509,AL Sydbank A/S,AL Sydbank A/S - Hjørring,Sct Olai Plads 2B,9800,Hjørring,08/12 - 2025,,
12626509,AL Sydbank A/S,AL Sydbank A/S - Højstrup,Rismarksvej 115,5210,Odense NV,08/12 - 2025,,
12626509,AL Sydbank A/S,AL Sydbank A/S - Kalundborg,Bredgade 55,4400,Kalundborg,08/12 - 2025,,
12626509,AL Sydbank A/S,AL Sydbank A/S - Køge,Lerbæk Torv 9,4600,Køge,08/12 - 2025,,
12626509,AL Sydbank A/S,AL Sydbank A/S - Kolding,Buen 1,6000,Kolding,08/12 - 2025,,
12626509,AL Sydbank A/S,SYDBANK A/S,Storgade 28,4180,Sorø,16/06 - 1997,,2
12626509,AL Sydbank A/S,SYDBANK A/S,Bredgade 32,6830,Nørre Nebel,01/01 - 1994,,0
12626509,AL Sydbank A/S,SYDBANK A/S ÆRØ AFD.,Kirkestræde 17,5960,Marstal,01/05 - 1994,,0
12626509,AL Sydbank A/S,SYDBANK A/S,Storegade 11,6430,Nordborg,01/01 - 1991,,1
12626509,AL Sydbank A/S,SYDBANK A/S RØDOVRE AFD,Damhustorvet 11,2610,Rødovre,01/01 - 1991,,0
12626509,AL Sydbank A/S,SYDBANK A/S,Vestergade 5,6840,Oksbøl,01/01 - 1994,,0
12626509,AL Sydbank A/S,SYDBANK A/S ØLGOD AFD.,Torvegade 11,6870,Ølgod,01/01 - 1994,,5
12626509,AL Sydbank A/S,SYDBANK A/S,Caspar Brands Plads 5,4220,Korsør,16/09 - 1995,,6
12626509,AL Sydbank A/S,SYDBANK A/S Dalum Afd.,Faaborgvej 106,5250,Odense SV,01/01 - 2000,,1
12626509,AL Sydbank A/S,SYDBANK A/S LYNGBY AFD,Jernbanevej 4,2800,Kgs. Lyngby,01/01 - 1991,,13
12626509,AL Sydbank A/S,SYDBANK A/S,Søndergade 18-20,8700,Horsens,01/01 - 1991,,48
12626509,AL Sydbank A/S,SYDBANK A/S,Rosenvangs Allé 184,8270,Højbjerg,01/05 - 1994,,7
12626509,AL Sydbank A/S,SYDBANK A/S FREDERIKSBERG AFD.,Gammel Kongevej 64,1850,Frederiksberg C,01/01 - 1991,,14
12626509,AL Sydbank A/S,SYDBANK A/S ESBJERG AFD.,Kongensgade 62,6700,Esbjerg,01/01 - 1994,,56
12626509,AL Sydbank A/S,SYDBANK A/S,Kirkegade 1,8900,Randers C,01/01 - 1991,,9
12626509,AL Sydbank A/S,SYDBANK A/S BILLUND AFD.,"Gammelbro 26, st",7190,Billund,01/01 - 1994,,17
12626509,AL Sydbank A/S,SYDBANK A/S,Møllegade 3,6330,Padborg,01/01 - 1991,,11
12626509,AL Sydbank A/S,SYDBANK A/S,"Østre Havnepromenade 26, st",9000,Aalborg,01/01 - 1991,,24
12626509,AL Sydbank A/S,SYDBANK A/S,Søndergade 5,6600,Vejen,01/01 - 1994,,10
12626509,AL Sydbank A/S,SYDBANK A/S,Bredgade 48,6900,Skjern,01/01 - 1994,,5
12626509,AL Sydbank A/S,SYDBANK A/S,"Vendersgade 74, st",7000,Fredericia,01/01 - 1991,,11
12626509,AL Sydbank A/S,AL Sydbank A/S,Peberlyk 4,6200,Aabenraa,01/01 - 1989,,629
12626509,AL Sydbank A/S,SYDBANK A/S,Vestergade 4,6800,Varde,01/01 - 1994,,13
12626509,AL Sydbank A/S,SYDBANK A/S,Hovedvejen 87,2600,Glostrup,01/01 - 1991,,16
12626509,AL Sydbank A/S,SYDBANK A/S,Store Torv 12,8000,Aarhus C,01/01 - 1991,,83
12626509,AL Sydbank A/S,SYDBANK A/S,Odelsgade 11A,7130,Juelsminde,01/05 - 1994,,4
12626509,AL Sydbank A/S,SYDBANK A/S,Nygade 17,6300,Gråsten,01/01 - 1991,,6
12626509,AL Sydbank A/S,AL SYDBANK A/S,Dalgasgade 22,7400,Herning,01/01 - 1991,,43
12626509,AL Sydbank A/S,SYDBANK A/S,Vesterbrogade 3,8722,Hedensted,01/05 - 1994,,5
12626509,AL Sydbank A/S,SYDBANK A/S,Storegade 28,6270,Tønder,01/01 - 1991,,18
12626509,AL Sydbank A/S,SYDBANK A/S,Storegade 5-7,6100,Haderslev,01/01 - 1991,,9
12626509,AL Sydbank A/S,SYDBANK A/S,Torvet 1,5600,Faaborg,01/05 - 1994,,8
12626509,AL Sydbank A/S,SYDBANK A/S,Saltgade 6,6760,Ribe,01/01 - 1994,,4
12626509,AL Sydbank A/S,SYDBANK A/S VEJLBY - RISSKOV AFD.,Lystrupvej 4,8240,Risskov,01/05 - 1994,,7
12626509,AL Sydbank A/S,SYDBANK A/S,Jernbanegade 35,6400,Sønderborg,01/01 - 1991,,38
12626509,AL Sydbank A/S,SYDBANK A/S,Klosterplads 2,5700,Svendborg,01/01 - 1991,,25
12626509,AL Sydbank A/S,SYDBANK A/S,Kirketorvet 4,7100,Vejle,01/01 - 1991,,65
12626509,AL Sydbank A/S,SYDBANK A/S,Kolding Åpark 8B,6000,Kolding,01/01 - 1991,,46
12626509,AL Sydbank A/S,SYDBANK A/S,Storegade 18,6200,Aabenraa,01/01 - 1991,,116
12626509,AL Sydbank A/S,SYDBANK A/S KONGENS NYTORV AFD,Kongens Nytorv 30,1050,København K,01/01 - 1991,,82
12626509,AL Sydbank A/S,SYDBANK A/S GJESING AFD.,Gl Vardevej 183,6715,Esbjerg N,01/01 - 1994,,8
12626509,AL Sydbank A/S,SYDBANK A/S,Torvet 1,7330,Brande,01/05 - 1994,,4
12626509,AL Sydbank A/S,SYDBANK A/S GRINDSTED AFD,Jernbanegade 1,7200,Grindsted,01/01 - 1994,,6
12626509,AL Sydbank A/S,SYDBANK A/S Tarup Afd.,Rugårdsvej 176,5210,Odense NV,22/10 - 1979,,9
12626509,AL Sydbank A/S,SYDBANK A/S,Schweizerpladsen 1A,4200,Slagelse,01/01 - 1981,,54
12626509,AL Sydbank A/S,SYDBANK A/S,Storegade 30,6740,Bramming,01/01 - 1994,,6
12626509,AL Sydbank A/S,SYDBANK A/S,Ole Lund Kirkegaards Stræde 3,8660,Skanderborg,11/04 - 2002,,5
12626509,AL Sydbank A/S,SYDBANK A/S,Søndergade 25,8600,Silkeborg,15/08 - 2001,,9
12626509,AL Sydbank A/S,SYDBANK A/S,Tinggade 8,4100,Ringsted,01/01 - 2002,,8
12626509,AL Sydbank A/S,SYDBANK A/S,Axeltorv 4,4700,Næstved,01/01 - 2002,,54
12626509,AL Sydbank A/S,SYDBANK A/S,Nygade 15,7500,Holstebro,01/09 - 2003,,3
12626509,AL Sydbank A/S,SYDBANK A/S,Søndre Jernbanevej 18C,3400,Hillerød,01/01 - 2004,,17
28511809,T&W Medical A/S,T&W Medical A/S,Nymøllevej 6,3540,Lynge,22/03 - 2005,,21
40075291,TDC Brands A/S,Nuuday,Torvet 9,8500,Grenaa,01/06 - 2019,30/09 - 2021,2-4
40075291,TDC Brands A/S,Nuuday,Algade 8,9000,Aalborg,01/06 - 2019,30/09 - 2021,4
40075291,TDC Brands A/S,Nuuday,Vadstrupvej 77,2880,Bagsværd,01/05 - 2020,30/09 - 2021,1
40075291,TDC Brands A/S,Nuuday,Øllegårdsvej 3,8260,Viby J,01/05 - 2020,30/09 - 2021,1
40075291,TDC Brands A/S,Nuuday,Unionsvej 10,4600,Køge,01/05 - 2020,30/09 - 2021,1
40075291,TDC Brands A/S,Nuuday,Gøteborgvej 6,9200,Aalborg SV,01/05 - 2020,30/09 - 2021,1
40075291,TDC Brands A/S,Nuuday,Industrivej Syd 13B,7400,Herning,01/05 - 2020,30/09 - 2021,1
40075291,TDC Brands A/S,Nuuday,Københavnsvej 130,4000,Roskilde,01/05 - 2020,30/09 - 2021,2
40075291,TDC Brands A/S,Nuuday,Agtrupvej 2,6000,Kolding,01/05 - 2020,30/09 - 2021,1
40075291,TDC Brands A/S,Nuuday,Ved Faurgården 3,4300,Holbæk,01/09 - 2020,30/09 - 2021,1
40075291,TDC Brands A/S,TDC Brands A/S,Teglholmsgade 1,2450,København SV,07/12 - 2018,,1214
40075291,TDC Brands A/S,Nuuday,Ahlgade 25,4300,Holbæk,01/06 - 2019,,7
40075291,TDC Brands A/S,Nuuday,Næstved Storcenter 1,4700,Næstved,01/06 - 2019,,8
40075291,TDC Brands A/S,Nuuday,Skovvangen 42,6000,Kolding,01/06 - 2019,,13
40075291,TDC Brands A/S,Nuuday,Skjoldsgade 49,6700,Esbjerg,01/06 - 2019,,1
40075291,TDC Brands A/S,Nuuday,Nygade 5,6200,Aabenraa,01/06 - 2019,,1
40075291,TDC Brands A/S,Nuuday,Ramsherred 37A,6200,Aabenraa,01/06 - 2019,,8
40075291,TDC Brands A/S,Nuuday,Klampenborgvej 244C,2800,Kongens Lyngby,01/06 - 2019,,20
40075291,TDC Brands A/S,Nuuday,Reberbanegade 3,2300,København S,01/06 - 2019,,7
40075291,TDC Brands A/S,Nuuday,Sct. Mathias Gade 27,8800,Viborg,01/06 - 2019,,8
40075291,TDC Brands A/S,Nuuday,Over Bølgen 8,2670,Greve,01/06 - 2019,,10
40075291,TDC Brands A/S,Nuuday,Nørregade 7,7500,Holstebro,01/06 - 2019,,8
40075291,TDC Brands A/S,Nuuday,"Merkurvej 1C, st. 70.",7400,Herning,01/06 - 2019,,10
40075291,TDC Brands A/S,Nuuday,"Rødovre Centrum 1G, st. 51.",2610,Rødovre,01/06 - 2019,,15
40075291,TDC Brands A/S,Nuuday,Nytorv 18,9000,Aalborg,01/06 - 2019,,3
40075291,TDC Brands A/S,Nuuday,Klostergade 25,6000,Kolding,01/06 - 2019,,44
40075291,TDC Brands A/S,Nuuday,Ellegårdvej 23A,6400,Sønderborg,01/06 - 2019,,102
40075291,TDC Brands A/S,Nuuday,Bispegade 7,6100,Haderslev,01/06 - 2019,,6
40075291,TDC Brands A/S,Nuuday,Arne Jacobsens Allé 12,2300,København S,01/06 - 2019,,9
40075291,TDC Brands A/S,Nuuday,Brødregade 11,8900,Randers C,01/06 - 2019,,9
40075291,TDC Brands A/S,Nuuday,Finlandsgade 17,8200,Aarhus N,01/06 - 2019,,14
40075291,TDC Brands A/S,Nuuday,Falkoner Alle 3,2000,Frederiksberg,01/06 - 2019,,11
40075291,TDC Brands A/S,Nuuday,"Datavej 10, st",5220,Odense SØ,01/06 - 2019,,3
40075291,TDC Brands A/S,Nuuday,Exnersgade 18,6700,Esbjerg,01/06 - 2019,,10
40075291,TDC Brands A/S,Nuuday,Danmarksgade 78,9900,Frederikshavn,01/06 - 2019,,6
40075291,TDC Brands A/S,Nuuday,"Jernbanegade 15A, st",4800,Nykøbing F,01/06 - 2019,,7
40075291,TDC Brands A/S,Nuuday,Hobrovej 452,9200,Aalborg SV,01/06 - 2019,,13
40075291,TDC Brands A/S,Nuuday,Stengade 21,3000,Helsingør,01/06 - 2019,,8
40075291,TDC Brands A/S,Nuuday,Ørbækvej 75,5220,Odense SØ,01/06 - 2019,,16
40075291,TDC Brands A/S,Nuuday,Søndergade 7A,8600,Silkeborg,01/06 - 2019,,6
40075291,TDC Brands A/S,Nuuday,Vestsjællandscentret 10A,4200,Slagelse,01/06 - 2019,,9
40075291,TDC Brands A/S,Nuuday,Søndergade 40,8000,Aarhus C,01/06 - 2019,,10
40075291,TDC Brands A/S,Nuuday,Søndergade 25,8700,Horsens,01/06 - 2019,,6
40075291,TDC Brands A/S,Nuuday,Vranderupvej 214,6640,Lunderskov,01/06 - 2019,,6
40075291,TDC Brands A/S,Nuuday,Sletvej 30,8310,Tranbjerg J,01/06 - 2019,,1071
40075291,TDC Brands A/S,Nuuday,Vestergade 22C,7700,Thisted,01/06 - 2019,,8
40075291,TDC Brands A/S,Nuuday,Slotsarkaderne 34,3400,Hillerød,01/06 - 2019,,21
40075291,TDC Brands A/S,Nuuday,Klingenberg 16,5000,Odense C,01/06 - 2019,,290
40075291,TDC Brands A/S,Nuuday,Ballerup-Centret 2,2750,Ballerup,01/06 - 2019,,10
40075291,TDC Brands A/S,Nuuday,"Nørregade 1B, st. mf.",4600,Køge,01/06 - 2019,,8
40075291,TDC Brands A/S,Nuuday,Møllergade 18,5700,Svendborg,01/06 - 2019,,6
40075291,TDC Brands A/S,Nuuday,Kastanie Alle 3,6400,Sønderborg,01/06 - 2019,,6
40075291,TDC Brands A/S,Nuuday,Munkemøllestræde 6,5000,Odense C,01/10 - 2020,,1
40075291,TDC Brands A/S,Nuuday,Holsbjergvej 18,2620,Albertslund,01/10 - 2022,,9
40075291,TDC Brands A/S,Nuuday,Bisgårdgade 11,7500,Holstebro,01/10 - 2022,,1
40075291,TDC Brands A/S,Nuuday,Ølgodvej 3,9220,Aalborg Øst,01/10 - 2022,,2
40075291,TDC Brands A/S,Nuuday,Københavnsvej 29,4000,Roskilde,01/11 - 2023,,11
40075291,TDC Brands A/S,Nuuday,Søndergade 8,7100,Vejle,01/11 - 2024,,8
40075291,TDC Brands A/S,Nuuday,Store Torv 11,3700,Rønne,01/06 - 2019,,1
40075291,TDC Brands A/S,Nuuday,Østergade 22,9800,Hjørring,01/06 - 2019,,5
40075291,TDC Brands A/S,Nuuday,Telegade 1,2630,Taastrup,01/06 - 2019,,
40075291,TDC Brands A/S,Nuuday,Østergade 4,6400,Sønderborg,01/06 - 2019,,1
40075291,TDC Brands A/S,Nuuday,Danmarksgade 17B,7000,Fredericia,01/06 - 2019,,1
40075291,TDC Brands A/S,Nuuday,Algade 11,4000,Roskilde,01/06 - 2019,,1
40075291,TDC Brands A/S,Nuuday,"Sædding Strandvej 61, 1",6710,Esbjerg V,01/05 - 2020,,1
40075291,TDC Brands A/S,Nuuday,Ramsherred 37A,6200,Aabenraa,01/09 - 2020,,1
40075291,TDC Brands A/S,Nuuday,Vestre Gade 6A,2605,Brøndby,01/09 - 2021,,
40075291,TDC Brands A/S,Nuuday,Teglværksgade 18,2100,København Ø,01/01 - 2021,,1
40075291,TDC Brands A/S,Nuuday,Vestsjællandscentret 10A,4200,Slagelse,01/10 - 2022,,1
40075291,TDC Brands A/S,Nuuday,Borups Allé 43,2200,København N,01/06 - 2019,,1
40075291,TDC Brands A/S,Nuuday,Kalvebod Brygge 59,1560,København V,01/06 - 2019,,1
40075291,TDC Brands A/S,Nuuday,Søndergade 8,7100,Vejle,01/06 - 2019,,1
40075291,TDC Brands A/S,Nuuday,Telegade 2,2630,Taastrup,01/06 - 2019,,1
40075291,TDC Brands A/S,Nuuday,Adelgade 10,7800,Skive,01/06 - 2019,,6
40075291,TDC Brands A/S,Nuuday,Vestergade 70,5000,Odense C,01/06 - 2019,,1
40075291,TDC Brands A/S,Nuuday,Frederiksborggade 5,1360,København K,01/06 - 2019,,1
40075291,TDC Brands A/S,Nuuday,Torvet 9,8500,Grenaa,01/06 - 2019,30/09 - 2021,2-4
40075291,TDC Brands A/S,Nuuday,Algade 8,9000,Aalborg,01/06 - 2019,30/09 - 2021,4
40075291,TDC Brands A/S,Nuuday,Vadstrupvej 77,2880,Bagsværd,01/05 - 2020,30/09 - 2021,1
40075291,TDC Brands A/S,Nuuday,Øllegårdsvej 3,8260,Viby J,01/05 - 2020,30/09 - 2021,1
40075291,TDC Brands A/S,Nuuday,Unionsvej 10,4600,Køge,01/05 - 2020,30/09 - 2021,1
40075291,TDC Brands A/S,Nuuday,Gøteborgvej 6,9200,Aalborg SV,01/05 - 2020,30/09 - 2021,1
40075291,TDC Brands A/S,Nuuday,Industrivej Syd 13B,7400,Herning,01/05 - 2020,30/09 - 2021,1
40075291,TDC Brands A/S,Nuuday,Københavnsvej 130,4000,Roskilde,01/05 - 2020,30/09 - 2021,2
40075291,TDC Brands A/S,Nuuday,Agtrupvej 2,6000,Kolding,01/05 - 2020,30/09 - 2021,1
40075291,TDC Brands A/S,Nuuday,Ved Faurgården 3,4300,Holbæk,01/09 - 2020,30/09 - 2021,1
40075291,TDC Brands A/S,TDC Brands A/S,Teglholmsgade 1,2450,København SV,07/12 - 2018,,1214
40075291,TDC Brands A/S,Nuuday,Ahlgade 25,4300,Holbæk,01/06 - 2019,,7
40075291,TDC Brands A/S,Nuuday,Næstved Storcenter 1,4700,Næstved,01/06 - 2019,,8
40075291,TDC Brands A/S,Nuuday,Skovvangen 42,6000,Kolding,01/06 - 2019,,13
40075291,TDC Brands A/S,Nuuday,Skjoldsgade 49,6700,Esbjerg,01/06 - 2019,,1
40075291,TDC Brands A/S,Nuuday,Nygade 5,6200,Aabenraa,01/06 - 2019,,1
40075291,TDC Brands A/S,Nuuday,Ramsherred 37A,6200,Aabenraa,01/06 - 2019,,8
40075291,TDC Brands A/S,Nuuday,Klampenborgvej 244C,2800,Kongens Lyngby,01/06 - 2019,,20
40075291,TDC Brands A/S,Nuuday,Reberbanegade 3,2300,København S,01/06 - 2019,,7
40075291,TDC Brands A/S,Nuuday,Sct. Mathias Gade 27,8800,Viborg,01/06 - 2019,,8
40075291,TDC Brands A/S,Nuuday,Over Bølgen 8,2670,Greve,01/06 - 2019,,10
40075291,TDC Brands A/S,Nuuday,Nørregade 7,7500,Holstebro,01/06 - 2019,,8
40075291,TDC Brands A/S,Nuuday,"Merkurvej 1C, st. 70.",7400,Herning,01/06 - 2019,,10
40075291,TDC Brands A/S,Nuuday,"Rødovre Centrum 1G, st. 51.",2610,Rødovre,01/06 - 2019,,15
40075291,TDC Brands A/S,Nuuday,Nytorv 18,9000,Aalborg,01/06 - 2019,,3
40075291,TDC Brands A/S,Nuuday,Klostergade 25,6000,Kolding,01/06 - 2019,,44
40075291,TDC Brands A/S,Nuuday,Ellegårdvej 23A,6400,Sønderborg,01/06 - 2019,,102
40075291,TDC Brands A/S,Nuuday,Bispegade 7,6100,Haderslev,01/06 - 2019,,6
40075291,TDC Brands A/S,Nuuday,Arne Jacobsens Allé 12,2300,København S,01/06 - 2019,,9
40075291,TDC Brands A/S,Nuuday,Brødregade 11,8900,Randers C,01/06 - 2019,,9
40075291,TDC Brands A/S,Nuuday,Finlandsgade 17,8200,Aarhus N,01/06 - 2019,,14
40075291,TDC Brands A/S,Nuuday,Falkoner Alle 3,2000,Frederiksberg,01/06 - 2019,,11
40075291,TDC Brands A/S,Nuuday,"Datavej 10, st",5220,Odense SØ,01/06 - 2019,,3
40075291,TDC Brands A/S,Nuuday,Exnersgade 18,6700,Esbjerg,01/06 - 2019,,10
40075291,TDC Brands A/S,Nuuday,Danmarksgade 78,9900,Frederikshavn,01/06 - 2019,,6
40075291,TDC Brands A/S,Nuuday,"Jernbanegade 15A, st",4800,Nykøbing F,01/06 - 2019,,7
40075291,TDC Brands A/S,Nuuday,Hobrovej 452,9200,Aalborg SV,01/06 - 2019,,13
40075291,TDC Brands A/S,Nuuday,Stengade 21,3000,Helsingør,01/06 - 2019,,8
40075291,TDC Brands A/S,Nuuday,Ørbækvej 75,5220,Odense SØ,01/06 - 2019,,16
40075291,TDC Brands A/S,Nuuday,Søndergade 7A,8600,Silkeborg,01/06 - 2019,,6
40075291,TDC Brands A/S,Nuuday,Vestsjællandscentret 10A,4200,Slagelse,01/06 - 2019,,9
40075291,TDC Brands A/S,Nuuday,Søndergade 40,8000,Aarhus C,01/06 - 2019,,10
40075291,TDC Brands A/S,Nuuday,Søndergade 25,8700,Horsens,01/06 - 2019,,6
40075291,TDC Brands A/S,Nuuday,Vranderupvej 214,6640,Lunderskov,01/06 - 2019,,6
40075291,TDC Brands A/S,Nuuday,Sletvej 30,8310,Tranbjerg J,01/06 - 2019,,1071
40075291,TDC Brands A/S,Nuuday,Vestergade 22C,7700,Thisted,01/06 - 2019,,8
40075291,TDC Brands A/S,Nuuday,Slotsarkaderne 34,3400,Hillerød,01/06 - 2019,,21
40075291,TDC Brands A/S,Nuuday,Klingenberg 16,5000,Odense C,01/06 - 2019,,290
40075291,TDC Brands A/S,Nuuday,Ballerup-Centret 2,2750,Ballerup,01/06 - 2019,,10
40075291,TDC Brands A/S,Nuuday,"Nørregade 1B, st. mf.",4600,Køge,01/06 - 2019,,8
40075291,TDC Brands A/S,Nuuday,Møllergade 18,5700,Svendborg,01/06 - 2019,,6
40075291,TDC Brands A/S,Nuuday,Kastanie Alle 3,6400,Sønderborg,01/06 - 2019,,6
40075291,TDC Brands A/S,Nuuday,Munkemøllestræde 6,5000,Odense C,01/10 - 2020,,1
40075291,TDC Brands A/S,Nuuday,Holsbjergvej 18,2620,Albertslund,01/10 - 2022,,9
40075291,TDC Brands A/S,Nuuday,Bisgårdgade 11,7500,Holstebro,01/10 - 2022,,1
40075291,TDC Brands A/S,Nuuday,Ølgodvej 3,9220,Aalborg Øst,01/10 - 2022,,2
40075291,TDC Brands A/S,Nuuday,Københavnsvej 29,4000,Roskilde,01/11 - 2023,,11
40075291,TDC Brands A/S,Nuuday,Søndergade 8,7100,Vejle,01/11 - 2024,,8
40075291,TDC Brands A/S,Nuuday,Store Torv 11,3700,Rønne,01/06 - 2019,,1
40075291,TDC Brands A/S,Nuuday,Østergade 22,9800,Hjørring,01/06 - 2019,,5
40075291,TDC Brands A/S,Nuuday,Telegade 1,2630,Taastrup,01/06 - 2019,,
40075291,TDC Brands A/S,Nuuday,Østergade 4,6400,Sønderborg,01/06 - 2019,,1
40075291,TDC Brands A/S,Nuuday,Danmarksgade 17B,7000,Fredericia,01/06 - 2019,,1
40075291,TDC Brands A/S,Nuuday,Algade 11,4000,Roskilde,01/06 - 2019,,1
40075291,TDC Brands A/S,Nuuday,"Sædding Strandvej 61, 1",6710,Esbjerg V,01/05 - 2020,,1
40075291,TDC Brands A/S,Nuuday,Ramsherred 37A,6200,Aabenraa,01/09 - 2020,,1
40075291,TDC Brands A/S,Nuuday,Vestre Gade 6A,2605,Brøndby,01/09 - 2021,,
40075291,TDC Brands A/S,Nuuday,Teglværksgade 18,2100,København Ø,01/01 - 2021,,1
40075291,TDC Brands A/S,Nuuday,Vestsjællandscentret 10A,4200,Slagelse,01/10 - 2022,,1
40075291,TDC Brands A/S,Nuuday,Borups Allé 43,2200,København N,01/06 - 2019,,1
40075291,TDC Brands A/S,Nuuday,Kalvebod Brygge 59,1560,København V,01/06 - 2019,,1
40075291,TDC Brands A/S,Nuuday,Søndergade 8,7100,Vejle,01/06 - 2019,,1
40075291,TDC Brands A/S,Nuuday,Telegade 2,2630,Taastrup,01/06 - 2019,,1
40075291,TDC Brands A/S,Nuuday,Adelgade 10,7800,Skive,01/06 - 2019,,6
40075291,TDC Brands A/S,Nuuday,Vestergade 70,5000,Odense C,01/06 - 2019,,1
40075291,TDC Brands A/S,Nuuday,Frederiksborggade 5,1360,København K,01/06 - 2019,,1
40075267,TDC NET A/S,TDC NET A/S,Teglholmsgade 1,2450,København SV,07/12 - 2018,,1007
40075267,TDC NET A/S,TDC net,Adelgade 10,7800,Skive,01/06 - 2019,,3
40075267,TDC NET A/S,TDC net,Holsbjergvej 18,2620,Albertslund,01/06 - 2019,,25
40075267,TDC NET A/S,TDC net,C. Andersens Passage 2,9600,Aars,01/06 - 2019,,4
40075267,TDC NET A/S,TDC net,Bisgårdgade 11,7500,Holstebro,01/06 - 2019,,13
40075267,TDC NET A/S,TDC net,Bredegade 24,4200,Slagelse,01/06 - 2019,,6
40075267,TDC NET A/S,TDC NET,Algade 5,5750,Ringe,01/06 - 2019,,1
40075267,TDC NET A/S,TDC net,"Datavej 10, 1",5220,Odense SØ,01/06 - 2019,,70
40075267,TDC NET A/S,TDC net,Grønneled 4,2620,Albertslund,01/06 - 2019,,10
40075267,TDC NET A/S,TDC NET,Bagstræde 7,4300,Holbæk,01/06 - 2019,,8
40075267,TDC NET A/S,TDC net,Borups Allé 43,2200,København N,01/06 - 2019,,41
40075267,TDC NET A/S,TDC net,Herlev Hovedgade 94,2730,Herlev,01/06 - 2019,,35
40075267,TDC NET A/S,TDC net,Hærvejen 60B,6230,Rødekro,01/06 - 2019,,4
40075267,TDC NET A/S,NetCo,Klostergade 4,8900,Randers C,01/06 - 2019,,6
40075267,TDC NET A/S,NetCo,I L Tvedes Vej 14,3000,Helsingør,01/06 - 2019,,6
40075267,TDC NET A/S,TDC net,Grønnegade 5,6950,Ringkøbing,01/06 - 2019,,1
40075267,TDC NET A/S,TDC net,Ledreborg Alle 118F,4000,Roskilde,01/06 - 2019,,12
40075267,TDC NET A/S,NetCo,"Smedegade 1, 1",7400,Herning,01/06 - 2019,,8
40075267,TDC NET A/S,NetCo,Søgade 14,4100,Ringsted,01/06 - 2019,,5
40075267,TDC NET A/S,NetCo,Søndre Jernbanevej 7,3400,Hillerød,01/06 - 2019,,2
40075267,TDC NET A/S,TDC net,Skjoldsgade 49,6700,Esbjerg,01/06 - 2019,,11
40075267,TDC NET A/S,TDC NET,Prinsessegade 21,7000,Fredericia,01/06 - 2019,,1
40075267,TDC NET A/S,NetCo,Ramsherred 12,4700,Næstved,01/06 - 2019,,2
40075267,TDC NET A/S,TDC net,Rædersgade 7B,8700,Horsens,01/06 - 2019,,10
40075267,TDC NET A/S,NetCo,Rimmensgade 6,9900,Frederikshavn,01/06 - 2019,,2
40075267,TDC NET A/S,TDC net,Sletvej 30,8310,Tranbjerg J,01/06 - 2019,,486
40075267,TDC NET A/S,TDC net,Tårnvej 66,7100,Vejle,01/06 - 2019,,1
40075267,TDC NET A/S,NetCo,Vestergade 5,8800,Viborg,01/06 - 2019,,12
40075267,TDC NET A/S,TDC net,Østergade 5,9500,Hobro,01/06 - 2019,,1
40075267,TDC NET A/S,TDC net,Østerbrogade 4,8500,Grenaa,01/06 - 2019,,5
40075267,TDC NET A/S,NetCo,Vendelbogade 28,9800,Hjørring,01/06 - 2019,,4
40075267,TDC NET A/S,NetCo,Virumvej 43,2830,Virum,01/06 - 2019,,8
40075267,TDC NET A/S,NetCo,"Tværgade 1A, kl",4800,Nykøbing F,01/06 - 2019,,1
40075267,TDC NET A/S,TDC net,Vranderupvej 214,6640,Lunderskov,01/06 - 2019,,21
40075267,TDC NET A/S,TDC net,Ølgodvej 3,9220,Aalborg Øst,01/06 - 2019,,18
40075267,TDC NET A/S,TDC net,Toldbodvej 11,5700,Svendborg,01/06 - 2019,,2
40075267,TDC NET A/S,NetCo,Tøxensvej 37,4600,Køge,01/06 - 2019,,6
40075267,TDC NET A/S,NetCo,Lille Madsegade 18,3700,Rønne,01/06 - 2019,,3
40075267,TDC NET A/S,NetCo,Nørregade 26,5900,Rudkøbing,01/06 - 2019,,1
40075267,TDC NET A/S,NetCo,Odensevej 113,5500,Middelfart,01/06 - 2019,,1
40075267,TDC NET A/S,NetCo,Nytorv 18,9000,Aalborg,01/06 - 2019,,5
40075267,TDC NET A/S,NetCo,Møllevej 22,7700,Thisted,01/06 - 2019,,1
40075267,TDC NET A/S,NetCo,Mågevej 4,5492,Vissenbjerg,01/06 - 2019,,10
40075267,TDC NET A/S,TDC Net,Københavnsvej 6,4760,Vordingborg,01/06 - 2019,,8
40075267,TDC NET A/S,NetCo,Nygade 5,6200,Aabenraa,01/06 - 2019,,2
40075267,TDC NET A/S,NetCo,Nibevej 372A,9200,Aalborg SV,01/06 - 2019,,1
40075267,TDC NET A/S,TDC net,Kirkegade 1,3600,Frederikssund,01/06 - 2019,,5
40075267,TDC NET A/S,TDC net,Klingenberg 16,5000,Odense C,01/06 - 2019,,76
40075267,TDC NET A/S,TDC net,Odensevej 23,5610,Assens,01/06 - 2019,,1
40075267,TDC NET A/S,TDC net,Posthussvinget 8,6100,Haderslev,01/06 - 2019,,2
40075267,TDC NET A/S,TDC net,Rolighedsvej 4,7200,Grindsted,01/06 - 2019,,1
40075267,TDC NET A/S,TDC net,Rådhusgade 9,8600,Silkeborg,01/06 - 2019,,3
40075267,TDC NET A/S,TDC net,Storegade 2B,6310,Broager,01/06 - 2019,,1
40075267,TDC NET A/S,TDC Net,Gunnar Clausens Vej 78,8260,Viby J,01/09 - 2021,,2
40075267,TDC NET A/S,TDC Net A/S,Klokkestøbervej 9,5230,Odense M,01/10 - 2025,,3
40075267,TDC NET A/S,TDC Net A/S,Dæmningen 58,7100,Vejle,01/10 - 2025,,2
40075267,TDC NET A/S,TDC Net A/S,Ritavej 42,9000,Aalborg,01/10 - 2025,,2
40075267,TDC NET A/S,TDC net,Fabriksparken 38,2600,Glostrup,01/06 - 2019,,
40075267,TDC NET A/S,TDC net,Gravensgade 36,9700,Brønderslev,01/06 - 2019,,1
40075267,TDC NET A/S,NetCo,"Stationsparken 25, st",2600,Glostrup,01/06 - 2019,,
40075267,TDC NET A/S,NetCo,Tåstrup Møllevej 5,4300,Holbæk,01/06 - 2019,,1
40075267,TDC NET A/S,TDC net,Storegade 2,6310,Broager,01/06 - 2019,,
40075267,TDC NET A/S,TDC Net,Ellegårdvej 23A,6400,Sønderborg,01/09 - 2021,,1
40075267,TDC NET A/S,TDC Net,Nikkelvej 6,8940,Randers SV,01/09 - 2021,,
40075267,TDC NET A/S,NetCo,Telemarken 3,5600,Faaborg,01/06 - 2019,,2
40075267,TDC NET A/S,NetCo,Kirkegade 9,9560,Hadsund,01/06 - 2019,,1
40075267,TDC NET A/S,TDC Net,Vestre Gade 6A,2605,Brøndby,01/11 - 2021,,1
40075267,TDC NET A/S,NetCo,Olsbæk Strandvej 54,2670,Greve,01/06 - 2019,,1
40075267,TDC NET A/S,TDC net,Frisengårdsvej 2,5800,Nyborg,01/06 - 2019,,1
40075267,TDC NET A/S,NetCo,Kongevej 21,6270,Tønder,01/06 - 2019,,1
40075267,TDC NET A/S,NetCo,Nørregade 9,4930,Maribo,01/06 - 2019,,1
40075267,TDC NET A/S,NetCo,Pilebækken 24,5970,Ærøskøbing,01/06 - 2019,,1
42867616,TDC NET Holding A/S,TDC NET Holding A/S,Teglholmsgade 1,2450,København SV,29/11 - 2021,,
19433692,TELENOR A/S,CBB Mobil,Rødovrevej 395,2610,Rødovre,20/11 - 2012,20/11 - 2012,
19433692,TELENOR A/S,SONOFON A/S,Brødregade 9,8900,Randers C,01/01 - 2001,31/12 - 2002,
19433692,TELENOR A/S,SONOFON A/S, 9,9999,Ukendt,01/08 - 1996,31/10 - 1997,
19433692,TELENOR A/S,Sonofon A/S,M.P. Bruuns Gade 25,8000,Århus C,16/12 - 2003,16/12 - 2003,
19433692,TELENOR A/S,Telenor Butikken,Østerbro 11,7800,Skive,03/04 - 2013,03/04 - 2013,
19433692,TELENOR A/S,Telenor Butikken,Mimersgade 124,2200,København N,17/02 - 2011,13/01 - 2014,0
19433692,TELENOR A/S,Telenor Butikken,Bankagervej 111,8700,Horsens,17/02 - 2011,30/10 - 2012,2-4
19433692,TELENOR A/S,Telenor Butikken,Axeltorv 1,4700,Næstved,01/12 - 2010,01/11 - 2014,1
19433692,TELENOR A/S,Telenor Butikken,Vestergade 30,9400,Nørresundby,17/02 - 2011,03/04 - 2013,0
19433692,TELENOR A/S,Telenor Butikken,Danmarksgade 77,9900,Frederikshavn,16/02 - 2011,01/11 - 2014,1
19433692,TELENOR A/S,Telenor Butikken,Erik Glippings Vej 16,8800,Viborg,17/02 - 2011,30/05 - 2011,0
19433692,TELENOR A/S,Telenor Butikken,Bispetorv 1,9800,Hjørring,17/02 - 2011,03/04 - 2013,0
19433692,TELENOR A/S,Telenor Butikken,Østergade 43-53,9700,Brønderslev,17/02 - 2011,03/04 - 2013,0
19433692,TELENOR A/S,Telenor Butikken,Greve Midtby Center 16,2670,Greve,17/02 - 2011,30/03 - 2013,0
19433692,TELENOR A/S,Telenor Butikken,Klosterparks Alle 10,4100,Ringsted,17/02 - 2011,30/10 - 2012,2-4
19433692,TELENOR A/S,Telenor Butikken,Falkoner Alle 22,2000,Frederiksberg,17/02 - 2011,30/03 - 2013,0
19433692,TELENOR A/S,SONOFON A/S,Ravnevej 5,6705,Esbjerg Ø,01/01 - 1999,31/12 - 1999,2-4
19433692,TELENOR A/S,Telenor Butikken,Skovlunde Byvej 94A,2740,Skovlunde,01/12 - 2010,01/11 - 2014,1
19433692,TELENOR A/S,Telenor A/S,Frejasvej 32-34,3400,Hillerød,20/11 - 2012,01/11 - 2014,1
19433692,TELENOR A/S,Telenor Butikken,Bredgade 42,4400,Kalundborg,14/08 - 2013,13/01 - 2014,5-9
19433692,TELENOR A/S,TELENOR A/S,Teglvænget 1,7400,Herning,01/01 - 1999,28/02 - 2013,0
19433692,TELENOR A/S,Telenor Butikken,Vestergade 32,5800,Nyborg,17/02 - 2011,24/06 - 2014,1
19433692,TELENOR A/S,Telenor Butikken,Store Kongensgade 45,1264,København K,16/02 - 2011,29/06 - 2011,0
19433692,TELENOR A/S,Telenor A/S,Søren Frichs Vej 42B,8230,Åbyhøj,05/02 - 2010,25/12 - 2011,2-4
19433692,TELENOR A/S,Telenor Butikken,Windfeld-Hansens Gd 11,7100,Vejle,17/02 - 2011,30/03 - 2013,0
19433692,TELENOR A/S,Telenor Butikken,Niels Bohrs Vej 44,9220,Aalborg Øst,17/02 - 2011,30/03 - 2013,0
19433692,TELENOR A/S,Telenor A/S,Mariagervej 175,8920,Randers NV,27/09 - 2011,31/12 - 2012,5-9
19433692,TELENOR A/S,Telenor Butikken,Storegade 8,6200,Aabenraa,17/02 - 2011,01/11 - 2014,1
19433692,TELENOR A/S,Telenor Butikken,Vesterbrogade 74-76,1620,København V,17/02 - 2011,30/10 - 2012,0
19433692,TELENOR A/S,Telenor Butikken,Ballerup-Centret 142,2750,Ballerup,17/02 - 2011,30/03 - 2013,0
19433692,TELENOR A/S,TELENOR A/S,Rydagervej 19,2620,Albertslund,01/06 - 1996,31/08 - 2009,100-199
19433692,TELENOR A/S,Telenor Butikken,Glostrup Shoppingcenter 6,2600,Glostrup,17/02 - 2011,01/10 - 2014,1
19433692,TELENOR A/S,Telenor Butikken,Jernbanegade 1,4800,Nykøbing F,01/12 - 2010,01/11 - 2014,1
19433692,TELENOR A/S,Telenor Butikken,Perlegade 81,6400,Sønderborg,17/02 - 2011,30/10 - 2012,2-4
19433692,TELENOR A/S,Telenor Butikken,Lyngby Storcenter 65,2800,Kgs.Lyngby,01/12 - 2010,31/12 - 2011,0
19433692,TELENOR A/S,Telenor Butikken,Over Bølgen 1,2670,Greve,01/12 - 2010,01/11 - 2014,1
19433692,TELENOR A/S,Telenor Butikken,Nygårdsvej 95,8270,Højbjerg,17/02 - 2011,30/10 - 2012,0
19433692,TELENOR A/S,Telenor Butikken,Nordre Fasanvej 25,2000,Frederiksberg,17/02 - 2011,30/03 - 2013,0
19433692,TELENOR A/S,Telenor Butikken,Møllergade 92-96,5700,Svendborg,17/02 - 2011,30/10 - 2012,0
19433692,TELENOR A/S,Telenor Butikken,Birkerød Kongevej 37,3460,Birkerød,01/12 - 2010,05/10 - 2011,0
19433692,TELENOR A/S,Telenor A/S,Torvegade 1D,7100,Vejle,24/01 - 2012,12/01 - 2014,0
19433692,TELENOR A/S,Telenor Butikken,Slangerupgade 50,3400,Hillerød,17/02 - 2011,30/03 - 2013,0
19433692,TELENOR A/S,Telenor Butikken,Risingsvej 61,5000,Odense C,16/02 - 2011,30/07 - 2011,0
19433692,TELENOR A/S,Telenor Butikken,Glostrup Shoppingcenter 61,2600,Glostrup,17/02 - 2011,31/12 - 2011,0
19433692,TELENOR A/S,Telenor Butikken A/S,Gartnerivej 42A,7500,Holstebro,20/06 - 2012,01/01 - 2014,2-4
19433692,TELENOR A/S,Telenor Butikken,Skanderborgvej 107,8260,Viby J,16/02 - 2011,30/05 - 2011,0
19433692,TELENOR A/S,Telenor Butikken,Kalvøvej 2A,3600,Frederikssund,17/02 - 2011,30/03 - 2013,0
19433692,TELENOR A/S,Telenor Butikken,Strandmarksvej 20,2650,Hvidovre,17/02 - 2011,30/03 - 2013,0
19433692,TELENOR A/S,Telenor Butikken,Viby Ringvej 10,8260,Viby J,17/02 - 2011,01/01 - 2015,0
19433692,TELENOR A/S,Telenor Butikken,Stationscentret 12,4000,Roskilde,17/02 - 2011,30/03 - 2013,0
19433692,TELENOR A/S,Telenor Butikken,Rugvang 36,5210,Odense NV,01/12 - 2010,01/11 - 2014,1
19433692,TELENOR A/S,Telenor Butikken,Østerbro 11,7800,Skive,17/02 - 2011,28/02 - 2014,0
19433692,TELENOR A/S,Telenor Butikken,Lyngbyvej 11,2100,København Ø,17/02 - 2011,30/10 - 2012,0
19433692,TELENOR A/S,Telenor Butikken,Rødbyvej 2A,4930,Maribo,01/12 - 2010,01/11 - 2014,0
19433692,TELENOR A/S,Telenor Butikken,Ishøj Bycenter 5,2635,Ishøj,01/12 - 2010,13/01 - 2014,0
19433692,TELENOR A/S,Telenor Butikken,Amalienborgvej 15,9400,Nørresundby,01/12 - 2010,30/03 - 2013,0
19433692,TELENOR A/S,Telenor Butikken,Fejøvej 9,4700,Næstved,17/02 - 2011,30/03 - 2013,0
19433692,TELENOR A/S,Telenor Butikken,Adelgade 39,9500,Hobro,17/02 - 2011,13/01 - 2014,0
19433692,TELENOR A/S,Telenor Butikken,Brønnersvej 1,5600,Faaborg,17/02 - 2011,30/03 - 2013,0
19433692,TELENOR A/S,Telenor Butikken,Vesterbro 39-51,5000,Odense C,17/02 - 2011,30/03 - 2013,0
19433692,TELENOR A/S,Telenor Butikken,Guldborgsundcentret 23,4800,Nykøbing F,17/02 - 2011,30/03 - 2013,0
19433692,TELENOR A/S,Telenor A/S,Smedelundsgade 33,4300,Holbæk,08/06 - 2012,27/02 - 2013,2-4
19433692,TELENOR A/S,Telenor Butikken,Brødregade 9,8900,Randers C,01/12 - 2010,05/10 - 2011,2-4
19433692,TELENOR A/S,Telenor Butikken,Rådhusstrædet 2Z,7430,Ikast,17/02 - 2011,30/03 - 2013,0
19433692,TELENOR A/S,Telenor Butikken,Ølbycenter 22-24,4600,Køge,17/02 - 2011,30/10 - 2012,0
19433692,TELENOR A/S,Telenor Butikken,Kollekollevej 2-4,3500,Værløse,16/02 - 2011,29/06 - 2011,0
19433692,TELENOR A/S,Telenor Butikken,Ringkøbingvej 1,6800,Varde,17/02 - 2011,30/03 - 2013,0
19433692,TELENOR A/S,Telenor Butikken,Brødregade 5,8900,Randers C,16/02 - 2011,20/09 - 2016,0
19433692,TELENOR A/S,Telenor Butikken,Cityringen 1,2630,Taastrup,01/12 - 2010,20/09 - 2016,0
19433692,TELENOR A/S,Telenor Butikken,Kongens Nytorv 21,1050,København K,01/12 - 2010,20/09 - 2016,0
19433692,TELENOR A/S,Telenor Butikken,Herlev Bygade 9,2730,Herlev,17/02 - 2011,25/06 - 2014,0
19433692,TELENOR A/S,Telenor Butikken,Vestergade 7,7500,Holstebro,17/02 - 2011,30/03 - 2013,0
19433692,TELENOR A/S,Telenor Butikken,Søndergade 2C,8600,Silkeborg,17/02 - 2011,30/05 - 2011,0
19433692,TELENOR A/S,Telenor Butikken,Nørregade 49,8000,Aarhus C,03/07 - 2012,13/01 - 2014,0
19433692,TELENOR A/S,Telenor Butikken,Nygade 1,3600,Frederikssund,01/12 - 2010,01/11 - 2014,1
19433692,TELENOR A/S,Telenor Butikken,Nordmarks Alle 10,2620,Albertslund,17/02 - 2011,30/03 - 2013,0
19433692,TELENOR A/S,Telenor Butikken,Moltkes Alle 1,6760,Ribe,17/02 - 2011,30/03 - 2013,0
19433692,TELENOR A/S,Telenor Butikken,Slotsgade 8-14,9000,Aalborg,17/02 - 2011,30/03 - 2013,0
19433692,TELENOR A/S,Telenor Butikken,Borgergade 76,8600,Silkeborg,17/02 - 2011,30/03 - 2013,0
19433692,TELENOR A/S,Telenor Butikken,Havnegade 10-16,4220,Korsør,17/02 - 2011,30/03 - 2013,0
19433692,TELENOR A/S,Telenor Butikken,Hospitalsgade 12,8700,Horsens,17/02 - 2011,30/03 - 2013,0
19433692,TELENOR A/S,Telenor Butikken,Ndr. Strandvej 12-14,8400,Ebeltoft,17/02 - 2011,30/03 - 2013,0
19433692,TELENOR A/S,Telenor Butikken,Frederikssundsvej 284-290,2700,Brønshøj,17/02 - 2011,30/03 - 2013,0
19433692,TELENOR A/S,Telenor Butikken,Madevej 39,6200,Aabenraa,17/02 - 2011,30/03 - 2013,0
19433692,TELENOR A/S,Telenor A/S,Horsensvej 72,7100,Vejle,20/11 - 2012,01/11 - 2014,0
19433692,TELENOR A/S,SONOFON A/S,Kirkegade 2,6700,Esbjerg,01/06 - 2000,31/12 - 2002,0
19433692,TELENOR A/S,Telenor Butikken,Storegade 2-7,7700,Thisted,17/02 - 2011,30/03 - 2013,0
19433692,TELENOR A/S,SONOFON A/S,Børglumvej 5,8240,Risskov,01/01 - 1999,15/11 - 2003,2-4
19433692,TELENOR A/S,SONOFON A/S,Risingsvej 61,5000,Odense C,01/01 - 1999,30/12 - 2005,1
19433692,TELENOR A/S,SONOFON A/S,Transportbuen 5,4700,Næstved,01/01 - 1999,31/12 - 2003,1
19433692,TELENOR A/S,SONOFON A/S,Københavnsvej 9,4000,Roskilde,01/01 - 1999,31/12 - 2002,2-4
19433692,TELENOR A/S,Telenor Butikken,Bredgade 43,7400,Herning,17/02 - 2011,30/03 - 2013,0
19433692,TELENOR A/S,Telenor Butikken.,Bredgade 42,4400,Kalundborg,17/02 - 2011,29/06 - 2017,5-9
19433692,TELENOR A/S,Telenor Butikken,Finlandsgade 17-19,8200,Aarhus N,17/02 - 2011,13/01 - 2014,2-4
19433692,TELENOR A/S,SONOFON A/S,Bispensgade 30,9000,Aalborg,01/01 - 2003,30/12 - 2005,2-4
19433692,TELENOR A/S,Telenor Butikken,Østerbro 11,7800,Skive,17/02 - 2011,05/10 - 2011,0
19433692,TELENOR A/S,SONOFON A/S,Folehaven 145,2500,Valby,01/01 - 1999,31/05 - 2000,0
19433692,TELENOR A/S,SONOFON A/S,Frejasvej 32,3400,Hillerød,01/01 - 1999,31/12 - 2002,5-9
19433692,TELENOR A/S,Telenor Butikken,Frederikssundsvej 60,2400,København NV,01/12 - 2010,05/10 - 2011,2-4
19433692,TELENOR A/S,Telenor Butikken,Borupvang 2,2750,Ballerup,17/02 - 2011,30/03 - 2013,0
19433692,TELENOR A/S,Telenor Butikken,Kløvervej 10-14,5500,Middelfart,17/02 - 2011,30/03 - 2013,0
19433692,TELENOR A/S,Telenor Butikken,Helligkorsgade 4-6,6000,Kolding,17/02 - 2011,30/10 - 2012,0
19433692,TELENOR A/S,Telenor Butikken,Teglvænget 1,7400,Herning,17/02 - 2011,01/11 - 2014,0
19433692,TELENOR A/S,Telenor Butikken,Vesterbrogade 72,1620,København V,01/12 - 2010,31/12 - 2012,2-4
19433692,TELENOR A/S,Telenor Butikken,Strandvejen 153,2900,Hellerup,01/12 - 2010,01/11 - 2014,0
19433692,TELENOR A/S,Telenor Butikken,Kronprinsensgade 1-3,6700,Esbjerg,17/02 - 2011,30/03 - 2013,0
19433692,TELENOR A/S,Telenor Butikken,Farum Bytorv 65,3520,Farum,01/12 - 2010,05/10 - 2011,2-4
19433692,TELENOR A/S,Telenor Butikken,Ro's Torv 224,4000,Roskilde,01/12 - 2010,01/11 - 2014,0
19433692,TELENOR A/S,Telenor Butikken,Hovedakslen 8,4760,Vordingborg,16/02 - 2011,30/05 - 2011,0
19433692,TELENOR A/S,Telenor Butikken,Københavnsvej 74,4000,Roskilde,16/02 - 2011,30/05 - 2011,0
19433692,TELENOR A/S,Telenor Butikken,Dytmærsken 14,8900,Randers C,17/02 - 2011,13/01 - 2014,0
19433692,TELENOR A/S,Telenor A/S,Reberbanegade 3 130.,2300,København S,20/11 - 2012,20/09 - 2016,0
19433692,TELENOR A/S,TELENOR A/S,Gejlhavegård 6,6000,Kolding,01/01 - 1999,16/03 - 2013,0
19433692,TELENOR A/S,Telenor Butikken,Gravene 37-39,8800,Viborg,17/02 - 2011,30/03 - 2013,0
19433692,TELENOR A/S,Telenor Butikken,Venusvej 8,7000,Fredericia,17/02 - 2011,30/03 - 2013,0
19433692,TELENOR A/S,TELENOR A/S,Ravnsøvej 40,8240,Risskov,01/06 - 2000,30/03 - 2013,0
19433692,TELENOR A/S,Telenor Butikken,Rådhus Alle 83,9900,Frederikshavn,17/02 - 2011,30/03 - 2013,0
19433692,TELENOR A/S,Telenor Butikken,Bredgade 12,6100,Haderslev,17/02 - 2011,30/03 - 2013,0
19433692,TELENOR A/S,Telenor Butikken,Stürups Plads 1,3000,Helsingør,17/02 - 2011,30/03 - 2013,0
19433692,TELENOR A/S,Telenor Butikken,Strømgade 7,9800,Hjørring,22/07 - 2011,01/06 - 2017,0
19433692,TELENOR A/S,Telenor A/S,Hovedgaden 2-4,2970,Hørsholm,20/11 - 2012,20/09 - 2016,0
19433692,TELENOR A/S,Telenor A/s,Store Torvegade 4,3700,Rønne,12/05 - 2014,01/06 - 2017,0
19433692,TELENOR A/S,Telenor Butikken,Ravnsøvej 40,8240,Risskov,01/12 - 2010,08/06 - 2018,0
19433692,TELENOR A/S,Telenor A/S,Stationsparken 25,2600,Glostrup,01/09 - 2015,01/04 - 2018,0
19433692,TELENOR A/S,Telenor A/S,Hospitalsgade 6,8700,Horsens,25/04 - 2012,01/06 - 2017,0
19433692,TELENOR A/S,Telenor Butikken,Bispegade 8,6100,Haderslev,17/02 - 2011,30/06 - 2020,6
19433692,TELENOR A/S,Telenor Butikken,Nørregade 13,7500,Holstebro,17/02 - 2011,30/06 - 2020,7
19433692,TELENOR A/S,Telenor Butikken,Algade 54,4760,Vordingborg,01/12 - 2010,30/06 - 2020,4
19433692,TELENOR A/S,Telenor A/S,Slotsarkaderne 26,3400,Hillerød,08/06 - 2012,30/06 - 2020,7
19433692,TELENOR A/S,Telenor A/S,Tinggade 2,4100,Ringsted,20/11 - 2012,01/05 - 2020,2
19433692,TELENOR A/S,Telenor A/S,Stationspladsen 1,4600,Køge,20/11 - 2012,01/05 - 2020,2
19433692,TELENOR A/S,Telenor Butikken,Valby Torvegade 13,2500,Valby,01/12 - 2010,30/06 - 2020,6
19433692,TELENOR A/S,Telenor Butikken,Perlegade 33,6400,Sønderborg,17/02 - 2011,30/06 - 2020,5
19433692,TELENOR A/S,Telenor Butikken,Købmagergade 57,1150,København K,01/12 - 2010,30/06 - 2020,6
19433692,TELENOR A/S,Telenor A/S,Kongensgade 39,6700,Esbjerg,20/11 - 2012,01/05 - 2020,1
19433692,TELENOR A/S,Telenor A/S,vestergade 58,5000,Odense C,25/04 - 2012,30/06 - 2020,9
19433692,TELENOR A/S,Telenor Butikken,Søndergade 9,8000,Aarhus C,01/12 - 2010,30/06 - 2020,7
19433692,TELENOR A/S,Telenor Butikken,Sct. Mathias Gade 38,8800,Viborg,17/02 - 2011,01/05 - 2020,1
19433692,TELENOR A/S,Telenor Butikken,Arne Jacobsens Allé 24,2300,København S,17/02 - 2011,30/06 - 2020,7
19433692,TELENOR A/S,Telenor Butikken,Havnetorv 1B,7700,Thisted,01/12 - 2010,30/06 - 2020,7
19433692,TELENOR A/S,Telenor Butikken,Østerbrogade 96,2100,København Ø,01/12 - 2010,01/05 - 2020,1
19433692,TELENOR A/S,Telenor Butikken,"Søndergade 16A, st",7100,Vejle,17/02 - 2011,30/06 - 2020,6
19433692,TELENOR A/S,Telenor A/S,Torvet 6,5700,Svendborg,20/11 - 2012,30/06 - 2020,5
19433692,TELENOR A/S,Telenor Butikken,Ishøj Lille Torv 1,2635,Ishøj,17/02 - 2011,17/06 - 2021,7
19433692,TELENOR A/S,Telenor Butikken,Skovvangen 42,6000,Kolding,17/02 - 2011,17/06 - 2021,7
19433692,TELENOR A/S,Telenor Butikken,Finlandsgade 17,8200,Aarhus N,17/02 - 2011,17/06 - 2021,8
19433692,TELENOR A/S,Telenor,Frederikskaj 8,2450,København SV,01/12 - 2010,23/02 - 2023,0
19433692,TELENOR A/S,Telenor butik,"Over Bølgen 2A, 1",2670,Greve,27/05 - 2022,23/02 - 2023,8
19433692,TELENOR A/S,Telenor Butikken,Hobrovej 452,9200,Aalborg SV,01/12 - 2010,,8
19433692,TELENOR A/S,Telenor Butikken,Ahlgade 30E,4300,Holbæk,01/12 - 2010,,5
19433692,TELENOR A/S,Telenor Butikken,Næstved Storcenter 36,4700,Næstved,01/12 - 2010,,1
19433692,TELENOR A/S,Telenor Butikken,Kalvebod Brygge 119,1560,København V,01/12 - 2010,,7
19433692,TELENOR A/S,Telenor Butikken,Skelagervej 9,9000,Aalborg,01/12 - 2010,,3
19433692,TELENOR A/S,Telenor Butikken,Ørbækvej 75,5220,Odense SØ,01/12 - 2010,,9
19433692,TELENOR A/S,Telenor Butikken,Algade 16,9000,Aalborg,01/12 - 2010,,6
19433692,TELENOR A/S,Telenor Butikken,Falkoner Alle 21,2000,Frederiksberg,01/12 - 2010,,12
19433692,TELENOR A/S,Telenor Butikken,Københavnsvej 29,4000,Roskilde,01/12 - 2010,,7
19433692,TELENOR A/S,Telenor Butikken,Rødovre Centrum 8,2610,Rødovre,01/12 - 2010,,10
19433692,TELENOR A/S,Telenor Butikken,Slotsarkaderne 115,3400,Hillerød,01/12 - 2010,,8
19433692,TELENOR A/S,Telenor Butikken,"Merkurvej 1E, st. 133.",7400,Herning,17/02 - 2011,,6
19433692,TELENOR A/S,Telenor Butikken,M.P. Bruuns Gade 25,8000,Aarhus C,01/12 - 2010,,8
19433692,TELENOR A/S,Telenor Butikken,Over Bølgen 1,2670,Greve,17/02 - 2011,,8
19433692,TELENOR A/S,Telenor Butikken,Golfvej 5,7400,Herning,17/02 - 2011,,8
19433692,TELENOR A/S,Telenor Butikken,A F Heidemanns Vej 20,9800,Hjørring,17/02 - 2011,,10
19433692,TELENOR A/S,Telenor Butikken,Agerøvej 7,8381,Tilst,17/02 - 2011,,10
19433692,TELENOR A/S,Telenor Butikken,Grundtvigs Alle 195,6400,Sønderborg,17/02 - 2011,,8
19433692,TELENOR A/S,Telenor Butikken,Hobrovej 450,9200,Aalborg SV,17/02 - 2011,,8
19433692,TELENOR A/S,Telenor Butikken,Lyngby Storcenter 53,2800,Kgs.Lyngby,17/02 - 2011,,7
19433692,TELENOR A/S,Telenor Butikken,Gejlhavegård 6,6000,Kolding,17/02 - 2011,,5
19433692,TELENOR A/S,Telenor Butikken,Nyholmvej 20,7500,Holstebro,17/02 - 2011,,7
19433692,TELENOR A/S,Telenor Butikken,Stormgade 157,6715,Esbjerg N,17/02 - 2011,,5
19433692,TELENOR A/S,Telenor Butikken,Næstved Storcenter 1,4700,Næstved,17/02 - 2011,,16
19433692,TELENOR A/S,Telenor Butikken,Høegh Guldbergs Gade 10,8700,Horsens,17/02 - 2011,,6
19433692,TELENOR A/S,Telenor Butikken,Niels Bohrs Allé 150,5230,Odense M,17/02 - 2011,,8
19433692,TELENOR A/S,Telenor Butikken,"Vestsjællandscentret 10A, st. 1.",4200,Slagelse,17/02 - 2011,,7
19433692,TELENOR A/S,Telenor Butikken,Skovvangen 40,6000,Kolding,17/02 - 2011,,9
19433692,TELENOR A/S,Telenor Butikken,Solkilde Alle 2,7100,Vejle,17/02 - 2011,,7
19433692,TELENOR A/S,Telenor Butikken,Idagårdsvej 1,4200,Slagelse,17/02 - 2011,,7
19433692,TELENOR A/S,Telenor Butikken,Holstebrovej 79,8800,Viborg,17/02 - 2011,,7
19433692,TELENOR A/S,Telenor Butikken,Gothersgade 15,7000,Fredericia,17/02 - 2011,,4
19433692,TELENOR A/S,Telenor A/S,Stürups Plads 2,3000,Helsingør,06/10 - 2011,,7
19433692,TELENOR A/S,Telenor A/S,Arne Jacobsens Allé 2,2300,København S,20/12 - 2011,,10
19433692,TELENOR A/S,Telenor Butikken,Søndergade 2C,8600,Silkeborg,03/07 - 2012,,5
19433692,TELENOR A/S,Telenor Butikken,Merkurvej 55,8960,Randers SØ,04/04 - 2013,,9
19433692,TELENOR A/S,Telenor Butikken (Ballerup Centeret),"Ballerup-Centret 2, 1",2750,Ballerup,19/10 - 2020,,8
19433692,TELENOR A/S,Telenor butik,"Søndergade 27, st",8000,Aarhus C,14/10 - 2022,,1
19433692,TELENOR A/S,Telenor,Rødbyvej 2,4930,Maribo,01/01 - 2015,,2-4
19433692,TELENOR A/S,Telenor,Ørestads Boulevard 114,2300,København S,16/03 - 2015,,1
19433692,TELENOR A/S,Telenor,Exnersgade 20,6700,Esbjerg,15/10 - 2021,,1
19433692,TELENOR A/S,Telenor Butikken,Skelagervej 1,9000,Aalborg,17/02 - 2011,,0
19433692,TELENOR A/S,Telenor,Rydagervej 19,2620,Albertslund,01/01 - 2024,,
19433692,TELENOR A/S,TELENOR A/S,Skelagervej 9,9000,Aalborg,01/11 - 1997,,513
19433692,TELENOR A/S,TELENOR A/S,Frederikskaj 8,2450,København SV,01/01 - 1999,,246
41881828,TERMA A/S,TERMA A/S UDENLANDSANSATTE,UKENDT,,,01/01 - 1998,21/11 - 2001,
41881828,TERMA A/S,TERMA ELEKTRONIK A/S, 4,9999,Ukendt,01/12 - 1949,28/08 - 1977,
41881828,TERMA A/S,TERMA ELEKTRONIK,Havnepladsen 11,4220,Korsør,14/02 - 2002,30/12 - 2006,
41881828,TERMA A/S,Terma A/S,Fabrikvej 1,8500,Grenaa,01/07 - 1977,31/03 - 2013,0
41881828,TERMA A/S,TERMA A/S,Gyrovej 1-5,7800,Skive,01/04 - 2003,25/07 - 2011,0
41881828,TERMA A/S,TERMA A/S,Bjarkesvej 2,3450,Allerød,01/01 - 2001,20/06 - 2004,20-49
41881828,TERMA A/S,TERMA A/S,Mårkærvej 2,2630,Taastrup,29/08 - 1977,20/06 - 2004,20-49
41881828,TERMA A/S,Terma A/S,Fabrikvej 1,8500,Grenaa,07/11 - 2013,,6
41881828,TERMA A/S,Terma A/S,Lægårdsvej 12A,8520,Lystrup,01/03 - 2026,,
41881828,TERMA A/S,Terma A/S,Hovmarken 4,8520,Lystrup,29/08 - 1977,,1069
41881828,TERMA A/S,Terma A/S,Sydmarken 44A,2860,Søborg,01/01 - 1998,,274
29189560,Thisted Kommune,Aflastning Nord,Platanvej 14,7700,Thisted,23/12 - 2011,01/07 - 2018,
29189560,Thisted Kommune,Børnecenter Thisted,Højtoftevej 6,7700,Thisted,24/11 - 2015,29/08 - 2018,
29189560,Thisted Kommune,Thisted Kommune,Asylgade 30,7700,Thisted,01/01 - 2007,31/01 - 2007,
29189560,Thisted Kommune,Børnehaven Havbo i Agger,Vesterhavsvej 35,7770,Vestervig,04/08 - 2011,20/05 - 2012,
29189560,Thisted Kommune,Nørhå Fritidsskole,Morten Nielsens Vej 5,7752,Snedsted,04/08 - 2011,22/05 - 2014,
29189560,Thisted Kommune,Dagplejen Hannæs,Skolevej 2,7741,Frøstrup,04/08 - 2011,04/08 - 2011,
29189560,Thisted Kommune,Asylcenter Hanstholm,Nørbyvej 3,7730,Hanstholm,15/07 - 2010,15/06 - 2011,
29189560,Thisted Kommune,Arbejdsmarkeds- og Kulturforvaltningen,Skolegade 8A,7700,Thisted,15/07 - 2010,15/06 - 2011,
29189560,Thisted Kommune,Daghuset,Munkevej 3,7700,Thisted,16/05 - 2013,30/12 - 2013,
29189560,Thisted Kommune,Social- og sundhedsafdelingen,Asylgade 30,7700,Thisted,05/09 - 2011,31/12 - 2015,
29189560,Thisted Kommune,Børnehave tidl. Lærkereden,Stormgade 15,7755,Bedsted Thy,01/04 - 2015,01/01 - 2017,
29189560,Thisted Kommune,Sct. Mortensgård,Oddesundvej 249,7760,Hurup Thy,01/01 - 1993,31/12 - 2015,0
29189560,Thisted Kommune,Administrationsbygningen Hanstholm,Bådsgårdsvej 2,7730,Hanstholm,01/01 - 1993,15/06 - 2011,0
29189560,Thisted Kommune,SFO Stagstrup skole - Fritteren,Stagstrup Skolevej 5,7752,Snedsted,01/01 - 1993,03/08 - 2011,0
29189560,Thisted Kommune,UNDERVISNINGSCENTRET MORS-THY,Salgerhøjvej 36,7900,Nykøbing M,01/01 - 1993,28/07 - 2011,1
29189560,Thisted Kommune,KLITMØLLER SKOLE,Skolestien 3,7700,Thisted,01/01 - 1993,03/08 - 2011,0
29189560,Thisted Kommune,Landsbycenter Ræhr,Smedebakken 6,7730,Hanstholm,01/01 - 1993,21/07 - 2011,5-9
29189560,Thisted Kommune,TÅBEL RENSNINGSANLÆG,Aggervej 15B,7770,Vestervig,01/01 - 1993,19/07 - 2011,1
29189560,Thisted Kommune,Rønhedecentret,Vestervigvej 75,7755,Bedsted Thy,01/01 - 1993,10/04 - 2013,0
29189560,Thisted Kommune,SFO Skjoldborg skole - Svalen,Langebeksvej 8,7700,Thisted,01/01 - 1993,03/08 - 2011,0
29189560,Thisted Kommune,Vandværket Thisted,Vandværksvej 3,7700,Thisted,01/01 - 1993,28/07 - 2011,5-9
29189560,Thisted Kommune,Hjemmeplejen,Ringvej 34,7700,Thisted,24/01 - 2012,12/12 - 2012,5-9
29189560,Thisted Kommune,Rensningsanlægget Thisted,Strandvejen 16,7700,Thisted,01/01 - 1993,15/06 - 2011,0
29189560,Thisted Kommune,Vejvæsenet Hanstholm,Hamborgvej 5,7730,Hanstholm,01/01 - 1993,28/07 - 2011,10-19
29189560,Thisted Kommune,Beskæftiglses- social. og sundhedsforvaltning,Asylgade 30,7700,Thisted,01/01 - 1995,03/08 - 2011,0
29189560,Thisted Kommune,SFO Vesløs skole Spiloppen,Højstrupvej 110,7742,Vesløs,01/01 - 1993,03/08 - 2011,0
29189560,Thisted Kommune,TØMMERBY-LILD UNGDOMSSKOLE,Visdomsvej 10,7741,Frøstrup,01/01 - 1993,19/06 - 2012,0
29189560,Thisted Kommune,HANSTHOLM UNGDOMSSKOLE,Bådsgårdsvej 2,7730,Hanstholm,01/01 - 1993,28/07 - 2011,5-9
29189560,Thisted Kommune,Team Vestertorv,Møllevej 4,7700,Thisted,01/08 - 2006,28/07 - 2011,2-4
29189560,Thisted Kommune,Kompas,Refsvej 41,7700,Thisted,01/08 - 2006,11/10 - 2012,0
29189560,Thisted Kommune,HANSTHOLM BIBLIOTEK,Bytorvet 2,7730,Hanstholm,01/01 - 1993,28/07 - 2011,1
29189560,Thisted Kommune,FAMILIECENTER NORD,Skovgade 28,7700,Thisted,01/01 - 1994,15/06 - 2011,10-19
29189560,Thisted Kommune,Drivhuset,Thylandsvej 28,7700,Thisted,01/01 - 2003,30/12 - 2013,2-4
29189560,Thisted Kommune,Søskrænten,Fredensvej 15,7700,Thisted,01/01 - 1993,28/07 - 2011,0
29189560,Thisted Kommune,Ejendommen Domhuset,Vestergade 13,7770,Vestervig,01/01 - 1993,27/10 - 2010,1
29189560,Thisted Kommune,Børnehaven Mælkebøtten,Grønningen 12,7700,Thisted,01/12 - 2006,31/12 - 2015,0
29189560,Thisted Kommune,HUNDBORG SKOLES SFO ÆBLEKURVEN,Vorupørvej 164,7700,Thisted,01/01 - 1993,03/08 - 2011,0
29189560,Thisted Kommune,Skjoldborgh børnehave,Langebeksvej 12B,7700,Thisted,01/01 - 1998,03/08 - 2011,0
29189560,Thisted Kommune,SFO Vorupør skole - Havmågen,Vesterhavsgade 15,7700,Thisted,01/01 - 1993,01/09 - 2015,0
29189560,Thisted Kommune,Hanstholm Pruduktions-og erhvervss,Hjulmagervej 3,7700,Thisted,01/01 - 2008,03/08 - 2011,2-4
29189560,Thisted Kommune,Børnehaven Sylen,Skolestien 11,7700,Thisted,01/01 - 1993,03/08 - 2011,0
29189560,Thisted Kommune,Støttecentret Refsvej,Refsvej 51,7700,Thisted,01/08 - 2006,10/10 - 2012,2-4
29189560,Thisted Kommune,Juniorklub Ræhr,Smedebakken 6,7730,Hanstholm,01/01 - 2000,19/06 - 2012,1
29189560,Thisted Kommune,BØRNEHAVEN SKOVLY,Skolegade 4B,7700,Thisted,01/01 - 1994,04/08 - 2016,0
29189560,Thisted Kommune,Café Fristedet,Bredgade 81,7760,Hurup Thy,01/01 - 2004,15/06 - 2011,2-4
29189560,Thisted Kommune,Thy Værkstedet,Gl. Skolevej 31,7700,Thisted,01/01 - 2002,21/07 - 2011,20-49
29189560,Thisted Kommune,VORUPØR BØRNEHUS,Vesterhavsgade 15,7700,Thisted,01/01 - 1998,04/08 - 2016,2-4
29189560,Thisted Kommune,Projekt Solsikken,Havrevej 35,7700,Thisted,04/08 - 2011,23/02 - 2017,0
29189560,Thisted Kommune,Dagplejen i Vildsund,Skyumvej 51,7700,Thisted,01/01 - 2002,04/08 - 2016,0
29189560,Thisted Kommune,Halvvejshuset,Solbakkevej 11,7700,Thisted,01/01 - 2007,03/08 - 2011,0
29189560,Thisted Kommune,BØRNEHUSET KRIDTHUSET,Hillerslev Kær Vej 5,7700,Thisted,01/01 - 1996,04/08 - 2016,0
29189560,Thisted Kommune,PSYKOLOGISK RÅDGIVNING,Skolegade 4,7700,Thisted,01/01 - 1993,12/12 - 2012,1
29189560,Thisted Kommune,HUNDBORG SKOLE,Vorupørvej 168,7700,Thisted,01/01 - 1993,03/08 - 2011,0
29189560,Thisted Kommune,SKJOLDBORG SKOLE,Langebeksvej 8,7700,Thisted,01/01 - 1993,03/08 - 2011,0
29189560,Thisted Kommune,Børnehaven Spiren,Skolegade 1A,7755,Bedsted Thy,01/08 - 2000,15/06 - 2011,1
29189560,Thisted Kommune,Amtsklassen Bedsted skole,Skolegade 1,7755,Bedsted Thy,04/08 - 2011,02/12 - 2016,10-19
29189560,Thisted Kommune,Dagplejen Kridthuset Hillerslev,Hillerslev Kær Vej 5,7700,Thisted,04/08 - 2011,04/08 - 2016,0
29189560,Thisted Kommune,BØRNEHAVEN HAVMÅGEN,Industrihøjen 6,7730,Hanstholm,01/01 - 1993,31/08 - 2008,5-9
29189560,Thisted Kommune,STAGSTRUP SKOLE,Stagstrup Skolevej 5,7752,Snedsted,01/01 - 1993,03/08 - 2011,0
29189560,Thisted Kommune,VORUPØR SKOLE,Vesterhavsgade 13,7700,Thisted,01/01 - 1993,31/12 - 2015,1
29189560,Thisted Kommune,VESTERVIG UNGDOMSKLUB,Klostergade 11,7770,Vestervig,01/01 - 1993,31/12 - 2015,0
29189560,Thisted Kommune,NORS ÆLDRECENTER,Kirkebyvej 18,7700,Thisted,01/01 - 1993,31/12 - 2015,1
29189560,Thisted Kommune,Fritidshjemmet Kumlhøj,Platanvej 16,7700,Thisted,01/01 - 1993,31/12 - 2015,1
29189560,Thisted Kommune,Stenhøj,Tømmerbyvej 162,7742,Vesløs,01/01 - 1993,31/12 - 2015,0
29189560,Thisted Kommune,Thisted Brandvæsen,Vegendalvej 14,7700,Thisted,01/01 - 1993,01/01 - 2018,20-49
29189560,Thisted Kommune,BØRNEHAVEN BROMBÆRHAVEN,Brombærvænget 14,7700,Thisted,01/01 - 1995,01/01 - 2018,0
29189560,Thisted Kommune,Vestergården,Møgelvej 39,7752,Snedsted,01/01 - 1993,23/11 - 2016,0
29189560,Thisted Kommune,BODDUM YDBY SKOLE SKOLEFRITIDSORDNING,Doveroddevej 32,7760,Hurup Thy,01/01 - 1993,15/06 - 2011,0
29189560,Thisted Kommune,Civilforsvaret Thisted,Østerbakken 75,7700,Thisted,01/01 - 2001,06/06 - 2011,2-4
29189560,Thisted Kommune,VESTERLED PLEJEHJEM,Ydbyvej 49,7760,Hurup Thy,01/01 - 1993,29/03 - 2011,0
29189560,Thisted Kommune,TÅBEL VANDVÆRK,Aggervej 15,7770,Vestervig,01/01 - 1993,19/07 - 2011,1
29189560,Thisted Kommune,Dagplejen Vorupør Thisted,Vesterhavsgade 15,7700,Thisted,01/01 - 1999,15/06 - 2011,0
29189560,Thisted Kommune,Produktionsskolen Hanstholm,Molevej 17,7730,Hanstholm,01/01 - 1997,27/10 - 2010,1
29189560,Thisted Kommune,SKJOLDBORG HUS BIOGRAF,Skippergade 6,7742,Vesløs,01/01 - 1993,20/07 - 2011,0
29189560,Thisted Kommune,Musikskolen Hanstholm,Akelejevænget 27,7730,Hanstholm,01/01 - 1978,03/08 - 2011,1
29189560,Thisted Kommune,SYDTHY BIBLIOTEK,Søndergade 1,7760,Hurup Thy,01/01 - 1993,21/07 - 2011,5-9
29189560,Thisted Kommune,Børnehaven Svanerden i Ræhr,Smedebakken 6,7730,Hanstholm,01/01 - 1993,31/08 - 2011,2-4
29189560,Thisted Kommune,HANSTHOLM RENSNINGSANLÆG,Nordre Strandvej 70,7730,Hanstholm,01/01 - 1994,15/06 - 2011,5-9
29189560,Thisted Kommune,Genbrug Sydthy,Legindvej 2,7752,Snedsted,01/01 - 2001,27/10 - 2010,20-49
29189560,Thisted Kommune,Aflastning Nord,Dragskilde 3,7700,Thisted,01/01 - 1998,20/12 - 2011,5-9
29189560,Thisted Kommune,BØRNEHAVEN MARIEHØNEN,Højstrupvej 112,7742,Vesløs,01/01 - 1993,12/12 - 2012,0
29189560,Thisted Kommune,SYDTHY UNGDOMSSKOLE,Idrætsvej 11,7760,Hurup Thy,01/01 - 1993,19/06 - 2012,5-9
29189560,Thisted Kommune,HILLERSLEV SKOLE,Hillerslev Kær Vej 9,7700,Thisted,01/01 - 1993,01/07 - 2017,0
29189560,Thisted Kommune,Børnecenter Vestervig,Vestergade 56,7770,Vestervig,13/07 - 2010,29/08 - 2018,0
29189560,Thisted Kommune,SFO KRIDTHUSET,Hillerslev Kær Vej 5,7700,Thisted,01/01 - 1993,02/12 - 2016,0
29189560,Thisted Kommune,CAB - Center for afklaring og beskæftigelse,Præstejorden 3,7700,Thisted,01/01 - 1993,31/12 - 2019,0
29189560,Thisted Kommune,Søskrænten,Fredensvej 5,7700,Thisted,01/01 - 2008,10/04 - 2013,0
29189560,Thisted Kommune,Sundhedsafdelingen,Østerbakken 15,7700,Thisted,04/08 - 2011,10/04 - 2013,0
29189560,Thisted Kommune,Team Thisted,Vibedalvej 1,7700,Thisted,22/07 - 2011,01/09 - 2017,0
29189560,Thisted Kommune,Børnecenter Agger,Aggervej 30,7770,Vestervig,15/07 - 2010,29/08 - 2018,0
29189560,Thisted Kommune,CAB - Industrivej,Industrivej 5,7700,Thisted,15/06 - 2004,30/06 - 2017,0
29189560,Thisted Kommune,Dagplejen Hannæs,Skolevej 2,7741,Frøstrup,04/08 - 2011,03/08 - 2016,0
29189560,Thisted Kommune,Bofællesskabet Nørrealle,Nørrealle 53A,7700,Thisted,01/08 - 2006,10/01 - 2019,1
29189560,Thisted Kommune,Bofællesskabet Kromarken,Røde Anes Vej 34,7700,Thisted,29/07 - 2011,10/01 - 2019,0
29189560,Thisted Kommune,Thisted kommunale tandpleje,Kronborgvej 26-28,7700,Thisted,01/01 - 2006,31/12 - 2007,
29189560,Thisted Kommune,Sprogcenter Thisted,Vorupørvej 168,7700,Thisted,01/01 - 2005,21/02 - 2020,3
29189560,Thisted Kommune,BOFÆLLESSKABET,Ådalen 4,7760,Hurup Thy,01/01 - 1993,31/10 - 2007,1
29189560,Thisted Kommune,Hanstholm Genbrugscenter,Industrivangen 20,7730,Hanstholm,01/01 - 1996,09/04 - 2025,5
29189560,Thisted Kommune,Ettrup Losseplads,Grurupvej 8,7760,Hurup Thy,01/01 - 2001,09/04 - 2025,5
29189560,Thisted Kommune,Frøstrup Genbrugscenter,Håndværkervej 13,7741,Frøstrup,01/01 - 2008,09/04 - 2025,1
29189560,Thisted Kommune,Hurup Genbrugscenter,Slyngborgvej 9,7760,Hurup Thy,20/10 - 2020,09/04 - 2025,1
29189560,Thisted Kommune,Affaldssektionen,Kirkevej 9,7760,Hurup Thy,18/11 - 2020,09/04 - 2025,
29189560,Thisted Kommune,Bedsted Bibliotek,Skolegade 1,7755,Bedsted Thy,01/01 - 2015,24/06 - 2025,
29189560,Thisted Kommune,Koldby Bibliotek,Limfjordsgade 9B,7752,Snedsted,01/01 - 2015,24/06 - 2025,
29189560,Thisted Kommune,"Jobhus, Thisted, arbejdsvederlag",Præstejorden 5,7700,Thisted,01/01 - 2008,31/07 - 2025,0
29189560,Thisted Kommune,"Jobhus, Nykøbing, arbejdsvederlag",Ringvejen 45,7900,Nykøbing M,01/01 - 2008,31/07 - 2025,10-19
29189560,Thisted Kommune,Skiftesporet,Skolegade 8C,7700,Thisted,01/01 - 1993,01/01 - 2025,2
29189560,Thisted Kommune,Thisted Genbrugscenter,Flintborgvej 5,7700,Thisted,01/01 - 2008,09/04 - 2025,1
29189560,Thisted Kommune,Støttecentret Markstræde,Markstræde 16,7700,Thisted,01/08 - 2006,01/01 - 2025,10
29189560,Thisted Kommune,Udsatte team fagpersonale,Korsgade 18,7700,Thisted,22/11 - 2012,01/01 - 2025,6
29189560,Thisted Kommune,Vestre Kirkegårdsvej,Vestre Kirkegårdsvej 5E,7700,Thisted,01/01 - 2019,01/01 - 2025,1
29189560,Thisted Kommune,Plantagehuset,Plantagevej 18,7700,Thisted,01/01 - 1993,15/01 - 2026,4
29189560,Thisted Kommune,Værestedet Hanstholm,Hjulmagervej 3,7730,Hanstholm,01/01 - 2007,,5
29189560,Thisted Kommune,Bofællesskabet Aspevej,Aspevej 17,7700,Thisted,01/08 - 2006,,9
29189560,Thisted Kommune,Bofællesskabet Højtoftevej,Højtoftevej 64,7700,Thisted,01/08 - 2006,,9
29189560,Thisted Kommune,Bofællesskabet Drengshøj,Drengshøj 7,7700,Thisted,01/08 - 2006,,34
29189560,Thisted Kommune,Bofællesskabet Grønningen,Grønningen 12A,7700,Thisted,01/08 - 2006,,18
29189560,Thisted Kommune,Visitationen,Industrivej 5,7700,Thisted,01/01 - 2007,,49
29189560,Thisted Kommune,KUI Vejledning,Skolegade 8B,7700,Thisted,01/01 - 2006,,15
29189560,Thisted Kommune,Thisted Lufthavn,Lufthavnsvej 10,7730,Hanstholm,08/07 - 2008,,3
29189560,Thisted Kommune,Jobcenter Thisted,Skolegade 4C-8A,7700,Thisted,01/01 - 2008,,116
29189560,Thisted Kommune,Træningssektionen,Simons Bakke 37,7700,Thisted,14/10 - 2010,,24
29189560,Thisted Kommune,Lokalhistorisk Arkiv,I. P. Jacobsens Plads 8,7700,Thisted,04/02 - 2011,,4
29189560,Thisted Kommune,Døgninstitutionen Kronborg,Kronborgvej 56,7700,Thisted,21/02 - 2011,,22
29189560,Thisted Kommune,Team syd,Jernbanegade 21,7760,Hurup Thy,07/03 - 2011,,85
29189560,Thisted Kommune,Rolighedsskolen - Østermølleafdelingen,Kastanievej 80,7700,Thisted,04/08 - 2011,,40
29189560,Thisted Kommune,SFO Hannæsskolen,Skolevej 2,7741,Frøstrup,04/08 - 2011,,4
29189560,Thisted Kommune,Hundborg Sundhedshus,Vorupørvej 166,7700,Thisted,22/07 - 2011,,64
29189560,Thisted Kommune,Kumlhøj,Dragskilde 3,7700,Thisted,20/12 - 2011,,26
29189560,Thisted Kommune,Materialegården - Vilsund,Rævebakken 7,7752,Snedsted,06/01 - 2012,,42
29189560,Thisted Kommune,Tumlehuset,Grønningen 12,7700,Thisted,09/01 - 2012,,15
29189560,Thisted Kommune,Daghuset,Korsgade 18,7700,Thisted,16/05 - 2013,,7
29189560,Thisted Kommune,Munkehallen,Munkevej 9E,7700,Thisted,08/01 - 2016,,1
29189560,Thisted Kommune,CAMPUS 10,Kronborgvej 113A,7700,Thisted,09/05 - 2017,,15
29189560,Thisted Kommune,Hjemmeplejen Nord,Industrivej 5,7700,Thisted,01/07 - 2017,,249
29189560,Thisted Kommune,Naturlandsbyen,Lille Fjordstræde 7,7760,Hurup Thy,01/01 - 2019,,5
29189560,Thisted Kommune,Thisted kommune,Skolegade 4C,7700,Thisted,01/10 - 2019,,4
29189560,Thisted Kommune,Thisted Afklaringscenter,Nørrealle 53,7700,Thisted,03/12 - 2019,,37
29189560,Thisted Kommune,Trombakken,Øster Alle 12,7752,Snedsted,12/04 - 2021,,46
29189560,Thisted Kommune,Botræning,Platanvej 16,7700,Thisted,01/01 - 2023,,17
29189560,Thisted Kommune,Thisted Musikteater,Håndværker Torv 1,7700,Thisted,01/03 - 2023,,3
29189560,Thisted Kommune,Almene plejecentre,Kirkevej 9,7760,Hurup Thy,01/01 - 2024,,1
29189560,Thisted Kommune,Specialplejecentre,Kirkevej 9,7760,Hurup Thy,01/01 - 2024,,1
29189560,Thisted Kommune,Træning og rehabilitering - Lerpyttervej,Lerpyttervej 50,7700,Thisted,01/01 - 2024,,29
29189560,Thisted Kommune,"Rusmiddelteamet - Klinik, Korsgade",Korsgade 20,7700,Thisted,01/04 - 2024,,3
29189560,Thisted Kommune,Sundhedsfremme og Forebyggelse,Lerpyttervej 50,7700,Thisted,01/04 - 2024,,7
29189560,Thisted Kommune,Børnehandicapteam - social service,Lerpyttervej 50,7700,Thisted,01/01 - 2024,,3
29189560,Thisted Kommune,Fælles Ejendomsservice - Rengøring,Kirkevej 9,7760,Hurup Thy,04/01 - 2024,,86
29189560,Thisted Kommune,Fælles Ejendomsservice - Teknisk Service,Kirkevej 9,7760,Hurup Thy,04/01 - 2024,,45
29189560,Thisted Kommune,Myndighed - Handicap og Social Psykiatri,Skolegade 8B,7700,Thisted,01/01 - 2025,,75
29189560,Thisted Kommune,TAC Træning,Simons Bakke 37,7700,Thisted,01/01 - 2025,,27
29189560,Thisted Kommune,GAVN,Kastanievej 45,7700,Thisted,13/05 - 2025,,2
29189560,Thisted Kommune,Centralkøkken - Thisted,Nørrealle 53,7700,Thisted,22/05 - 2025,,12
29189560,Thisted Kommune,KulturRummet,Plantagevej 18,7700,Thisted,21/05 - 2025,,8
29189560,Thisted Kommune,Botilbuddet Fjordlykke,Vibedalvej 4,7700,Thisted,01/07 - 2025,,3
29189560,Thisted Kommune,Centralkøkken - Hurup,Nørre Alle 21,7760,Hurup Thy,23/09 - 2025,,13
29189560,Thisted Kommune,Hanstholm kommunes Asylcenter,Nørbyvej 3,7730,Hanstholm,30/08 - 2018,,0
29189560,Thisted Kommune,Sydthy Erhvers- og Uddannelsescenter,Jernbanegade 21,7760,Hurup Thy,01/08 - 2003,,1
29189560,Thisted Kommune,Thy Uddannelsescenter,Lerpyttervej 43,7700,Thisted,01/07 - 2004,,1
29189560,Thisted Kommune,Midtvejshuset,Molevej 32,7730,Hanstholm,01/01 - 2007,,
29189560,Thisted Kommune,BVC Intern Skole,Stagstrup Skolevej 5,7752,Snedsted,28/06 - 2011,,0
29189560,Thisted Kommune,Team Nord/stillested/kaffestue,Stationsvej 10,7700,Thisted,22/07 - 2011,,0
29189560,Thisted Kommune,Hanstholm Naturskole,Tårnvej 23,7730,Hanstholm,04/08 - 2011,,
29189560,Thisted Kommune,Frøstrup ungdomsklub,Skolevej 2B,7741,Frøstrup,04/08 - 2011,,0
29189560,Thisted Kommune,Snedsted Ungdomsklub (under Th. Ungdomsskole),Øster Alle 10,7752,Snedsted,21/09 - 2011,,0
29189560,Thisted Kommune,Fælleslejligheden Bostedet Algade,Solsikkevej 10,7752,Snedsted,30/10 - 2012,,
29189560,Thisted Kommune,"Flexjob, ressourceforløb og ly","Skolegade 8A, 2",7700,Thisted,18/04 - 2013,,125
29189560,Thisted Kommune,Flexløn tilskud/Jobcenter,Skolegade 8A,7700,Thisted,13/02 - 2014,,
29189560,Thisted Kommune,Solhjem,Rubinvej 15A,7700,Thisted,01/01 - 1993,,1
29189560,Thisted Kommune,Kastaniegården,Hovedgaden 8,7752,Snedsted,01/01 - 1993,,3
29189560,Thisted Kommune,Børnehaven Boddumhus,Doveroddevej 32,7760,Hurup Thy,04/08 - 2011,,2
29189560,Thisted Kommune,Hanstholm Havn,Trafikhavnsgade 9,7730,Hanstholm,01/01 - 2023,,1
29189560,Thisted Kommune,Støttecentret Markstræde,Markstræde 16,7700,Thisted,01/01 - 2025,,1
29189560,Thisted Kommune,Det nordatlantiske Fyr,Tårnvej 7,7730,Hanstholm,01/03 - 2018,,0
29189560,Thisted Kommune,Administration Korsgade 20,Korsgade 20,7700,Thisted,01/01 - 2019,,3
29189560,Thisted Kommune,Center for Økonomi og HR,Ringvej 34,7700,Thisted,23/02 - 2026,,
29189560,Thisted Kommune,Ådalen Weekendaflastning,Ådalen 4 1.,7760,Hurup Thy,01/01 - 2002,,1
29189560,Thisted Kommune,STU 1 teamet,Langebeksvej 8,7700,Thisted,07/12 - 2020,,
29189560,Thisted Kommune,STU 2,Kastanievej 80,7700,Thisted,07/12 - 2020,,
29189560,Thisted Kommune,Gl. Kathøj,Silstrupvej 45,7700,Thisted,01/11 - 2022,,1
29189560,Thisted Kommune,Covid-19 testcenter i Hurup,Jernbanegade 4,7760,Hurup Thy,05/03 - 2021,,
29189560,Thisted Kommune,Gettrup Beboerhus,Ydbyvej 45,7760,Hurup Thy,17/03 - 2021,,
29189560,Thisted Kommune,Hanstholm Sundhedshus,"Bådsgårdsvej 12, st. tv.",7730,Hanstholm,30/06 - 2021,,
29189560,Thisted Kommune,Afklaringsenheden Dragskilde 4,"Dragskilde 4, st. 1.",7700,Thisted,01/01 - 2023,,
29189560,Thisted Kommune,Børnehuset Tusindfryd,Platanvej 16,7700,Thisted,01/01 - 1993,,6
29189560,Thisted Kommune,KOLBY UNGDOMSKLUB,Stationsvej 3,7755,Bedsted Thy,01/01 - 1993,,1
29189560,Thisted Kommune,THISTED HAVN,Havnen 14,7700,Thisted,01/01 - 1993,,0
29189560,Thisted Kommune,HURUP UNGDOMSKLUB,Thyrasvej 1,7760,Hurup Thy,01/01 - 1993,,0
29189560,Thisted Kommune,Trånt områdecenter,Bredgade 158,7760,Hurup Thy,01/01 - 1993,,0
29189560,Thisted Kommune,BEDSTED UNGDOMSKLUB,Skolegade 1,7755,Bedsted Thy,01/01 - 1993,,0
29189560,Thisted Kommune,Materialegården Sydthy,Poppelvej 8,7760,Hurup Thy,01/01 - 1993,,1
29189560,Thisted Kommune,HANSTHOLM UNGDOMSSKLUB,Fyrvej 100,7730,Hanstholm,01/01 - 1993,,0
29189560,Thisted Kommune,Hannæs skole,Gl. Feggesundvej 33,7742,Vesløs,01/01 - 1993,,20-49
29189560,Thisted Kommune,DOVERODDE HAVN,Fjordstræde 3,7760,Hurup Thy,01/01 - 1993,,0
29189560,Thisted Kommune,SFO Østerild,Vesterbyvej 3,7700,Thisted,01/01 - 1993,,2-4
29189560,Thisted Kommune,ØSTERILD SKOLE,Vesterbyvej 1,7700,Thisted,01/01 - 1993,,10-19
29189560,Thisted Kommune,VESTERVIG SKOLES SKOLEFRITIDSORDNING,Klostergade 11,7770,Vestervig,01/01 - 1993,,1
29189560,Thisted Kommune,VESTERVIG SKOLE,Klostergade 11,7770,Vestervig,01/01 - 1993,,1
29189560,Thisted Kommune,Bostøtte Midt,Korsgade 18,7700,Thisted,01/01 - 2006,,18
29189560,Thisted Kommune,Værestedet Koldby,Solsikkevej 43,7752,Snedsted,01/01 - 2024,,1
29189560,Thisted Kommune,THY HALLEN,Lerpyttervej 50,7700,Thisted,01/01 - 1975,,37
29189560,Thisted Kommune,Hannæs Børnehus,Skolevej 2,7741,Frøstrup,01/01 - 1993,,11
29189560,Thisted Kommune,Hannæs-Østerild Skole,Skolevej 2 th.,7741,Frøstrup,01/01 - 1993,,35
29189560,Thisted Kommune,BØRNEHAVEN KERNEHUSET,Vesterbyvej 5,7700,Thisted,01/01 - 1993,,11
29189560,Thisted Kommune,Hanstholm Børnehus,Fyrvej 85,7730,Hanstholm,01/01 - 1993,,11
29189560,Thisted Kommune,Rusmiddelteamet,Lerpyttervej 50,7700,Thisted,01/01 - 1993,,6
29189560,Thisted Kommune,Kløvermarken,"Kløvervej 3, st",7752,Snedsted,01/01 - 1993,,44
29189560,Thisted Kommune,HANSTHOLM SKOLE,Bådsgårdsvej 55,7730,Hanstholm,01/01 - 1993,,35
29189560,Thisted Kommune,Bostedet Algade,Solsikkevej 2A,7752,Snedsted,01/01 - 1993,,20
29189560,Thisted Kommune,Børnehuset Rolighed,Lindevej 4,7700,Thisted,01/01 - 1993,,33
29189560,Thisted Kommune,Trye,Søndergade 36,7741,Frøstrup,01/01 - 1993,,24
29189560,Thisted Kommune,Aktivitetshuset Limfjorden,Poppelvej 10,7760,Hurup Thy,01/01 - 1993,,29
29189560,Thisted Kommune,Boenheden Bjergbo,Fjordlystvej 4,7700,Thisted,01/01 - 1993,,90
29189560,Thisted Kommune,SFO Hurup skole regnbuen,Idrætsvej 11,7760,Hurup Thy,01/01 - 1993,,10
29189560,Thisted Kommune,THY VÆRKSTEDET,Kronborgvej 113,7700,Thisted,01/01 - 1993,,62
29189560,Thisted Kommune,Bofællesskabet Søskrænten,Fredensvej 15,7700,Thisted,01/01 - 1993,,42
29189560,Thisted Kommune,Fyrglimt,Fyrglimt 2,7730,Hanstholm,01/01 - 1993,,38
29189560,Thisted Kommune,Klitrosen,Krovej 3,7700,Thisted,01/01 - 1993,,38
29189560,Thisted Kommune,Møllehuset,Fjordlystvej 6,7700,Thisted,01/01 - 1993,,36
29189560,Thisted Kommune,ØSTRE SKOLE,Kronborgvej 26,7700,Thisted,01/01 - 1993,,71
29189560,Thisted Kommune,Boenheden Højtoftevej,Højtoftevej 50,7700,Thisted,01/01 - 1993,,36
29189560,Thisted Kommune,SFO Tilsted skole Oasen,Silstrupvej 47,7700,Thisted,01/01 - 1993,,8
29189560,Thisted Kommune,Materialegården Thisted,Tigervej 6,7700,Thisted,01/01 - 1993,,14
29189560,Thisted Kommune,Børnehaven Snedsted,Øster Alle 15,7752,Snedsted,01/01 - 1993,,11
29189560,Thisted Kommune,TILSTED SKOLE,Silstrupvej 47,7700,Thisted,01/01 - 1993,,16
29189560,Thisted Kommune,Kristianslyst,Nørrealle 53,7700,Thisted,01/01 - 1993,,49
29189560,Thisted Kommune,NORS BØRNEHUS,Bykernen 6,7700,Thisted,01/01 - 1993,,12
29189560,Thisted Kommune,SJØRRING SKOLE,Ebbesvej 3,7700,Thisted,01/01 - 1993,,46
29189560,Thisted Kommune,SFO Sjørring skole Myretuen,Ebbesvej 3,7700,Thisted,01/01 - 1993,,9
29189560,Thisted Kommune,Thisted kommunale Tandpleje,Kronborgvej 26,7700,Thisted,01/01 - 1993,,19
29189560,Thisted Kommune,Dragsbækcentret,Simons Bakke 37,7700,Thisted,01/01 - 1993,,45
29189560,Thisted Kommune,SFO Snedsted skole,Hovedgaden 5,7752,Snedsted,01/01 - 1993,,11
29189560,Thisted Kommune,TINGSTRUP SKOLE,Thorstedvej 21,7700,Thisted,01/01 - 1993,,49
29189560,Thisted Kommune,VESTERVIG BØRNEHAVE - Markblomsten,Teglgårdsvej 7,7770,Vestervig,01/01 - 1993,,14
29189560,Thisted Kommune,Troldehuset,Morup Møllevej 24,7755,Bedsted Thy,01/01 - 1993,,13
29189560,Thisted Kommune,Børnehaven Koldbøtten Koldby,Kirsebærvænget 2,7752,Snedsted,01/01 - 1993,,14
29189560,Thisted Kommune,Børnehuset Fjordliv,Sennelsvej 130,7700,Thisted,01/01 - 1993,,19
29189560,Thisted Kommune,Vibedal,Vibedalvej 1,7700,Thisted,01/01 - 1993,,77
29189560,Thisted Kommune,SFO Rolighedsskolen,Kastanievej 80,7700,Thisted,01/01 - 1993,,26
29189560,Thisted Kommune,SFO Sennels skole Grotten,Sennelsvej 122,7700,Thisted,01/01 - 1993,,9
29189560,Thisted Kommune,Rådhuset Thisted,Asylgade 30,7700,Thisted,01/01 - 1993,,855
29189560,Thisted Kommune,Huset,Havrevej 37,7700,Thisted,01/01 - 1993,,24
29189560,Thisted Kommune,SFO - Bedsted Skole - Haren,Skolegade 1,7755,Bedsted Thy,01/01 - 1993,,3
29189560,Thisted Kommune,Ungdomsskolen Thisted,Skolegade 8A,7700,Thisted,01/01 - 1993,,34
29189560,Thisted Kommune,SFO Tingstrup skole Stærekassen,Thorstedvej 21,7700,Thisted,01/01 - 1993,,12
29189560,Thisted Kommune,ROLIGHEDSSKOLEN,Kastanievej 80,7700,Thisted,01/01 - 1993,,51
29189560,Thisted Kommune,SFO Nors skole,Kirkebyvej 25,7700,Thisted,01/01 - 1993,,7
29189560,Thisted Kommune,Fjordglimt ældrecenter,Sennelsvej 65,7700,Thisted,01/01 - 1993,,64
29189560,Thisted Kommune,AGGER HAVN,Havnevej 4A,7770,Vestervig,01/01 - 1993,,1
29189560,Thisted Kommune,BØRNEHAVEN KATHØJ,Silstrupvej 45,7700,Thisted,01/01 - 1993,,25
29189560,Thisted Kommune,Åbakken,Nørre Alle 21,7760,Hurup Thy,01/01 - 1993,,68
29189560,Thisted Kommune,KOLDBY SKOLE,Limfjordsgade 9,7752,Snedsted,01/01 - 1993,,14
29189560,Thisted Kommune,Teknisk forvaltning,Kirkevej 9,7760,Hurup Thy,01/01 - 1993,,107
29189560,Thisted Kommune,SFO Østre skole Reden,Kronborgvej 26,7700,Thisted,01/01 - 1993,,3
29189560,Thisted Kommune,Musikskolen i Thy,Tingstrupvej 17,7700,Thisted,01/01 - 1993,,18
29189560,Thisted Kommune,SNEDSTED SKOLE,Hovedgaden 5,7752,Snedsted,01/01 - 1993,,57
29189560,Thisted Kommune,Limfjordsbørnehuset,Dragskilde 1,7700,Thisted,01/01 - 1993,,11
29189560,Thisted Kommune,Sct. Thøgersgård,Prins Burisvej 2,7770,Vestervig,01/01 - 1993,,74
29189560,Thisted Kommune,Thisted Bibliotek,Tingstrupvej 19,7700,Thisted,01/01 - 1993,,19
29189560,Thisted Kommune,Børnehaven Skattekisten Hurup,Jernbanegade 19B,7760,Hurup Thy,01/01 - 1993,,28
29189560,Thisted Kommune,NORS SKOLE,Kirkebyvej 25,7700,Thisted,01/01 - 1993,,20
29189560,Thisted Kommune,HURUP SKOLE,Idrætsvej 11,7760,Hurup Thy,01/01 - 1993,,56
29189560,Thisted Kommune,BEDSTED SKOLE,Skolegade 1,7755,Bedsted Thy,01/01 - 1993,,34
29189560,Thisted Kommune,SFO Koldby Skole Mariehønen,Limfjordsgade 9,7752,Snedsted,01/01 - 1993,,9
29189560,Thisted Kommune,Espersens Børnehus,Kronborgvej 12,7700,Thisted,01/01 - 1993,,20
29189560,Thisted Kommune,SENNELS SKOLE,Sennelsvej 122,7700,Thisted,01/01 - 1993,,18
29189560,Thisted Kommune,Pædagogisk Psykologisk Rådgivning,Asylgade 22,7700,Thisted,01/01 - 1994,,25
29189560,Thisted Kommune,VILDSUND BØRNEHAVE,Skyumvej 53,7700,Thisted,01/01 - 1995,,15
29189560,Thisted Kommune,Sjørring Børnehus,Præstegårdsvej 2,7700,Thisted,01/01 - 1996,,26
29189560,Thisted Kommune,SFO Hanstholm skole,Bådsgårdsvej 55,7730,Hanstholm,01/01 - 1996,,18
29189560,Thisted Kommune,SYDTHY SVØMMEBAD,Idrætsvej 5,7760,Hurup Thy,01/01 - 1997,,31
29189560,Thisted Kommune,Hundborg Børnehus,Vorupørvej 147,7700,Thisted,01/01 - 2005,,12
29189560,Thisted Kommune,Dragskilde,Dragskilde 2,7700,Thisted,01/01 - 1999,,21
29189560,Thisted Kommune,Bofællesskabet Auktionsvej,Auktionsvej 3,7760,Hurup Thy,01/01 - 1999,,23
29189560,Thisted Kommune,Solgården,Solgårdsvej 14,7700,Thisted,24/10 - 1967,,39
29189560,Thisted Kommune,Sundhedsplejen,Lerpyttervej 50,7700,Thisted,01/01 - 2001,,17
29189560,Thisted Kommune,Hjælpemiddelafdelingen,Industrivej 5,7700,Thisted,01/01 - 2001,,9
29189560,Thisted Kommune,Kommunikationscenter - Thisted,Kr. Kolds Gade 3,7700,Thisted,01/01 - 1999,,35
29189560,Thisted Kommune,Rampen,Havnen 17,7700,Thisted,01/08 - 2003,,5
29189560,Thisted Kommune,Naturbørnehaven Kronens Mark,Østerbakken 95,7700,Thisted,01/08 - 2004,,11
41853816,Topsoe A/S,HALDOR TOPSØE A/S, 55,9999,Ukendt,30/11 - 1972,17/06 - 1979,
41853816,Topsoe A/S,Haldor Topsøe A/S,Holtengårdsvej 25,4230,Skælskør,17/03 - 2003,31/12 - 2003,
41853816,Topsoe A/S,Haldor Topsøe A/S Katalysatordivisionen Heimdalsvej,Heimdalsvej 4-6,3600,Frederikssund,03/02 - 2011,03/02 - 2012,0
41853816,Topsoe A/S,HALDOR TOPSØE A/S Technology Division/Projektsalg,Smedetoften 4,3600,Frederikssund,01/01 - 1982,31/07 - 2004,2-4
41853816,Topsoe A/S,Topsoe A/S Katalysator-Divisionen,Centervej 11,3600,Frederikssund,14/10 - 2008,,6
41853816,Topsoe A/S,Haldor Topsøe A/S Foulum,Burrehøjvej 43,8830,Tjele,01/06 - 2020,,2
41853816,Topsoe A/S,Topsoe A/S Herning,Haldor Topsøes Vej 2,7400,Herning,01/10 - 2022,,12
41853816,Topsoe A/S,Topsoe Hørsholm 2,Bøge Alle 5,2970,Hørsholm,01/01 - 2025,,
41853816,Topsoe A/S,Topsoe Hørsholm 1,Agern Alle 9,2970,Hørsholm,01/01 - 2025,,
41853816,Topsoe A/S,Topsoe Hørsholm 3,Fremtidsvej 3,2970,Hørsholm,22/07 - 2025,,
41853816,Topsoe A/S,Topsoe A/S Katalysator-Divisionen,Heimdalsvej 4-54,3600,Frederikssund,18/06 - 1979,,683
41853816,Topsoe A/S,Topsoe A/S,Haldor Topsøes Allé 1,2800,Kgs. Lyngby,18/06 - 1979,,1250
30826752,Topsøe Holding A/S,Topsøe Holding A/S,Haldor Topsøes Allé 1,2800,Kgs. Lyngby,14/09 - 2007,,
20750170,Trackunit ApS,M-TEC A/S, 17,9999,Ukendt,02/02 - 1998,31/05 - 1998,
20750170,Trackunit ApS,Trackunit A/S,"Højbro Plads 10, 3",1200,København K,02/03 - 2020,,59
20750170,Trackunit ApS,Trackunit ApS,"Buen 11, 3. tv.",6000,Kolding,02/11 - 2020,,27
20750170,Trackunit ApS,Trackunit ApS,"Ny Banegårdsgade 55, 3",8000,Aarhus C,01/06 - 2023,,17
20750170,Trackunit ApS,Trackunit ApS,"Gasværksvej 24, 4",9000,Aalborg,01/06 - 1998,,129
24260666,TRYG FORSIKRING A/S,TRYG FORSIKRING A/S,Axeltorv 6,4700,Næstved,18/10 - 1999,31/12 - 2001,
24260666,TRYG FORSIKRING A/S,TRYG FORSIKRING A/S,Københavnsvej 81,4000,Roskilde,05/10 - 2006,05/10 - 2006,
24260666,TRYG FORSIKRING A/S,TRYG FORSIKRING A/S,Statene 12,5970,Ærøskøbing,18/10 - 1999,30/12 - 2008,
24260666,TRYG FORSIKRING A/S,TRYG FORSIKRING A/S,Klakkebjerg 601,2750,Ballerup,18/10 - 1999,31/12 - 2002,
24260666,TRYG FORSIKRING A/S,TRYG FORSIKRING A/S,Vestergade 15,8600,Silkeborg,18/10 - 1999,31/12 - 2001,
24260666,TRYG FORSIKRING A/S,TRYG-BALTICA FORSIKRING. SKADESFORSIKRINGSSELSKAB A/S,Klausdalsbrovej 601,2750,Ballerup,15/08 - 1997,17/10 - 1999,
24260666,TRYG FORSIKRING A/S,TRYG FORSIKRING A/S,Ahlgade 24,4300,Holbæk,18/10 - 1999,31/12 - 2001,
24260666,TRYG FORSIKRING A/S,Tryg Forsikring A/S,Sivlandvænget 27A,5260,Odense S,21/09 - 2006,21/09 - 2006,
24260666,TRYG FORSIKRING A/S,TRYG-BALTICA FORSIKRING A/S,"Vestre Havnepromenade 7, 2",9000,Aalborg,01/01 - 2001,01/01 - 2001,
24260666,TRYG FORSIKRING A/S,TRYG FORSIKRING,Kometvej 26,6230,Rødekro,09/12 - 2003,09/12 - 2003,
24260666,TRYG FORSIKRING A/S,TRYG FORSIKRING A/S,"Roskildevej 10A, 1",3400,Hillerød,01/02 - 2007,01/02 - 2007,
24260666,TRYG FORSIKRING A/S,TRYG FORSIKRING A/S,Elkjærvej 37,8230,Åbyhøj,01/04 - 2019,01/09 - 2019,
24260666,TRYG FORSIKRING A/S,TRYG FORSIKRING A/S,Engelholm Alle 1,2630,Taastrup,01/04 - 2019,01/10 - 2019,
24260666,TRYG FORSIKRING A/S,TRYG FORSIKRING A/S,Nybrogade 1,4900,Nakskov,18/10 - 1999,30/12 - 2008,1
24260666,TRYG FORSIKRING A/S,TRYG FORSIKRING A/S,Torvet 1,9440,Aabybro,18/10 - 1999,31/12 - 2006,1
24260666,TRYG FORSIKRING A/S,TRYG FORSIKRING A/S,Frederikshavnsvej 81,9800,Hjørring,18/10 - 1999,30/04 - 2010,5-9
24260666,TRYG FORSIKRING A/S,TRYG FORSIKRING A/S,Rødovre Centrum 165,2610,Rødovre,18/10 - 1999,31/12 - 2001,0
24260666,TRYG FORSIKRING A/S,TRYG FORSIKRING A/S,Hvidovrevej 137,2650,Hvidovre,18/10 - 1999,30/12 - 2008,1
24260666,TRYG FORSIKRING A/S,TRYG FORSIKRING A/S Silkeborg,Bredhøjvej 5,8600,Silkeborg,21/04 - 2006,31/01 - 2011,5-9
24260666,TRYG FORSIKRING A/S,TRYG FORSIKRING A/S,Orla Lehmanns Allé 7,8000,Aarhus C,18/10 - 1999,31/01 - 2011,100-199
24260666,TRYG FORSIKRING A/S,TRYG FORSIKRING A/S,Skovvejen 2A,8000,Aarhus C,18/10 - 1999,30/12 - 2008,5-9
24260666,TRYG FORSIKRING A/S,TRYG FORSIKRING A/S,Solbjergvej 2A,2000,Frederiksberg,18/10 - 1999,30/12 - 2008,2-4
24260666,TRYG FORSIKRING A/S,TRYG FORSIKRING A/S,Amagerbrogade 243,2300,København S,18/10 - 1999,30/12 - 2008,5-9
24260666,TRYG FORSIKRING A/S,TRYG FORSIKRING A/S,"Torvet 1, 1",7330,Brande,18/10 - 1999,30/12 - 2008,2-4
24260666,TRYG FORSIKRING A/S,TRYG FORSIKRING A/S,Algade 83F,4760,Vordingborg,18/10 - 1999,30/12 - 2008,2-4
24260666,TRYG FORSIKRING A/S,TRYG FORSIKRING A/S,Østre Alle 18,9560,Hadsund,18/10 - 1999,30/12 - 2008,1
24260666,TRYG FORSIKRING A/S,TRYG FORSIKRING A/S,Vestergade 9,4690,Haslev,18/10 - 1999,30/12 - 2008,1
24260666,TRYG FORSIKRING A/S,TRYG FORSIKRING A/S,"Torvet 6, 1",3600,Frederikssund,18/10 - 1999,31/12 - 2003,0
24260666,TRYG FORSIKRING A/S,TRYG FORSIKRING A/S,Svinget 3,7190,Billund,18/10 - 1999,30/12 - 2008,2-4
24260666,TRYG FORSIKRING A/S,TRYG FORSIKRING A/S,Nørregade 2A,9330,Dronninglund,18/10 - 1999,31/12 - 2001,0
24260666,TRYG FORSIKRING A/S,TRYG FORSIKRING A/S,Møllebakken 11,6400,Sønderborg,18/10 - 1999,30/12 - 2008,2-4
24260666,TRYG FORSIKRING A/S,TRYG FORSIKRING A/S,Kometvej 26,6230,Rødekro,18/10 - 1999,30/11 - 2009,5-9
24260666,TRYG FORSIKRING A/S,TRYG FORSIKRING A/S,Kannikegade 30,8500,Grenaa,18/10 - 1999,31/12 - 2006,2-4
24260666,TRYG FORSIKRING A/S,TRYG FORSIKRING A/S,Nytorv 11,1450,København K,18/10 - 1999,30/12 - 2008,1
24260666,TRYG FORSIKRING A/S,TRYG FORSIKRING A/S,Søborg Torv 7,2860,Søborg,18/10 - 1999,31/12 - 2001,1
24260666,TRYG FORSIKRING A/S,TRYG FORSIKRING A/S,Bredgade 3B,9670,Løgstør,18/10 - 1999,31/12 - 2001,2-4
24260666,TRYG FORSIKRING A/S,TRYG FORSIKRING A/S,Mindevej 2,6600,Vejen,18/10 - 1999,30/12 - 2008,1
24260666,TRYG FORSIKRING A/S,TRYG FORSIKRING A/S,Hyldegårds Tværvej 47,2920,Charlottenlund,18/10 - 1999,30/12 - 2008,2-4
24260666,TRYG FORSIKRING A/S,TRYG FORSIKRING A/S,Slotsgade 5,8550,Ryomgård,18/10 - 1999,30/12 - 2008,2-4
24260666,TRYG FORSIKRING A/S,TRYG-BALTICA FORSIKRING,Adelgade 6,9500,Hobro,18/10 - 1999,30/12 - 2008,2-4
24260666,TRYG FORSIKRING A/S,TRYG FORSIKRING A/S,Christian 8.s Vej 12,8600,Silkeborg,18/10 - 1999,30/12 - 2008,5-9
24260666,TRYG FORSIKRING A/S,TRYG FORSIKRING A/S,Mellemgade 6,6950,Ringkøbing,18/10 - 1999,31/12 - 2005,1
24260666,TRYG FORSIKRING A/S,TRYG FORSIKRING A/S,Bredgade 94,7760,Hurup Thy,18/10 - 1999,31/12 - 2001,1
24260666,TRYG FORSIKRING A/S,TRYG FORSIKRING A/S,Lyngby Hovedgade 98,2800,Kgs.Lyngby,18/10 - 1999,31/12 - 2012,50-99
24260666,TRYG FORSIKRING A/S,TRYG FORSIKRING A/S,Brogade 19E,4600,Køge,18/10 - 1999,31/12 - 2006,2-4
24260666,TRYG FORSIKRING A/S,TRYG FORSIKRING A/S,Roskildevej 10A,3400,Hillerød,18/10 - 1999,31/03 - 2011,0
24260666,TRYG FORSIKRING A/S,TRYG FORSIKRING A/S,Bredgade 38,4400,Kalundborg,18/10 - 1999,31/12 - 2006,1
24260666,TRYG FORSIKRING A/S,TRYG FORSIKRING A/S,Ravnsnæsvej 33,3460,Birkerød,18/10 - 1999,30/12 - 2008,2-4
24260666,TRYG FORSIKRING A/S,TRYG FORSIKRING A/S,Støden 18,4000,Roskilde,18/10 - 1999,30/12 - 2008,2-4
24260666,TRYG FORSIKRING A/S,TRYG FORSIKRING A/S,Søndergade 18,8370,Hadsten,18/10 - 1999,30/12 - 2008,1
24260666,TRYG FORSIKRING A/S,TRYG FORSIKRING A/S,Tinghusvej 1,6900,Skjern,18/10 - 1999,30/12 - 2008,1
24260666,TRYG FORSIKRING A/S,TRYG FORSIKRING A/S,Helsingørsgade 43,3400,Hillerød,18/10 - 1999,30/12 - 2008,5-9
24260666,TRYG FORSIKRING A/S,TRYG FORSIKRING A/S,Hovedvejen 110,2600,Glostrup,18/10 - 1999,30/12 - 2008,2-4
24260666,TRYG FORSIKRING A/S,TRYG FORSIKRING A/S,Torvet 9,4930,Maribo,18/10 - 1999,31/12 - 2005,1
24260666,TRYG FORSIKRING A/S,TRYG FORSIKRING A/S,Københavnsvej 81-85,4000,Roskilde,18/10 - 1999,31/03 - 2011,0
24260666,TRYG FORSIKRING A/S,TRYG FORSIKRING A/S,Vestensborg Alle 2,4800,Nykøbing F,18/10 - 1999,31/12 - 2013,0
24260666,TRYG FORSIKRING A/S,TRYG FORSIKRING A/S,Østre Strandvej 1,9990,Skagen,18/10 - 1999,30/12 - 2008,1
24260666,TRYG FORSIKRING A/S,TRYG FORSIKRING A/S,Sønderbrogade 36,7100,Vejle,18/10 - 1999,30/04 - 2010,20-49
24260666,TRYG FORSIKRING A/S,TRYG FORSIKRING A/S,Østergade 12,5610,Assens,18/10 - 1999,30/12 - 2008,1
24260666,TRYG FORSIKRING A/S,TRYG FORSIKRING A/S,Jernbanegade 77,5500,Middelfart,18/10 - 1999,30/12 - 2008,2-4
24260666,TRYG FORSIKRING A/S,TRYG FORSIKRING A/S,Gl. Torv 2,5800,Nyborg,18/10 - 1999,30/12 - 2008,2-4
24260666,TRYG FORSIKRING A/S,TRYG FORSIKRING A/S,Herlev Ringvej 2B,2730,Herlev,18/10 - 1999,30/12 - 2008,5-9
24260666,TRYG FORSIKRING A/S,TRYG FORSIKRING A/S,"Torvegade 1, 1",6330,Padborg,18/10 - 1999,30/12 - 2008,1
24260666,TRYG FORSIKRING A/S,TrygVesta Forsikring A/S,Kometvej 26,6230,Rødekro,14/12 - 2009,30/11 - 2010,5-9
24260666,TRYG FORSIKRING A/S,TRYG FORSIKRING A/S,Filosofgangen 21,5000,Odense C,18/10 - 1999,31/08 - 2007,10-19
24260666,TRYG FORSIKRING A/S,TRYG FORSIKRING A/S,Thomas Bergs Gade 12,9900,Frederikshavn,18/10 - 1999,30/12 - 2008,2-4
24260666,TRYG FORSIKRING A/S,TRYG FORSIKRING A/S,Østergade 60,5900,Rudkøbing,18/10 - 1999,31/12 - 2001,2-4
24260666,TRYG FORSIKRING A/S,TRYG FORSIKRING A/S,Stjernegade 23,3000,Helsingør,18/10 - 1999,30/12 - 2008,2-4
24260666,TRYG FORSIKRING A/S,TRYG FORSIKRING A/S,Posthustorvet 2,7800,Skive,18/10 - 1999,30/12 - 2008,2-4
24260666,TRYG FORSIKRING A/S,TRYG FORSIKRING A/S,Rønnedevej 1,4640,Faxe,18/10 - 1999,31/12 - 2004,0
24260666,TRYG FORSIKRING A/S,TRYG FORSIKRING A/S,Danmarksgade 36,6700,Esbjerg,18/10 - 1999,29/03 - 2014,0
24260666,TRYG FORSIKRING A/S,TRYG FORSIKRING A/S,"Toftegårds Alle 7, 1",2500,Valby,18/10 - 1999,30/12 - 2008,20-49
24260666,TRYG FORSIKRING A/S,TRYG FORSIKRING A/S,Herlev Hovedgade 82B,2730,Herlev,18/10 - 1999,30/12 - 2008,10-19
24260666,TRYG FORSIKRING A/S,TRYG FORSIKRING A/S,Møgelvangs Plads 13,7900,Nykøbing M,18/10 - 1999,30/12 - 2008,1
24260666,TRYG FORSIKRING A/S,TRYG-BALTICA FORSIKRING,Eriksmindevej 1,2670,Greve,18/10 - 1999,30/06 - 2001,2-4
24260666,TRYG FORSIKRING A/S,TRYG FORSIKRING A/S,Vestergade 12,3200,Helsinge,18/10 - 1999,31/12 - 2004,0
24260666,TRYG FORSIKRING A/S,TRYG FORSIKRING A/S,Vestergade 9,6270,Tønder,18/10 - 1999,30/12 - 2008,1
24260666,TRYG FORSIKRING A/S,TRYG FORSIKRING A/S,Østerbrogade 3A,8722,Hedensted,18/10 - 1999,31/12 - 2001,0
24260666,TRYG FORSIKRING A/S,TRYG FORSIKRING A/S,Taastrup Hovedgade 45,2630,Taastrup,18/10 - 1999,30/12 - 2008,2-4
24260666,TRYG FORSIKRING A/S,TRYG FORSIKRING A/S,Østerbrogade 200,2100,København Ø,18/10 - 1999,30/12 - 2008,2-4
24260666,TRYG FORSIKRING A/S,TRYG FORSIKRING A/S,Sankt Nicolai Gade 1A,5700,Svendborg,18/10 - 1999,31/12 - 2006,1
24260666,TRYG FORSIKRING A/S,TRYG FORSIKRING A/S,Nørregade 55,7500,Holstebro,18/10 - 1999,30/04 - 2010,5-9
24260666,TRYG FORSIKRING A/S,TRYG FORSIKRING A/S,Nørrebrogade 230,2200,København N,18/10 - 1999,30/12 - 2008,5-9
24260666,TRYG FORSIKRING A/S,TRYG FORSIKRING A/S,Torvet 25,3300,Frederiksværk,18/10 - 1999,30/12 - 2008,1
24260666,TRYG FORSIKRING A/S,TRYG FORSIKRING A/S,Ringager 2A,2605,Brøndby,18/10 - 1999,30/12 - 2008,5-9
24260666,TRYG FORSIKRING A/S,TRYG FORSIKRING A/S,Gravene 7,6100,Haderslev,18/10 - 1999,30/12 - 2008,2-4
24260666,TRYG FORSIKRING A/S,TRYG FORSIKRING A/S,Skomagergade 15,4000,Roskilde,18/10 - 1999,30/12 - 2008,10-19
24260666,TRYG FORSIKRING A/S,TRYG FORSIKRING A/S,Holbækvej 10B,4450,Jyderup,18/10 - 1999,31/12 - 2001,2-4
24260666,TRYG FORSIKRING A/S,TRYG FORSIKRING A/S,Møllegade 3,8660,Skanderborg,18/10 - 1999,30/12 - 2008,2-4
24260666,TRYG FORSIKRING A/S,TRYG FORSIKRING A/S,Østergade 32,7600,Struer,18/10 - 1999,30/12 - 2008,2-4
24260666,TRYG FORSIKRING A/S,TRYG FORSIKRING A/S,Algade 17,4230,Skælskør,18/10 - 1999,31/12 - 2006,1
24260666,TRYG FORSIKRING A/S,TRYG FORSIKRING A/S,Torvet 14,8600,Silkeborg,18/10 - 1999,30/12 - 2008,2-4
24260666,TRYG FORSIKRING A/S,TRYG FORSIKRING A/S,Seminarievej 6B,6760,Ribe,18/10 - 1999,30/12 - 2008,2-4
24260666,TRYG FORSIKRING A/S,TRYG FORSIKRING A/S,"Store Torv 6A, 1",3700,Rønne,18/10 - 1999,31/01 - 2013,0
24260666,TRYG FORSIKRING A/S,TRYG FORSIKRING A/S,Centrumgaden 24,2750,Ballerup,18/10 - 1999,30/12 - 2008,2-4
24260666,TRYG FORSIKRING A/S,TRYG FORSIKRING A/S,Jørgen Fibigersgade 21A,9850,Hirtshals,18/10 - 1999,31/12 - 2001,2-4
24260666,TRYG FORSIKRING A/S,TRYG FORSIKRING A/S,Torvet 3,6300,Gråsten,18/10 - 1999,31/12 - 2001,1
24260666,TRYG FORSIKRING A/S,TRYG FORSIKRING A/S,Grønnegade 4,9300,Sæby,18/10 - 1999,31/12 - 2005,1
24260666,TRYG FORSIKRING A/S,TRYG FORSIKRING A/S,Åboulevard 5,1635,København V,18/10 - 1999,31/12 - 2001,0
24260666,TRYG FORSIKRING A/S,TRYG FORSIKRING A/S,Havnegade 19,5600,Faaborg,18/10 - 1999,31/12 - 2001,1
24260666,TRYG FORSIKRING A/S,TRYG-BALTICA FORSIKRING,Søndergade 3,7620,Lemvig,18/10 - 1999,01/10 - 2001,5-9
24260666,TRYG FORSIKRING A/S,TRYG FORSIKRING A/S,Langes Gård 26,4200,Slagelse,18/10 - 1999,01/05 - 2003,10-19
24260666,TRYG FORSIKRING A/S,TRYG FORSIKRING A/S,Tinggade 8,4100,Ringsted,18/10 - 1999,31/12 - 2003,0
24260666,TRYG FORSIKRING A/S,TRYG FORSIKRING A/S,Allegade 5,7323,Give,18/10 - 1999,31/12 - 2001,2-4
24260666,TRYG FORSIKRING A/S,TRYG FORSIKRING A/S,Rosensgade 4,8300,Odder,18/10 - 1999,31/12 - 2006,1
24260666,TRYG FORSIKRING A/S,TRYG FORSIKRING A/S,Allegade 2,8700,Horsens,18/10 - 1999,30/12 - 2008,5-9
24260666,TRYG FORSIKRING A/S,TRYG FORSIKRING A/S,"Vestergade 16, 2",1456,København K,18/10 - 1999,31/12 - 2001,2-4
24260666,TRYG FORSIKRING A/S,TRYG FORSIKRING A/S,Vestergade 9,5300,Kerteminde,18/10 - 1999,31/12 - 2005,1
24260666,TRYG FORSIKRING A/S,TRYG FORSIKRING A/S,Rådhuscentret 21,6500,Vojens,18/10 - 1999,30/12 - 2008,1
24260666,TRYG FORSIKRING A/S,TRYG FORSIKRING A/S,Algade 27,5750,Ringe,18/10 - 1999,30/12 - 2008,1
24260666,TRYG FORSIKRING A/S,TRYG FORSIKRING A/S,Nørrealle 7,8400,Ebeltoft,18/10 - 1999,30/12 - 2008,1
24260666,TRYG FORSIKRING A/S,TRYG FORSIKRING A/S Inkassoafd.,Glarmestervej 16,8600,Silkeborg,18/10 - 1999,31/07 - 2012,0
24260666,TRYG FORSIKRING A/S,TRYG FORSIKRING A/S,Vestergade 8,6580,Vamdrup,18/10 - 1999,31/12 - 2001,1
24260666,TRYG FORSIKRING A/S,TRYG FORSIKRING A/S,Søndergade 18,6520,Toftlund,18/10 - 1999,31/12 - 2001,0
24260666,TRYG FORSIKRING A/S,TRYG FORSIKRING A/S,Skelagervej 1C,9000,Aalborg,18/10 - 1999,31/12 - 2001,0
24260666,TRYG FORSIKRING A/S,TRYG FORSIKRING A/S,Havnegade 2,4500,Nykøbing Sj,18/10 - 1999,31/12 - 2001,2-4
24260666,TRYG FORSIKRING A/S,TRYG FORSIKRING A/S,Sct Mortens Gade 1,4700,Næstved,18/10 - 1999,30/12 - 2008,2-4
24260666,TRYG FORSIKRING A/S,TRYG FORSIKRING A/S,Ny Banegårdsgade 7,9700,Brønderslev,18/10 - 1999,30/12 - 2008,2-4
24260666,TRYG FORSIKRING A/S,TRYG FORSIKRING A/S,Amagerbrogade 69,2300,København S,18/10 - 1999,30/12 - 2008,1
24260666,TRYG FORSIKRING A/S,TRYG FORSIKRING A/S,Vesterbro 52,9000,Aalborg,18/10 - 1999,30/12 - 2008,2-4
24260666,TRYG FORSIKRING A/S,TRYG FORSIKRING A/S,Vestre Kongevej 10,8260,Viby J,18/10 - 1999,14/03 - 2005,20-49
24260666,TRYG FORSIKRING A/S,TRYG FORSIKRING A/S,Nørre Torv 1,7200,Grindsted,18/10 - 1999,30/12 - 2008,2-4
24260666,TRYG FORSIKRING A/S,TRYG FORSIKRING A/S,Vilhelmsborgvej 15,7700,Thisted,18/10 - 1999,31/12 - 2013,1
24260666,TRYG FORSIKRING A/S,TRYG FORSIKRING A/S,Messevej 2,9600,Aars,18/10 - 1999,30/12 - 2008,2-4
24260666,TRYG FORSIKRING A/S,TRYG FORSIKRING A/S,"Hovedgaden 6, 1",2970,Hørsholm,18/10 - 1999,30/12 - 2008,2-4
24260666,TRYG FORSIKRING A/S,TRYG FORSIKRING A/S,Murtfeldts Plads 5,6800,Varde,18/10 - 1999,30/12 - 2008,2-4
24260666,TRYG FORSIKRING A/S,TRYG FORSIKRING A/S,Tørvebryggen 12,8900,Randers C,18/10 - 1999,30/04 - 2010,20-49
24260666,TRYG FORSIKRING A/S,TRYG FORSIKRING A/S,Nygade 12,4300,Holbæk,18/10 - 1999,30/12 - 2008,2-4
24260666,TRYG FORSIKRING A/S,TRYG FORSIKRING A/S,City Centret 27,9530,Støvring,18/10 - 1999,31/12 - 2004,0
24260666,TRYG FORSIKRING A/S,TRYG FORSIKRING A/S,Strøget 34,7430,Ikast,18/10 - 1999,30/12 - 2008,1
24260666,TRYG FORSIKRING A/S,TRYG FORSIKRING A/S,Prinsessegade 46,7000,Fredericia,18/10 - 1999,30/12 - 2008,1
24260666,TRYG FORSIKRING A/S,TRYG FORSIKRING A/S,Gravene 26,8800,Viborg,18/10 - 1999,30/11 - 2010,10-19
24260666,TRYG FORSIKRING A/S,Tryg Forsikring A/S,Nydamsvej 17,8362,Hørning,01/10 - 2014,01/07 - 2019,20-49
24260666,TRYG FORSIKRING A/S,Tryg Forsikring A/S,Lundborgvej 16,8800,Viborg,05/08 - 2010,31/03 - 2021,1
24260666,TRYG FORSIKRING A/S,Tryg Forsikring A/S,Vilhelmsborgvej 15,7700,Thisted,07/04 - 2014,30/09 - 2020,1
24260666,TRYG FORSIKRING A/S,Tryg Forsikring A/S,"Rytoften 5, 2",8210,Aarhus V,17/02 - 2021,01/07 - 2022,5
24260666,TRYG FORSIKRING A/S,Tryg Forsikring A/S,"Bredgade 7, 2",7400,Herning,01/07 - 2024,01/07 - 2025,
24260666,TRYG FORSIKRING A/S,Tryg Forsikring A/S,Sivlandvænget 27A,5260,Odense S,18/10 - 1999,01/09 - 2024,5
24260666,TRYG FORSIKRING A/S,Tryg Forsikring A/S,"Poulsgade 6-8, 1",7400,Herning,18/10 - 1999,31/12 - 2024,1
24260666,TRYG FORSIKRING A/S,Tryg Forsikring A/S,Sommervej 31C,8210,Aarhus V,15/01 - 2010,31/01 - 2024,497
24260666,TRYG FORSIKRING A/S,Tryg Forsikring A/S,Dusager 18,8200,Aarhus N,01/06 - 2019,01/06 - 2024,1
24260666,TRYG FORSIKRING A/S,Tryg Forsikring A/S,Lautrupbjerg 2,2750,Ballerup,01/01 - 2019,01/05 - 2025,1
24260666,TRYG FORSIKRING A/S,Tryg Forsikring A/S,Ramsingsvej 28A,2500,Valby,15/01 - 2010,,209
24260666,TRYG FORSIKRING A/S,Tryg Forsikring A/S,Trekronergade 126F,2500,Valby,01/10 - 2019,,14
24260666,TRYG FORSIKRING A/S,Tryg Forsikring A/S,"Klamsagervej 19C, 2",8230,Åbyhøj,01/07 - 2022,,5
24260666,TRYG FORSIKRING A/S,Tryg Forsikring A/S,Dusager 25,8200,Aarhus N,01/11 - 2023,,778
24260666,TRYG FORSIKRING A/S,Tryg Forsikring A/S,"Slotsgade 4, st. tv.",4800,Nykøbing F,01/07 - 2023,,
24260666,TRYG FORSIKRING A/S,Tryg Forsikring A/S,"Englandsgade 25, st. tv.",6700,Esbjerg,01/10 - 2023,,
24260666,TRYG FORSIKRING A/S,Tryg Forsikring A/S,Korsgade 14D,5700,Svendborg,01/09 - 2024,,
24260666,TRYG FORSIKRING A/S,Tryg Forsikring A/S,Vesterbro 15A,5000,Odense C,01/09 - 2024,,
24260666,TRYG FORSIKRING A/S,Tryg Forsikring A/S,Hersegade 4,4000,Roskilde,01/07 - 2024,,
24260666,TRYG FORSIKRING A/S,Tryg Forsikring A/S,Klausdalsbrovej 601,2750,Ballerup,18/10 - 1999,,2631
24260666,TRYG FORSIKRING A/S,Tryg Forsikring A/S,"Nybrogade 6, 2",9000,Aalborg,18/10 - 1999,,31
24260666,TRYG FORSIKRING A/S,Tryg Forsikring A/S,"Næstved Storcenter 5, 1. 57d.",4700,Næstved,18/10 - 1999,,87
24260666,TRYG FORSIKRING A/S,Tryg Forsikring A/S,Kokmose 12,6000,Kolding,18/10 - 1999,,125
24260666,TRYG FORSIKRING A/S,TRYG FORSIKRING A/S,Axeltorv 6,4700,Næstved,18/10 - 1999,31/12 - 2001,
24260666,TRYG FORSIKRING A/S,TRYG FORSIKRING A/S,Københavnsvej 81,4000,Roskilde,05/10 - 2006,05/10 - 2006,
24260666,TRYG FORSIKRING A/S,TRYG FORSIKRING A/S,Statene 12,5970,Ærøskøbing,18/10 - 1999,30/12 - 2008,
24260666,TRYG FORSIKRING A/S,TRYG FORSIKRING A/S,Klakkebjerg 601,2750,Ballerup,18/10 - 1999,31/12 - 2002,
24260666,TRYG FORSIKRING A/S,TRYG FORSIKRING A/S,Vestergade 15,8600,Silkeborg,18/10 - 1999,31/12 - 2001,
24260666,TRYG FORSIKRING A/S,TRYG-BALTICA FORSIKRING. SKADESFORSIKRINGSSELSKAB A/S,Klausdalsbrovej 601,2750,Ballerup,15/08 - 1997,17/10 - 1999,
24260666,TRYG FORSIKRING A/S,TRYG FORSIKRING A/S,Ahlgade 24,4300,Holbæk,18/10 - 1999,31/12 - 2001,
24260666,TRYG FORSIKRING A/S,Tryg Forsikring A/S,Sivlandvænget 27A,5260,Odense S,21/09 - 2006,21/09 - 2006,
24260666,TRYG FORSIKRING A/S,TRYG-BALTICA FORSIKRING A/S,"Vestre Havnepromenade 7, 2",9000,Aalborg,01/01 - 2001,01/01 - 2001,
24260666,TRYG FORSIKRING A/S,TRYG FORSIKRING,Kometvej 26,6230,Rødekro,09/12 - 2003,09/12 - 2003,
24260666,TRYG FORSIKRING A/S,TRYG FORSIKRING A/S,"Roskildevej 10A, 1",3400,Hillerød,01/02 - 2007,01/02 - 2007,
24260666,TRYG FORSIKRING A/S,TRYG FORSIKRING A/S,Elkjærvej 37,8230,Åbyhøj,01/04 - 2019,01/09 - 2019,
24260666,TRYG FORSIKRING A/S,TRYG FORSIKRING A/S,Engelholm Alle 1,2630,Taastrup,01/04 - 2019,01/10 - 2019,
24260666,TRYG FORSIKRING A/S,TRYG FORSIKRING A/S,Nybrogade 1,4900,Nakskov,18/10 - 1999,30/12 - 2008,1
24260666,TRYG FORSIKRING A/S,TRYG FORSIKRING A/S,Torvet 1,9440,Aabybro,18/10 - 1999,31/12 - 2006,1
24260666,TRYG FORSIKRING A/S,TRYG FORSIKRING A/S,Frederikshavnsvej 81,9800,Hjørring,18/10 - 1999,30/04 - 2010,5-9
24260666,TRYG FORSIKRING A/S,TRYG FORSIKRING A/S,Rødovre Centrum 165,2610,Rødovre,18/10 - 1999,31/12 - 2001,0
24260666,TRYG FORSIKRING A/S,TRYG FORSIKRING A/S,Hvidovrevej 137,2650,Hvidovre,18/10 - 1999,30/12 - 2008,1
24260666,TRYG FORSIKRING A/S,TRYG FORSIKRING A/S Silkeborg,Bredhøjvej 5,8600,Silkeborg,21/04 - 2006,31/01 - 2011,5-9
24260666,TRYG FORSIKRING A/S,TRYG FORSIKRING A/S,Orla Lehmanns Allé 7,8000,Aarhus C,18/10 - 1999,31/01 - 2011,100-199
24260666,TRYG FORSIKRING A/S,TRYG FORSIKRING A/S,Skovvejen 2A,8000,Aarhus C,18/10 - 1999,30/12 - 2008,5-9
24260666,TRYG FORSIKRING A/S,TRYG FORSIKRING A/S,Solbjergvej 2A,2000,Frederiksberg,18/10 - 1999,30/12 - 2008,2-4
24260666,TRYG FORSIKRING A/S,TRYG FORSIKRING A/S,Amagerbrogade 243,2300,København S,18/10 - 1999,30/12 - 2008,5-9
24260666,TRYG FORSIKRING A/S,TRYG FORSIKRING A/S,"Torvet 1, 1",7330,Brande,18/10 - 1999,30/12 - 2008,2-4
24260666,TRYG FORSIKRING A/S,TRYG FORSIKRING A/S,Algade 83F,4760,Vordingborg,18/10 - 1999,30/12 - 2008,2-4
24260666,TRYG FORSIKRING A/S,TRYG FORSIKRING A/S,Østre Alle 18,9560,Hadsund,18/10 - 1999,30/12 - 2008,1
24260666,TRYG FORSIKRING A/S,TRYG FORSIKRING A/S,Vestergade 9,4690,Haslev,18/10 - 1999,30/12 - 2008,1
24260666,TRYG FORSIKRING A/S,TRYG FORSIKRING A/S,"Torvet 6, 1",3600,Frederikssund,18/10 - 1999,31/12 - 2003,0
24260666,TRYG FORSIKRING A/S,TRYG FORSIKRING A/S,Svinget 3,7190,Billund,18/10 - 1999,30/12 - 2008,2-4
24260666,TRYG FORSIKRING A/S,TRYG FORSIKRING A/S,Nørregade 2A,9330,Dronninglund,18/10 - 1999,31/12 - 2001,0
24260666,TRYG FORSIKRING A/S,TRYG FORSIKRING A/S,Møllebakken 11,6400,Sønderborg,18/10 - 1999,30/12 - 2008,2-4
24260666,TRYG FORSIKRING A/S,TRYG FORSIKRING A/S,Kometvej 26,6230,Rødekro,18/10 - 1999,30/11 - 2009,5-9
24260666,TRYG FORSIKRING A/S,TRYG FORSIKRING A/S,Kannikegade 30,8500,Grenaa,18/10 - 1999,31/12 - 2006,2-4
24260666,TRYG FORSIKRING A/S,TRYG FORSIKRING A/S,Nytorv 11,1450,København K,18/10 - 1999,30/12 - 2008,1
24260666,TRYG FORSIKRING A/S,TRYG FORSIKRING A/S,Søborg Torv 7,2860,Søborg,18/10 - 1999,31/12 - 2001,1
24260666,TRYG FORSIKRING A/S,TRYG FORSIKRING A/S,Bredgade 3B,9670,Løgstør,18/10 - 1999,31/12 - 2001,2-4
24260666,TRYG FORSIKRING A/S,TRYG FORSIKRING A/S,Mindevej 2,6600,Vejen,18/10 - 1999,30/12 - 2008,1
24260666,TRYG FORSIKRING A/S,TRYG FORSIKRING A/S,Hyldegårds Tværvej 47,2920,Charlottenlund,18/10 - 1999,30/12 - 2008,2-4
24260666,TRYG FORSIKRING A/S,TRYG FORSIKRING A/S,Slotsgade 5,8550,Ryomgård,18/10 - 1999,30/12 - 2008,2-4
24260666,TRYG FORSIKRING A/S,TRYG-BALTICA FORSIKRING,Adelgade 6,9500,Hobro,18/10 - 1999,30/12 - 2008,2-4
24260666,TRYG FORSIKRING A/S,TRYG FORSIKRING A/S,Christian 8.s Vej 12,8600,Silkeborg,18/10 - 1999,30/12 - 2008,5-9
24260666,TRYG FORSIKRING A/S,TRYG FORSIKRING A/S,Mellemgade 6,6950,Ringkøbing,18/10 - 1999,31/12 - 2005,1
24260666,TRYG FORSIKRING A/S,TRYG FORSIKRING A/S,Bredgade 94,7760,Hurup Thy,18/10 - 1999,31/12 - 2001,1
24260666,TRYG FORSIKRING A/S,TRYG FORSIKRING A/S,Lyngby Hovedgade 98,2800,Kgs.Lyngby,18/10 - 1999,31/12 - 2012,50-99
24260666,TRYG FORSIKRING A/S,TRYG FORSIKRING A/S,Brogade 19E,4600,Køge,18/10 - 1999,31/12 - 2006,2-4
24260666,TRYG FORSIKRING A/S,TRYG FORSIKRING A/S,Roskildevej 10A,3400,Hillerød,18/10 - 1999,31/03 - 2011,0
24260666,TRYG FORSIKRING A/S,TRYG FORSIKRING A/S,Bredgade 38,4400,Kalundborg,18/10 - 1999,31/12 - 2006,1
24260666,TRYG FORSIKRING A/S,TRYG FORSIKRING A/S,Ravnsnæsvej 33,3460,Birkerød,18/10 - 1999,30/12 - 2008,2-4
24260666,TRYG FORSIKRING A/S,TRYG FORSIKRING A/S,Støden 18,4000,Roskilde,18/10 - 1999,30/12 - 2008,2-4
24260666,TRYG FORSIKRING A/S,TRYG FORSIKRING A/S,Søndergade 18,8370,Hadsten,18/10 - 1999,30/12 - 2008,1
24260666,TRYG FORSIKRING A/S,TRYG FORSIKRING A/S,Tinghusvej 1,6900,Skjern,18/10 - 1999,30/12 - 2008,1
24260666,TRYG FORSIKRING A/S,TRYG FORSIKRING A/S,Helsingørsgade 43,3400,Hillerød,18/10 - 1999,30/12 - 2008,5-9
24260666,TRYG FORSIKRING A/S,TRYG FORSIKRING A/S,Hovedvejen 110,2600,Glostrup,18/10 - 1999,30/12 - 2008,2-4
24260666,TRYG FORSIKRING A/S,TRYG FORSIKRING A/S,Torvet 9,4930,Maribo,18/10 - 1999,31/12 - 2005,1
24260666,TRYG FORSIKRING A/S,TRYG FORSIKRING A/S,Københavnsvej 81-85,4000,Roskilde,18/10 - 1999,31/03 - 2011,0
24260666,TRYG FORSIKRING A/S,TRYG FORSIKRING A/S,Vestensborg Alle 2,4800,Nykøbing F,18/10 - 1999,31/12 - 2013,0
24260666,TRYG FORSIKRING A/S,TRYG FORSIKRING A/S,Østre Strandvej 1,9990,Skagen,18/10 - 1999,30/12 - 2008,1
24260666,TRYG FORSIKRING A/S,TRYG FORSIKRING A/S,Sønderbrogade 36,7100,Vejle,18/10 - 1999,30/04 - 2010,20-49
24260666,TRYG FORSIKRING A/S,TRYG FORSIKRING A/S,Østergade 12,5610,Assens,18/10 - 1999,30/12 - 2008,1
24260666,TRYG FORSIKRING A/S,TRYG FORSIKRING A/S,Jernbanegade 77,5500,Middelfart,18/10 - 1999,30/12 - 2008,2-4
24260666,TRYG FORSIKRING A/S,TRYG FORSIKRING A/S,Gl. Torv 2,5800,Nyborg,18/10 - 1999,30/12 - 2008,2-4
24260666,TRYG FORSIKRING A/S,TRYG FORSIKRING A/S,Herlev Ringvej 2B,2730,Herlev,18/10 - 1999,30/12 - 2008,5-9
24260666,TRYG FORSIKRING A/S,TRYG FORSIKRING A/S,"Torvegade 1, 1",6330,Padborg,18/10 - 1999,30/12 - 2008,1
24260666,TRYG FORSIKRING A/S,TrygVesta Forsikring A/S,Kometvej 26,6230,Rødekro,14/12 - 2009,30/11 - 2010,5-9
24260666,TRYG FORSIKRING A/S,TRYG FORSIKRING A/S,Filosofgangen 21,5000,Odense C,18/10 - 1999,31/08 - 2007,10-19
24260666,TRYG FORSIKRING A/S,TRYG FORSIKRING A/S,Thomas Bergs Gade 12,9900,Frederikshavn,18/10 - 1999,30/12 - 2008,2-4
24260666,TRYG FORSIKRING A/S,TRYG FORSIKRING A/S,Østergade 60,5900,Rudkøbing,18/10 - 1999,31/12 - 2001,2-4
24260666,TRYG FORSIKRING A/S,TRYG FORSIKRING A/S,Stjernegade 23,3000,Helsingør,18/10 - 1999,30/12 - 2008,2-4
24260666,TRYG FORSIKRING A/S,TRYG FORSIKRING A/S,Posthustorvet 2,7800,Skive,18/10 - 1999,30/12 - 2008,2-4
24260666,TRYG FORSIKRING A/S,TRYG FORSIKRING A/S,Rønnedevej 1,4640,Faxe,18/10 - 1999,31/12 - 2004,0
24260666,TRYG FORSIKRING A/S,TRYG FORSIKRING A/S,Danmarksgade 36,6700,Esbjerg,18/10 - 1999,29/03 - 2014,0
24260666,TRYG FORSIKRING A/S,TRYG FORSIKRING A/S,"Toftegårds Alle 7, 1",2500,Valby,18/10 - 1999,30/12 - 2008,20-49
24260666,TRYG FORSIKRING A/S,TRYG FORSIKRING A/S,Herlev Hovedgade 82B,2730,Herlev,18/10 - 1999,30/12 - 2008,10-19
24260666,TRYG FORSIKRING A/S,TRYG FORSIKRING A/S,Møgelvangs Plads 13,7900,Nykøbing M,18/10 - 1999,30/12 - 2008,1
24260666,TRYG FORSIKRING A/S,TRYG-BALTICA FORSIKRING,Eriksmindevej 1,2670,Greve,18/10 - 1999,30/06 - 2001,2-4
24260666,TRYG FORSIKRING A/S,TRYG FORSIKRING A/S,Vestergade 12,3200,Helsinge,18/10 - 1999,31/12 - 2004,0
24260666,TRYG FORSIKRING A/S,TRYG FORSIKRING A/S,Vestergade 9,6270,Tønder,18/10 - 1999,30/12 - 2008,1
24260666,TRYG FORSIKRING A/S,TRYG FORSIKRING A/S,Østerbrogade 3A,8722,Hedensted,18/10 - 1999,31/12 - 2001,0
24260666,TRYG FORSIKRING A/S,TRYG FORSIKRING A/S,Taastrup Hovedgade 45,2630,Taastrup,18/10 - 1999,30/12 - 2008,2-4
24260666,TRYG FORSIKRING A/S,TRYG FORSIKRING A/S,Østerbrogade 200,2100,København Ø,18/10 - 1999,30/12 - 2008,2-4
24260666,TRYG FORSIKRING A/S,TRYG FORSIKRING A/S,Sankt Nicolai Gade 1A,5700,Svendborg,18/10 - 1999,31/12 - 2006,1
24260666,TRYG FORSIKRING A/S,TRYG FORSIKRING A/S,Nørregade 55,7500,Holstebro,18/10 - 1999,30/04 - 2010,5-9
24260666,TRYG FORSIKRING A/S,TRYG FORSIKRING A/S,Nørrebrogade 230,2200,København N,18/10 - 1999,30/12 - 2008,5-9
24260666,TRYG FORSIKRING A/S,TRYG FORSIKRING A/S,Torvet 25,3300,Frederiksværk,18/10 - 1999,30/12 - 2008,1
24260666,TRYG FORSIKRING A/S,TRYG FORSIKRING A/S,Ringager 2A,2605,Brøndby,18/10 - 1999,30/12 - 2008,5-9
24260666,TRYG FORSIKRING A/S,TRYG FORSIKRING A/S,Gravene 7,6100,Haderslev,18/10 - 1999,30/12 - 2008,2-4
24260666,TRYG FORSIKRING A/S,TRYG FORSIKRING A/S,Skomagergade 15,4000,Roskilde,18/10 - 1999,30/12 - 2008,10-19
24260666,TRYG FORSIKRING A/S,TRYG FORSIKRING A/S,Holbækvej 10B,4450,Jyderup,18/10 - 1999,31/12 - 2001,2-4
24260666,TRYG FORSIKRING A/S,TRYG FORSIKRING A/S,Møllegade 3,8660,Skanderborg,18/10 - 1999,30/12 - 2008,2-4
24260666,TRYG FORSIKRING A/S,TRYG FORSIKRING A/S,Østergade 32,7600,Struer,18/10 - 1999,30/12 - 2008,2-4
24260666,TRYG FORSIKRING A/S,TRYG FORSIKRING A/S,Algade 17,4230,Skælskør,18/10 - 1999,31/12 - 2006,1
24260666,TRYG FORSIKRING A/S,TRYG FORSIKRING A/S,Torvet 14,8600,Silkeborg,18/10 - 1999,30/12 - 2008,2-4
24260666,TRYG FORSIKRING A/S,TRYG FORSIKRING A/S,Seminarievej 6B,6760,Ribe,18/10 - 1999,30/12 - 2008,2-4
24260666,TRYG FORSIKRING A/S,TRYG FORSIKRING A/S,"Store Torv 6A, 1",3700,Rønne,18/10 - 1999,31/01 - 2013,0
24260666,TRYG FORSIKRING A/S,TRYG FORSIKRING A/S,Centrumgaden 24,2750,Ballerup,18/10 - 1999,30/12 - 2008,2-4
24260666,TRYG FORSIKRING A/S,TRYG FORSIKRING A/S,Jørgen Fibigersgade 21A,9850,Hirtshals,18/10 - 1999,31/12 - 2001,2-4
24260666,TRYG FORSIKRING A/S,TRYG FORSIKRING A/S,Torvet 3,6300,Gråsten,18/10 - 1999,31/12 - 2001,1
24260666,TRYG FORSIKRING A/S,TRYG FORSIKRING A/S,Grønnegade 4,9300,Sæby,18/10 - 1999,31/12 - 2005,1
24260666,TRYG FORSIKRING A/S,TRYG FORSIKRING A/S,Åboulevard 5,1635,København V,18/10 - 1999,31/12 - 2001,0
24260666,TRYG FORSIKRING A/S,TRYG FORSIKRING A/S,Havnegade 19,5600,Faaborg,18/10 - 1999,31/12 - 2001,1
24260666,TRYG FORSIKRING A/S,TRYG-BALTICA FORSIKRING,Søndergade 3,7620,Lemvig,18/10 - 1999,01/10 - 2001,5-9
24260666,TRYG FORSIKRING A/S,TRYG FORSIKRING A/S,Langes Gård 26,4200,Slagelse,18/10 - 1999,01/05 - 2003,10-19
24260666,TRYG FORSIKRING A/S,TRYG FORSIKRING A/S,Tinggade 8,4100,Ringsted,18/10 - 1999,31/12 - 2003,0
24260666,TRYG FORSIKRING A/S,TRYG FORSIKRING A/S,Allegade 5,7323,Give,18/10 - 1999,31/12 - 2001,2-4
24260666,TRYG FORSIKRING A/S,TRYG FORSIKRING A/S,Rosensgade 4,8300,Odder,18/10 - 1999,31/12 - 2006,1
24260666,TRYG FORSIKRING A/S,TRYG FORSIKRING A/S,Allegade 2,8700,Horsens,18/10 - 1999,30/12 - 2008,5-9
24260666,TRYG FORSIKRING A/S,TRYG FORSIKRING A/S,"Vestergade 16, 2",1456,København K,18/10 - 1999,31/12 - 2001,2-4
24260666,TRYG FORSIKRING A/S,TRYG FORSIKRING A/S,Vestergade 9,5300,Kerteminde,18/10 - 1999,31/12 - 2005,1
24260666,TRYG FORSIKRING A/S,TRYG FORSIKRING A/S,Rådhuscentret 21,6500,Vojens,18/10 - 1999,30/12 - 2008,1
24260666,TRYG FORSIKRING A/S,TRYG FORSIKRING A/S,Algade 27,5750,Ringe,18/10 - 1999,30/12 - 2008,1
24260666,TRYG FORSIKRING A/S,TRYG FORSIKRING A/S,Nørrealle 7,8400,Ebeltoft,18/10 - 1999,30/12 - 2008,1
24260666,TRYG FORSIKRING A/S,TRYG FORSIKRING A/S Inkassoafd.,Glarmestervej 16,8600,Silkeborg,18/10 - 1999,31/07 - 2012,0
24260666,TRYG FORSIKRING A/S,TRYG FORSIKRING A/S,Vestergade 8,6580,Vamdrup,18/10 - 1999,31/12 - 2001,1
24260666,TRYG FORSIKRING A/S,TRYG FORSIKRING A/S,Søndergade 18,6520,Toftlund,18/10 - 1999,31/12 - 2001,0
24260666,TRYG FORSIKRING A/S,TRYG FORSIKRING A/S,Skelagervej 1C,9000,Aalborg,18/10 - 1999,31/12 - 2001,0
24260666,TRYG FORSIKRING A/S,TRYG FORSIKRING A/S,Havnegade 2,4500,Nykøbing Sj,18/10 - 1999,31/12 - 2001,2-4
24260666,TRYG FORSIKRING A/S,TRYG FORSIKRING A/S,Sct Mortens Gade 1,4700,Næstved,18/10 - 1999,30/12 - 2008,2-4
24260666,TRYG FORSIKRING A/S,TRYG FORSIKRING A/S,Ny Banegårdsgade 7,9700,Brønderslev,18/10 - 1999,30/12 - 2008,2-4
24260666,TRYG FORSIKRING A/S,TRYG FORSIKRING A/S,Amagerbrogade 69,2300,København S,18/10 - 1999,30/12 - 2008,1
24260666,TRYG FORSIKRING A/S,TRYG FORSIKRING A/S,Vesterbro 52,9000,Aalborg,18/10 - 1999,30/12 - 2008,2-4
24260666,TRYG FORSIKRING A/S,TRYG FORSIKRING A/S,Vestre Kongevej 10,8260,Viby J,18/10 - 1999,14/03 - 2005,20-49
24260666,TRYG FORSIKRING A/S,TRYG FORSIKRING A/S,Nørre Torv 1,7200,Grindsted,18/10 - 1999,30/12 - 2008,2-4
24260666,TRYG FORSIKRING A/S,TRYG FORSIKRING A/S,Vilhelmsborgvej 15,7700,Thisted,18/10 - 1999,31/12 - 2013,1
24260666,TRYG FORSIKRING A/S,TRYG FORSIKRING A/S,Messevej 2,9600,Aars,18/10 - 1999,30/12 - 2008,2-4
24260666,TRYG FORSIKRING A/S,TRYG FORSIKRING A/S,"Hovedgaden 6, 1",2970,Hørsholm,18/10 - 1999,30/12 - 2008,2-4
24260666,TRYG FORSIKRING A/S,TRYG FORSIKRING A/S,Murtfeldts Plads 5,6800,Varde,18/10 - 1999,30/12 - 2008,2-4
24260666,TRYG FORSIKRING A/S,TRYG FORSIKRING A/S,Tørvebryggen 12,8900,Randers C,18/10 - 1999,30/04 - 2010,20-49
24260666,TRYG FORSIKRING A/S,TRYG FORSIKRING A/S,Nygade 12,4300,Holbæk,18/10 - 1999,30/12 - 2008,2-4
24260666,TRYG FORSIKRING A/S,TRYG FORSIKRING A/S,City Centret 27,9530,Støvring,18/10 - 1999,31/12 - 2004,0
24260666,TRYG FORSIKRING A/S,TRYG FORSIKRING A/S,Strøget 34,7430,Ikast,18/10 - 1999,30/12 - 2008,1
24260666,TRYG FORSIKRING A/S,TRYG FORSIKRING A/S,Prinsessegade 46,7000,Fredericia,18/10 - 1999,30/12 - 2008,1
24260666,TRYG FORSIKRING A/S,TRYG FORSIKRING A/S,Gravene 26,8800,Viborg,18/10 - 1999,30/11 - 2010,10-19
24260666,TRYG FORSIKRING A/S,Tryg Forsikring A/S,Nydamsvej 17,8362,Hørning,01/10 - 2014,01/07 - 2019,20-49
24260666,TRYG FORSIKRING A/S,Tryg Forsikring A/S,Lundborgvej 16,8800,Viborg,05/08 - 2010,31/03 - 2021,1
24260666,TRYG FORSIKRING A/S,Tryg Forsikring A/S,Vilhelmsborgvej 15,7700,Thisted,07/04 - 2014,30/09 - 2020,1
24260666,TRYG FORSIKRING A/S,Tryg Forsikring A/S,"Rytoften 5, 2",8210,Aarhus V,17/02 - 2021,01/07 - 2022,5
24260666,TRYG FORSIKRING A/S,Tryg Forsikring A/S,"Bredgade 7, 2",7400,Herning,01/07 - 2024,01/07 - 2025,
24260666,TRYG FORSIKRING A/S,Tryg Forsikring A/S,Sivlandvænget 27A,5260,Odense S,18/10 - 1999,01/09 - 2024,5
24260666,TRYG FORSIKRING A/S,Tryg Forsikring A/S,"Poulsgade 6-8, 1",7400,Herning,18/10 - 1999,31/12 - 2024,1
24260666,TRYG FORSIKRING A/S,Tryg Forsikring A/S,Sommervej 31C,8210,Aarhus V,15/01 - 2010,31/01 - 2024,497
24260666,TRYG FORSIKRING A/S,Tryg Forsikring A/S,Dusager 18,8200,Aarhus N,01/06 - 2019,01/06 - 2024,1
24260666,TRYG FORSIKRING A/S,Tryg Forsikring A/S,Lautrupbjerg 2,2750,Ballerup,01/01 - 2019,01/05 - 2025,1
24260666,TRYG FORSIKRING A/S,Tryg Forsikring A/S,Ramsingsvej 28A,2500,Valby,15/01 - 2010,,209
24260666,TRYG FORSIKRING A/S,Tryg Forsikring A/S,Trekronergade 126F,2500,Valby,01/10 - 2019,,14
24260666,TRYG FORSIKRING A/S,Tryg Forsikring A/S,"Klamsagervej 19C, 2",8230,Åbyhøj,01/07 - 2022,,5
24260666,TRYG FORSIKRING A/S,Tryg Forsikring A/S,Dusager 25,8200,Aarhus N,01/11 - 2023,,778
24260666,TRYG FORSIKRING A/S,Tryg Forsikring A/S,"Slotsgade 4, st. tv.",4800,Nykøbing F,01/07 - 2023,,
24260666,TRYG FORSIKRING A/S,Tryg Forsikring A/S,"Englandsgade 25, st. tv.",6700,Esbjerg,01/10 - 2023,,
24260666,TRYG FORSIKRING A/S,Tryg Forsikring A/S,Korsgade 14D,5700,Svendborg,01/09 - 2024,,
24260666,TRYG FORSIKRING A/S,Tryg Forsikring A/S,Vesterbro 15A,5000,Odense C,01/09 - 2024,,
24260666,TRYG FORSIKRING A/S,Tryg Forsikring A/S,Hersegade 4,4000,Roskilde,01/07 - 2024,,
24260666,TRYG FORSIKRING A/S,Tryg Forsikring A/S,Klausdalsbrovej 601,2750,Ballerup,18/10 - 1999,,2631
24260666,TRYG FORSIKRING A/S,Tryg Forsikring A/S,"Nybrogade 6, 2",9000,Aalborg,18/10 - 1999,,31
24260666,TRYG FORSIKRING A/S,Tryg Forsikring A/S,"Næstved Storcenter 5, 1. 57d.",4700,Næstved,18/10 - 1999,,87
24260666,TRYG FORSIKRING A/S,Tryg Forsikring A/S,Kokmose 12,6000,Kolding,18/10 - 1999,,125
29189900,Vejle Kommune,Egtved Skole - afdeling Overgårdens Skole,Aftensang 1,6040,Egtved,04/11 - 2011,30/07 - 2013,
29189900,Vejle Kommune,Egtved Industri,Nydamsvej 27D,6040,Egtved,01/01 - 1993,29/07 - 2010,
29189900,Vejle Kommune,Børne- og Familiecentret,"Vestre Engvej 10, 2",7100,Vejle,08/09 - 2010,31/12 - 2014,
29189900,Vejle Kommune,Kulturakademiet,Vestergade 10,7100,Vejle,10/03 - 2008,30/10 - 2011,
29189900,Vejle Kommune,Plan B Skolen,Vejlevej 2R,7300,Jelling,30/10 - 2009,02/11 - 2009,
29189900,Vejle Kommune,Vejle kommune,Skolegade 1,7100,Vejle,01/01 - 2007,01/01 - 2007,
29189900,Vejle Kommune,Vejle-Fredericia Sprogcenter,Lollandsgade 2,7000,Fredericia,01/01 - 2003,30/07 - 2010,
29189900,Vejle Kommune,Tusindfryd Beskyttet beskæftigelse,Gulkrog 3,7100,Vejle,01/01 - 2007,30/01 - 2012,
29189900,Vejle Kommune,Kollerup vandværk Jelling,Kollerupvej 12,7300,Jelling,01/01 - 1996,31/07 - 2015,
29189900,Vejle Kommune,Jobnetværket,Tømmervej 15,7080,Børkop,01/01 - 2003,31/07 - 2015,
29189900,Vejle Kommune,Vandteamet,Kvak Mølle Vej 31,7100,Vejle,18/03 - 2011,31/07 - 2015,
29189900,Vejle Kommune,Skovbørnehaven Mariehønen,Skovbakken 27,7323,Give,01/01 - 1999,31/07 - 2015,
29189900,Vejle Kommune,PLEJECENTER KASTANIEHAVEN,Hestehaven,7323,Give,01/01 - 2004,19/02 - 2008,
29189900,Vejle Kommune,Bofællesskabet Fjordmarken,Fjordmarken 37,7100,Vejle,01/01 - 2007,30/12 - 2009,
29189900,Vejle Kommune,Dyrehandelen Den gyldne Hamster,Staldgaardsgade 14B,7100,Vejle,01/01 - 2007,04/05 - 2016,
29189900,Vejle Kommune,Børkop Brandvæsen,Industrivej 41,7080,Børkop,13/12 - 2012,31/12 - 2016,
29189900,Vejle Kommune,Stadsarkivet,Boulevarden 54,7100,Vejle,25/11 - 2010,18/04 - 2012,
29189900,Vejle Kommune,Pædagogisk dagtilbud,Bindeballevej 22,7183,Randbøl,01/01 - 2004,31/07 - 2015,1
29189900,Vejle Kommune,Kongernes Jelling,Gormsgade 23,7300,Jelling,01/01 - 2001,11/04 - 2013,1
29189900,Vejle Kommune,Sprogcenter Fredericia,Prangervej 111,7000,Fredericia,05/09 - 2011,31/03 - 2015,0
29189900,Vejle Kommune,Projekt Integration,Sverigesvej 4,7100,Vejle,08/06 - 2007,31/07 - 2015,20-49
29189900,Vejle Kommune,Job og Uddannelse,Vestergade 10,7100,Vejle,23/02 - 2012,30/09 - 2015,0
29189900,Vejle Kommune,Distrikt Centrum - Senior Service,Vedelsgade 18B,7100,Vejle,04/04 - 2008,08/06 - 2015,0
29189900,Vejle Kommune,Musikskolen Jelling,Bredager 26,7300,Jelling,01/01 - 1993,21/09 - 2009,2-4
29189900,Vejle Kommune,Rensningsanlægget Give,Bæksgårdvej 24,7323,Give,01/01 - 1993,19/01 - 2014,5-9
29189900,Vejle Kommune,HØJEN SKOLE FRITIDSORDNING,Jenlevej 3,7100,Vejle,01/01 - 1993,02/11 - 2011,5-9
29189900,Vejle Kommune,DAGCENTER OVERGÅRDEN,Overgårdvej 2,6040,Egtved,01/01 - 1993,28/11 - 2011,1
29189900,Vejle Kommune,Skolefritidsordningen Petersmindeskolen,Petersmindevej 25,7100,Vejle,01/01 - 2001,02/11 - 2011,10-19
29189900,Vejle Kommune,FAMILIEVÆRKSTEDET,Aftensang 1,6040,Egtved,01/01 - 1994,28/11 - 2011,2-4
29189900,Vejle Kommune,ØSTBYENS BØRNEHAVE,Treschowsgade 2,7100,Vejle,01/01 - 1993,11/04 - 2013,0
29189900,Vejle Kommune,ØDSTED UNGDOMSKLUB,Ammitsbølvej 18,7100,Vejle,01/01 - 1998,29/04 - 2013,0
29189900,Vejle Kommune,SØNDERMARKSSKOLENS SKOLEFRITIDSORDNING,Søndermarksvej 117,7100,Vejle,01/01 - 1993,02/11 - 2011,10-19
29189900,Vejle Kommune,EGNSMUSEET,Grindstedvej 30,7184,Vandel,01/01 - 1993,31/07 - 2015,1
29189900,Vejle Kommune,Øster-Nykirke Skolefritidsordning Regnbuen,Skolestien 10,7173,Vonge,01/01 - 1999,02/11 - 2011,5-9
29189900,Vejle Kommune,BOULEVARDPARKENS BØRNEHAVE,Skolegade 5A,7100,Vejle,01/01 - 1993,30/06 - 2009,5-9
29189900,Vejle Kommune,ØDSTED SKOLEFRITIDSORDNING,Ammitsbølvej 18,7100,Vejle,01/01 - 1993,02/11 - 2011,1
29189900,Vejle Kommune,NATURBØRNEHAVEN SNEGLEHUSET,Bredballe Center 16,7120,Vejle Øst,01/01 - 1993,30/12 - 2010,10-19
29189900,Vejle Kommune,GREJSDAL SKOLE SKOLEFRITIDSORDNINGEN,Skrædderbakken 8,7100,Vejle,01/01 - 1993,02/11 - 2011,5-9
29189900,Vejle Kommune,BØRNEHAVEN VILLA UHRHØJ,Høgsholtvej 5,7100,Vejle,01/01 - 1996,31/05 - 2012,0
29189900,Vejle Kommune,Borgerservicecenter Egtved,Tybovej 2,6040,Egtved,01/01 - 1993,31/01 - 2012,0
29189900,Vejle Kommune,Rumlebo,Danmarksgade 23,7100,Vejle,01/01 - 1993,20/05 - 2014,10-19
29189900,Vejle Kommune,VANDEL SKOLES SKOLEFRITIDSORDNING,Grindstedvej 30,7184,Vandel,01/01 - 1993,02/11 - 2011,0
29189900,Vejle Kommune,Materialegården Børkop,Industrivej 41,7080,Børkop,01/01 - 1993,18/06 - 2013,20-49
29189900,Vejle Kommune,ENGBLOMSTEN SFO1 ENGLYSTSKOLEN,Skolebakken 1,7080,Børkop,01/01 - 1993,02/11 - 2011,20-49
29189900,Vejle Kommune,IB-teamet Vejle,"Vestre Engvej 10, 2",7100,Vejle,01/01 - 1996,31/07 - 2015,0
29189900,Vejle Kommune,SKOLEPSYKOLOGISK RÅDGIVNING,Skolevænget 3,7182,Bredsten,01/01 - 1993,28/11 - 2011,1
29189900,Vejle Kommune,Plan B Skolen,Vejlevej 2,7300,Jelling,30/10 - 2009,14/07 - 2013,2-4
29189900,Vejle Kommune,RENSNINGSANLÆG,Skinbjerg 2,7300,Jelling,01/01 - 1995,19/01 - 2014,2-4
29189900,Vejle Kommune,Borgerservicecenter Give,Vimmelskaftet 2,7323,Give,01/01 - 1993,31/01 - 2012,0
29189900,Vejle Kommune,UNGDOMSSKOLEN,Bredager 26,7300,Jelling,01/01 - 1993,07/11 - 2011,2-4
29189900,Vejle Kommune,Givskud Skolefritidsordning Fristedet,Vejlevej 47,7323,Give,01/01 - 1999,02/11 - 2011,5-9
29189900,Vejle Kommune,Område Nord - Distrikt 1 Nørremarken,Ellehammersvej 16,7100,Vejle,01/01 - 2006,30/01 - 2014,0
29189900,Vejle Kommune,SFO Svanen Andkær Skole,Skovbyvej 32,7080,Børkop,01/01 - 1998,02/11 - 2011,5-9
29189900,Vejle Kommune,BREDSTEN SKOLEFRITIDSORDNING,Ballevej 9,7182,Bredsten,01/01 - 1993,02/11 - 2011,0
29189900,Vejle Kommune,Kollerup fritidsklub,Kollerupvej 12,7300,Jelling,01/01 - 1999,08/12 - 2010,2-4
29189900,Vejle Kommune,Bofællesskabet Frøhaven,Ny Grejsdalsvej 66,7100,Vejle,01/01 - 2007,29/06 - 2012,0
29189900,Vejle Kommune,EGTVED SKOLEFRITIDSORDNING,Østergade 34,6040,Egtved,01/01 - 1993,02/11 - 2011,1
29189900,Vejle Kommune,Egtved Børnetandpleje,Østergade 38,6040,Egtved,01/01 - 1993,30/09 - 2015,0
29189900,Vejle Kommune,Trinbrættet,Englystparken 1 7G.,7080,Børkop,01/01 - 2002,30/12 - 2010,5-9
29189900,Vejle Kommune,TANDREGULERINGSKLINIK,Kirketorvet 22,7100,Vejle,01/01 - 1993,31/07 - 2015,0
29189900,Vejle Kommune,Bofællesskabet Vardevej,Vardevej 73,7100,Vejle,01/01 - 2007,31/03 - 2009,0
29189900,Vejle Kommune,Bestillerafdelingen-Administration,"Teglgaardsvej 15, 4",7100,Vejle,01/01 - 2001,10/01 - 2011,10-19
29189900,Vejle Kommune,Produktionshuset,Sverigesvej 4,7100,Vejle,01/01 - 2002,31/01 - 2010,1
29189900,Vejle Kommune,En Ekstra Hånd,Ellehammersvej 16,7100,Vejle,08/06 - 2007,18/04 - 2012,2-4
29189900,Vejle Kommune,"Område Nord - Distrikt 1B, Hover/Grejsdalen",Storegårdsvej 102,7100,Vejle,23/10 - 2007,26/10 - 2009,0
29189900,Vejle Kommune,Familiecentret,Skolegade 1,7100,Vejle,05/11 - 2008,17/05 - 2011,0
29189900,Vejle Kommune,Område Vest - Distrikt Nat,"Teglgaardsvej 15, 3",7100,Vejle,01/01 - 2006,19/01 - 2011,0
29189900,Vejle Kommune,Teknik & Miljø,Kirketorvet 22,7100,Vejle,01/01 - 2008,30/06 - 2016,0
29189900,Vejle Kommune,Trekløveren,Pilevænget 17,7100,Vejle,14/02 - 2011,31/12 - 2015,2-4
29189900,Vejle Kommune,Vejle Centralrenseanlæg,Toldbodvej 24,7100,Vejle,05/09 - 2003,31/12 - 2011,20-49
29189900,Vejle Kommune,Støttecentret ved Sønderåen,Ved Sønderåen 16,7100,Vejle,01/01 - 2008,29/04 - 2013,0
29189900,Vejle Kommune,Borgerservicecenter Børkop,Ågade 6,7080,Børkop,01/01 - 1993,31/01 - 2012,0
29189900,Vejle Kommune,Vejle Kommunale Tandpleje,Kirketorvet 24,7100,Vejle,01/01 - 1993,30/09 - 2015,0
29189900,Vejle Kommune,BØRNEHAVEN PER SYVSPRING,Bredballe Center 12,7120,Vejle Øst,01/01 - 1997,30/12 - 2010,10-19
29189900,Vejle Kommune,PENSIONAT GAURSLUND AFD. URKLEVEN,Nordre Villavej 11,7100,Vejle,01/01 - 1993,01/01 - 2014,2-4
29189900,Vejle Kommune,"Distrikt 1 - Senior Service, Område Vest",Hejlskovparken 60,6040,Egtved,01/01 - 2005,31/07 - 2015,2-4
29189900,Vejle Kommune,ENGUM UNGDOMSKLUB,Engumvej 35,7120,Vejle Øst,01/01 - 1993,12/12 - 2011,1
29189900,Vejle Kommune,LEJRSKOLEN PÅ ENDELAVE,Lynger 1,8700,Horsens,01/01 - 1993,14/07 - 2013,1
29189900,Vejle Kommune,Skovafdelingen Vejle,Tirsbæk Strandvej 2,7100,Vejle,01/01 - 2002,31/07 - 2015,1
29189900,Vejle Kommune,Område Vest - Køkken Gravens-Ågård,Kornmarken 21,6040,Egtved,01/02 - 2004,30/09 - 2009,5-9
29189900,Vejle Kommune,"Senior Afdelingens Stab, Vejle Kommune","Nordås 17, 1. G.",7100,Vejle,25/07 - 2008,30/05 - 2012,0
29189900,Vejle Kommune,MØLHOLM SKOLE SKOLEFRITIDSORDNINGEN,Tankegangen 1,7100,Vejle,01/01 - 1997,02/11 - 2011,10-19
29189900,Vejle Kommune,Elkjær Skoles Skolefritidsordning,Gammelbyvej 41,7323,Give,01/01 - 1999,02/11 - 2011,5-9
29189900,Vejle Kommune,Pædagogisk Psykologisk rådgivning,"Blegbanken 3, 01. tv.",7100,Vejle,01/01 - 2004,31/07 - 2015,5-9
29189900,Vejle Kommune,Vejle-Fredericia Sprogcenter,Klakring Stationsvej 5,7130,Juelsminde,01/01 - 2003,29/04 - 2013,0
29189900,Vejle Kommune,Sundhedscenter DGI,Willy Sørensens Plads 5,7100,Vejle,22/09 - 2011,31/07 - 2015,0
29189900,Vejle Kommune,Gadbjerg Skolefritidsordning Tudsen,Langgade 78,7321,Gadbjerg,01/01 - 1999,02/11 - 2011,5-9
29189900,Vejle Kommune,Børne- og ungdomsafdeling Egtved,Aftensang 1,6040,Egtved,01/01 - 2002,03/11 - 2011,2-4
29189900,Vejle Kommune,ØSTBYENS FRITIDSCENTER,Treschowsgade 2,7100,Vejle,01/01 - 1993,31/05 - 2012,2-4
29189900,Vejle Kommune,Sundhedscenter Vejle,Willy Sørensens Plads 5,7100,Vejle,01/01 - 2008,31/12 - 2010,1
29189900,Vejle Kommune,Borgerservicecenter Jelling,Fårupvej 10,7300,Jelling,01/01 - 1993,12/04 - 2012,0
29189900,Vejle Kommune,Dagplejen Egtved,Toftevej 10,6040,Egtved,30/03 - 2006,17/07 - 2008,1
29189900,Vejle Kommune,Det Specialpædagogiske Hus,Boulevarden 19K,7100,Vejle,01/01 - 2010,31/07 - 2015,0
29189900,Vejle Kommune,Stjerneskuddet,Elbækvej 6,7080,Børkop,01/01 - 2006,01/01 - 2014,0
29189900,Vejle Kommune,BØRNEHUSET I SANDVAD,Engvej 19,7300,Jelling,01/01 - 1993,31/12 - 2016,1
29189900,Vejle Kommune,Område Syd - Distrikt 4,Englystparken 1,7080,Børkop,01/01 - 2002,12/10 - 2009,20-49
29189900,Vejle Kommune,Bofællesskabet Valdemarsgade,Valdemarsgade 9,7100,Vejle,01/01 - 2007,30/12 - 2012,0
29189900,Vejle Kommune,Egtved Ungdomsskole,Østergade 32,6040,Egtved,01/01 - 1993,07/11 - 2011,10-19
29189900,Vejle Kommune,SFO Giveskolerne Villa Villekulla,Søndermarken 1,7323,Give,01/01 - 1993,07/11 - 2011,20-49
29189900,Vejle Kommune,IDRÆTTENS HUS,Willy Sørensens Plads 5,7100,Vejle,01/01 - 1996,31/10 - 2014,2-4
29189900,Vejle Kommune,Pædagogisk Psykologisk Rådgivning,Blegbanken 3,7100,Vejle,01/01 - 2002,31/12 - 2016,0
29189900,Vejle Kommune,Vuggestuen Bøgen,Bøgevang 14A,7100,Vejle,01/01 - 2008,07/07 - 2009,10-19
29189900,Vejle Kommune,SFO Langelinie Skole,Strandgade 2,7100,Vejle,01/01 - 2005,02/11 - 2011,10-19
29189900,Vejle Kommune,Vejle handicapcenter,Kirkegade 11C,7100,Vejle,01/01 - 2002,01/05 - 2015,2-4
29189900,Vejle Kommune,UNGDOMSSKOLEN,Torvegade 75,7323,Give,01/01 - 1993,07/11 - 2011,0
29189900,Vejle Kommune,GÅRSLEV SKOLES SKOLEFRITIDSORDNING,Skolegade 12,7080,Børkop,01/01 - 1993,02/11 - 2011,0
29189900,Vejle Kommune,SKIBETS SKOLES SKOLEFRITIDSORDNING,Jennumvej 20,7100,Vejle,01/01 - 1993,06/09 - 2011,0
29189900,Vejle Kommune,Materialegården Egtved,Nydamsvej 10,6040,Egtved,01/01 - 1993,18/06 - 2013,10-19
29189900,Vejle Kommune,Skolefritidsordningen Charlotteskolen,Worsaaesgade 6,7100,Vejle,01/01 - 2001,02/11 - 2011,5-9
29189900,Vejle Kommune,Specialbørnehaven Kastanjen,Grundet Bygade 15A,7100,Vejle,01/01 - 2001,31/07 - 2012,0
29189900,Vejle Kommune,Vejle misbrugcenter,Horsensvej 35,7100,Vejle,01/01 - 2007,01/12 - 2016,1
29189900,Vejle Kommune,HØJEN UNGDOMSKLUB,Jenlevej 3,7100,Vejle,01/01 - 1993,04/01 - 2012,0
29189900,Vejle Kommune,KIRKEBAKKESKOLENS SKOLEFRITIDSORDNING,Kirkebakken 9A,7120,Vejle Øst,01/01 - 1993,02/11 - 2011,10-19
29189900,Vejle Kommune,"Stenager, Skibet",Stenagervænget 27,7100,Vejle,02/09 - 2008,31/12 - 2011,20-49
29189900,Vejle Kommune,Distrikt Solhøj,Hospitalsgade 7,7323,Give,01/01 - 1993,30/01 - 2012,2-4
29189900,Vejle Kommune,KompetenceCenter Vejle,Tulipvej 1,7100,Vejle,28/09 - 2011,13/10 - 2014,1
29189900,Vejle Kommune,Pigernes hus,Norgesvej 4,7300,Jelling,01/01 - 2002,29/02 - 2016,1
29189900,Vejle Kommune,Spurvetoften - Buen 22,Buen 22,7080,Børkop,10/01 - 2013,19/02 - 2014,100-199
29189900,Vejle Kommune,"Område Nord - Distrikt 4, Give Nord",Sdr. Ringvej 4,7323,Give,24/10 - 2007,26/10 - 2009,0
29189900,Vejle Kommune,Jobgården,Plantagevej 2,7300,Jelling,01/01 - 2003,31/07 - 2015,0
29189900,Vejle Kommune,VEJLE CENTRET-IDRÆTTENS HUS,Vestre Engvej 57,7100,Vejle,01/01 - 1993,10/06 - 2012,0
29189900,Vejle Kommune,Musikskolen Børkop,Hørgyden 35,7080,Børkop,01/01 - 1995,21/09 - 2009,5-9
29189900,Vejle Kommune,SMIDSTRUP SKOLEFRITIDSORDNING,Tiufkærvej 3,7000,Fredericia,01/01 - 2002,02/11 - 2011,5-9
29189900,Vejle Kommune,Center Vejle,Gulkrog 1-3,7100,Vejle,01/01 - 1993,18/02 - 2013,0
29189900,Vejle Kommune,HOVER FRITIDS- OG UNGDOMSKLUB,Gemmavej 2A,7100,Vejle,01/01 - 1993,15/12 - 2010,5-9
29189900,Vejle Kommune,CHARLOTTESKOLEN,Worsaaesgade 6,7100,Vejle,01/01 - 1993,30/07 - 2012,0
29189900,Vejle Kommune,VINDING SKOLES SKOLEFRITIDSORDNING,Vindingvej 56,7100,Vejle,01/01 - 1993,02/11 - 2011,10-19
29189900,Vejle Kommune,SFO Gårslevskole,Gårslev Østergade 3,7080,Børkop,02/01 - 2008,07/11 - 2011,10-19
29189900,Vejle Kommune,UDVIKLINGSCENTRET SKANSEBAKKEN,H.O. Wildenskovsvej 1B,7080,Børkop,01/01 - 1993,31/10 - 2015,0
29189900,Vejle Kommune,JOB-CENTER,Sverigesvej 2,7100,Vejle,21/11 - 2005,31/07 - 2015,0
29189900,Vejle Kommune,Bankgården Give,Donneruplundvej 3,7323,Give,01/01 - 1993,30/09 - 2013,2-4
29189900,Vejle Kommune,Team Vejle 2 - Center for Dagtilbud,Blegbanken 3,7100,Vejle,22/06 - 2010,10/08 - 2014,0
29189900,Vejle Kommune,Følprojektet,Ellehammersvej 16,7100,Vejle,08/06 - 2007,31/07 - 2015,1
29189900,Vejle Kommune,Farbror Svends Gård,Overbyparken 30,7080,Børkop,01/01 - 1993,31/07 - 2015,0
29189900,Vejle Kommune,BOFÆLLESSKAB,Amaliegade 4,7080,Børkop,01/01 - 1993,31/12 - 2011,5-9
29189900,Vejle Kommune,Dagplejen,Aagade 33,7100,Vejle,01/01 - 2008,17/07 - 2008,5-9
29189900,Vejle Kommune,Handicapafdelingen - Center Nordås,"Nordås 17H, 2",7100,Vejle,12/08 - 2009,30/12 - 2011,1
29189900,Vejle Kommune,"Materielgård, Vejle",Niels Finsensvej 14,7100,Vejle,01/01 - 2008,18/06 - 2013,0
29189900,Vejle Kommune,Egtved Brandvæsen,Nydamsvej 10,6040,Egtved,01/01 - 1993,28/11 - 2011,2-4
29189900,Vejle Kommune,ØSTER STARUP SKOLES SKOLEFRITIDSORDNING,Ådalsvej 66,6040,Egtved,01/01 - 1993,02/11 - 2011,10-19
29189900,Vejle Kommune,De kommunale tandklinikker,Hasselvej 1,7323,Give,01/01 - 1993,30/09 - 2015,0
29189900,Vejle Kommune,KompetenceCenter Vejle,Flegmade 15,7100,Vejle,29/09 - 2011,13/10 - 2014,0
29189900,Vejle Kommune,Gæstehuset,Overgaden 12,7080,Børkop,01/01 - 2002,31/07 - 2015,1
29189900,Vejle Kommune,ENGUM SKOLE SKOLEFRITIDSORDNINGEN,Engumvej 79,7120,Vejle Øst,01/01 - 1993,02/11 - 2011,2-4
29189900,Vejle Kommune,HÆLDAGERSKOLENS SKOLEFRITIDSORDNING,Nørremarksvej 157,7120,Vejle Øst,01/01 - 1993,02/11 - 2011,20-49
29189900,Vejle Kommune,PSYKOLOGISK RÅDGIVNING,Rådhusbakken 9,7323,Give,01/01 - 1993,31/07 - 2015,5-9
29189900,Vejle Kommune,BØRKOP UNGDOMSSKOLE,Hørgyden 35,7080,Børkop,01/01 - 1993,07/11 - 2011,5-9
29189900,Vejle Kommune,Gauerslund SFO,Hørgyden 35,7080,Børkop,01/01 - 2002,02/11 - 2011,10-19
29189900,Vejle Kommune,Bofællesskabet,"Frejasgade 11, st. tv.",7100,Vejle,01/01 - 2007,30/05 - 2013,0
29189900,Vejle Kommune,Ældreboliger Sandvad,Vongevej 46,7300,Jelling,01/01 - 1993,29/06 - 2012,1
29189900,Vejle Kommune,DAGINSTITUTIONEN ALFEHØJ,Rosengårds Alle 106,7100,Vejle,01/01 - 1993,31/07 - 2012,0
29189900,Vejle Kommune,Thyregod Skoles Skolefritidsordning Vildanden,Skolegade 4,7323,Give,01/01 - 1996,02/11 - 2011,10-19
29189900,Vejle Kommune,Egtved Musikskole,Østergade 36,6040,Egtved,01/01 - 1993,21/09 - 2009,10-19
29189900,Vejle Kommune,DAMHAVENS SKOLES SKOLEFRITIDSORDNING,Damhaven 13,7100,Vejle,01/01 - 1993,02/11 - 2011,10-19
29189900,Vejle Kommune,Bofællesskabet Tønnesgade,Tønnesgade 12B,7100,Vejle,01/01 - 2007,29/04 - 2012,0
29189900,Vejle Kommune,Bofællesskabet Sikavej,Sikavej 2-24,7100,Vejle,01/01 - 2007,30/12 - 2012,1
29189900,Vejle Kommune,Trekløveren,Hasselvænget 15,7100,Vejle,01/01 - 1993,31/12 - 2016,0
29189900,Vejle Kommune,FRITIDSKLUB MØLLEN,Bredballe Byvej 51,7120,Vejle Øst,01/01 - 1995,31/12 - 2016,0
29189900,Vejle Kommune,Bygningen,Ved Anlæget 14,7100,Vejle,01/01 - 2004,30/05 - 2012,10-19
29189900,Vejle Kommune,Vejle Misbrugscenter - Social medicinsk behandling,Sønderbrogade 40,7100,Vejle,01/01 - 2007,01/12 - 2016,0
29189900,Vejle Kommune,BIRKEVEJENS BØRNEHAVE,Birkevej 5,7323,Give,01/01 - 1993,31/12 - 2016,0
29189900,Vejle Kommune,Skolefritidsordning Nørremarksskolen,Moldevej 5,7100,Vejle,01/01 - 2002,02/11 - 2011,10-19
29189900,Vejle Kommune,Dagtilbud til unge med spiseforstyrrelse,Blegbanken 3C,7100,Vejle,22/06 - 2010,30/06 - 2014,0
29189900,Vejle Kommune,Vejle Brandvæsen,Norgesvej 1,7100,Vejle,01/01 - 1993,31/12 - 2016,0
29189900,Vejle Kommune,Område Vest - Egetoft Aktivitet & Træning,Kirkevej 23,6040,Egtved,03/12 - 2007,01/11 - 2016,0
29189900,Vejle Kommune,Klub 80,Søndermarken 1,7323,Give,01/01 - 2002,31/12 - 2017,0
29189900,Vejle Kommune,"Område Øst - Distrikt Midtbyen Ø1, incl. fælles nat",Gulkrog 9,7100,Vejle,01/01 - 2006,20/02 - 2013,50-99
29189900,Vejle Kommune,Bofællesskab Pilebo,Overgårdvej 1A,6040,Egtved,01/01 - 2004,30/12 - 2010,2-4
29189900,Vejle Kommune,Bofællesskabet Stormgade,Stormgade 17D,7100,Vejle,01/01 - 2007,31/12 - 2016,5-9
29189900,Vejle Kommune,Gårslev Fritidsklub,Skolegade 12B,7080,Børkop,04/11 - 2011,31/12 - 2016,0
29189900,Vejle Kommune,Velfærdsforvaltningen - Nordås,Nordås 17,7100,Vejle,25/07 - 2008,21/06 - 2018,0
29189900,Vejle Kommune,Bofællesskabet Dalen,Søndermarken 26B,7323,Give,01/01 - 1993,31/08 - 2019,0
29189900,Vejle Kommune,Jobcenter Vejle,Donneruplundvej 3A,7323,Give,08/08 - 2013,31/05 - 2018,0
29189900,Vejle Kommune,§85 Give,Søndermarken 30,7323,Give,01/01 - 1993,31/08 - 2019,1
29189900,Vejle Kommune,Jobcenter Vejle,Ibæk Strandvej 25,7100,Vejle,01/01 - 1993,31/01 - 2018,0
29189900,Vejle Kommune,"Område Nord - Distrikt 2A, Rengøring",Sofievej 2-4,7100,Vejle,24/10 - 2007,26/10 - 2009,
29189900,Vejle Kommune,JELLING FRITIDSCENTER,Skinbjerg 1,7300,Jelling,01/01 - 1998,31/12 - 2021,0
29189900,Vejle Kommune,"Sprogcenter Vejle, Ungecenter",Danmarksgade 19,7100,Vejle,01/09 - 2016,31/12 - 2019,5-9
29189900,Vejle Kommune,"Sprogcenter Vejle, Klostergade",Klostergade 4,7100,Vejle,01/01 - 1999,31/08 - 2020,37
29189900,Vejle Kommune,"FÆLLESHÅBSSKOLEN, AFD. SKOVBYVEJ",Skovbyvej 30A,7080,Børkop,01/01 - 1993,31/07 - 2021,1
29189900,Vejle Kommune,Jobcenter Vejle,Boulevarden 48Q,7100,Vejle,01/05 - 2014,01/12 - 2021,22
29189900,Vejle Kommune,Distrikt Grønnegården,Parkvej 12,7323,Give,01/01 - 1993,31/08 - 2008,100-199
29189900,Vejle Kommune,Område Syd - Humlegården,Mølholm Landevej 20,7100,Vejle,01/01 - 1993,31/07 - 2007,
29189900,Vejle Kommune,Distrikt Gadbjerg,Buen 15,7321,Gadbjerg,01/01 - 1993,30/10 - 2007,1
29189900,Vejle Kommune,Distrikt Givskud,Vejlevej 74,7323,Give,01/01 - 1993,30/10 - 2007,1
29189900,Vejle Kommune,Solsikken FK,Løget Center 8,7100,Vejle,01/01 - 1997,10/04 - 2007,10-19
29189900,Vejle Kommune,Områdecenter Nord,De Lichtenbergs Vej 3,7182,Bredsten,01/01 - 1998,24/10 - 2007,1
29189900,Vejle Kommune,Område Vest - Administration,Sofievej 2-4,7100,Vejle,01/01 - 1999,18/10 - 2007,10-19
29189900,Vejle Kommune,Træningscentret,Nørregade 18,7100,Vejle,01/01 - 2006,04/05 - 2016,0
29189900,Vejle Kommune,VindMøllen - Satellitten,Vindingvej 56,7100,Vejle,01/04 - 2022,30/11 - 2023,6
29189900,Vejle Kommune,§85 - Børkop,Englystparken 1,7080,Børkop,22/03 - 2013,31/05 - 2024,1
29189900,Vejle Kommune,Distrikt Midtby Vest,Teglgaardsvej 15,7100,Vejle,19/10 - 2007,30/06 - 2024,1
29189900,Vejle Kommune,Slagteriet - Udviklingspark Vejle,Havneparken 2,7100,Vejle,25/11 - 2010,01/08 - 2024,3
29189900,Vejle Kommune,Jobcenter Vejle,Havneparken 2,7100,Vejle,08/08 - 2013,12/06 - 2025,18
29189900,Vejle Kommune,Jobcenter Vejle,Havneparken 14A,7100,Vejle,08/08 - 2013,12/06 - 2025,1
29189900,Vejle Kommune,Jobcenter Vejle,Danmarksgade 19,7100,Vejle,01/02 - 2020,12/06 - 2025,5
29189900,Vejle Kommune,Børnegården Uhrhøj,Gemmavej 1A,7100,Vejle,01/01 - 1993,31/10 - 2025,0
29189900,Vejle Kommune,CSV - Flegborg,"Flegborg 13A, 1",7100,Vejle,01/01 - 2017,31/10 - 2025,1
29189900,Vejle Kommune,Område Nord - Distrikt 3 Give,Sdr. Ringvej 4,7323,Give,01/01 - 2005,,58
29189900,Vejle Kommune,Vejle Musikteater,Flegborg 12,7100,Vejle,01/06 - 2006,,63
29189900,Vejle Kommune,Dagplejen Vejle,Aagade 33,7100,Vejle,01/01 - 2005,,139
29189900,Vejle Kommune,Demensenheden - Administration,Gl Kolding Landevej 43,7100,Vejle,01/01 - 2006,,24
29189900,Vejle Kommune,Distrikt Bredballe,Bakkeager 4,7120,Vejle Øst,01/01 - 2006,,43
29189900,Vejle Kommune,Distrikt Midtby Øst og Midtby Vest,"Teglgaardsvej 15, 3. 400.",7100,Vejle,01/01 - 2005,,68
29189900,Vejle Kommune,Demensenheden - Kløverhaven,Ringdams Kobbel 157,7100,Vejle,01/01 - 2005,,44
29189900,Vejle Kommune,Område Nord - Plejecenter Hovergården,"Storegårdsvej 102B, st. 1.",7100,Vejle,01/01 - 2006,,77
29189900,Vejle Kommune,"Køkken Bakkegården - Senior Service, Område Vest",Teglgaardsvej 15,7100,Vejle,01/01 - 2005,,11
29189900,Vejle Kommune,Midlertidige pladser - Vejle Midtby,"Gulkrog 11, st. 1.",7100,Vejle,01/01 - 2005,,50
29189900,Vejle Kommune,Demensenheden - Lindegården,Gl Kolding Landevej 43,7100,Vejle,01/01 - 2005,,91
29189900,Vejle Kommune,Område Øst - Køkken Rosengården,Rosengårds Alle 52A 113.,7100,Vejle,01/01 - 2005,,15
29189900,Vejle Kommune,Område Øst - Køkken Gulkrog,Gulkrog 11,7100,Vejle,01/01 - 2005,,8
29189900,Vejle Kommune,Område Øst - Gulkrog,Gulkrog 9,7100,Vejle,01/01 - 2005,,52
29189900,Vejle Kommune,Distrikt Egtved,Hejlskovparken 60A,6040,Egtved,01/01 - 2006,,37
29189900,Vejle Kommune,Område Øst - Distrikt Vinding/Midtbyen Ø4,Rosengårds Alle 102A,7100,Vejle,01/01 - 2006,,49
29189900,Vejle Kommune,Boligerne ved Sønderåen,Ved Sønderåen 16,7100,Vejle,01/01 - 2007,,24
29189900,Vejle Kommune,Karriereværkstedet - Cafebutikken,"Vestergade 17A, st",7100,Vejle,01/01 - 2007,,8
29189900,Vejle Kommune,"Bo-Vejle, afd. Grundet Bygade 19A og 19B",Grundet Bygade 19A 1.,7100,Vejle,01/01 - 2007,,68
29189900,Vejle Kommune,Værestedet Huset,Vesterbrogade 13,7100,Vejle,01/01 - 2007,,8
29189900,Vejle Kommune,RusmiddelCenter Vejle - Alkoholbehandling,Boulevarden 19A,7100,Vejle,01/01 - 2007,,18
29189900,Vejle Kommune,Solsikkegård - Solsikkens Børnehave,Grønlandsvej 188,7100,Vejle,12/04 - 2007,,7
29189900,Vejle Kommune,JOBVejle,Havneparken 16C,7100,Vejle,08/06 - 2007,,159
29189900,Vejle Kommune,Ungdommens Uddannelsesvejledning,"Boulevarden 19H, st",7100,Vejle,01/01 - 2007,,18
29189900,Vejle Kommune,Plejecenter Atriumhaven,Buen 20,7080,Børkop,26/09 - 2007,,55
29189900,Vejle Kommune,Område Vest - Plejecenter Holmegården - Senior,Holmen 18-22,7100,Vejle,19/10 - 2007,,100
29189900,Vejle Kommune,Udviklingscenteret De 2 Gårde - Hørgyden,Hørgyden 48,7080,Børkop,01/01 - 2007,,30
29189900,Vejle Kommune,Distrikt Bredsten,Steen Blicher Vej 51,7182,Bredsten,23/10 - 2007,,50
29189900,Vejle Kommune,Område Nord - Distrikt 2 Vejle,Sofievej 2,7100,Vejle,23/10 - 2007,,58
29189900,Vejle Kommune,Distrikt Jelling,Ringvejen 1A,7300,Jelling,06/02 - 2008,,30
29189900,Vejle Kommune,"""Lilholtgård""",Borggårdsvej 10,7080,Børkop,18/08 - 2008,,28
29189900,Vejle Kommune,Bredballegård,Skelvangen 52,7120,Vejle Øst,14/05 - 2009,,36
29189900,Vejle Kommune,"Trip Trap Træsko, afd. StoreBjørn",Grundet Bygade 15A,7100,Vejle,01/01 - 2008,,32
29189900,Vejle Kommune,"Område Vest, Plejecenter Bakkegården - Senior",Teglgaardsvej 15,7100,Vejle,29/05 - 2009,,74
29189900,Vejle Kommune,Plejecenter Sandbjerg - Aflastningen,Gl. Sejrupvej 4,7323,Give,28/10 - 2009,,30
29189900,Vejle Kommune,JOBVejle,Havneparken 4,7100,Vejle,23/10 - 2009,,91
29189900,Vejle Kommune,Børkop Genbrugsplads,Overmøllevej 121,7080,Børkop,01/03 - 2010,,4
29189900,Vejle Kommune,Egtved Genbrugsplads,Nydamsvej 8,6040,Egtved,01/03 - 2010,,2
29189900,Vejle Kommune,Børne- & Familiecentret,"Staldgaardsgade 10C, 1",7100,Vejle,08/09 - 2010,,99
29189900,Vejle Kommune,Område Nord - Distrikt 5 Praktisk bistand,"Storegårdsvej 102B, st. 1.",7100,Vejle,27/10 - 2010,,62
29189900,Vejle Kommune,"Spinderihallerne, Vejle Kommune",Spinderigade 11E,7100,Vejle,26/11 - 2010,,36
29189900,Vejle Kommune,Vejle Kommune - Kultur & Sundhed,"Vedelsgade 25, 4",7100,Vejle,13/12 - 2010,,31
29189900,Vejle Kommune,Tjansen,Grønnedalen 14B,7100,Vejle,13/12 - 2010,,1
29189900,Vejle Kommune,"Område Vest, Egetoft",Kirkevej 23,6040,Egtved,03/05 - 2011,,5
29189900,Vejle Kommune,SSP Team,"Sønderbrogade 34, 3. th.",7100,Vejle,16/08 - 2011,,8
29189900,Vejle Kommune,JOBVejle,"Boulevarden 19H, st",7100,Vejle,29/09 - 2011,,28
29189900,Vejle Kommune,PPR,Hjulmagervej 8K-8L,7100,Vejle,19/06 - 2013,,78
29189900,Vejle Kommune,"Bifrost, Bygden",Bygden 24,7100,Vejle,04/12 - 2013,,178
29189900,Vejle Kommune,Skansebakken,H.O. Wildenskovsvej 1A,7080,Børkop,18/12 - 2013,,160
29189900,Vejle Kommune,Sundhedshuset,Vestre Engvej 51A,7100,Vejle,01/08 - 2014,,158
29189900,Vejle Kommune,Område Øst - Fælles natdistrikt,Gulkrog 9,7100,Vejle,12/04 - 2013,30/04 - 2026,1
29189900,Vejle Kommune,Fårupgaard - Horisonten,Høgsholtvej 5,7100,Vejle,01/03 - 2016,,15
29189900,Vejle Kommune,"Bo-Vejle, afd. Ringdams Kobbel",Ringdams Kobbel 165 1.,7100,Vejle,01/01 - 2017,,72
29189900,Vejle Kommune,CSV - Kommunikation & Teknologi,Pedersholms Allé 50,7100,Vejle,01/01 - 2017,,16
29189900,Vejle Kommune,Galaksen,Finlandsvej 21,7100,Vejle,01/01 - 2017,,10
29189900,Vejle Kommune,CSV - Spor 1,Brejning Østergade 12,7080,Børkop,01/01 - 2017,,11
29189900,Vejle Kommune,CSV - VSU,Pedersholms Allé 52,7100,Vejle,01/01 - 2017,,12
29189900,Vejle Kommune,"Sprogcenter Vejle, Damhaven","Damhaven 13A, st",7100,Vejle,01/01 - 2017,,59
29189900,Vejle Kommune,"Sprogcenter Vejle, Give",Hjortsvangen 3,7323,Give,01/01 - 2017,,5
29189900,Vejle Kommune,TCBU - De Åbne Rådgivninger,"Vestre Engvej 10, 2",7100,Vejle,01/10 - 2017,,32
29189900,Vejle Kommune,Basen,"Niels Finsensvej 16, st. 1.",7100,Vejle,01/02 - 2018,,3
29189900,Vejle Kommune,Center for Social Rehabilitering,"Vestre Engvej 51B, 4",7100,Vejle,01/06 - 2019,,139
29189900,Vejle Kommune,Myndighedsafdelingen,Vestre Engvej 51B,7100,Vejle,01/06 - 2019,,126
29189900,Vejle Kommune,Vejle Kommunes Tandpleje,Vestre Engvej 51B,7100,Vejle,01/06 - 2019,,103
29189900,Vejle Kommune,Aldersint. Inst. Tirsbækgård,Juulsbjergvej 30,7120,Vejle Øst,01/10 - 2020,,44
29189900,Vejle Kommune,Karriereværkstedet - Servicegruppen,Borgergade 19,7080,Børkop,01/10 - 2020,,11
29189900,Vejle Kommune,"Sprogcenter Vejle, Fredericia",Lollandsgade 4,7000,Fredericia,01/06 - 2021,,15
29189900,Vejle Kommune,Vejle Brandvæsen - Børkop,Industrivej 41,7080,Børkop,01/01 - 2022,,19
29189900,Vejle Kommune,Vejle Brandvæsen,Norgesvej 1,7100,Vejle,01/01 - 2022,,68
29189900,Vejle Kommune,Distrikt Midtby Nord,Gulkrog 9,7100,Vejle,01/01 - 1996,,3
29189900,Vejle Kommune,CSR - Mestringsvejen,"Vestre Engvej 10, 1",7100,Vejle,01/11 - 2022,,11
29189900,Vejle Kommune,Ressourcer & Genbrug,Voervej 12,7120,Vejle Øst,15/02 - 2023,,52
29189900,Vejle Kommune,Dagtilbud Natur- og Teknikteamet,"Horsensvej 45F, st",7100,Vejle,01/12 - 2022,,10
29189900,Vejle Kommune,Distrikt Nørremarken,Islandsvej 5,7100,Vejle,13/02 - 2023,,40
29189900,Vejle Kommune,Ågård Børnehus,Bramdrupvej 99,6040,Egtved,01/04 - 2023,,20
29189900,Vejle Kommune,Plejecenter Meta,Sejershaven 2,7321,Gadbjerg,23/03 - 2023,,54
29189900,Vejle Kommune,Plejecenter Kong Gauers Gård,Eventyrhaven 14,7080,Børkop,01/04 - 2023,,98
29189900,Vejle Kommune,Daginstitution Kong Gauers Gård,"Eventyrhaven 14, st",7080,Børkop,30/05 - 2023,,34
29189900,Vejle Kommune,Distrikt Midtby Syd,Gl Kolding Landevej 37,7100,Vejle,01/09 - 2023,,41
29189900,Vejle Kommune,Familieplejen,Nyboesgade 35B,7100,Vejle,01/09 - 2023,,204
29189900,Vejle Kommune,Distrikt Brejning-Smidstrup,Eventyrhaven 14,7080,Børkop,18/09 - 2023,,35
29189900,Vejle Kommune,Ikær Børnenes Hus,Torvegade 81A,7323,Give,01/01 - 2024,,19
29189900,Vejle Kommune,Team Handicap & Opgangstilbud Egtved,Overgårdvej 112,6040,Egtved,01/04 - 2024,,7
29189900,Vejle Kommune,"Idræt, Events og Fællesskaber",Vedelsgade 31,7100,Vejle,01/04 - 2024,,36
29189900,Vejle Kommune,"Vejle Bibliotekerne, Bryggen Vejle","Søndertorv 2, 1. 234.",7100,Vejle,01/09 - 2024,,10
29189900,Vejle Kommune,"Vejle Bibliotekerne, Farveriet",Spinderigade 20,7100,Vejle,01/09 - 2024,,13
29189900,Vejle Kommune,"Vejle Bibliotekerne, Hjulmagervej",Hjulmagervej 6,7100,Vejle,01/08 - 2024,,55
29189900,Vejle Kommune,Organisation & Medborgerskab,Vestre Engvej 99,7100,Vejle,01/09 - 2024,,5
29189900,Vejle Kommune,Klub Egtved,Tybovej 2,6040,Egtved,01/11 - 2024,,5
29189900,Vejle Kommune,Klub Jættebo,Vindinggård Center 3,7100,Vejle,01/11 - 2024,,2
29189900,Vejle Kommune,Klub Ny Nørup,Tørskindvej 3L,7182,Bredsten,01/11 - 2024,,5
29189900,Vejle Kommune,Klub Øster Starup,Ådalsvej 66,6040,Egtved,01/11 - 2024,,4
29189900,Vejle Kommune,Klub Gadbjerg/Bredsten,Skolevænget 2A,7182,Bredsten,01/11 - 2024,,4
29189900,Vejle Kommune,"Klub Puls, Børkop",Fælleshåbsvej 13,7080,Børkop,01/11 - 2024,,8
29189900,Vejle Kommune,Klub Give,Søndermarken 1,7323,Give,01/11 - 2024,,8
29189900,Vejle Kommune,Rosborg Børnehus,Rigmor Fengers Vej 11,7100,Vejle,27/11 - 2024,,5
29189900,Vejle Kommune,"Solen, afdeling Jelling",Søndervang 6,7300,Jelling,01/04 - 2025,,7
29189900,Vejle Kommune,Vuggestuen Bøgen,Bøgevang 14A,7100,Vejle,22/08 - 2025,,17
29189900,Vejle Kommune,Krogårdens Børnehus,Klattrupvej 2,7000,Fredericia,01/10 - 2025,,13
29189900,Vejle Kommune,Værket,Ved Vandværket 1,7100,Vejle,01/11 - 2025,,6
29189900,Vejle Kommune,Himmelblå,Langelinie 10A,7100,Vejle,01/01 - 2002,,2-4
29189900,Vejle Kommune,Område Øst - Køkken - Englystparken,Englystparken 1,7080,Børkop,01/01 - 2002,,0
29189900,Vejle Kommune,Videnscenter for Integration Børne- og Ungeafdelingen,Skolegade 1,7100,Vejle,18/06 - 2002,,1
29189900,Vejle Kommune,Brejning Forsamlingshus,J.L. Varmingsvej 1,7080,Børkop,01/01 - 2004,,1
29189900,Vejle Kommune,FRISTEDET SFO2 og JUNIORKLUB ENGLYSTSKOLEN,Amaliegade 46,7080,Børkop,01/01 - 2004,,2-4
29189900,Vejle Kommune,Miljøprojekt Haraldskær,Skibetvej 139,7100,Vejle,28/06 - 2006,,0
29189900,Vejle Kommune,Område Vest - Plejecenter Holmegården,Holmen 18,7100,Vejle,05/07 - 2006,,1
29189900,Vejle Kommune,Område Nord - Administrationen,Sofievej 2-4,7100,Vejle,23/10 - 2007,,2
29189900,Vejle Kommune,Miljøprojektet Nørreskoven,Helligkildevej 60,7100,Vejle,18/03 - 2011,,0
29189900,Vejle Kommune,AffaldGenbrug - Genbrugspladser,Vestre Engvej 70,7100,Vejle,29/06 - 2011,,1
29189900,Vejle Kommune,Bolig- og ejendomsservice,"Skolegade 1, 1",7100,Vejle,22/03 - 2012,,0
29189900,Vejle Kommune,Byggerifunktionen v/Per Larsen,Skolegade 1,7100,Vejle,27/03 - 2012,,0
29189900,Vejle Kommune,Badmintonhallen,Jagtvej 7,7100,Vejle,21/02 - 2013,,1
29189900,Vejle Kommune,Børne- & Familiecentret,Boulevarden 19K,7100,Vejle,19/06 - 2013,,2
29189900,Vejle Kommune,Plejecenter Stensvang - Demensafsnit,Steen Blicher Vej 51,7182,Bredsten,28/03 - 2014,,1
29189900,Vejle Kommune,Green Tech Centret,Lysholt Allé 10,7100,Vejle,08/04 - 2014,,0
29189900,Vejle Kommune,Tømrerværkstedet,Rådhusbakken 7,7323,Give,11/04 - 2014,,0
29189900,Vejle Kommune,"Skøjtebanen, Maria Plads cafebod",Blegbanken 10,7100,Vejle,01/01 - 2016,,1
29189900,Vejle Kommune,Udekørende akutsygeplejersker i Vejle Kommune,"Gulkrog 11, st",7100,Vejle,01/05 - 2016,,0
29189900,Vejle Kommune,Fælleshåbsskolens SFO og klub,Buen 103,7080,Børkop,01/01 - 2017,,2
29189900,Vejle Kommune,Sneglehuset - Produktionskøkken,Borgergade 4A,7080,Børkop,12/06 - 2017,,1
29189900,Vejle Kommune,Troldehuset,H.O. Wildenskovsvej 2,7080,Børkop,01/08 - 2020,,
29189900,Vejle Kommune,Børneuniverset i Centrum,Helgesvej 1,7100,Vejle,01/01 - 1993,,1
29189900,Vejle Kommune,Bankgården Give,Donneruplundvej 3,7323,Give,01/07 - 2021,,
29189900,Vejle Kommune,VINDINGHALLEN,Nygårdsvej 10,7100,Vejle,01/01 - 1993,,0
29189900,Vejle Kommune,Bifrost - Grønnely,Grønlandsvej 340,7100,Vejle,01/12 - 2025,,
29189900,Vejle Kommune,GÅRSLEV-HALLEN,Skolegade 14,7080,Børkop,01/01 - 1993,,0
29189900,Vejle Kommune,Give Stadion og Friluftsbad,Skovbakken 34,7323,Give,01/01 - 1993,,0
29189900,Vejle Kommune,SØNDERMARKSHALLEN,Søndermarksvej 119,7100,Vejle,01/01 - 1993,,0
29189900,Vejle Kommune,PETERSMINDEHALLEN,Petersmindevej 25,7100,Vejle,01/01 - 1993,,0
29189900,Vejle Kommune,Materielgården Vejle,Søndermarksvej 147,7100,Vejle,01/01 - 1993,,0
29189900,Vejle Kommune,VINGSTED HISTORISKE VÆRKSTED,Vingstedvej 58,7182,Bredsten,01/01 - 1993,,1
29189900,Vejle Kommune,"Vejle Bibliotekerne, Børkop",Ågade 6,7080,Børkop,01/01 - 1993,,1
29189900,Vejle Kommune,"Vejle Bibliotekerne, Give",Rådhusbakken 9,7323,Give,01/01 - 1993,,0
29189900,Vejle Kommune,GAUERSLUND-HALLEN,Fælleshåbsvej 11,7080,Børkop,01/01 - 1993,,2-4
29189900,Vejle Kommune,MØLHOLMBADET,Badevænget 12,7100,Vejle,01/01 - 1993,,1
29189900,Vejle Kommune,"FIREHØJESKOLEN , Vandel afd.",Skolevej 1A,7184,Vandel,01/01 - 1993,,1
29189900,Vejle Kommune,SMIDSTRUP UNGDOMSKLUB,Tiufkærvej 3B,7000,Fredericia,01/01 - 1993,,0
29189900,Vejle Kommune,"Vejle Bibliotekerne, Egtved",Tybovej 2,6040,Egtved,01/01 - 1993,,1
29189900,Vejle Kommune,SMIDSTRUP-HALLEN,Tiufkærvej 3,7000,Fredericia,01/01 - 1993,,0
29189900,Vejle Kommune,SVØMMEHALLEN VED ENGLYSTSKOLEN,Skolebakken 1,7080,Børkop,01/01 - 1993,,1
29189900,Vejle Kommune,Børnehaven VILDANDEN,Skovbyvej 30B,7080,Børkop,01/01 - 1993,,7
29189900,Vejle Kommune,VEJLE STADION,Helligkildevej 2,7100,Vejle,01/01 - 1993,,2-4
29189900,Vejle Kommune,Solsikkens Ungdomsklub,Hasselvænget 10,7100,Vejle,01/01 - 1993,,0
29189900,Vejle Kommune,LINDEBALLE FORSAMLINGSHUS,Åstvej 54,7321,Gadbjerg,01/01 - 1993,,0
29189900,Vejle Kommune,Genbrugsterminalen Vejle,Vestre Engvej 70,7100,Vejle,01/01 - 1993,,39
29189900,Vejle Kommune,HÆLDAGERHALLEN,Nørremarksvej 157,7120,Vejle Øst,01/01 - 1993,,1
29189900,Vejle Kommune,Randbøldal-Museet,Dalekildevej 1,7183,Randbøl,01/01 - 1993,,0
29189900,Vejle Kommune,Vejle Kunstmuseum,Flegborg 16,7100,Vejle,01/01 - 1993,,0
29189900,Vejle Kommune,KIRKEBAKKEHALLEN,Kirkebakken 9,7120,Vejle Øst,01/01 - 1993,,1
29189900,Vejle Kommune,HÆLDAGER FRITIDS- OG UNGDOMSKLUB,Nørremarksvej 155,7120,Vejle Øst,01/01 - 1993,,1
29189900,Vejle Kommune,Bofællesskabet Grønhøj,Overgårdvej 114,6040,Egtved,01/01 - 1993,,1
29189900,Vejle Kommune,"Vejle Bibliotekerne, Jelling",Møllegade 10,7300,Jelling,01/01 - 1994,,1
29189900,Vejle Kommune,Udviklingscenteret De 2 Gårde - Lodshuset,Ibæk Strandvej 204,7100,Vejle,01/01 - 1995,,0
29189900,Vejle Kommune,Lokalhistorisk arkiv Børkop,Ågade 6,7080,Børkop,01/01 - 1998,,0
29189900,Vejle Kommune,FRILUFTSBADET,Mølvangvej 53,7300,Jelling,01/01 - 1998,,0
29189900,Vejle Kommune,LæringsCenter Brejning,Borgergade 19,7080,Børkop,01/01 - 1993,,1
29189900,Vejle Kommune,Firehøje Børnehave,Skolevej 6,7184,Vandel,01/01 - 1993,,1
29189900,Vejle Kommune,"Børnehuset ved Banen, afd. Vissingsgade",Vissingsgade 32,7100,Vejle,01/01 - 1993,,3
29189900,Vejle Kommune,Vejle Bibliotekerne,Willy Sørensens Plads 1,7100,Vejle,01/01 - 1993,,94
29189900,Vejle Kommune,Dalhuset,Dalgade 15,6040,Egtved,01/01 - 1998,,9
29189900,Vejle Kommune,Område Øst - SMIDSTRUPPARKEN,Smidstrupparken 39,7000,Fredericia,25/06 - 2002,,1
29189900,Vejle Kommune,Netværkslokomotivet,Robert Holms Vej 1,8700,Horsens,02/10 - 2007,,1
29189900,Vejle Kommune,Aktiv Bo,"Aagade 2C, 1. 2.",7100,Vejle,01/06 - 2017,,1
29189900,Vejle Kommune,Fjuk SFO,Søndergade 27D,7323,Give,01/01 - 2000,,1
29189900,Vejle Kommune,ENGLYSTSKOLEN,Skolebakken 1,7080,Børkop,01/01 - 1993,,128
29189900,Vejle Kommune,"Bo-Vejle, afd. Bredballe Byvej",Bredballe Byvej 67,7120,Vejle Øst,01/01 - 1993,,44
29189900,Vejle Kommune,Give Genbrugsplads,Dyrskuevej 2,7323,Give,01/01 - 1993,,5
29189900,Vejle Kommune,BØRNEHAVEN Solen,Rosengårds Alle 106,7100,Vejle,01/01 - 1993,,26
29189900,Vejle Kommune,Bofællesskabet Postens Vej,H.O. Wildenskovsvej 10,7080,Børkop,01/01 - 1993,,231
29189900,Vejle Kommune,Søndermarkens Børnehus,Teglværksvej 15,7323,Give,01/01 - 1993,,30
29189900,Vejle Kommune,Bredsten - Gadbjerg Skole - Bredsten afd.,Skolevænget 2A,7182,Bredsten,01/01 - 1993,,55
29189900,Vejle Kommune,"Firkløverskolen Give, Givskud",Vejlevej 47B,7323,Give,01/01 - 1993,,14
29189900,Vejle Kommune,Ødsted-Jerlev Børnehus,Mølkærparken 1,7100,Vejle,01/01 - 1993,,32
29189900,Vejle Kommune,Børnehaven Troldebo,Søndervang 1,7182,Bredsten,01/01 - 1993,,18
29189900,Vejle Kommune,BORGGÅRDEN,Borggårdsvej 2,7080,Børkop,01/01 - 1993,,23
29189900,Vejle Kommune,Område Vest - Plejecenter Ågården,Majsvænget 74,6040,Egtved,01/01 - 1993,,45
29189900,Vejle Kommune,RusmiddelCenter Vejle - Stofbehandling,Horsensvej 35,7100,Vejle,01/01 - 1993,,20
29189900,Vejle Kommune,Område Vest - Plejecenter Stensvang,Steen Blicher Vej 51,7182,Bredsten,01/01 - 1993,,35
29189900,Vejle Kommune,"Tinghøj, Center for Socialpsykiatri",Tingvej 1A,6040,Egtved,01/01 - 1993,,108
29189900,Vejle Kommune,Børnehaven Tusindfryd,Hjelmdrupvej 24,6040,Egtved,01/01 - 1993,,8
29189900,Vejle Kommune,ØDSTED SKOLE,Ammitsbølvej 18,7100,Vejle,01/01 - 1993,,37
29189900,Vejle Kommune,Udviklingscenteret De 2 Gårde - Fuglekær,Fuglekærvej 115,7080,Børkop,01/01 - 1993,,91
29189900,Vejle Kommune,"FIREHØJESKOLEN, Nørup afd.",Tørskindvej 3L,7182,Bredsten,01/01 - 1993,,31
29189900,Vejle Kommune,Fårupgård Ungecenter,Fårupgårdvej 5,7300,Jelling,01/01 - 1993,,152
29189900,Vejle Kommune,Ødsted-Jerlev Børnehus,Jerlev Boulevard 30,7100,Vejle,01/01 - 1993,,8
29189900,Vejle Kommune,EGTVED SKOLE,Østergade 36B,6040,Egtved,01/01 - 1993,,94
29189900,Vejle Kommune,SKOVAGERSKOLEN,Skinbjerg 25,7300,Jelling,01/01 - 1993,,91
29189900,Vejle Kommune,CSV Vejle,Solsikkevej 6,7100,Vejle,01/01 - 1993,,26
29189900,Vejle Kommune,Bifrost,Overbyparken 30A,7080,Børkop,01/01 - 1993,,212
29189900,Vejle Kommune,Udviklingscentret Spurvetoften,Buen 22,7080,Børkop,01/01 - 1993,,204
29189900,Vejle Kommune,Smidstrup-Skærup Skole,Tiufkærvej 3A,7000,Fredericia,01/01 - 1993,,46
29189900,Vejle Kommune,Oasen,Brejning Østergade 14,7080,Børkop,01/01 - 1993,,29
29189900,Vejle Kommune,FÆLLESHÅBSSKOLEN,Fælleshåbsvej 13,7080,Børkop,01/01 - 1993,,92
29189900,Vejle Kommune,Udviklingscenteret De 2 Gårde - Rønnevang,Rønnevang 1A,7080,Børkop,01/01 - 1993,,113
29189900,Vejle Kommune,"Vejle Kommunale Ungdomsskole, afd. Ødsted",Sønderlund 2,7100,Vejle,01/01 - 1993,,5
29189900,Vejle Kommune,KOLLERUP SKOLE,Kollerupvej 12A,7300,Jelling,01/01 - 1993,,18
29189900,Vejle Kommune,Firkløverskolen Give - SFO,Torvegade 81A,7323,Give,01/01 - 1993,,25
29189900,Vejle Kommune,Område Vest - Plejecenter Hejlskov - Senior,Hejlskovparken 60A,6040,Egtved,01/01 - 1993,,98
29189900,Vejle Kommune,"Firkløverskolen Give, Elkjær",Gammelbyvej 41A,7323,Give,01/01 - 1993,,14
29189900,Vejle Kommune,"Firkløverskolen Give, Søndermarken",Søndermarken 1,7323,Give,01/01 - 1993,,33
29189900,Vejle Kommune,Naturbørnehaven Skovkanten,Dyrehavevej 16A,7182,Bredsten,01/01 - 1993,,20
29189900,Vejle Kommune,Område Øst - Englystparken Dagcenter,Englystparken 1,7080,Børkop,01/01 - 1993,,3
29189900,Vejle Kommune,"Firkløverskolen Give, Ikær",Torvegade 75A,7323,Give,01/01 - 1993,,56
29189900,Vejle Kommune,GÅRSLEV SKOLE,Gårslev Østergade 3,7080,Børkop,01/01 - 1993,,30
29189900,Vejle Kommune,Karriereværkstedet - Aktivitet læring og produktion,Torvegade 34,7323,Give,01/01 - 1993,,24
29189900,Vejle Kommune,Firehøjeskolen Skolefritidsordning,Tørskindvej 3L,7182,Bredsten,01/01 - 1993,,7
29189900,Vejle Kommune,"Bo-Vejle, afd. Dalen/Skrænten",Søndermarken 28A,7323,Give,01/01 - 1993,,23
29189900,Vejle Kommune,"BREDSTEN - GADBJERG SKOLE, Gadbjerg afd",Langgade 78A,7321,Gadbjerg,01/01 - 1993,,12
29189900,Vejle Kommune,Børnehaven Labyrinten,Langgade 80A,7321,Gadbjerg,01/01 - 1993,,9
29189900,Vejle Kommune,ØSTER STARUP SKOLE,Ådalsvej 66,6040,Egtved,01/01 - 1993,,38
29189900,Vejle Kommune,Område Nord - Plejecenter Sandbjerg,Gl. Sejrupvej 2,7323,Give,01/01 - 1993,,47
29189900,Vejle Kommune,SUKKERTOPPEN CENTER FOR SOCIALPSYKIATRI,Sukkertoppen 2A,7100,Vejle,01/01 - 1993,,111
29189900,Vejle Kommune,THYREGOD SKOLE,Skolegade 4A,7323,Give,01/01 - 1993,,36
29189900,Vejle Kommune,ØSTER NYKIRKE SKOLE,Skolestien 10A,7173,Vonge,01/01 - 1993,,26
29189900,Vejle Kommune,Karriereværkstedet,Ellehammersvej 8,7100,Vejle,01/01 - 1993,,161
29189900,Vejle Kommune,Mariehønen,Søndervang 4,7300,Jelling,01/01 - 1993,,32
29189900,Vejle Kommune,"Bo-Vejle, afd. Sønderbo",Søndermarken 30A,7323,Give,01/01 - 1993,,21
29189900,Vejle Kommune,Materielgården,Vardevej 268,7100,Vejle,01/01 - 1993,,98
29189900,Vejle Kommune,Vejle Kommunale Ungdomsskole,Ved Sønderåen 1,7100,Vejle,01/01 - 1993,,74
29189900,Vejle Kommune,"Trip Trap Træsko, afd. Skovhulen",Lille Grundet Hulvej 8,7100,Vejle,01/01 - 1993,,12
29189900,Vejle Kommune,DEN INTEGREREDE INSTITUTION PADDEHATTEN,Sønder Bygade 13,7100,Vejle,01/01 - 1993,,43
29189900,Vejle Kommune,Børnehuset ved Banen,Danmarksgade 23,7100,Vejle,01/01 - 1993,,33
29189900,Vejle Kommune,Område Øst - Rosengården,Rosengårds Alle 52A,7100,Vejle,01/01 - 1993,,146
29189900,Vejle Kommune,Plejecenter Højager,Ringvejen 1A,7300,Jelling,01/01 - 1993,,78
29189900,Vejle Kommune,"Galaksen, afd. Kometen",Finlandsvej 25,7100,Vejle,01/01 - 1993,,19
29189900,Vejle Kommune,Trekløveren,Hasselvænget 13,7100,Vejle,01/01 - 1993,,37
29189900,Vejle Kommune,PETERSMINDESKOLEN,Petersmindevej 25A,7100,Vejle,01/01 - 1993,,91
29189900,Vejle Kommune,BREDAGERSKOLEN,Bredager 26A,7300,Jelling,01/01 - 1993,,53
29189900,Vejle Kommune,VejleMuseerne,"Spinderigade 11E, 1",7100,Vejle,01/01 - 1993,,65
29189900,Vejle Kommune,SKIBET SKOLE,Jennumvej 20A,7100,Vejle,01/01 - 1993,,110
29189900,Vejle Kommune,"Engum Landsbyordning, Daginstitution",Engumvej 79,7120,Vejle Øst,01/01 - 1993,,13
29189900,Vejle Kommune,KIRKEBAKKESKOLEN,Kirkebakken 9G,7120,Vejle Øst,01/01 - 1993,,104
29189900,Vejle Kommune,Børnehuset Gaia,Gaiavej 5,7100,Vejle,01/01 - 1993,,43
29189900,Vejle Kommune,Klub Nord,Finlandsvej 21,7100,Vejle,01/01 - 1993,,27
29189900,Vejle Kommune,Teknik & Miljø,Kirketorvet 22,7100,Vejle,01/01 - 1993,,272
29189900,Vejle Kommune,Grønnedalen,Løget Center 73E,7100,Vejle,01/01 - 1993,,31
29189900,Vejle Kommune,"Vindmøllen, afd. Mølholm",Lundhusvej 1,7100,Vejle,01/01 - 1993,,12
29189900,Vejle Kommune,BØRNEGÅRDEN Uhrhøj,Jellingvej 165,7100,Vejle,01/01 - 1993,,42
29189900,Vejle Kommune,DAGINSTITUTIONEN TROLDEBAKKEN,Bredballe Byvej 39,7120,Vejle Øst,01/01 - 1993,,48
29189900,Vejle Kommune,SKIBET BØRNEHUS INTEGREREDE INSTITUTION,Jennumvej 2,7100,Vejle,01/01 - 1993,,53
29189900,Vejle Kommune,DEN ALDERSINTEGREREDE INSTITUTION ASEBO,Rosengårds Alle 104A,7100,Vejle,01/01 - 1993,,29
29189900,Vejle Kommune,Børnehaven Stjerneskuddet,Løveparkvej 2C,7323,Give,01/01 - 1993,,17
29189900,Vejle Kommune,Klub Midt,Skolegade 34,7100,Vejle,01/01 - 1993,,17
29189900,Vejle Kommune,Område Nord - Plejecenter Sofiegården,Sofievej 2,7100,Vejle,01/01 - 1993,,72
29189900,Vejle Kommune,MØLHOLM SKOLE,Tankegangen 5,7100,Vejle,01/01 - 1993,,118
29189900,Vejle Kommune,Børnehuset Bullerbo,Skolegade 5A,7100,Vejle,01/01 - 1993,,27
29189900,Vejle Kommune,VINDING SKOLE,Vindingvej 54A,7100,Vejle,01/01 - 1993,,76
29189900,Vejle Kommune,DEN ALDERSINTEGREREDE INSTITUTION KERNEHUSET,Bjerreager 53,7120,Vejle Øst,01/01 - 1993,,29
29189900,Vejle Kommune,Skovgården,Nørremarksvej 96,7100,Vejle,01/01 - 1993,,30
29189900,Vejle Kommune,HØJEN SKOLE,Jenlevej 3,7100,Vejle,01/01 - 1993,,30
29189900,Vejle Kommune,VUGGESTUEN REGNBUEN,Sjællandsgade 15A,7100,Vejle,01/01 - 1993,,16
29189900,Vejle Kommune,KIRKEBAKKEN DAGINSTITUTION,Kirkebakken 13,7120,Vejle Øst,01/01 - 1993,,26
29189900,Vejle Kommune,"Valhalla, afd. Midgård",Vindinggård Center 3,7100,Vejle,01/01 - 1993,,31
29189900,Vejle Kommune,"Vejle Midtbyskole, Afdeling Strandgade",Strandgade 2E,7100,Vejle,01/01 - 1993,,35
29189900,Vejle Kommune,HÆLDAGERSKOLEN,Nørremarksvej 157,7120,Vejle Øst,01/01 - 1993,,144
29189900,Vejle Kommune,GREJSDAL SKOLE,Skrædderbakken 8A,7100,Vejle,01/01 - 1993,,37
29189900,Vejle Kommune,DAGINSTITUTIONEN HAVNELY,Havnepladsen 5,7100,Vejle,01/01 - 1993,,38
29189900,Vejle Kommune,"Vindmøllen, afd. Vinding",Nygårdsvej 20,7100,Vejle,01/01 - 1993,,26
29189900,Vejle Kommune,Musikskolen Vejle Kommune,"Ved Sønderåen 1, 2",7100,Vejle,01/01 - 1993,,52
29189900,Vejle Kommune,NOVASKOLEN,Moldevej 5,7100,Vejle,01/01 - 1993,,58
29189900,Vejle Kommune,"Trip Trap Træsko, afd. LilleBjørn",Moldevej 81,7100,Vejle,01/01 - 1993,,13
29189900,Vejle Kommune,"Vejle Erhverv, Erhvervenes Hus",Banegårdspladsen 6,7100,Vejle,01/01 - 1993,,19
29189900,Vejle Kommune,"Vejle Midtbyskole, Afdeling Damhaven","Damhaven 13B, st",7100,Vejle,01/01 - 1993,,83
29189900,Vejle Kommune,Område Øst - Plejecenter Bakkeager,Bakkeager 4,7120,Vejle Øst,01/01 - 1993,,80
29189900,Vejle Kommune,Plejecenter Gulkrog,Gulkrog 9,7100,Vejle,01/01 - 1993,,72
29189900,Vejle Kommune,Papirfabrikken,Gulkrog 1,7100,Vejle,01/01 - 1993,,64
29189900,Vejle Kommune,"Galaksen, afd. Solstrålen",Finlandsvej 23,7100,Vejle,01/01 - 1993,,19
29189900,Vejle Kommune,DEN INTEGREREDE INSTITUTION STORKEREDEN,Karl Bjarnhofs Vej 17,7120,Vejle Øst,01/01 - 1993,,31
29189900,Vejle Kommune,SØNDERMARKSSKOLEN,Søndermarksvej 117,7100,Vejle,01/01 - 1993,,83
29189900,Vejle Kommune,"Engum Landsbyordning, Skole",Engumvej 79,7120,Vejle Øst,01/01 - 1993,,33
29189900,Vejle Kommune,Klub Syd,Løget Center 24,7100,Vejle,01/01 - 1993,,16
29189900,Vejle Kommune,Rådhuset Vejle,Skolegade 1,7100,Vejle,01/01 - 1993,,949
29189900,Vejle Kommune,DAGINSTITUTIONEN MÆLKEBØTTEN,Jenlevej 11,7100,Vejle,01/01 - 1993,,25
29189900,Vejle Kommune,Børnehaven Karla Grøn,Bredsten Landevej 131,7323,Give,01/01 - 1994,,14
29189900,Vejle Kommune,"Valhalla, Afd. Udgård",Vindinggård Center 5,7100,Vejle,01/01 - 1994,,7
29189900,Vejle Kommune,INTEGRERET INSTITUTION SNEGLEHUSET,Søndermarksvej 103,7080,Børkop,01/01 - 1994,,20
29189900,Vejle Kommune,Karriereværkstedet - Gården,Ringivevej 67,7323,Give,01/01 - 1995,,2
29189900,Vejle Kommune,KOLLERUP BØRNEHAVE,Kollerupvej 14,7300,Jelling,01/01 - 1995,,14
29189900,Vejle Kommune,Vejle Stadsarkiv,Vedelsgade 17,7100,Vejle,01/01 - 1995,,15
29189900,Vejle Kommune,"Bo-Vejle, afd. Bakken","Søndermarken 26, st. 1.",7323,Give,01/01 - 1995,,26
29189900,Vejle Kommune,VUGGESTUEN VALMUEN,Blegbanken 7,7100,Vejle,01/01 - 1995,,10
29189900,Vejle Kommune,"GALAKSEN, afd. Stjerneskuddet",Finlandsvej 27,7100,Vejle,01/01 - 1995,,19
29189900,Vejle Kommune,Børneuniverset i Centrum,Nyboesgade 37,7100,Vejle,01/01 - 1996,,36
29189900,Vejle Kommune,JELLING BØRNEGAARD,Plantagevej 1A,7300,Jelling,01/01 - 1996,,22
29189900,Vejle Kommune,Hjælpemiddeldepot,"Niels Finsensvej 16, st. 2.",7100,Vejle,01/01 - 1996,,22
29189900,Vejle Kommune,INTEGRERET INSTITUTION GRANGÅRD,Amhøjvej 14,7300,Jelling,01/01 - 1996,,27
29189900,Vejle Kommune,Grønborgvejens Børneunivers,Grønborgvej 15,7323,Give,01/01 - 1996,,28
29189900,Vejle Kommune,UngdomsCenter Vejle - 10. klasse,Nyboesgade 35A,7100,Vejle,01/01 - 1998,,43
29189900,Vejle Kommune,GADKJÆRGÅRD BØRNEHAVE,Vindingvej 155,7100,Vejle,01/01 - 1998,,45
29189900,Vejle Kommune,Børnehaven Solsikken,Solsikkehaven 1,6040,Egtved,01/01 - 1993,,15
29189900,Vejle Kommune,Integreret Institution Krystallen,Bundsgaard 35,7080,Børkop,01/01 - 1999,,38
29189900,Vejle Kommune,Børnehaven Kolbøtten,Hærvejen 218,7323,Give,01/01 - 1999,,12
29189900,Vejle Kommune,Karriereværkstedet - Produktion,Valdemar Poulsensvej 5,7100,Vejle,01/01 - 2001,,17
29189900,Vejle Kommune,Grejsdalens Børnehus,Grejsdalsvej 155A,7100,Vejle,01/01 - 1999,,25
29189900,Vejle Kommune,ASGÅRD,Skinbjerg 23,7300,Jelling,01/01 - 2001,,33
29189900,Vejle Kommune,Aldersintegreret Institution Kildedalen,Kildedalen 6,7323,Give,01/01 - 2002,,23
29189900,Vejle Kommune,"Bo-Vejle, afd. Højbo/Solsikken",Søndermarken 24A,7323,Give,01/01 - 2002,,14
29189900,Vejle Kommune,Distrikt Børkop By,Englystparken 1C,7080,Børkop,01/01 - 2002,,46
29189900,Vejle Kommune,"Bifrost, Kilden",H.O. Wildenskovsvej 5B-5C,7080,Børkop,01/01 - 2003,,92
29189900,Vejle Kommune,Økolariet,Dæmningen 11,7100,Vejle,10/10 - 2003,,23
29189900,Vejle Kommune,Område Nord - Plejecenter Kastaniehaven,Sdr. Ringvej 6-16,7323,Give,01/03 - 2004,,137
29189900,Vejle Kommune,Sundhedsplejen,Nyboesgade 35B,7100,Vejle,01/01 - 2004,,46
29189900,Vejle Kommune,Værestedet Parkhuset,Parkvej 10A,7323,Give,01/01 - 2004,,15
27988210,VESTAS MANUFACTURING A/S,Vestas Manufacturing A/S,Engdraget 20,6800,Varde,22/05 - 2012,31/08 - 2012,
27988210,VESTAS MANUFACTURING A/S,Vestas Blades A/S,Frankrigsvej 15,8450,Hammel,08/03 - 2011,08/03 - 2011,
27988210,VESTAS MANUFACTURING A/S,Vestas Manufacturing A/S,Kystvejen 102,5330,Munkebo,15/11 - 2013,30/06 - 2015,
27988210,VESTAS MANUFACTURING A/S,VESTAS BLADES A/S,Alsvej 21,8900,Randers C,30/05 - 2005,30/05 - 2005,
27988210,VESTAS MANUFACTURING A/S,Vestas Manufacturing A/S,Smed Hansens Vej 27,6940,Lem St,14/03 - 2013,31/12 - 2013,
27988210,VESTAS MANUFACTURING A/S,Vestas Blades A/S,Smed Hansens Vej 10,6940,Lem St,27/10 - 2008,31/12 - 2010,20-49
27988210,VESTAS MANUFACTURING A/S,Vestas Manufacturing A/S,Smed Hansens Vej 27,6940,Lem St,29/09 - 2011,31/12 - 2012,200-499
27988210,VESTAS MANUFACTURING A/S,Vestas Blades A/S,Frankrigsvej 15,8450,Hammel,08/03 - 2011,02/06 - 2011,0
27988210,VESTAS MANUFACTURING A/S,VESTAS BLADES A/S,Vingevej 1,4900,Nakskov,01/09 - 1999,31/05 - 2012,0
27988210,VESTAS MANUFACTURING A/S,Vestas Manufacturing A/S,Schnohrsvej 46,5900,Rudkøbing,22/06 - 2012,31/12 - 2012,5-9
27988210,VESTAS MANUFACTURING A/S,Vestas Manufacturing A/S,Hedegaardsvej 88,2300,København S,22/05 - 2012,01/07 - 2013,0
27988210,VESTAS MANUFACTURING A/S,VESTAS BLADES A/S,Smed Hansens Vej 27,6940,Lem St,29/06 - 2004,31/12 - 2010,100-199
27988210,VESTAS MANUFACTURING A/S,VESTAS BLADES A/S,Vagervej 4,6700,Esbjerg,01/10 - 2004,31/12 - 2010,2-4
27988210,VESTAS MANUFACTURING A/S,Vestas Manufacturing A/S,Ørnevej 3,6705,Esbjerg Ø,04/09 - 2012,30/12 - 2014,0
27988210,VESTAS MANUFACTURING A/S,Vestas Manufacturing A/S,Marsk Stigs Vej 4,8800,Viborg,22/05 - 2012,01/03 - 2013,0
27988210,VESTAS MANUFACTURING A/S,Vestas Manufacturing A/S,Siriusvej 6,6700,Esbjerg,11/10 - 2012,15/02 - 2013,1
27988210,VESTAS MANUFACTURING A/S,Vestas Manufacturing A/S,Smed Hansens Vej 10,6940,Lem St,22/05 - 2012,01/03 - 2013,0
27988210,VESTAS MANUFACTURING A/S,VESTAS BLADES A/S,Paludan-Müllers Vej 82,8200,Århus N,01/01 - 2005,31/12 - 2010,1
27988210,VESTAS MANUFACTURING A/S,VESTAS BLADES A/S,Alsvej 21,8940,Randers SV,01/01 - 2006,31/12 - 2010,5-9
27988210,VESTAS MANUFACTURING A/S,Vestas Manufacturing A/S,Industrivej 20,6900,Skjern,21/08 - 2000,30/06 - 2015,0
27988210,VESTAS MANUFACTURING A/S,Vestas Manufacturing A/S,Vestre Landevej 69,6800,Varde,22/08 - 2012,31/12 - 2013,1
27988210,VESTAS MANUFACTURING A/S,Vestas Manufacturing A/S,Hedeager 1,8200,Aarhus N,22/05 - 2012,30/06 - 2015,0
27988210,VESTAS MANUFACTURING A/S,VESTAS BLADES A/S MØLLE OG MASKINFABRIK,Smed Hansens Vej 15,6940,Lem St,01/09 - 1999,31/12 - 2004,1
27988210,VESTAS MANUFACTURING A/S,Vestas Blades A/S,Hedegaardsvej 88,2300,København S,21/08 - 2009,30/12 - 2010,10-19
27988210,VESTAS MANUFACTURING A/S,Vestas Manufacturing A/S,Bredgade 115,6940,Lem St,03/12 - 2010,30/12 - 2014,0
27988210,VESTAS MANUFACTURING A/S,Vestas Manufacturing A/S,Diplomvej 373,2800,Kgs.Lyngby,22/05 - 2012,01/03 - 2013,0
27988210,VESTAS MANUFACTURING A/S,Vestas Manufacturring A/S,Alsvej 21,8940,Randers SV,01/04 - 2016,31/12 - 2018,0
27988210,VESTAS MANUFACTURING A/S,Vestas Manufacturing A/S,Smed Sørensens Vej 6,6950,Ringkøbing,22/05 - 2012,10/07 - 2017,0
27988210,VESTAS MANUFACTURING A/S,VESTAS WIND SYSTEMS A/S Spare Parts Warehouse,Langelandsvej 8,8940,Randers SV,17/10 - 2008,01/07 - 2013,0
27988210,VESTAS MANUFACTURING A/S,Vestas Manufacturing A/S,Frankrigsvej 15,8450,Hammel,22/05 - 2012,01/03 - 2023,308
27988210,VESTAS MANUFACTURING A/S,VESTAS MANUFACTURING A/S,Dusager 4,8200,Aarhus N,01/10 - 2021,12/10 - 2023,26
27988210,VESTAS MANUFACTURING A/S,Vestas Manufacturing A/S,Smed Sørensens Vej 1,6950,Ringkøbing,22/05 - 2012,12/10 - 2023,1
27988210,VESTAS MANUFACTURING A/S,Vestas Manufacturing A/S,Siriusvej 7,6700,Esbjerg,01/11 - 2021,12/06 - 2025,
27988210,VESTAS MANUFACTURING A/S,Vestas Manufacturing A/S,Hedeager 44,8200,Aarhus N,21/06 - 2012,01/02 - 2026,2-4
27988210,VESTAS MANUFACTURING A/S,Vestas Manufacturing A/S,Diplomvej 373,2800,Kongens Lyngby,01/01 - 2022,01/02 - 2026,
27988210,VESTAS MANUFACTURING A/S,Vestas Manufacturing A/S,Siriusvej 6,6700,Esbjerg,01/10 - 2021,12/06 - 2025,241
27988210,VESTAS MANUFACTURING A/S,Vestas Manufacturing A/S,Smed Hansens Vej 25,6940,Lem St,26/02 - 2010,,26
27988210,VESTAS MANUFACTURING A/S,Vestas Manufacturing A/S,Smed Sørensens Vej 3A,6950,Ringkøbing,22/05 - 2012,,3
27988210,VESTAS MANUFACTURING A/S,Vestas Manufacturing A/S,E F Jacobsens Vej 3,6950,Ringkøbing,22/05 - 2012,,374
27988210,VESTAS MANUFACTURING A/S,Vestas Manufacturing A/S,Fabriksvej 13,6980,Tim,22/05 - 2012,,6
27988210,VESTAS MANUFACTURING A/S,Vestas Manufacturing A/S,Hedeager 42,8200,Aarhus N,22/05 - 2012,,433
27988210,VESTAS MANUFACTURING A/S,Vestas Manufacturing A/S,Nylandsvej 35,6940,Lem St,22/05 - 2012,,18
27988210,VESTAS MANUFACTURING A/S,Vestas Manufacturing A/S,E F Jacobsens Vej 7,6950,Ringkøbing,21/06 - 2012,,4
27988210,VESTAS MANUFACTURING A/S,Vestas Manufacturing A/S,Smed Hansens Vej 15,6940,Lem St,12/06 - 2013,,43
27988210,VESTAS MANUFACTURING A/S,Vestas Manufacturing A/S,Dusager 10,8200,Aarhus N,01/10 - 2021,,1
27988210,VESTAS MANUFACTURING A/S,Vestas Manufacturing A/S,Lindø Nordvej 8,5330,Munkebo,01/10 - 2021,,810
27988210,VESTAS MANUFACTURING A/S,Vestas Manufacturing A/S,Vingevej 1,4900,Nakskov,01/11 - 2021,,1159
27988210,VESTAS MANUFACTURING A/S,Vestas Manufacturing A/S,Lindø Østvej 3,5330,Munkebo,01/11 - 2021,,2
27988210,VESTAS MANUFACTURING A/S,Vestas Manufacturing A/S,Svejservejen 7,5330,Munkebo,01/01 - 2022,,3
27988210,VESTAS MANUFACTURING A/S,Vestas Manufacturing A/S,Nylandsvej 37,6940,Lem St,22/06 - 2012,,0
27988210,VESTAS MANUFACTURING A/S,Vestas Manufacturing A/S,Herningvej 5-7,6920,Videbæk,01/10 - 2004,,1
27988210,VESTAS MANUFACTURING A/S,Vestas Manufacturing A/S,Storstrømsvej 8,6715,Esbjerg N,01/10 - 2021,,
27988210,VESTAS MANUFACTURING A/S,Vestas Manufacturing A/S,Tampenkaj 1,6700,Esbjerg,01/10 - 2021,,
27988210,VESTAS MANUFACTURING A/S,Vestas Manufacturing A/S,Sahara 7,6700,Esbjerg,01/10 - 2021,,1
27988210,VESTAS MANUFACTURING A/S,Vestas Manufacturing A/S,Smed Sørensens Vej 5,6950,Ringkøbing,01/01 - 2022,,
27988210,VESTAS MANUFACTURING A/S,Vestas Manufacturing A/S,Blytækkervej 6,8800,Viborg,01/01 - 2022,,
27988210,VESTAS MANUFACTURING A/S,Vestas Manufacturing A/S,Ørestads Boulevard 108,2300,København S,01/06 - 2024,,
27988210,VESTAS MANUFACTURING A/S,Vestas Manufacturing A/S,Smed Sørensens Vej 3,6950,Ringkøbing,22/05 - 2012,,1
27988210,VESTAS MANUFACTURING A/S,Vestas Manufacturing A/S,Smed Hansens Vej 17,6940,Lem St,01/01 - 1987,,89
27988210,VESTAS MANUFACTURING A/S,Vestas Manufacturing A/S,Smed Hansens Vej 9,6940,Lem St,01/01 - 1994,,52
27988210,VESTAS MANUFACTURING A/S,Vestas Manufacturing A/S,Smed Hansens Vej 19,6940,Lem St,01/09 - 1999,,40
27988210,VESTAS MANUFACTURING A/S,Vestas Manufacturing A/S,Smed Hansens Vej 21,6940,Lem St,25/05 - 2000,,28
27988210,VESTAS MANUFACTURING A/S,Vestas Manufacturing A/S,Smed Hansens Vej 23,6940,Lem St,01/01 - 2002,,371
10403782,VESTAS WIND SYSTEMS A/S,Vestas Wind Systems A/S,Engdraget 20,6800,Varde,14/05 - 2012,31/08 - 2012,
10403782,VESTAS WIND SYSTEMS A/S,Vestas Wind Systems A/S,Industrivej 20,6900,Skjern,01/08 - 2016,18/05 - 2017,
10403782,VESTAS WIND SYSTEMS A/S,VESTAS WIND SYSTEMS A/S,Bredgade 4,6940,Lem St,01/01 - 2002,01/01 - 2002,
10403782,VESTAS WIND SYSTEMS A/S,Vestas Wind Systems A/S,Toldbodgade 39,8930,Randers NØ,27/10 - 2008,30/04 - 2010,
10403782,VESTAS WIND SYSTEMS A/S,Vestas Wind Systems A/S,Siriusvej 6,6700,Esbjerg,11/01 - 2013,15/02 - 2013,
10403782,VESTAS WIND SYSTEMS A/S,Vestas Wind Systems A/S,E F Jacobsens Vej 3,6950,Ringkøbing,13/12 - 2012,10/01 - 2013,
10403782,VESTAS WIND SYSTEMS A/S,Vestas Wind Systems A/S,Sahara 7,6700,Esbjerg,17/08 - 2012,13/02 - 2013,
10403782,VESTAS WIND SYSTEMS A/S,Vestas Wind Systems A/S,Søndergade 46,6920,Videbæk,23/07 - 2012,12/09 - 2012,
10403782,VESTAS WIND SYSTEMS A/S,VESTAS WIND SYSTEMS A/S, 5,9999,Ukendt,01/09 - 1986,31/12 - 1986,
10403782,VESTAS WIND SYSTEMS A/S,VESTAS WIND SYSTEMS A/S,Langelandsvej 8,8940,Randers SV,06/07 - 2012,11/09 - 2012,
10403782,VESTAS WIND SYSTEMS A/S,Vestas Wind Systems A/S,Smed Hansens Vej 25,6940,Lem St,26/02 - 2010,30/12 - 2010,
10403782,VESTAS WIND SYSTEMS A/S,Vestas Wind System A/S,Hedeager 42,8200,Århus N,22/09 - 2008,22/09 - 2008,
10403782,VESTAS WIND SYSTEMS A/S,VESTAS WIND SYSTEMS A/S,Bredgade 115,6940,Lem St,30/11 - 2010,30/12 - 2010,
10403782,VESTAS WIND SYSTEMS A/S,Vestas Wind Systems A/S,Industrivej 20,6900,Skjern,26/02 - 2010,30/12 - 2010,50-99
10403782,VESTAS WIND SYSTEMS A/S,VESTAS WIND SYSTEMS A/S,"Olof Palmes Allé 17, 1. tv.",8200,Århus N,01/01 - 2001,30/12 - 2010,0
10403782,VESTAS WIND SYSTEMS A/S,VESTAS WIND SYSTEMS A/S,Smed Hansens Vej 10,6940,Lem St,01/01 - 1997,30/09 - 2004,1
10403782,VESTAS WIND SYSTEMS A/S,VESTAS WIND SYSTEMS A/S,Smed Hansens Vej 27,6940,Lem St,01/01 - 2005,30/12 - 2010,0
10403782,VESTAS WIND SYSTEMS A/S,Vestas Wind Systems A/S,Kystvejen 102,5330,Munkebo,02/12 - 2013,30/06 - 2015,0
10403782,VESTAS WIND SYSTEMS A/S,Vestas Spare Parts A/S,Brogårdsvej 1,6920,Videbæk,17/10 - 2008,31/05 - 2012,0
10403782,VESTAS WIND SYSTEMS A/S,Vestas Wind Systems A/S,Smed Hansens Vej 27,6940,Lem St,17/08 - 2012,31/12 - 2013,2-4
10403782,VESTAS WIND SYSTEMS A/S,VESTAS WIND SYSTEMS A/S Repair Center,Herningvej 5,6920,Videbæk,17/10 - 2008,31/03 - 2013,0
10403782,VESTAS WIND SYSTEMS A/S,Vestas Wind Systems A/S,Vestre Landevej 69,6800,Varde,17/08 - 2012,30/06 - 2015,0
10403782,VESTAS WIND SYSTEMS A/S,Vestas Wind Systems A/S,Livøvej 37,8800,Viborg,26/02 - 2010,30/12 - 2010,20-49
10403782,VESTAS WIND SYSTEMS A/S,Vestas Wind Systems A/S,Brogårdsvej 1,6920,Videbæk,09/02 - 2009,12/09 - 2012,0
10403782,VESTAS WIND SYSTEMS A/S,Vestas Wind Systems A/S,Gyldenrisvej 7,8800,Viborg,26/02 - 2010,31/01 - 2012,0
10403782,VESTAS WIND SYSTEMS A/S,Vestas Spare Parts A/S,Søndergade 46,6920,Videbæk,17/10 - 2008,31/05 - 2012,0
10403782,VESTAS WIND SYSTEMS A/S,Vestas Wind Systems A/S,Smed Hansens Vej 21,6940,Lem St,26/02 - 2010,29/11 - 2011,2-4
10403782,VESTAS WIND SYSTEMS A/S,VESTAS WIND SYSTEMS A/S,Marsk Stigs Vej 4,8800,Viborg,01/01 - 2005,13/02 - 2013,0
10403782,VESTAS WIND SYSTEMS A/S,VESTAS WIND SYSTEMS A/S,Schnohrsvej 44,5900,Rudkøbing,01/01 - 2008,30/12 - 2010,0
10403782,VESTAS WIND SYSTEMS A/S,Vestas Wind System A/S,Pontoppidanstræde 101,9220,Aalborg Øst,09/02 - 2009,31/12 - 2014,0
10403782,VESTAS WIND SYSTEMS A/S,Vestas Wind Systems A/S,Toldbodgade 39,8930,Randers NØ,27/10 - 2008,30/12 - 2010,0
10403782,VESTAS WIND SYSTEMS A/S,VESTAS WIND SYSTEMS A/S,Smed Sørensens Vej 1,6950,Ringkøbing,01/01 - 2005,13/02 - 2013,0
10403782,VESTAS WIND SYSTEMS A/S,Vestas Wind Systems A/S,Rymarken 2,8210,Århus V,10/11 - 2008,30/12 - 2010,100-199
10403782,VESTAS WIND SYSTEMS A/S,VESTAS WIND SYSTEMS A/S,Paludan-Müllers Vej 82,8200,Århus N,01/01 - 2005,31/05 - 2012,0
10403782,VESTAS WIND SYSTEMS A/S,Vestas Wind Systems A/S,Nylandsvej 37,6940,Lem St,26/02 - 2010,30/12 - 2010,0
10403782,VESTAS WIND SYSTEMS A/S,Vestas Wind Systems A/S,Hedeager 44,8200,Aarhus N,20/06 - 2011,31/03 - 2015,0
10403782,VESTAS WIND SYSTEMS A/S,Vestas Wind Ststems A/S,Lautruphøj 1-3,2750,Ballerup,27/10 - 2008,30/12 - 2010,1
10403782,VESTAS WIND SYSTEMS A/S,Vestas Wind Systems A/S,Dusager 8,8200,Århus N,29/10 - 2008,31/08 - 2012,0
10403782,VESTAS WIND SYSTEMS A/S,Vestas Wind Systems A/S,Italiensvej 1-5,8450,Hammel,26/02 - 2010,30/12 - 2010,10-19
10403782,VESTAS WIND SYSTEMS A/S,Vestas Wind Systems A/S,Ørnevej 3,6705,Esbjerg Ø,14/05 - 2012,30/06 - 2015,0
10403782,VESTAS WIND SYSTEMS A/S,VESTAS WIND SYSTEMS A/S,Buttervej 60,9990,Skagen,01/01 - 2008,30/11 - 2010,5-9
10403782,VESTAS WIND SYSTEMS A/S,VESTAS WIND SYSTEMS A/S,Falstersvej 1,8940,Randers SV,03/01 - 2011,31/12 - 2011,0
10403782,VESTAS WIND SYSTEMS A/S,VESTAS WIND SYSTEMS A/S,Alsvej 21,8940,Randers SV,19/10 - 1998,30/06 - 2013,5-9
10403782,VESTAS WIND SYSTEMS A/S,Vestas Wind Systems A/S,Hedegaardsvej 88,2300,"København S, Danmark",01/08 - 2014,31/10 - 2017,1
10403782,VESTAS WIND SYSTEMS A/S,VESTAS WIND SYSTEMS A/S,Frankrigsvej 15,8450,Hammel,01/01 - 2004,30/12 - 2010,0
10403782,VESTAS WIND SYSTEMS A/S,Vestas Wind Systems A/S,Hedeager 1,8200,Århus N,09/06 - 2009,30/12 - 2010,10-19
10403782,VESTAS WIND SYSTEMS A/S,Vestas Wind System A/S,Dusager 4,8200,Århus N,19/01 - 2009,13/02 - 2013,0
10403782,VESTAS WIND SYSTEMS A/S,VESTAS WIND SYSTEMS A/S,Vingevej 1,4900,Nakskov,01/01 - 2005,30/12 - 2010,20-49
10403782,VESTAS WIND SYSTEMS A/S,VESTAS WIND SYSTEMS A/S,Engdraget 20,6800,Varde,01/01 - 2005,30/12 - 2010,0
10403782,VESTAS WIND SYSTEMS A/S,WESTAS WIND SYSTEMS A/S,Sivvej 2,6971,Spjald,01/03 - 1995,31/12 - 2001,5-9
10403782,VESTAS WIND SYSTEMS A/S,Vestas Wind Systems A/S,Englandsvej 8,8450,Hammel,26/02 - 2010,30/12 - 2010,50-99
10403782,VESTAS WIND SYSTEMS A/S,VESTAS WIND SYSTEMS A/S,Buttervej 60,9990,Skagen,01/01 - 2005,31/12 - 2005,10-19
10403782,VESTAS WIND SYSTEMS A/S,VESTAS WIND SYSTEMS A/S Forskningscenter Risø Bygning 115,Frederiksborgvej 399,4000,Roskilde,01/05 - 2007,30/12 - 2012,10-19
10403782,VESTAS WIND SYSTEMS A/S,VESTAS WIND SYSTEMS A/S,Smed Sørensens Vej 6,6950,Ringkøbing,01/06 - 1999,10/07 - 2017,0
10403782,VESTAS WIND SYSTEMS A/S,Vestas Wind System A/S,Søndergade 46,6920,Videbæk,03/12 - 2008,30/12 - 2010,0
10403782,VESTAS WIND SYSTEMS A/S,Vestas Wind Systems A/S,Smed Hansens Vej 19,6940,Lem St,22/10 - 2009,29/11 - 2011,0
10403782,VESTAS WIND SYSTEMS A/S,Vestas Wind Systems A/S,Ørnevej 3,6705,Esbjerg Ø,09/10 - 2009,30/12 - 2010,0
10403782,VESTAS WIND SYSTEMS A/S,VESTAS WIND SYSTEMS A/S,Hedegaardsvej 88,2300,København S,02/07 - 2013,23/04 - 2018,50-99
10403782,VESTAS WIND SYSTEMS A/S,Vestas Wind Systems A/S,Frankrigsvej 15,8450,Hammel,12/06 - 2012,01/03 - 2023,2
10403782,VESTAS WIND SYSTEMS A/S,VESTAS WIND SYSTEMS A/S,Blytækkervej 6,8800,Viborg,01/01 - 2022,01/08 - 2023,
10403782,VESTAS WIND SYSTEMS A/S,Vestas Wind Systems A/S,Hedeager 44,8200,Aarhus N,01/03 - 2018,01/08 - 2023,57
10403782,VESTAS WIND SYSTEMS A/S,Vestas Wind A/S,Brolæggervej 1,6710,Esbjerg V,01/06 - 2014,01/10 - 2025,3
10403782,VESTAS WIND SYSTEMS A/S,VESTAS WIND SYSTEMS A/S,Ørestads Boulevard 108,2300,København S,01/01 - 2022,01/12 - 2025,1
10403782,VESTAS WIND SYSTEMS A/S,VESTAS WIND SYSTEMS A/S,Smed Hansens Vej 9,6940,Lem St,01/01 - 2005,,49
10403782,VESTAS WIND SYSTEMS A/S,VESTAS WIND SYSTEMS A/S,Oliehavnsvej 22,8000,Aarhus C,01/01 - 2005,,31
10403782,VESTAS WIND SYSTEMS A/S,VESTAS WIND SYSTEMS A/S,Smed Sørensens Vej 3A,6950,Ringkøbing,01/01 - 2005,,4
10403782,VESTAS WIND SYSTEMS A/S,Vestas Wind System A/S,Hedeager 42,8200,Aarhus N,22/09 - 2008,,1592
10403782,VESTAS WIND SYSTEMS A/S,Vestas Wind Systems A/S,Smed Hansens Vej 23,6940,Lem St,26/02 - 2010,,10
10403782,VESTAS WIND SYSTEMS A/S,Vestas Wind Systems,Smed Hansens Vej 15,6940,Lem St,11/11 - 2010,,48
10403782,VESTAS WIND SYSTEMS A/S,Vestas Wind Systems A/S,"Smed Hansens Vej 21, 1",6940,Lem St,19/12 - 2011,,2
10403782,VESTAS WIND SYSTEMS A/S,Vestas Wind Systems A/S,Smed Sørensens Vej 3B,6950,Ringkøbing,22/06 - 2012,,2
10403782,VESTAS WIND SYSTEMS A/S,Vestas Wind Systems A/S,Nylandsvej 35,6940,Lem St,22/06 - 2012,,1
10403782,VESTAS WIND SYSTEMS A/S,Vestas Wind Systems A/S,E F Jacobsens Vej 3,6950,Ringkøbing,11/12 - 2012,,2
10403782,VESTAS WIND SYSTEMS A/S,Vestas Wind Systems A/S,Smed Hansens Vej 19,6940,Lem St,29/01 - 2013,,1
10403782,VESTAS WIND SYSTEMS A/S,Vestas Wind System A/S,Falstersvej 8,8940,Randers SV,04/02 - 2013,,43
10403782,VESTAS WIND SYSTEMS A/S,Vestas Wind Systems A/S,Ørestads Boulevard 108,2300,København S,01/10 - 2016,,370
10403782,VESTAS WIND SYSTEMS A/S,Vestas Wind Systems A/S,Håndværkervej 12,6920,Videbæk,01/10 - 2020,,41
10403782,VESTAS WIND SYSTEMS A/S,VESTAS WIND SYSTEMS A/S,Dusager 4,8200,Aarhus N,01/06 - 2021,,312
10403782,VESTAS WIND SYSTEMS A/S,VESTAS WIND SYSTEMS A/S,Storstrømsvej 8,6715,Esbjerg N,01/10 - 2021,,22
10403782,VESTAS WIND SYSTEMS A/S,VESTAS WIND SYSTEMS A/S,Tampenkaj 1,6700,Esbjerg,01/10 - 2021,,2
10403782,VESTAS WIND SYSTEMS A/S,Vestas Wind Systems A/S,Sahara 7,6700,Esbjerg,01/11 - 2021,,53
10403782,VESTAS WIND SYSTEMS A/S,VESTAS WIND SYSTEMS A/S,Dusager 10,8200,Aarhus N,01/01 - 2022,,141
10403782,VESTAS WIND SYSTEMS A/S,VESTAS WIND SYSTEMS A/S,Lindø Nordvej 8,5330,Munkebo,01/01 - 2022,,6
10403782,VESTAS WIND SYSTEMS A/S,Vestas Wind Systems A/S,Siriusvej 7,6700,Esbjerg,08/07 - 2024,,59
10403782,VESTAS WIND SYSTEMS A/S,Vestas Wind System A/S,Brogårdsvej 3,6920,Videbæk,01/09 - 2025,,6
10403782,VESTAS WIND SYSTEMS A/S,Vestas Wind System A/S,Smed Hansens Vej 25,6940,Lem St,01/08 - 2025,,
10403782,VESTAS WIND SYSTEMS A/S,Vestas Wind Systems A/S,Industrivej 20,6900,Skjern,01/11 - 2018,,
10403782,VESTAS WIND SYSTEMS A/S,Vestas Wind Systems A/S,Søndergade 46,6920,Videbæk,01/04 - 2025,,
10403782,VESTAS WIND SYSTEMS A/S,VESTAS WIND SYSTEMS A/S,Smedevej 3,6900,Skjern,01/07 - 2021,,
10403782,VESTAS WIND SYSTEMS A/S,Vestas Wind Systems A/S,Siriusvej 6,6700,Esbjerg,01/11 - 2024,,
10403782,VESTAS WIND SYSTEMS A/S,Vestas Wind Systems A/S,Vingevej 1,4900,Nakskov,01/10 - 2025,,
10403782,VESTAS WIND SYSTEMS A/S,VESTAS WIND SYSTEMS A/S,E F Jacobsens Vej 7,6950,Ringkøbing,01/01 - 2001,,61
10403782,VESTAS WIND SYSTEMS A/S,VESTAS WIND SYSTEMS A/S,Smed Sørensens Vej 5,6950,Ringkøbing,01/01 - 2004,,21
10403782,VESTAS WIND SYSTEMS A/S,VESTAS WIND SYSTEMS A/S,Herningvej 5-7,6920,Videbæk,01/01 - 2005,,363
27761291,WILLIAM DEMANT INVEST A/S,WILLIAM DEMANT INVEST A/S,Kongebakken 9,2765,Smørum,26/05 - 2004,,15
42138479,Jonathan Heavens Wolt Denmark,Jonathan Heavens Wolt Denmark,"Spaniensgade 15A, 3. tv.",2300,København S,01/03 - 2021,24/03 - 2022,
30624637,"Kunstforeningen, Århus Universitetshospital, Risskov","Kunstforeningen, Århus Universitetshospital, Risskov",Skovagervej 2,8240,Risskov,19/06 - 2007,16/06 - 2017,
