CompanyVat,CompanyName,UnitName,UnitAddress,UnitZipcode,UnitCity,UnitStartdate,UnitEnddate,UnitEmployees
70710218,L'ORÉAL DANMARK A/S,A/S CAPILEX," 33, 2. tv.",9999,Ukendt,15/11 - 1983,31/12 - 1983,
70710218,L'ORÉAL DANMARK A/S,L'ORÉAL DANMARK A/S Illum,Østergade 52,1100,København K,01/01 - 2001,01/08 - 2014,0
70710218,L'ORÉAL DANMARK A/S,L'ORÉAL DANMARK A/S MAGASIN Odense,Vestergade 20,5000,Odense C,01/01 - 2008,01/08 - 2014,0
70710218,L'ORÉAL DANMARK A/S,L'ORÉAL DANMARK A/S MAGASIN Århus,Immervad 2-8,8000,Aarhus C,01/01 - 2002,01/08 - 2014,0
70710218,L'ORÉAL DANMARK A/S,L'ORÉAL DANMARK A/S Salling Ålborg,Nytorv 6,9000,Aalborg,01/01 - 2002,01/08 - 2014,0
70710218,L'ORÉAL DANMARK A/S,L'ORÉAL DANMARK A/S MAGASIN Lyngby,Lyngby Hovedgade 43,2800,Kgs.Lyngby,01/01 - 2001,01/08 - 2014,0
70710218,L'ORÉAL DANMARK A/S,L'ORÉAL DANMARK A/S,Middelfartgade 7,2100,København Ø,01/01 - 1984,30/12 - 2003,10-19
70710218,L'ORÉAL DANMARK A/S,L'ORÉAL DANMARK A/S DEMONSTRATRICER OG MERCERE,UKENDT,,,01/01 - 1998,21/11 - 2001,20-49
70710218,L'ORÉAL DANMARK A/S,L'ORÉAL DANMARK A/S TRÆNINGSCENTER,Nørre Søgade 37E,1370,København K,01/01 - 1986,15/07 - 2015,1
70710218,L'ORÉAL DANMARK A/S,L'ORÉAL DANMARK A/S Salling Århus,Søndergade 27,8000,Aarhus C,01/01 - 2002,01/08 - 2014,1
70710218,L'ORÉAL DANMARK A/S,L'ORÉAL DANMARK A/S MAGASIN,Kongens Nytorv 13,1050,København K,01/01 - 2001,01/08 - 2014,1
70710218,L'ORÉAL DANMARK A/S,L'ORÉAL DANMARK A/S LAGER,Greve Main 21,2670,Greve,01/01 - 2001,,48
70710218,L'ORÉAL DANMARK A/S,L'Oreal Danmark A/S,Lersø Parkallé 42,2100,København Ø,01/10 - 2024,,
70710218,L'ORÉAL DANMARK A/S,L'ORÉAL DANMARK A/S,Havneholmen 25,1561,København V,01/01 - 1984,,596
16500836,LB FORSIKRING A/S,LB Forsikring A/S - Galleri LB,Kompagnistræde 41,1208,København K,05/10 - 2015,01/10 - 2020,
16500836,LB FORSIKRING A/S,EJENDOMMEN,Upsalagade 6,2100,København Ø,16/10 - 1999,01/10 - 2020,
16500836,LB FORSIKRING A/S,LB FORSIKRING A/S,Carit Etlars Vej 13,1814,Frederiksberg C,16/10 - 1999,01/10 - 2020,1
16500836,LB FORSIKRING A/S,LB FORSIKRING A/S,"Åboulevard 4, 6",2200,København N,16/10 - 1999,30/06 - 2013,1
16500836,LB FORSIKRING A/S,LB Forsikring A/S,Rødager Alle 31A,2610,Rødovre,16/11 - 2010,01/10 - 2020,0
16500836,LB FORSIKRING A/S,Farvergade 6-8,Farvergade 6-8,1463,København K,16/11 - 2010,30/06 - 2013,
16500836,LB FORSIKRING A/S,LB FORSIKRING A/S,Vester Voldgade 6-8,1552,København V,16/11 - 2010,01/10 - 2020,0
16500836,LB FORSIKRING A/S,LB FORSIKRING A/S,Rådhusstræde 8-10,1466,København K,16/11 - 2010,01/10 - 2020,
16500836,LB FORSIKRING A/S,LB FORSIKRING A/S,Strandvejen 16,2100,København Ø,16/11 - 2010,01/10 - 2020,0
16500836,LB FORSIKRING A/S,LB FORSIKRING A/S,Vandkunsten 4,1467,København K,16/11 - 2010,01/10 - 2020,
16500836,LB FORSIKRING A/S,LB FORSIKRING A/S,Vandkunsten 10,1467,København K,16/11 - 2010,01/10 - 2020,
16500836,LB FORSIKRING A/S,Saga G,Isafjordsgade 5-7,2300,København S,16/11 - 2010,30/06 - 2013,2-4
16500836,LB FORSIKRING A/S,LB FORSIKRING A/S,Vandkunsten 8,1467,København K,16/11 - 2010,01/10 - 2020,
16500836,LB FORSIKRING A/S,LB FORSIKRING A/S,Farvergade 2-4,1463,København K,16/11 - 2010,01/10 - 2020,0
16500836,LB FORSIKRING A/S,LB FORSIKRING A/S,Amerika Plads 15,2100,København Ø,23/09 - 1992,,990
28122454,LEGO Holding A/S,LEGO Holding A/S,Koldingvej 2,7190,Billund,01/06 - 2004,,4
28122454,LEGO Holding A/S,LEGO Holding A/S,Åstvej 1,7190,Billund,01/03 - 2025,,
47458714,LEGO SYSTEM A/S,Lego System A/S,Rugmarken,7190,Billund,14/05 - 2002,14/05 - 2002,
47458714,LEGO SYSTEM A/S,LEGO SYSTEM A/S, 1,9999,Ukendt,01/07 - 1973,06/01 - 1974,
47458714,LEGO SYSTEM A/S,Lego System A/S,Højmarksvej,7190,Billund,14/05 - 2002,14/05 - 2002,
47458714,LEGO SYSTEM A/S,LEGO SYSTEM A/S,Kløvermarken 29,7190,Billund,30/06 - 1974,31/12 - 2002,500-999
47458714,LEGO SYSTEM A/S,LEGO SYSTEM A/S,Kornmarken 1,7190,Billund,01/01 - 2001,31/12 - 2002,500-999
47458714,LEGO SYSTEM A/S,LEGO SYSTEM A/S,Kløvervej 40,7190,Billund,01/01 - 1974,31/12 - 2002,500-999
47458714,LEGO SYSTEM A/S,LEGO System A/S,Kornmarken 35,7190,Billund,16/01 - 2012,31/10 - 2022,
47458714,LEGO SYSTEM A/S,LEGO System A/S,Åstvej 3,7190,Billund,16/01 - 2012,31/12 - 2022,
47458714,LEGO SYSTEM A/S,LEGO SYSTEM A/S,Østergade 26,1100,København K,01/01 - 2021,,1
47458714,LEGO SYSTEM A/S,Kornmarken 65,Kornmarken 65,7190,Billund,16/02 - 2026,,
47458714,LEGO SYSTEM A/S,LEGO System A/S,Kornmarken 33,7190,Billund,16/01 - 2012,,
47458714,LEGO SYSTEM A/S,LEGO System A/S,Systemvej 2A,7190,Billund,16/01 - 2012,,
47458714,LEGO SYSTEM A/S,LEGO System A/S,Systemvej 1,7190,Billund,16/01 - 2012,,
47458714,LEGO SYSTEM A/S,LEGO System A/S,Kløvermarken 16,7190,Billund,16/01 - 2012,,
47458714,LEGO SYSTEM A/S,LEGO System A/S,Kløvermarken 29,7190,Billund,16/01 - 2012,,
47458714,LEGO SYSTEM A/S,LEGO System A/S,Kløvermarken 12,7190,Billund,16/01 - 2012,,
47458714,LEGO SYSTEM A/S,LEGO System A/S,Havremarken 1,7190,Billund,16/01 - 2012,,0
47458714,LEGO SYSTEM A/S,LEGO SYSTEM A/S,Kløvermarken 21,7190,Billund,01/09 - 2016,,
47458714,LEGO SYSTEM A/S,Kornmarken 42,Kornmarken 42,7190,Billund,01/01 - 2018,,
47458714,LEGO SYSTEM A/S,LEGO SYSTEM A/S,Kløvervej 101,7190,Billund,01/01 - 2018,,
47458714,LEGO SYSTEM A/S,LEGO SYSTEM A/S,Hans Jensensvej 9,7190,Billund,01/01 - 2018,,
47458714,LEGO SYSTEM A/S,LEGO SYSTEM A/S,Højmarksvej 5,7190,Billund,01/01 - 2018,,
47458714,LEGO SYSTEM A/S,LEGO SYSTEM A/S,Kløvervej 32,7190,Billund,01/01 - 2018,,
47458714,LEGO SYSTEM A/S,LEGO SYSTEM A/S,Kløvervej 40,7190,Billund,01/01 - 2018,,
47458714,LEGO SYSTEM A/S,LEGO SYSTEM A/S,Systemvej 6,7190,Billund,01/01 - 2018,,
47458714,LEGO SYSTEM A/S,LEGO SYSTEM A/S,Hans Jensensvej 7,7190,Billund,01/01 - 2018,,
47458714,LEGO SYSTEM A/S,LEGO SYSTEM A/S,Hans Jensensvej 11,7190,Billund,01/01 - 2018,,
47458714,LEGO SYSTEM A/S,LEGO SYSTEM A/S,Kløvermarken 25,7190,Billund,01/01 - 2018,,
47458714,LEGO SYSTEM A/S,"Postgården, KBH","Løvstræde 1, 1",1152,København K,01/07 - 2024,,
47458714,LEGO SYSTEM A/S,"Vaskeplads, P-hus",Højmarksvej 11,7190,Billund,01/02 - 2021,,
47458714,LEGO SYSTEM A/S,LEGO System A/S,Montanavej 2,7190,Billund,01/10 - 2025,,
47458714,LEGO SYSTEM A/S,LEGO SystemA/S,Hedegårdsvej 12,7190,Billund,08/05 - 2023,,
47458714,LEGO SYSTEM A/S,LEGO_STORE,Vimmelskaftet 37,1161,København K,01/12 - 2010,,1
47458714,LEGO SYSTEM A/S,LEGO_Store_Tivoli,Vesterbrogade 3,1620,København V,01/06 - 2021,,6
47458714,LEGO SYSTEM A/S,LEGO SYSTEM A/S,Åstvej 1,7190,Billund,07/01 - 1974,,6998
47458714,LEGO SYSTEM A/S,Lego System A/S,Rugmarken,7190,Billund,14/05 - 2002,14/05 - 2002,
47458714,LEGO SYSTEM A/S,LEGO SYSTEM A/S, 1,9999,Ukendt,01/07 - 1973,06/01 - 1974,
47458714,LEGO SYSTEM A/S,Lego System A/S,Højmarksvej,7190,Billund,14/05 - 2002,14/05 - 2002,
47458714,LEGO SYSTEM A/S,LEGO SYSTEM A/S,Kløvermarken 29,7190,Billund,30/06 - 1974,31/12 - 2002,500-999
47458714,LEGO SYSTEM A/S,LEGO SYSTEM A/S,Kornmarken 1,7190,Billund,01/01 - 2001,31/12 - 2002,500-999
47458714,LEGO SYSTEM A/S,LEGO SYSTEM A/S,Kløvervej 40,7190,Billund,01/01 - 1974,31/12 - 2002,500-999
47458714,LEGO SYSTEM A/S,LEGO System A/S,Kornmarken 35,7190,Billund,16/01 - 2012,31/10 - 2022,
47458714,LEGO SYSTEM A/S,LEGO System A/S,Åstvej 3,7190,Billund,16/01 - 2012,31/12 - 2022,
47458714,LEGO SYSTEM A/S,LEGO SYSTEM A/S,Østergade 26,1100,København K,01/01 - 2021,,1
47458714,LEGO SYSTEM A/S,Kornmarken 65,Kornmarken 65,7190,Billund,16/02 - 2026,,
47458714,LEGO SYSTEM A/S,LEGO System A/S,Kornmarken 33,7190,Billund,16/01 - 2012,,
47458714,LEGO SYSTEM A/S,LEGO System A/S,Systemvej 2A,7190,Billund,16/01 - 2012,,
47458714,LEGO SYSTEM A/S,LEGO System A/S,Systemvej 1,7190,Billund,16/01 - 2012,,
47458714,LEGO SYSTEM A/S,LEGO System A/S,Kløvermarken 16,7190,Billund,16/01 - 2012,,
47458714,LEGO SYSTEM A/S,LEGO System A/S,Kløvermarken 29,7190,Billund,16/01 - 2012,,
47458714,LEGO SYSTEM A/S,LEGO System A/S,Kløvermarken 12,7190,Billund,16/01 - 2012,,
47458714,LEGO SYSTEM A/S,LEGO System A/S,Havremarken 1,7190,Billund,16/01 - 2012,,0
47458714,LEGO SYSTEM A/S,LEGO SYSTEM A/S,Kløvermarken 21,7190,Billund,01/09 - 2016,,
47458714,LEGO SYSTEM A/S,Kornmarken 42,Kornmarken 42,7190,Billund,01/01 - 2018,,
47458714,LEGO SYSTEM A/S,LEGO SYSTEM A/S,Kløvervej 101,7190,Billund,01/01 - 2018,,
47458714,LEGO SYSTEM A/S,LEGO SYSTEM A/S,Hans Jensensvej 9,7190,Billund,01/01 - 2018,,
47458714,LEGO SYSTEM A/S,LEGO SYSTEM A/S,Højmarksvej 5,7190,Billund,01/01 - 2018,,
47458714,LEGO SYSTEM A/S,LEGO SYSTEM A/S,Kløvervej 32,7190,Billund,01/01 - 2018,,
47458714,LEGO SYSTEM A/S,LEGO SYSTEM A/S,Kløvervej 40,7190,Billund,01/01 - 2018,,
47458714,LEGO SYSTEM A/S,LEGO SYSTEM A/S,Systemvej 6,7190,Billund,01/01 - 2018,,
47458714,LEGO SYSTEM A/S,LEGO SYSTEM A/S,Hans Jensensvej 7,7190,Billund,01/01 - 2018,,
47458714,LEGO SYSTEM A/S,LEGO SYSTEM A/S,Hans Jensensvej 11,7190,Billund,01/01 - 2018,,
47458714,LEGO SYSTEM A/S,LEGO SYSTEM A/S,Kløvermarken 25,7190,Billund,01/01 - 2018,,
47458714,LEGO SYSTEM A/S,"Postgården, KBH","Løvstræde 1, 1",1152,København K,01/07 - 2024,,
47458714,LEGO SYSTEM A/S,"Vaskeplads, P-hus",Højmarksvej 11,7190,Billund,01/02 - 2021,,
47458714,LEGO SYSTEM A/S,LEGO System A/S,Montanavej 2,7190,Billund,01/10 - 2025,,
47458714,LEGO SYSTEM A/S,LEGO SystemA/S,Hedegårdsvej 12,7190,Billund,08/05 - 2023,,
47458714,LEGO SYSTEM A/S,LEGO_STORE,Vimmelskaftet 37,1161,København K,01/12 - 2010,,1
47458714,LEGO SYSTEM A/S,LEGO_Store_Tivoli,Vesterbrogade 3,1620,København V,01/06 - 2021,,6
47458714,LEGO SYSTEM A/S,LEGO SYSTEM A/S,Åstvej 1,7190,Billund,07/01 - 1974,,6998
11623336,LEO FONDET,LEO FONDET,Industriparken 55,2750,Ballerup,04/05 - 2001,04/05 - 2001,
11623336,LEO FONDET,LEO FONDET,Industriparken 55,2750,Ballerup,02/01 - 1995,02/01 - 1995,
11623336,LEO FONDET,LEO FONDET,Industriparken 55,2750,Ballerup,01/01 - 1995,01/01 - 1995,
11623336,LEO FONDET,LEO FONDET,Industriparken 55,2750,Ballerup,20/08 - 1984,31/12 - 1994,
11623336,LEO FONDET,LEO FONDET,"Lautrupsgade 7, 5",2100,København Ø,20/08 - 1984,,19
56759514,LEO PHARMA A/S,LØVENS KEMISKE FABRIK PRODUKTIONSAKTIESELSKAB, 55,9999,Ukendt,10/02 - 1962,21/11 - 1976,
56759514,LEO PHARMA A/S,LEO Innovation Lab,"Silkegade 8, st",1113,København K,01/06 - 2016,07/04 - 2025,1
56759514,LEO PHARMA A/S,LEO PHARMA A/S,Mådevej 76,6705,Esbjerg Ø,01/01 - 1979,,12
56759514,LEO PHARMA A/S,LEO PHARMA A/S,Industriparken 55,2750,Ballerup,22/11 - 1976,,1046
29188572,Lolland Kommune,Team Helgenæs 2 - Ældresektor,Helgenæsvej 55,4900,Nakskov,04/05 - 2010,04/05 - 2010,
29188572,Lolland Kommune,Hjælpemiddeldepot Maribo,Søndre Boulevard 84,4930,Maribo,27/02 - 2014,30/06 - 2018,
29188572,Lolland Kommune,Fejø Bibliotekspunkt,Herredsvej 259,4944,Fejø,01/01 - 2015,30/06 - 2018,
29188572,Lolland Kommune,Femø Bibliotekspunkt,Kirkehældevej 29,4945,Femø,01/01 - 2015,30/06 - 2018,
29188572,Lolland Kommune,Højrebyhallen,Bøgevej 4,4920,Søllested,01/02 - 2015,30/06 - 2018,
29188572,Lolland Kommune,"Krogsbølle, Jobcenter Lolland",Løjtoftevej 205,4900,Nakskov,01/12 - 2015,30/06 - 2018,
29188572,Lolland Kommune,Hjælpemiddeldepot Nakskov,Helgenæsvej 10,4900,Nakskov,28/02 - 2014,01/06 - 2014,
29188572,Lolland Kommune,Bøgelunden Ældreområde Vest,Bøgelunden 1,4913,Horslunde,22/11 - 2007,30/12 - 2011,
29188572,Lolland Kommune,PPR - Pædagogisk- Psykologisk Rådgivning,Toftevej 1,4960,Holeby,29/04 - 2009,30/12 - 2011,
29188572,Lolland Kommune,Borgerservice Vest,Axeltorv 6,4900,Nakskov,01/01 - 2008,01/01 - 2008,
29188572,Lolland Kommune,Lolland Kommune,Havnegade 2,4900,Nakskov,14/05 - 2007,14/05 - 2007,
29188572,Lolland Kommune,Alkohol Rådgivningen,Hoskiærsvej 17,4900,Nakskov,15/03 - 2010,30/12 - 2011,
29188572,Lolland Kommune,Hjælpemiddeldepot - Blomsterparken,Blomsterparken 72,4970,Rødby,12/07 - 2007,30/12 - 2011,
29188572,Lolland Kommune,Klostergades Børnehus,Klostergade 22,4900,Nakskov,21/05 - 2008,21/05 - 2008,
29188572,Lolland Kommune,Ungeafdelingen No. 1,Tilegade 1,4900,Nakskov,15/03 - 2010,30/12 - 2011,
29188572,Lolland Kommune,Hjælpemiddeldepot - Helgenæs,Helgenæsvej 10,4900,Nakskov,12/07 - 2007,30/12 - 2011,
29188572,Lolland Kommune,Lolland kommune,Axeltorv 6,4900,Nakskov,01/01 - 2007,31/01 - 2007,
29188572,Lolland Kommune,Familiehuset Kernen,Stadionalle 7,4970,Rødby,09/06 - 2009,30/12 - 2011,
29188572,Lolland Kommune,Fjordskolen - Afdeling Fjordrækken,Rødbyvej 60,4900,Nakskov,14/10 - 2009,14/10 - 2009,
29188572,Lolland Kommune,Team Helgenæs 2 - Ældresektor,Helgenæsvej 55,4900,Nakskov,04/05 - 2010,04/05 - 2010,
29188572,Lolland Kommune,Fejø Fritidshjem,Herredsvej 192A,4944,Fejø,29/05 - 2008,30/12 - 2011,
29188572,Lolland Kommune,Kirsebærhaven Ældreområde Øst,Kirsebærhaven 1,4970,Rødby,22/11 - 2007,30/12 - 2011,
29188572,Lolland Kommune,SKP-Team,Stationsvej 4,4913,Horslunde,22/09 - 2010,30/12 - 2011,
29188572,Lolland Kommune,Administration - Kultur og Fritid,Torvet 1,4930,Maribo,27/04 - 2011,28/04 - 2011,
29188572,Lolland Kommune,Maribo skole,Skimminge 19A,4930,Maribo,09/06 - 2009,30/12 - 2011,
29188572,Lolland Kommune,"SFO Søndre Skole, Rødbyafdelingen - Tigerrejerne",Byskolevej 1,4970,Rødby,09/06 - 2009,30/12 - 2011,
29188572,Lolland Kommune,Søllested Bibliotek,Jernbanegade 18,4920,Søllested,01/01 - 2015,29/02 - 2016,
29188572,Lolland Kommune,Holeby Bibliotek,Vestervej 70,4960,Holeby,01/01 - 2015,31/12 - 2015,
29188572,Lolland Kommune,Såecialbørnehaven Skovtrolden,Blæsenborg Allé 10B,4930,Maribo,01/06 - 2014,02/06 - 2014,
29188572,Lolland Kommune,Team Skolebakken 1 - Ældresektor,Skolebakken 20,4900,Nakskov,04/05 - 2010,04/05 - 2010,
29188572,Lolland Kommune,Team Halsted - Ældre & Sundhed,"Anemonevej 21, st. th.",4900,Nakskov,04/05 - 2010,01/06 - 2014,
29188572,Lolland Kommune,Gurreby Gl. Skole,Gurrebyvej 7,4920,Søllested,01/02 - 2015,31/05 - 2016,
29188572,Lolland Kommune,Ejendommen Det Polske Hus,Museumsgade 28,4930,Maribo,01/01 - 1999,30/12 - 2011,
29188572,Lolland Kommune,Ravnekrogen,Pederstrupvej 22,4913,Horslunde,21/05 - 2008,21/05 - 2008,
29188572,Lolland Kommune,Aktiv-Bo Lolland,Anemonevej 23,4900,Nakskov,03/05 - 2010,30/12 - 2011,
29188572,Lolland Kommune,Maribo Genbrugsplads,C. E. Christiansens Vej 5,4930,Maribo,18/07 - 2002,25/08 - 2010,
29188572,Lolland Kommune,Dagplejen,Rudbjergvej 21,4983,Dannemare,01/01 - 2003,26/04 - 2009,
29188572,Lolland Kommune,Social og Sundhed - Administration,Stationsvej 4,4913,Horslunde,22/11 - 2010,30/12 - 2011,
29188572,Lolland Kommune,Beskæftigelse og Forsørgelse,Nørrevold 2,4900,Nakskov,18/12 - 2008,19/12 - 2008,
29188572,Lolland Kommune,Team Rødby 2,blomsterparken 69,4970,Rødby,13/01 - 2014,14/12 - 2017,
29188572,Lolland Kommune,SOLSIKKEN BØRNEGÅRD,Stavangervej 11,4900,Nakskov,01/01 - 1993,30/06 - 2018,0
29188572,Lolland Kommune,USFOFejø,Herredsvej 192A,4944,Fejø,09/05 - 2008,05/01 - 2015,2-4
29188572,Lolland Kommune,Bo og Naboskab Vestlolland,A. R. Paulsensvej 6,4900,Nakskov,25/05 - 2005,22/03 - 2007,2-4
29188572,Lolland Kommune,Lolland Kystkulturcenter,Strandpromenaden 5,4900,Nakskov,12/02 - 2014,30/06 - 2018,0
29188572,Lolland Kommune,Nakskov Turistbureau,Axeltorv 3,4900,Nakskov,01/06 - 2011,01/06 - 2014,0
29188572,Lolland Kommune,Falken Fritidshjem,Anemonevej 6,4900,Nakskov,27/05 - 2008,26/01 - 2015,2-4
29188572,Lolland Kommune,Toftegård Skolen Holeby,Vestervej 126,4960,Holeby,01/07 - 2014,29/02 - 2016,0
29188572,Lolland Kommune,Nordvestskolen - Fejøafdelingen,Herredsvej 190,4944,Fejø,01/01 - 1993,31/12 - 2016,0
29188572,Lolland Kommune,Hjælpemiddeldepot - Nørrevang,Nørrevang 19D,4930,Maribo,12/07 - 2007,30/12 - 2011,2-4
29188572,Lolland Kommune,Maribo Juniorklub,Nørrevang 19A,4930,Maribo,18/02 - 2010,26/01 - 2015,0
29188572,Lolland Kommune,BIRKET CENTRALSKOLE,Bandholmvej 99,4943,Torrig L,01/01 - 1993,30/12 - 2011,1
29188572,Lolland Kommune,INTEGRERET BØRNEHUS KONGELEDDET,Kongeleddet 50,4970,Rødby,01/01 - 1993,26/04 - 2009,10-19
29188572,Lolland Kommune,Rensningsanlægget Nakskov,Skibsværftsvej 9,4900,Nakskov,01/01 - 1993,25/08 - 2010,2-4
29188572,Lolland Kommune,Elværket Maribo,Brovejen 8,4930,Maribo,01/01 - 1993,25/08 - 2010,5-9
29188572,Lolland Kommune,VANDRERHJEMMET,Søndre Boulevard 82B,4930,Maribo,01/01 - 1993,19/04 - 2011,0
29188572,Lolland Kommune,Rådhuset Højreby,Højrebygade 64,4920,Søllested,01/01 - 1993,26/01 - 2010,20-49
29188572,Lolland Kommune,Kultur- og Socialforvaltningen Nakskov,Søvej 8,4900,Nakskov,01/01 - 1993,30/12 - 2011,1
29188572,Lolland Kommune,Klub 212,Anemonevej 6,4900,Nakskov,27/05 - 2008,01/06 - 2014,0
29188572,Lolland Kommune,Aktiv-Bo Lolland,Søndre Boulevard 80B,4930,Maribo,01/01 - 1996,26/02 - 2012,0
29188572,Lolland Kommune,SANDBY CENTRALSKOLE,Tårsvej 92,4912,Harpelunde,01/01 - 1993,30/12 - 2011,2-4
29188572,Lolland Kommune,Børne- og ungerådgivning,Toftevej 1,4960,Holeby,01/01 - 1993,01/06 - 2014,0
29188572,Lolland Kommune,"Containerplads, Askø",Sundsørevej 1,4930,Maribo,01/01 - 2002,25/08 - 2010,1
29188572,Lolland Kommune,Huset,Blegen 4,4900,Nakskov,20/03 - 2012,26/01 - 2015,0
29188572,Lolland Kommune,NAKSKOV SVØMMEHAL,Elvej 3,4900,Nakskov,01/01 - 1993,26/01 - 2015,5-9
29188572,Lolland Kommune,Aktiv-Bo Vest afd. 1 - Teams,Nørrevold 1A,4900,Nakskov,01/01 - 1993,02/05 - 2010,10-19
29188572,Lolland Kommune,INTEGRERET INSTITUTION SNURRETOPPEN,Tårsvej 90,4912,Harpelunde,01/01 - 1993,30/12 - 2011,10-19
29188572,Lolland Kommune,Aktiv-Bo Lolland,Købelevvej 12,4900,Nakskov,01/01 - 1996,30/12 - 2011,0
29188572,Lolland Kommune,SFO Halsted Myretuen,Horslundevej 6,4900,Nakskov,01/01 - 1993,30/12 - 2011,5-9
29188572,Lolland Kommune,KØBELEV KULTURCENTER,Provstegårdsvej 26,4900,Nakskov,01/01 - 1993,30/12 - 2011,2-4
29188572,Lolland Kommune,Maribo Aktivitetshus,Søndre Boulevard 82A,4930,Maribo,01/01 - 2008,30/12 - 2011,10-19
29188572,Lolland Kommune,Nordvestskolen - Gurrebyafdelingen,Gurrebyvej 7,4920,Søllested,01/01 - 1993,31/12 - 2012,0
29188572,Lolland Kommune,HØJREBYHALLEN,Bøgevej 4,4920,Søllested,01/01 - 1993,26/01 - 2015,0
29188572,Lolland Kommune,Socialpsykiatrisk Service,Jernbanegade 16,4930,Maribo,01/01 - 1998,02/05 - 2010,20-49
29188572,Lolland Kommune,Spildevandsanlæg,Jernbanegade 19,4920,Søllested,01/01 - 1997,25/08 - 2010,2-4
29188572,Lolland Kommune,PRÆSTEBAKKENS BØRNEINSTITUTION,Søndre Boulevard 88,4930,Maribo,01/01 - 1993,26/04 - 2009,10-19
29188572,Lolland Kommune,Lokalhistorisk Arkiv,Troelsebyvej 1,4920,Søllested,01/01 - 1998,30/12 - 2011,1
29188572,Lolland Kommune,Team Nakskov 3 - Ældre & Sundhed,Østre Boulevard 17A,4900,Nakskov,26/10 - 2010,16/12 - 2012,10-19
29188572,Lolland Kommune,Rudbjerg Lokalhistoriske Arkiv,Rudbjergvej 19,4983,Dannemare,03/06 - 2010,01/06 - 2014,0
29188572,Lolland Kommune,HESTEHOVEDET CAMPINGPLADS,Hestehovedet 2,4900,Nakskov,01/01 - 1995,25/08 - 2010,5-9
29188572,Lolland Kommune,Arninge Ungdomsklub,Arningevej 15,4983,Dannemare,01/01 - 1993,01/06 - 2014,0
29188572,Lolland Kommune,Lokalhistorisk Arkiv Maribo,Torvet 1,4930,Maribo,01/01 - 1995,30/12 - 2011,1
29188572,Lolland Kommune,Branderstrup Kulturcenter,Brandstrupvej 69A,4970,Rødby,07/02 - 2012,31/07 - 2016,1
29188572,Lolland Kommune,Hunseby Renseanlæg,Hunseby Strandvej 52,4930,Maribo,18/04 - 2007,30/12 - 2011,1
29188572,Lolland Kommune,Søllested Juniorklub,Birkevej 6,4920,Søllested,01/01 - 1996,01/06 - 2014,0
29188572,Lolland Kommune,Aktiv-Bo Lolland,Præstevænget 13B,4920,Søllested,03/05 - 2010,01/06 - 2014,0
29188572,Lolland Kommune,Søllested Fjernvarmeværk,Jernbanegade 25,4920,Søllested,01/01 - 2003,25/08 - 2010,2-4
29188572,Lolland Kommune,Lolland Brandvæsen,Skibevej 2,4930,Maribo,01/06 - 2011,01/06 - 2014,50-99
29188572,Lolland Kommune,Team Fredsholm/Rønnebær 1 - Ældre & Sundhed,Langøvej 18,4900,Nakskov,01/01 - 1993,31/12 - 2015,0
29188572,Lolland Kommune,Socialpsykiatri Lolland,Årbyesvej 48,4970,Rødby,01/01 - 2003,05/06 - 2013,0
29188572,Lolland Kommune,Materialegården Ravnsborg,Nylandsvej 35,4913,Horslunde,01/01 - 1993,30/12 - 2011,20-49
29188572,Lolland Kommune,HALSTED-AVNEDE CENTRALSKOLE,Horslundevej 6,4900,Nakskov,01/01 - 1993,30/12 - 2011,5-9
29188572,Lolland Kommune,Maribo Turistbureau,Torvet 1,4930,Maribo,30/09 - 1968,14/04 - 2013,0
29188572,Lolland Kommune,Hvedevænget Ældreområde Vest,Hvedevænget 2,4900,Nakskov,22/11 - 2007,30/12 - 2011,2-4
29188572,Lolland Kommune,Lolland kommune - Sundhedssektoren,Søndre Boulevard 84,4930,Maribo,17/12 - 2007,30/12 - 2011,2-4
29188572,Lolland Kommune,Rudbjerg Musikskole,Vestenskovvej 51,4900,Nakskov,01/01 - 1993,30/12 - 2011,1
29188572,Lolland Kommune,Rensningsanlæg Rødby,Gl. Badevej 6,4970,Rødby,01/01 - 1993,25/08 - 2010,2-4
29188572,Lolland Kommune,Kultur- og Socialforvaltning Nakskov,Klostergade 20A,4900,Nakskov,01/01 - 1993,30/12 - 2011,50-99
29188572,Lolland Kommune,FEMØ FÆRGEN,Havnegade 2,4900,Nakskov,01/01 - 1993,30/06 - 2018,10-19
29188572,Lolland Kommune,Aktiv-Bo Lolland Krogsbølleparken,Krogsbølleparken 2,4900,Nakskov,25/11 - 2010,31/12 - 2013,10-19
29188572,Lolland Kommune,Team Ø-Pack,Nørrevang 19,4930,Maribo,01/01 - 2005,30/12 - 2011,0
29188572,Lolland Kommune,Skolefritidsordningen Vildbassen,Pederstrupvej 22,4913,Horslunde,29/02 - 2012,01/06 - 2014,0
29188572,Lolland Kommune,Team Vest 2 - Ældre & Sundhed,Østre Boulevard 17A,4900,Nakskov,26/10 - 2010,29/04 - 2015,0
29188572,Lolland Kommune,Fjordskolen - Vestenskovafdelingen,Vestenskovvej 51,4900,Nakskov,01/01 - 1993,30/07 - 2013,0
29188572,Lolland Kommune,Socialpsykiatri Lolland,Østre Landevej 30,4930,Maribo,23/03 - 2007,30/12 - 2011,0
29188572,Lolland Kommune,PPR - Pædagogisk- Psykologisk Rådgivning,Rudbjergvej 21,4983,Dannemare,29/04 - 2009,30/12 - 2011,10-19
29188572,Lolland Kommune,Nakskov Fjernvarme,Savnsøvej 4,4900,Nakskov,01/01 - 2008,24/08 - 2010,2-4
29188572,Lolland Kommune,Jobsmeden Maribo,Skelstrupvej 19,4930,Maribo,01/01 - 1997,30/12 - 2011,1
29188572,Lolland Kommune,UNGDOMSSKOLEN VESTENSKOV SKOLE,Vestenskovvej 51,4900,Nakskov,01/01 - 1993,11/02 - 2010,2-4
29188572,Lolland Kommune,VESTENSKOV SKOLEFRITIDSORDNING SVALEGÅRDEN,Vestenskovvej 51B,4900,Nakskov,01/01 - 1993,30/12 - 2011,2-4
29188572,Lolland Kommune,KASTANJE CENTRET,Tillitsevej 17,4983,Dannemare,01/01 - 1993,30/12 - 2011,5-9
29188572,Lolland Kommune,VÆRKSTEDET BYVOLDEN,Nørrevold 1A,4900,Nakskov,01/01 - 1993,02/05 - 2010,2-4
29188572,Lolland Kommune,Højreby Ungdomsskole,Horslundevej 6,4900,Nakskov,01/01 - 1993,11/01 - 2010,5-9
29188572,Lolland Kommune,Team Nakskov 1 - Ældre & Sundhed,"Enehøjevej 214, 1. th.",4900,Nakskov,04/05 - 2010,16/12 - 2012,1
29188572,Lolland Kommune,B/N Munkebo Birkevænget,Birkevænget 40,4900,Nakskov,01/01 - 2005,22/03 - 2007,5-9
29188572,Lolland Kommune,Ravnsborg projekter,Nordlundevej 6B,4913,Horslunde,01/01 - 2001,30/12 - 2011,2-4
29188572,Lolland Kommune,VANDVÆRKET,Elvej 7,4900,Nakskov,01/01 - 1993,25/08 - 2010,5-9
29188572,Lolland Kommune,Havrevænget Ældreområde Vest,Havrevænget 4,4900,Nakskov,22/11 - 2007,30/12 - 2011,1
29188572,Lolland Kommune,Renovationsvæsen Nakskov,Skolevej 1,4900,Nakskov,01/01 - 1993,31/12 - 2008,2-4
29188572,Lolland Kommune,Lolland Brandvæsen - Nakskov,Løjtoftevej 27,4900,Nakskov,01/01 - 1993,07/12 - 2011,0
29188572,Lolland Kommune,FALKEN,Anemonevej 6,4900,Nakskov,01/01 - 1993,31/12 - 2013,10-19
29188572,Lolland Kommune,BØRNEHUSET MÆLKEBØTTEN,Ringvejen 1,4900,Nakskov,01/01 - 1993,26/04 - 2009,20-49
29188572,Lolland Kommune,Jobklubben Nakskov,Søvej 6,4900,Nakskov,22/09 - 2010,01/06 - 2014,1
29188572,Lolland Kommune,Bibliotek,Pederstrupvej 22,4913,Horslunde,01/01 - 2002,30/12 - 2011,5-9
29188572,Lolland Kommune,Dagplejen,Birkevej 1A,4920,Søllested,01/01 - 2003,26/04 - 2009,1
29188572,Lolland Kommune,Projektskolen,Tilegade 41,4900,Nakskov,01/01 - 2000,01/06 - 2014,0
29188572,Lolland Kommune,"Familiecenter Lolland, (tidl.afdeling Maribo)",Skibsværftsvej 4,4900,Nakskov,01/01 - 2008,30/06 - 2016,0
29188572,Lolland Kommune,Aktiv-Bo Lolland,Kappelvej 10,4900,Nakskov,03/05 - 2010,01/06 - 2014,0
29188572,Lolland Kommune,Aktiv-Bo Vest Afd. 2 - Teams,Nørrevold 3,4900,Nakskov,01/01 - 2008,02/05 - 2010,5-9
29188572,Lolland Kommune,Projekt Åstedet,Østre Boulevard 10,4930,Maribo,01/01 - 2005,30/12 - 2011,2-4
29188572,Lolland Kommune,BUC Lolland,Ringvejen 37,4900,Nakskov,01/01 - 1993,26/02 - 2012,0
29188572,Lolland Kommune,KLOSTERGADES BØRNEHUS,Klostergade 22,4900,Nakskov,01/01 - 1993,22/08 - 2013,0
29188572,Lolland Kommune,Aktiv-Bo Lolland,Stavangervej 3,4900,Nakskov,01/01 - 1993,03/12 - 2012,5-9
29188572,Lolland Kommune,Nakskov Renseanlæg,Miljøvej 9,4900,Nakskov,01/01 - 2008,25/08 - 2010,1
29188572,Lolland Kommune,RUDBJERG BØRNETANDKLINIK,Vestenskovvej 51D,4900,Nakskov,01/01 - 1993,30/12 - 2011,0
29188572,Lolland Kommune,Guldborgsund Musikskole,Skolegade 3C,4800,Nykøbing F,20/03 - 2012,01/06 - 2014,0
29188572,Lolland Kommune,RAVNSBORG MUSIKSKOLE,Pederstrupvej 22,4913,Horslunde,01/01 - 1993,26/04 - 2009,5-9
29188572,Lolland Kommune,Team Ungeindsats,Lillievej 4,4900,Nakskov,10/04 - 2012,01/06 - 2014,5-9
29188572,Lolland Kommune,BEREDSKABSFORVALTNINGEN CIVILFORSVARSGÅRDEN,Nystedvej 46,4930,Maribo,01/01 - 1993,07/12 - 2011,20-49
29188572,Lolland Kommune,SFO Søllested Birkehuset,Birkevej 1B,4920,Søllested,01/01 - 1993,31/12 - 2017,0
29188572,Lolland Kommune,Team Stokkemarke/Svanehøj 2 - Ældre & Sundhed,Rolighedsvej 1,4941,Bandholm,01/01 - 1993,31/01 - 2018,0
29188572,Lolland Kommune,SFO1 Ravnekrogen + SFO2 Vildbassen,Pederstrupvej 22-24,4913,Horslunde,01/01 - 1993,30/06 - 2016,0
29188572,Lolland Kommune,Fjordskolen - Madeskovafdelingen,Tårsvej 118,4900,Nakskov,01/01 - 1993,30/06 - 2017,0
29188572,Lolland Kommune,Børnetandplejen Søllested,Birkevej 3A,4920,Søllested,01/01 - 1993,30/12 - 2011,0
29188572,Lolland Kommune,Værkstedet Rødby,Kirkenoret 2,4970,Rødby,01/01 - 2008,01/06 - 2014,1
29188572,Lolland Kommune,Team Margretecentret/Aktivitet Maribo - Ældre & Sundhed,Østre Boulevard 14,4930,Maribo,01/01 - 1993,30/09 - 2016,0
29188572,Lolland Kommune,SKOLEFRITIDSORDNINGEN KRUDTMØLLEN MØLLEMARKSKOLEN,Rødbyvej 60,4900,Nakskov,01/01 - 1993,30/12 - 2011,2-4
29188572,Lolland Kommune,Margrethe Skolen,Østofte Gade 42A,4951,Nørreballe,16/10 - 2007,30/06 - 2016,0
29188572,Lolland Kommune,Dagplejen Vest,Søvej 8A,4900,Nakskov,01/01 - 1993,26/04 - 2009,20-49
29188572,Lolland Kommune,Børnehuset Troldehøj,Gloslunde Gade 7,4983,Dannemare,01/01 - 1993,30/12 - 2011,0
29188572,Lolland Kommune,BØRNETANDKLINIKKEN,Pederstrupvej 28B,4913,Horslunde,01/01 - 1993,01/06 - 2014,2-4
29188572,Lolland Kommune,Søhuset,Søndre Boulevard 2B,4930,Maribo,09/07 - 2008,02/05 - 2010,2-4
29188572,Lolland Kommune,Bo og naboskab Vestlolland,Helgenæsvej 195,4900,Nakskov,24/03 - 2007,02/05 - 2010,2-4
29188572,Lolland Kommune,Ældrecenter Birketlunden,Birketlunden 1,4943,Torrig L,01/01 - 2001,03/05 - 2010,1
29188572,Lolland Kommune,Aktiv-Bo Lolland,Tuekærvej 3,4960,Holeby,03/05 - 2010,30/12 - 2011,0
29188572,Lolland Kommune,MØLLEBAKKEN DAGINSTITUTION,Skolestræde 25,4951,Nørreballe,01/01 - 1995,26/04 - 2009,5-9
29188572,Lolland Kommune,HALSTED BØRNEHUS,Horslundevej 8,4900,Nakskov,01/01 - 1993,30/12 - 2011,5-9
29188572,Lolland Kommune,Nordvestskolen - Afdeling Fjordrækken,Fastings Allé 1A,4900,Nakskov,01/01 - 1993,13/12 - 2012,5-9
29188572,Lolland Kommune,Skippergården afgiftsningsinstitution,Jernbanegade 6,4970,Rødby,01/01 - 1996,02/05 - 2010,20-49
29188572,Lolland Kommune,"Dagplejere, dagplejepædagoger område Midt-Land",Byskolevej 8,4970,Rødby,09/12 - 2013,31/05 - 2016,0
29188572,Lolland Kommune,Sportsrådet Nakskov,Bregnevej 57,4900,Nakskov,01/01 - 1993,30/12 - 2011,1
29188572,Lolland Kommune,Vejvæsenet Holeby,Erhard Frederiksensvej 3,4960,Holeby,01/01 - 1993,01/12 - 2013,5-9
29188572,Lolland Kommune,Saften,Øster Nordlundevej 6B,4900,Nakskov,20/03 - 2012,30/06 - 2018,0
29188572,Lolland Kommune,"Familiecenter Lolland, afdeling Rødby",Stadionalle 7,4970,Rødby,01/01 - 1993,01/06 - 2014,0
29188572,Lolland Kommune,BØRNEHUSET KERNEN,Stadionalle 7,4970,Rødby,01/01 - 1993,26/04 - 2009,1
29188572,Lolland Kommune,Aktiv-Bo Lolland,Østre Park 46,4930,Maribo,03/05 - 2010,01/06 - 2014,0
29188572,Lolland Kommune,SFO Hønsehuset,Havnegade 101,4970,Rødby,01/01 - 1999,01/06 - 2014,0
29188572,Lolland Kommune,TOFTEGÅRD SKOLEN. Nakskov,Gyvelvej 3,4900,Nakskov,28/02 - 2012,30/06 - 2018,0
29188572,Lolland Kommune,Administration - Kidnakken,"Kidnakken 12, 1",4930,Maribo,09/06 - 2009,01/06 - 2014,0
29188572,Lolland Kommune,RØDBY BIBLIOTEK DIGECENTRET,Skolegade 1,4970,Rødby,01/01 - 1993,30/12 - 2011,0
29188572,Lolland Kommune,Team Øerne - Fejø Ældrecenter - Ældresektor,Herredsvej 179,4944,Fejø,01/01 - 2001,30/12 - 2011,0
29188572,Lolland Kommune,Lolland Brandvæsen,Nystedvej 46,4930,Maribo,01/01 - 1982,08/06 - 2009,1
29188572,Lolland Kommune,Team Horslunde 1,Bøgelunden 23,4913,Horslunde,04/02 - 2013,30/09 - 2017,0
29188572,Lolland Kommune,Jobcenter Lolland,Skibsværftsvej 4,4900,Nakskov,01/01 - 1993,30/12 - 2011,0
29188572,Lolland Kommune,Toftegård,Horslundevej 34,4900,Nakskov,09/07 - 2008,30/12 - 2011,0
29188572,Lolland Kommune,RUDBJERG RENSNINGSANLÆG,Østervej 3A,4983,Dannemare,01/01 - 1993,25/08 - 2010,1
29188572,Lolland Kommune,Bo og naboskab Vestlolland Toftegård,Horslundevej 34,4900,Nakskov,01/01 - 2004,02/05 - 2010,20-49
29188572,Lolland Kommune,INTEGRERET INSTITUTION HUMLEBIEN,Madsensvej 10,4960,Holeby,01/01 - 1993,09/05 - 2012,1
29188572,Lolland Kommune,HOLEBYHALLEN,Vestervej 126,4960,Holeby,01/01 - 1993,19/05 - 2014,0
29188572,Lolland Kommune,Lolland Ungdomsskole. Undervisning Rødbyhavn,Gl. Badevej 11,4970,Rødby,21/02 - 2012,17/02 - 2015,0
29188572,Lolland Kommune,"Jobcentret, Projekt Ark Lolland",Suhrs Gade 4A,4930,Maribo,19/04 - 2012,28/01 - 2015,0
29188572,Lolland Kommune,Toftegård Skolen Maribo,"Søndre Boulevard 80B, 1",4930,Maribo,19/02 - 2014,30/06 - 2018,0
29188572,Lolland Kommune,CAR Lolland Administration,Vestenskovvej 51,4900,Nakskov,04/07 - 2007,15/01 - 2014,2-4
29188572,Lolland Kommune,Børnehuset Fejø,Herredsvej 192,4944,Fejø,01/08 - 2000,26/04 - 2009,5-9
29188572,Lolland Kommune,Team Helgenæs 2 - Ældre & Sundhed,Helgenæsvej 55,4900,Nakskov,04/05 - 2010,30/06 - 2018,0
29188572,Lolland Kommune,Aktiv-Bo Lolland,Vestenskovvej 20,4900,Nakskov,03/05 - 2010,01/06 - 2014,0
29188572,Lolland Kommune,Aktiv-Bo Lolland,"Enehøjevej 164, 1. tv.",4900,Nakskov,03/05 - 2010,01/06 - 2014,0
29188572,Lolland Kommune,DAGINSTITUTIONEN REGNBUEN,Birkevænget 4,4930,Maribo,01/01 - 1993,19/12 - 2011,0
29188572,Lolland Kommune,Søndre Skole - Rødbyhavnafdelingen,Havnegade 101,4970,Rødby,01/01 - 1993,07/03 - 2013,0
29188572,Lolland Kommune,SFO BROMBASSEN,Centralskolevej 2,4895,Errindlev,01/11 - 2002,30/12 - 2011,1
29188572,Lolland Kommune,KRAGENÆS HAVN,Kragenæsvej 84,4943,Torrig L,01/01 - 1993,30/12 - 2011,1
29188572,Lolland Kommune,Materialegården RUDBJERG VEJHAL,Rudbjergvej 21,4983,Dannemare,01/01 - 1993,01/06 - 2014,1
29188572,Lolland Kommune,Lolland kommune,Højrebygade 64,4920,Søllested,01/01 - 2008,26/01 - 2010,50-99
29188572,Lolland Kommune,Vandforsyning Maribo,Brovejen 8,4930,Maribo,01/01 - 1993,25/08 - 2010,5-9
29188572,Lolland Kommune,MARIBO IDRÆTS-OG SVØMMEHAL,Ved Stadion 4,4930,Maribo,01/01 - 1993,31/12 - 2010,10-19
29188572,Lolland Kommune,Sundhedshuset Nakskov,Mølle Allé 14,4900,Nakskov,01/01 - 1993,30/12 - 2011,1
29188572,Lolland Kommune,Bo og naboskab Midt/Østlolland,Wichmandsvej 10,4880,Nysted,01/01 - 1993,02/05 - 2010,1
29188572,Lolland Kommune,Jobcentret,Lillievej 4,4900,Nakskov,02/02 - 2011,01/06 - 2014,2-4
29188572,Lolland Kommune,Bo og naboskab Vestlolland,Enehøjevej 254C,4900,Nakskov,01/01 - 1999,26/07 - 2009,2-4
29188572,Lolland Kommune,Dagplejen,Troelsebyvej 1,4920,Søllested,27/05 - 2008,31/12 - 2013,2-4
29188572,Lolland Kommune,Rødbyhallen,Byskolevej 10,4970,Rødby,01/01 - 2008,26/01 - 2015,0
29188572,Lolland Kommune,Skippergården Halvvejshuset,Ringriddervej 36,4760,Vordingborg,01/01 - 2004,02/05 - 2010,1
29188572,Lolland Kommune,Materialepladsen Rødby,Kirkenoret 2,4970,Rødby,01/01 - 1993,27/01 - 2013,0
29188572,Lolland Kommune,DEN INTEGREDE INSTITUTION STÆREKASSEN,Vestenskovvej 51,4900,Nakskov,01/01 - 1993,30/12 - 2011,2-4
29188572,Lolland Kommune,Ældrecentre Administrationen,Bøgevænget 1,4960,Holeby,01/01 - 1993,30/12 - 2011,2-4
29188572,Lolland Kommune,Provstelund Revalidering,Sandvikenvej 6,4900,Nakskov,01/01 - 1993,30/12 - 2011,0
29188572,Lolland Kommune,Team Terapeut / Demens Ældre & Sundhed,Bangshave Parken 11,4930,Maribo,01/01 - 1993,31/05 - 2016,0
29188572,Lolland Kommune,SFO Holeby,Vestervej 126,4960,Holeby,01/01 - 2008,30/06 - 2018,0
29188572,Lolland Kommune,Rådhuset Ravnsborg,Stationsvej 4,4913,Horslunde,01/01 - 1993,26/01 - 2015,1
29188572,Lolland Kommune,Børne- og ungerådgivning,Rudbjergvej 21,4983,Dannemare,01/01 - 1993,30/12 - 2011,10-19
29188572,Lolland Kommune,NAKSKOV FJERNVARMEVÆRK,Strandpromenaden 5,4900,Nakskov,01/01 - 1993,24/08 - 2010,1
29188572,Lolland Kommune,Landskolen SFO,Østofte Gade 42,4951,Nørreballe,01/01 - 2000,30/06 - 2018,0
29188572,Lolland Kommune,Genbrugspladsen,Nylandsvej 35,4913,Horslunde,01/01 - 2002,25/08 - 2010,2-4
29188572,Lolland Kommune,Blæsenborg SFO Søtrold,Blæsenborg Allé 10,4930,Maribo,01/01 - 1994,30/06 - 2018,0
29188572,Lolland Kommune,Sproggruppen Kridthuset,Østre Boulevard 12,4930,Maribo,01/01 - 2003,30/12 - 2011,1
29188572,Lolland Kommune,Lolland Ungdomsskole. Erhversklassen Holeby/ Holeby Ungdomsklub/undervisning,Vestervej 126,4960,Holeby,18/02 - 2010,31/12 - 2017,0
29188572,Lolland Kommune,Materialepladsen Højreby,Jernbanegade 19,4920,Søllested,01/01 - 1993,27/01 - 2013,0
29188572,Lolland Kommune,Bo og naboskab Midt/Østlolland,Museumsgade 13,4930,Maribo,01/01 - 1993,02/05 - 2010,10-19
29188572,Lolland Kommune,Lolland Ungdomsskole. Administration/Nakskov Ungdomsklub/undervisning/juniorklub,Gyvelvej 3,4900,Nakskov,01/01 - 1993,31/10 - 2016,0
29188572,Lolland Kommune,RAVNSBORGHALLEN,Pederstrupvej 30,4913,Horslunde,01/01 - 1993,30/06 - 2018,0
29188572,Lolland Kommune,Dannelunde USFO,Gloslunde Gade 7,4983,Dannemare,01/08 - 2000,31/03 - 2018,0
29188572,Lolland Kommune,Team Rødby 1 - Ældre & Sundhed,Skolegade 1,4970,Rødby,26/10 - 2010,30/04 - 2016,0
29188572,Lolland Kommune,Jobklubben Maribo,Brovejen 35,4930,Maribo,22/09 - 2010,01/06 - 2014,0
29188572,Lolland Kommune,Specialbørnehaven Lolland,Blæsenborg Allé 10B,4930,Maribo,01/10 - 2012,30/06 - 2018,1
29188572,Lolland Kommune,SKOLEFRITIDSORDNING MIDGÅRDEN,Velovænget 4,4900,Nakskov,01/01 - 1996,31/07 - 2016,0
29188572,Lolland Kommune,SFO Søndre Skole og SFO Rødby,Byskolevej 1,4970,Rødby,01/01 - 1993,30/06 - 2016,0
29188572,Lolland Kommune,Naturskolen v/Maribo Søndersø,Hestehavevej 8,4930,Maribo,01/11 - 2015,30/06 - 2018,0
29188572,Lolland Kommune,Sundhedscenter Nakskov - Ældre og Sundhed team Træning,Hoskiærsvej 17,4900,Nakskov,29/05 - 2013,31/05 - 2016,0
29188572,Lolland Kommune,Sektoren for Kultur og Fritid,Torvet 1,4930,Maribo,17/09 - 2010,31/12 - 2017,0
29188572,Lolland Kommune,Dagpleje og dagplejecenter område Maribo,Blæsenborg Allé 10,4930,Maribo,01/01 - 2012,31/05 - 2016,0
29188572,Lolland Kommune,Lokalhistorisk arkiv Rødby,Kirke Allé 1,4970,Rødby,01/01 - 2001,30/06 - 2018,0
29188572,Lolland Kommune,Specialbørnehaven Lolland,Enehøjevej 47,4900,Nakskov,01/01 - 2015,30/06 - 2018,0
29188572,Lolland Kommune,"Dagplejere, dagplejepædagoger og dagplejecenter område Nakskov",Søvej 8,4900,Nakskov,09/12 - 2013,31/03 - 2017,0
29188572,Lolland Kommune,Socialpsykiatri Vikarer,Søndre Boulevard 2A,4930,Maribo,01/01 - 2004,30/04 - 2018,0
29188572,Lolland Kommune,Den Sociale Virksomhed Øst,Bays Vej 2,4930,Maribo,01/01 - 1993,25/07 - 2017,0
29188572,Lolland Kommune,Lolland Ungdomsskole. Stokkemarke Ungdomsklub,Tjennemarkevej 4,4952,Stokkemarke,18/02 - 2010,30/06 - 2018,0
29188572,Lolland Kommune,UU Lolland-Falster,Eggertsvej 2,4800,Nykøbing F,21/12 - 2010,27/02 - 2018,0
29188572,Lolland Kommune,Beskyttede Boliger,Kirsebærhaven 1-18,4970,Rødby,14/02 - 2013,27/02 - 2018,
29188572,Lolland Kommune,Beskyttede Boliger,Havrevænget 4-42,4900,Nakskov,14/02 - 2013,27/02 - 2018,
29188572,Lolland Kommune,Beskyttede Boliger,Hvedevænget 2-50,4900,Nakskov,14/02 - 2013,27/02 - 2018,
29188572,Lolland Kommune,Skoler og Dagtilbud,Kidnakken 12,4930,Maribo,01/06 - 2014,14/02 - 2022,10-19
29188572,Lolland Kommune,Dannelunde Børnehave,Gloslunde Gade 7,4983,Dannemare,01/08 - 2018,15/02 - 2022,1
29188572,Lolland Kommune,Specialskolen Fjordrækken,Fastings Allé 4-56,4900,Nakskov,01/01 - 1993,31/12 - 2021,14
29188572,Lolland Kommune,Dannelunde Skole,Gloslunde Gade 7,4983,Dannemare,01/01 - 1993,15/02 - 2022,1
29188572,Lolland Kommune,Grave- og Asfalthold Nakskov,Narvikvej 11,4900,Nakskov,01/08 - 2019,23/02 - 2021,8
29188572,Lolland Kommune,Vejhold Nakskov,Narvikvej 11,4900,Nakskov,01/08 - 2019,23/02 - 2021,11
29188572,Lolland Kommune,Grønt hold Maribo,Østre Landevej 37,4930,Maribo,01/08 - 2019,23/02 - 2021,11
29188572,Lolland Kommune,Grønt hold Nakskov,Narvikvej 11,4900,Nakskov,01/08 - 2019,23/02 - 2021,20
29188572,Lolland Kommune,Grave- og Asfalthold Maribo,Østre Landevej 37,4930,Maribo,01/08 - 2019,23/02 - 2021,4
29188572,Lolland Kommune,Vejhold Maribo,Østre Landevej 37,4930,Maribo,01/08 - 2019,23/02 - 2021,11
29188572,Lolland Kommune,ERRINDLEV SKOLE,Centralskolevej 2,4895,Errindlev,01/01 - 1993,01/01 - 2007,1
29188572,Lolland Kommune,Bo og naboskab Vestlolland,Læsøvej 6,4900,Nakskov,01/01 - 1993,22/03 - 2007,5-9
29188572,Lolland Kommune,Bo og naboskab Vestlolland,Læsøvej 4,4900,Nakskov,01/01 - 1993,22/03 - 2007,2-4
29188572,Lolland Kommune,Voksenhandicap Øst Aktivitetshuset i Fuglse,Klinkegårdsvej 2,4960,Holeby,01/01 - 1993,22/03 - 2007,5-9
29188572,Lolland Kommune,Bo og naboskab Vestlolland,Vesternæsvej 1A,4900,Nakskov,01/01 - 1993,22/03 - 2007,2-4
29188572,Lolland Kommune,Bo og Naboskab Vestlolland,Præstevænget 11,4920,Søllested,01/01 - 1993,22/03 - 2007,10-19
29188572,Lolland Kommune,Bo og naboskab Vestlolland,Kappelvej 2,4900,Nakskov,01/01 - 1993,22/03 - 2007,10-19
29188572,Lolland Kommune,Signe Stubs Børnehus,Bandholmvej 101,4943,Torrig L,01/01 - 1993,22/03 - 2007,1
29188572,Lolland Kommune,Bo og Naboskab Midt/Østlolland Aktivitetshus,Klinkegårdsvej 2,4960,Holeby,01/01 - 1994,22/03 - 2007,5-9
29188572,Lolland Kommune,Bo og naboskab Vestlolland,Kappelvej 10,4900,Nakskov,01/01 - 1995,22/03 - 2007,5-9
29188572,Lolland Kommune,Bo og Naboskab Vestlolland Satelitten Nakskov,Stavangervej 11,4900,Nakskov,01/01 - 1995,22/03 - 2007,5-9
29188572,Lolland Kommune,Bo og naboskab Vestlolland Dagcenter,Munkholmvej 23,4900,Nakskov,01/01 - 1996,22/03 - 2007,2-4
29188572,Lolland Kommune,Bo og naboskab Vestlolland,Riddersborgvej 24,4900,Nakskov,01/01 - 1998,22/03 - 2007,5-9
29188572,Lolland Kommune,Løn- og personaleafdelingen Nakskov,"Elvej 7, 1",4900,Nakskov,01/01 - 1998,22/03 - 2007,5-9
29188572,Lolland Kommune,Bo og naboskab Vestlolland,Enehøjevej 198,4900,Nakskov,01/01 - 1999,22/03 - 2007,2-4
29188572,Lolland Kommune,Bo- og Netværk Østlolland,"Østergade 16, st. tv.",4970,Rødby,01/01 - 1999,22/03 - 2007,2-4
29188572,Lolland Kommune,Bo og naboskab Vestlolland,Fællesskabsvej 47,4900,Nakskov,01/01 - 1999,22/03 - 2007,5-9
29188572,Lolland Kommune,Lolland Krisecenter,Søndre Boulevard 2A,4930,Maribo,30/03 - 1989,31/12 - 2023,1
29188572,Lolland Kommune,Lolland Ungdomsskole - Hovedkontor,Elvej 7,4900,Nakskov,01/01 - 2007,30/12 - 2011,1
29188572,Lolland Kommune,Sangfuglens Børnehus,Ringvejen 37,4900,Nakskov,01/03 - 2025,02/03 - 2025,
29188572,Lolland Kommune,"Anlæg, Byggeri og Vedligehold","Søndre Boulevard 80A, 1",4930,Maribo,01/04 - 2025,30/09 - 2025,
29188572,Lolland Kommune,Sekretariatet,"Søndre Boulevard 80A, 1",4930,Maribo,01/05 - 2014,29/08 - 2025,1
29188572,Lolland Kommune,Team Nordøst og Team Vikar,Østre Boulevard 14,4930,Maribo,13/01 - 2014,31/12 - 2025,32
29188572,Lolland Kommune,Teknisk Service Møllecentret,Mølle Allé 5,4900,Nakskov,01/04 - 2016,19/12 - 2025,1
29188572,Lolland Kommune,Værestedet Teglgården,Maribovej 119,4900,Nakskov,01/01 - 1995,,16
29188572,Lolland Kommune,Demens - Bangshaveparken Maribo,Bangshave Parken 11,4930,Maribo,01/01 - 1995,,17
29188572,Lolland Kommune,Team Stokkemarke - Ældre & Sundhed,Toftevej 64,4952,Stokkemarke,01/01 - 1996,,24
29188572,Lolland Kommune,Værestedet Skomagerens Hus,Vestergade 8,4970,Rødby,01/01 - 1997,,6
29188572,Lolland Kommune,Den Sociale Virksomhed Vest,Stormarks Allé 125,4900,Nakskov,01/01 - 1998,,29
29188572,Lolland Kommune,Team Skovcentret - Ældre & Sundhed,Helgenæsvej 1,4900,Nakskov,01/01 - 1993,,57
29188572,Lolland Kommune,Rusmiddelcenter Lolland,Hoskiærsvej 17,4900,Nakskov,01/01 - 1999,,14
29188572,Lolland Kommune,Vandloppen,Byskolevej 8,4970,Rødby,01/01 - 1999,,25
29188572,Lolland Kommune,"Socialpsykiatri Lolland,Horisonten,Udsigten,SKP-Team. Døgnboliger Sys/Øst",Søndre Boulevard 2A,4930,Maribo,01/01 - 2000,,29
29188572,Lolland Kommune,Søllested Landsbyordning Børnehave,Birkevej 1A,4920,Søllested,01/06 - 2001,,25
29188572,Lolland Kommune,Gaia,Skolevej 118,4900,Nakskov,01/09 - 2002,,21
29188572,Lolland Kommune,Team Rønnebær - Ældre & Sundhed,Rønnebærparken 1,4983,Dannemare,01/01 - 2003,,28
29188572,Lolland Kommune,"Børn, Unge og Familie, Nakskov",Skibsværftsvej 4,4900,Nakskov,03/03 - 2006,,35
29188572,Lolland Kommune,Tandplejen Nakskov,Hoskiærsvej 17,4900,Nakskov,16/05 - 2006,,18
29188572,Lolland Kommune,Kirsebærhuset,Jernbanegade 16,4930,Maribo,01/01 - 2006,,9
29188572,Lolland Kommune,CHF Dagcenter,Møllevej 26,4960,Holeby,23/03 - 2007,,21
29188572,Lolland Kommune,"Stormarken 1,2,3,4 og 5 ¿ Center for Handicap",Stormarks Allé 104-130,4900,Nakskov,21/03 - 2007,,43
29188572,Lolland Kommune,Center for Handicap,Nørrevold 1A,4900,Nakskov,04/07 - 2007,,125
29188572,Lolland Kommune,Park & Vej - Nakskov. Drift og administration,Narvikvej 11,4900,Nakskov,01/11 - 2007,,57
29188572,Lolland Kommune,Team Bøgevænget - Ældre & Sundhed,Bøgevænget 1,4960,Holeby,22/11 - 2007,,41
29188572,Lolland Kommune,Team Skolebakken 1 - Ældre & Sundhed,Skolebakken 20,4900,Nakskov,22/11 - 2007,,59
29188572,Lolland Kommune,Rødbyhavn Sportshal,Havnegade 101,4970,Rødby,01/01 - 2008,,1
29188572,Lolland Kommune,Børnebakken,Søndre Boulevard 88,4930,Maribo,21/05 - 2008,,14
29188572,Lolland Kommune,Østofte Landsbyordning Børnehave,Østofte Gade 42B,4951,Nørreballe,21/05 - 2008,,13
29188572,Lolland Kommune,Sangfuglens børnehus,Ringvejen 37,4900,Nakskov,21/05 - 2008,,34
29188572,Lolland Kommune,FAMILIECENTER TOFTEGÅRD. TAP Familiecentret + Familiecentret + Familiesupplering,Klostergade 20A,4900,Nakskov,09/06 - 2009,,36
29188572,Lolland Kommune,Rødbyhavn Havn,Østre Kaj 3,4970,Rødby,01/01 - 2008,,2
29188572,Lolland Kommune,Team Syd - paragraf85 Center for Handicap,Ellemosevej 29C,4960,Holeby,03/05 - 2010,,6
29188572,Lolland Kommune,Sundhedstjenesten Vest,Skibsværftsvej 4,4900,Nakskov,06/05 - 2010,,8
29188572,Lolland Kommune,Aktiv-Bo Krogsbølleparken 1 og 2,Krogsbølleparken 2,4900,Nakskov,03/05 - 2010,,31
29188572,Lolland Kommune,Socialpsykiatri Ungdomskollegiet,Munkholmvej 33,4900,Nakskov,03/05 - 2010,,6
29188572,Lolland Kommune,Søndersø-Center for neuropædagogik,Bellisvej 13,4930,Maribo,03/05 - 2010,,28
29188572,Lolland Kommune,Sundhedstjenesten,Jernbanegade 7,4930,Maribo,06/05 - 2010,,8
29188572,Lolland Kommune,Sundhedscenter - Ældre & Sundhed,Søndre Boulevard 84,4930,Maribo,04/05 - 2010,,40
29188572,Lolland Kommune,Hjælpemiddeldepot Nakskov,Helgenæsvej 10,4900,Nakskov,04/05 - 2010,,9
29188572,Lolland Kommune,Flintebjerg Syd og Nord - Center for Handicap,Flintebjerg 18A,4960,Holeby,03/05 - 2010,,15
29188572,Lolland Kommune,Sundhedscenter - Social og Arbejdsmarked,Søndre Boulevard 82B,4930,Maribo,07/05 - 2010,,89
29188572,Lolland Kommune,PPR Maribo,Jernbanegade 7,4930,Maribo,07/09 - 2010,,36
29188572,Lolland Kommune,Lolland Bibliotekterne og Borgerservice,Søvej 8,4900,Nakskov,01/01 - 2008,,45
29188572,Lolland Kommune,PPR Nakskov,Skibsværftsvej 4,4900,Nakskov,07/09 - 2010,,1
29188572,Lolland Kommune,Team Maribo - Ældre & Sundhed,Østre Boulevard 10,4930,Maribo,27/10 - 2010,,34
29188572,Lolland Kommune,Skovtrolden,Blæsenborg Allé 10A,4930,Maribo,27/10 - 2010,,31
29188572,Lolland Kommune,STU,Birkevænget 1,4930,Maribo,05/11 - 2010,,19
29188572,Lolland Kommune,Flintebjerg Øst og Vest - Center for Handicap,Flintebjerg 48,4960,Holeby,25/11 - 2010,,32
29188572,Lolland Kommune,Team Nakskov Midt - Ældre og Sundhed,"Hoskiærsvej 17, 2",4900,Nakskov,04/01 - 2011,,34
29188572,Lolland Kommune,Lolland Falster Airport,Højbygårdvej 20,4970,Rødby,01/06 - 2011,,2
29188572,Lolland Kommune,Ledelse (Femern Belt),Maribovej 9,4960,Holeby,01/06 - 2011,,1
29188572,Lolland Kommune,Ungdomskollegiet paragraf 85,Kornvænget 18,4900,Nakskov,07/06 - 2011,,10
29188572,Lolland Kommune,Team Sygepleje Maribo,Søndre Boulevard 80B,4930,Maribo,16/11 - 2011,,30
29188572,Lolland Kommune,Toftegård Ekstern Øst,Namsosvej 7A,4930,Maribo,28/02 - 2012,,10
29188572,Lolland Kommune,TOFTEGÅRD EKSTERN. Ekstern Vest. TAP Ekstern,Engtoften 18,4900,Nakskov,28/02 - 2012,,14
29188572,Lolland Kommune,Team Øst Paragraf 85,Møllebo 5,4930,Maribo,20/03 - 2012,,9
29188572,Lolland Kommune,Lolland Ungdomsskole,Gyvelvej 3,4900,Nakskov,19/02 - 2013,,27
29188572,Lolland Kommune,Team Sydøst - Ældre og Sundhed,Blomsterparken 72,4970,Rødby,13/01 - 2014,,37
29188572,Lolland Kommune,HR og IT,Rådhuset 1,4930,Maribo,01/06 - 2014,,51
29188572,Lolland Kommune,Skole og Dagtilbud,Jernbanegade 7,4930,Maribo,01/06 - 2014,,24
29188572,Lolland Kommune,Nakskov Havn,Stensøvej 1,4900,Nakskov,01/07 - 2014,,9
29188572,Lolland Kommune,Ejendomme og Faciliteter,"Søndre Boulevard 84, 2",4930,Maribo,01/01 - 2015,,35
29188572,Lolland Kommune,Musikhuset Maribo,Østre Landevej 6,4930,Maribo,01/11 - 2015,,16
29188572,Lolland Kommune,Teknisk Service Bangshavecentret,Bangshave Parken 11,4930,Maribo,01/04 - 2016,,2
29188572,Lolland Kommune,Teknisk Service Rønnebærparken,Rønnebærparken 1,4983,Dannemare,01/04 - 2016,,1
29188572,Lolland Kommune,Teknisk Service Skovcentret,Helgenæsvej 1,4900,Nakskov,01/04 - 2016,,5
29188572,Lolland Kommune,Team Demens,Søndre Boulevard 84,4930,Maribo,01/10 - 2016,,1
29188572,Lolland Kommune,Team Nord - Ældre & Sundhed,Anlægsvej 4A,4920,Søllested,01/01 - 2018,,42
29188572,Lolland Kommune,Team Sygepleje Nakskov - Ældre og Sundhed,"Hoskiærsvej 17, 1",4900,Nakskov,01/12 - 2017,,31
29188572,Lolland Kommune,Team Rødby - Ældre og Sundhed,Blomsterparken 66,4970,Rødby,01/12 - 2017,,29
29188572,Lolland Kommune,Team Træning,Søndre Boulevard 84,4930,Maribo,01/12 - 2017,,33
29188572,Lolland Kommune,Team Elever,Søndre Boulevard 84,4930,Maribo,01/12 - 2017,,121
29188572,Lolland Kommune,ARC - Lolland Rehabilitering,Løjtoftevej 205,4900,Nakskov,01/12 - 2017,,12
29188572,Lolland Kommune,Demens - Skovcentret Nakskov,Helgenæsvej 1,4900,Nakskov,01/12 - 2017,,38
29188572,Lolland Kommune,"Team Træning, Nakskov",Hoskiærsvej 17,4900,Nakskov,01/12 - 2017,,15
29188572,Lolland Kommune,Team Nordvest - Ældre & Sundhed,Skolevej 1,4900,Nakskov,01/12 - 2017,,35
29188572,Lolland Kommune,Center for Handicap,Torvet 3,4930,Maribo,01/01 - 2018,,2
29188572,Lolland Kommune,Dybvig Havn,Dybvig Havn 2,4944,Fejø,01/01 - 2018,,1
29188572,Lolland Kommune,"Lolland Sprogskole, Nakskov",Søvej 6,4900,Nakskov,01/01 - 2019,,33
29188572,Lolland Kommune,Lolland Kommune,Torvet 3,4930,Maribo,19/10 - 2020,,83
29188572,Lolland Kommune,Værnemiddeldepotet,Tornskadevej 12,4900,Nakskov,01/11 - 2020,,3
29188572,Lolland Kommune,International skole,Skimminge 21,4930,Maribo,01/12 - 2020,,27
29188572,Lolland Kommune,Specialskolen Horslunde,Pederstrupvej 22,4913,Horslunde,01/08 - 2020,,29
29188572,Lolland Kommune,Specialskolen Nakskov,Nørrevold 13,4900,Nakskov,01/08 - 2020,,11
29188572,Lolland Kommune,Specialskolen Østofte,Østofte Gade 42,4951,Nørreballe,01/08 - 2020,,20
29188572,Lolland Kommune,Specialskolen Centerafdelingen,Blæsenborg Allé 10,4930,Maribo,01/08 - 2020,,48
29188572,Lolland Kommune,Rusmiddelcenter Lolland,Engvej 2,4970,Rødby,01/08 - 2021,,2
29188572,Lolland Kommune,Team Sydvest,Skolevej 1,4900,Nakskov,01/01 - 2022,,33
29188572,Lolland Kommune,Femern Agency,Strandholmsøvej 8,4970,Rødby,01/08 - 2021,,4
29188572,Lolland Kommune,Køkken Nakskov,Helgenæsvej 10,4900,Nakskov,01/11 - 2022,,9
29188572,Lolland Kommune,Kantiner Maribo,Søndre Boulevard 84,4930,Maribo,01/11 - 2022,,3
29188572,Lolland Kommune,Specialbørnehaven Lolland,Blæsenborg Allé 10B,4930,Maribo,01/01 - 2023,,10
29188572,Lolland Kommune,Familiehus Lolland,Anemonevej 4,4900,Nakskov,01/04 - 2023,,2
29188572,Lolland Kommune,Dagplejen Team Nord,Skibsværftsvej 4,4900,Nakskov,01/01 - 2023,,22
29188572,Lolland Kommune,Team sygepleje specialiserede pladser,Blomsterparken 70,4970,Rødby,01/06 - 2023,,34
29188572,Lolland Kommune,Team Vikar og Team Rengøring - Ældre og Sundhed,Tornskadevej 12,4900,Nakskov,01/10 - 2023,,25
29188572,Lolland Kommune,Toftegård Jernbanegade,Jernbanegade 14,4930,Maribo,01/11 - 2023,,4
29188572,Lolland Kommune,Nakskov Idrætscenter,A. E. Hansensvej 1,4900,Nakskov,01/01 - 2024,,30
29188572,Lolland Kommune,Team Søerne - Ældre og Sundhed,Søndre Boulevard 80B,4930,Maribo,01/01 - 2024,,31
29188572,Lolland Kommune,"Børn, Unge og Familie, Maribo",Jernbanegade 7,4930,Maribo,01/01 - 2024,,32
29188572,Lolland Kommune,Ungeindsats,Søvej 6,4900,Nakskov,01/09 - 2024,,33
29188572,Lolland Kommune,Dagplejere Lolland,Jernbanegade 7,4930,Maribo,01/09 - 2024,,37
29188572,Lolland Kommune,Kantine Jernbanegade (Maribo),Jernbanegade 7,4930,Maribo,01/04 - 2025,,2
29188572,Lolland Kommune,Ungecenter Lolland (Arbejdsmarked),Nørrevang 19D,4930,Maribo,01/01 - 2025,,1
29188572,Lolland Kommune,Lolland Ungdomsskole. Fejø Ungdomsklub,Herredsvej 192,4944,Fejø,18/02 - 2010,,0
29188572,Lolland Kommune,Turbåden Anemonen,Torvet 3,4930,Maribo,11/05 - 2010,,1
29188572,Lolland Kommune,Nakskov lokalhistorisk Arkiv,Jernbanegade 8,4900,Nakskov,05/11 - 2010,,1
29188572,Lolland Kommune,Birket Kulturhus,Bandholmvej 99,4943,Torrig L,05/11 - 2010,,1
29188572,Lolland Kommune,Teknisk Service Rødbyhavn (Fiat),Færgevej 17,4970,Rødby,01/06 - 2011,,1
29188572,Lolland Kommune,Fejø Musikskole,Herredsvej 192,4944,Fejø,20/03 - 2012,,1
29188572,Lolland Kommune,Ungeindsats KUI - STU,C. E. Christiansens Vej 12,4930,Maribo,08/08 - 2012,,1
29188572,Lolland Kommune,Vandloppen afdeling Solstålen,Kongeleddet 50,4970,Rødby,09/05 - 2008,,1
29188572,Lolland Kommune,Center for Handicap - Team Ungbo (Paragraf 85),"A. R. Paulsensvej 6, st. tv.",4900,Nakskov,03/05 - 2010,,1
29188572,Lolland Kommune,TOFTEGAARD DAGTILBUD. Vest + TAP Toftegård,Horslundevej 34,4900,Nakskov,28/02 - 2012,,2
29188572,Lolland Kommune,Femø Havn,Stensøvej 1,4900,Femø,01/01 - 2018,,1
29188572,Lolland Kommune,Serviceenheden Kantine Kidnakken,C. E. Christiansens Vej 12,4930,Maribo,01/06 - 2014,,2
29188572,Lolland Kommune,Neuroteam (gl Snoezelhus),Søndre Boulevard 2A,4930,Maribo,01/01 - 2015,,1
29188572,Lolland Kommune,Skovcentret,Havrevænget 24,4900,Nakskov,01/01 - 2025,,
29188572,Lolland Kommune,IS LF-Brandvæsen,Skibevej 2,4930,Maribo,01/05 - 2015,,0
29188572,Lolland Kommune,Projekt - Boligsocial Helhedsplan,"Birkevænget 13, 1. th.",4900,Nakskov,01/01 - 2016,,1
29188572,Lolland Kommune,Lodshuset Albuen,Albuen 3,4900,Nakskov,01/01 - 2016,,0
29188572,Lolland Kommune,Købelev Kulturcenter,Provstegårdsvej 11,4900,Nakskov,01/01 - 2016,,1
29188572,Lolland Kommune,Teknisk Service Blomsterparken,Blomsterparken 70,4970,Rødby,01/04 - 2016,,1
29188572,Lolland Kommune,Teknisk Service Stokkemarkecentret,Toftevej 64,4952,Stokkemarke,01/04 - 2016,,0
29188572,Lolland Kommune,Neuro - Bangshaveparken - Maribo,Bangshave Parken 11,4930,Maribo,01/12 - 2017,,1
29188572,Lolland Kommune,SFO Troldhøjen,Fastings Allé 2,4900,Nakskov,22/10 - 2018,,
29188572,Lolland Kommune,Digecentret,Skolegade 1,4970,Rødby,01/01 - 2019,,
29188572,Lolland Kommune,"Lolland Sprogskole, Maribo",C. E. Christiansens Vej 12,4930,Maribo,01/01 - 2019,,
29188572,Lolland Kommune,Team Aktiveringsindsats og beskæftigelse,Løjtoftevej 205,4900,Nakskov,10/04 - 2012,,1
29188572,Lolland Kommune,M/F Smålandshavet færgen,Havnepladsen 3B,4941,Bandholm,01/01 - 2022,,
29188572,Lolland Kommune,Stokkemarke Kulturhus,Studiestræde 5,4952,Stokkemarke,01/01 - 2025,,
29188572,Lolland Kommune,Østofte Hallen,Østofte Gade 42,4951,Nørreballe,01/09 - 2025,,
29188572,Lolland Kommune,Familieringen Namsosvej,Namsosvej 7,4930,Maribo,01/01 - 2026,,
29188572,Lolland Kommune,Driftsafdeling,"Søndre Boulevard 84, 2",4930,Maribo,01/10 - 2016,,1
29188572,Lolland Kommune,PPR,Klostergade 20A,4900,Nakskov,01/08 - 2018,,2
29188572,Lolland Kommune,Byskolens SFO,A. E. Hansensvej 5,4900,Nakskov,01/01 - 2025,,
29188572,Lolland Kommune,Centerbygning Lykkesejecentret,Anlægsvej 4,4920,Søllested,01/01 - 2025,,
29188572,Lolland Kommune,Skibs- og Søfartsmuseum,Klostergade 22,4900,Nakskov,01/12 - 2023,,
29188572,Lolland Kommune,Skovbørnehaven Havørnen,Vestervej 126,4960,Holeby,01/01 - 1993,,11
29188572,Lolland Kommune,Caféen Nakskov Idrætscenter,A. E. Hansensvej 1,4900,Nakskov,01/08 - 2024,,
29188572,Lolland Kommune,Bøgelunden Plejecenter,Bøgelunden 1,4913,Horslunde,01/01 - 2025,,
29188572,Lolland Kommune,Foreningshus Brandstrup,Brandstrupvej 42,4970,Rødby,01/01 - 2025,,
29188572,Lolland Kommune,Horslunde Landsbyordning,Pederstrupvej 24,4913,Horslunde,01/01 - 2025,,
29188572,Lolland Kommune,Idrætshal Bregnevej 55,Bregnevej 55,4900,Nakskov,01/01 - 2025,,
29188572,Lolland Kommune,Søllested Bio og kulturhus,Højrebygade 62,4920,Søllested,01/01 - 2025,,
29188572,Lolland Kommune,Rødby Stadion,Østre Allé 4C,4970,Rødby,01/01 - 2025,,
29188572,Lolland Kommune,Margretecentret,Østre Boulevard 14,4930,Maribo,01/01 - 2025,,
29188572,Lolland Kommune,Spejderhusene i Maribo,Spejdervænget 1,4930,Maribo,01/01 - 2025,,
29188572,Lolland Kommune,Saften i Horslunde,Nordlundevej 6B,4913,Horslunde,01/01 - 2025,,
29188572,Lolland Kommune,Lienlund,Rødbyvej 189,4900,Nakskov,01/01 - 2025,,
29188572,Lolland Kommune,Søllested SFO 2,Birkevej 6,4920,Søllested,01/01 - 2025,,
29188572,Lolland Kommune,Willers Gård i Rødby,Vestergade 1,4970,Rødby,01/01 - 2025,,
29188572,Lolland Kommune,Ungdomshuset i Nakskov,Blegen 4,4900,Nakskov,01/01 - 2025,,
29188572,Lolland Kommune,Magasinet,"Havnegade 55, st. 1.",4900,Nakskov,01/01 - 2025,,
29188572,Lolland Kommune,Lolland Ungdomsskole .Horslunde Ungdomsklub/undervisning,Pederstrupvej 22,4913,Horslunde,01/01 - 1993,,0
29188572,Lolland Kommune,"LollandBibliotekerne, Maribo afdeling",Østre Landevej 33,4930,Maribo,01/01 - 1993,,1
29188572,Lolland Kommune,Park og Vej Aktivering,Skibsværftsvej 12,4900,Nakskov,01/01 - 1993,,2
29188572,Lolland Kommune,Holeby Ungdomsklub,Vestervej 126,4960,Holeby,01/01 - 1997,,0
29188572,Lolland Kommune,Botilbud Horslunde,Hans Fugls Vej 4,4913,Horslunde,01/01 - 1999,,1
29188572,Lolland Kommune,Bandholm Børnehus,Birketvej 94,4941,Bandholm,01/01 - 2025,,
29188572,Lolland Kommune,Administration - Lolland Kommune,Skibsværftsvej 4,4900,Nakskov,01/01 - 1993,,1
29188572,Lolland Kommune,Toftegård Dagtilbud Øst,Søndre Boulevard 86,4930,Maribo,23/10 - 2013,,1
29188572,Lolland Kommune,Naturskolen Maribosøerne,Hestehavevej 8,4930,Maribo,01/01 - 2021,,1
29188572,Lolland Kommune,Ungelinjen- Kompetencecenteret Krogsbølle,Nørrevang 19D,4930,Maribo,01/07 - 2022,,4
29188572,Lolland Kommune,Lolland Musikskole,Østre Landevej 6,4930,Maribo,01/01 - 1993,,5
29188572,Lolland Kommune,Skovsgårdsvej,Skovsgårdsvej 50,4900,Nakskov,01/01 - 1993,,17
29188572,Lolland Kommune,Maribo Skole,Skimminge 19A,4930,Maribo,01/01 - 1993,,45
29188572,Lolland Kommune,RUDBJERG HALLEN,Rudbjergvej 16B,4983,Dannemare,01/01 - 1993,,1
29188572,Lolland Kommune,Holeby Landsbyordning,Vestervej 126,4960,Holeby,01/01 - 1993,,1
29188572,Lolland Kommune,Trekløveren,Velovænget 4,4900,Nakskov,01/01 - 1993,,43
29188572,Lolland Kommune,Søllested Landsbyordning,Birkevej 1B,4920,Søllested,01/01 - 1993,,57
29188572,Lolland Kommune,Byskolen SFO,A. E. Hansensvej 1,4900,Nakskov,01/01 - 1993,,15
29188572,Lolland Kommune,Jobcenter Lolland,Lillievej 4,4900,Nakskov,01/01 - 1993,,136
29188572,Lolland Kommune,Børnebakkens Vuggestue,Namsosvej 7B,4930,Maribo,01/01 - 1993,,17
29188572,Lolland Kommune,Riddersborg,Enehøjevej 47,4900,Nakskov,01/01 - 1993,,20
29188572,Lolland Kommune,ASKØ FÆRGE,Havnepladsen 3B,4941,Bandholm,01/01 - 1993,,12
29188572,Lolland Kommune,Team Helgenæs - Ældre & Sundhed,Helgenæsvej 10,4900,Nakskov,01/01 - 1993,,35
29188572,Lolland Kommune,Lolland Ungdomsskole. Administration/Maribo Ungdomsklub/Undervisning/juniorklub,Nørrevang 19A,4930,Maribo,01/01 - 1993,,24
29188572,Lolland Kommune,Team Kirsebærhaven - Ældre & Sundhed,Blomsterparken 70,4970,Rødby,01/01 - 1993,,25
29188572,Lolland Kommune,Tandplejen Maribo,Søndre Boulevard 84,4930,Maribo,01/01 - 1993,,12
29188572,Lolland Kommune,Rydsmarken,Skovvænget 2,4930,Maribo,01/01 - 1993,,52
29188572,Lolland Kommune,Maribo Skole Blæsenborgafdelingen,Blæsenborg Allé 10,4930,Maribo,01/01 - 1993,,73
29188572,Lolland Kommune,Stormarkskolen,Fastings Allé 1,4900,Nakskov,01/01 - 1993,,89
29188572,Lolland Kommune,Søndersø-Center for neuropædagogik,Søndre Boulevard 2A,4930,Maribo,01/01 - 1993,,66
29188572,Lolland Kommune,Byskolen,Nørrevold 13,4900,Nakskov,01/01 - 1993,,89
29188572,Lolland Kommune,Park & Vej Maribo,Østre Landevej 37,4930,Maribo,01/01 - 1993,,28
29188572,Lolland Kommune,Team Lykkeseje - Ældre & Sundhed,Anlægsvej 4,4920,Søllested,01/01 - 1993,,47
29188572,Lolland Kommune,Lolland Kommune Administrationsbygningen Maribo,Jernbanegade 7,4930,Maribo,01/01 - 1993,,252
29188572,Lolland Kommune,Østofte Landsbyordning,Østofte Gade 42,4951,Nørreballe,01/01 - 1993,,37
29188572,Lolland Kommune,Team Sandby/vikar - Ældre & Sundhed,Fredensvej 10,4912,Harpelunde,01/01 - 1993,,37
29188572,Lolland Kommune,Rødby Skole,Byskolevej 1,4970,Rødby,01/01 - 1993,,80
29188572,Lolland Kommune,Horslunde Landsbyordning,Pederstrupvej 22,4913,Horslunde,01/01 - 1993,,2
29188572,Lolland Kommune,Fejø og Femø Færgerne,Kragenæsvej 79,4943,Torrig L,01/01 - 1993,,38
29188572,Lolland Kommune,Team Bøgelunden - Ældre & Sundhed,Bøgelunden 23,4913,Horslunde,01/01 - 1993,,26
29188572,Lolland Kommune,Stjernehuset,Hans Fugls Vej 1,4913,Horslunde,01/01 - 1993,,13
29188572,Lolland Kommune,Lolland Ungdomsskole. Rødby Ungdomsklub/undervisning/juniorklub,Vestergade 42,4970,Rødby,01/01 - 1993,,14
29188572,Lolland Kommune,Teknik og Miljømyndighed,Søndre Boulevard 84,4930,Maribo,01/01 - 1993,,73
11814913,LUNDBECKFONDEN,LUNDBECKFONDEN,Scherfigsvej 7,2100,København Ø,01/01 - 1970,,36
20213094,LAGKAGEHUSET A/S,Lagkagehuset A/S,Vesterbrogade 4A,1620,København V,24/08 - 2009,25/08 - 2009,
20213094,LAGKAGEHUSET A/S,Lagkagehuset A/S,Teaterstien 2A,6100,Haderslev,24/08 - 2009,25/08 - 2009,
20213094,LAGKAGEHUSET A/S,Schilder A/S,Vesterbrogade 4A,1620,København V,29/03 - 2006,06/06 - 2006,10-19
20213094,LAGKAGEHUSET A/S,LAGKAGEHUSET - CPH 3 - ARKADEN,Lufthavnsboulevarden 6B,2770,Kastrup,21/05 - 2013,30/09 - 2018,1
20213094,LAGKAGEHUSET A/S,Lagkagehuset - 302 Amerikavej,Amerikavej 21,1756,København V,15/04 - 2019,05/11 - 2024,1
20213094,LAGKAGEHUSET A/S,Lagkagehuset - 285 Nærum 1,"Nærumvænge Torv 11, st",2850,Nærum,02/09 - 2014,07/10 - 2024,7
20213094,LAGKAGEHUSET A/S,Lagkagehuset - 871 Horsens,Sønderbrogade 95A,8700,Horsens,17/03 - 2016,29/05 - 2024,1
20213094,LAGKAGEHUSET A/S,Lagkagehuset - 001/991 - Dortheavej,Dortheavej 10,2400,København NV,01/01 - 1997,,88
20213094,LAGKAGEHUSET A/S,Lagkagehuset - 201 Falkonér Alle 4,Falkoner Alle 4,2000,Frederiksberg,26/08 - 1983,,15
20213094,LAGKAGEHUSET A/S,Lagkagehuset - 611 Haderslev,Teaterstien 2A,6100,Haderslev,24/08 - 2009,,45
20213094,LAGKAGEHUSET A/S,Lagkagehuset - 621 Aabenraa,H P Hanssens Gade 25,6200,Aabenraa,24/08 - 2009,,49
20213094,LAGKAGEHUSET A/S,Lagkagehuset - 221 Vesterbrogade,Vesterbrogade 4A,1620,København V,24/08 - 2009,,10
20213094,LAGKAGEHUSET A/S,Lagkagehuset - 101 Torvegade,Torvegade 45,1400,København K,24/08 - 2009,,41
20213094,LAGKAGEHUSET A/S,Lagkagehuset - 211 Dampfærgevej,Dampfærgevej 9,2100,København Ø,03/11 - 2009,,11
20213094,LAGKAGEHUSET A/S,Lagkagehuset - 111 Kultorvet,Frederiksborggade 6,1360,København K,01/06 - 2010,,34
20213094,LAGKAGEHUSET A/S,Lagkagehuset - 131 Værnedamsvej,Værnedamsvej 1,1819,Frederiksberg C,01/04 - 2010,,26
20213094,LAGKAGEHUSET A/S,Lagkagehuset - 291 Hellerup,Strandvejen 100,2900,Hellerup,01/01 - 2009,,25
20213094,LAGKAGEHUSET A/S,Lagkagehuset - 121 Strøget,"Frederiksberggade 23, st. tv.",1459,København K,01/06 - 2010,,25
20213094,LAGKAGEHUSET A/S,Lagkagehuset - 281 Lyngby,Lyngby Hovedgade 43,2800,Kgs. Lyngby,01/04 - 2011,,35
20213094,LAGKAGEHUSET A/S,Lagkagehuset - 641 Sønderborg,Jernbanegade 28,6400,Sønderborg,22/03 - 2011,,30
20213094,LAGKAGEHUSET A/S,Lagkagehuset - 241 Nørrebro,Nørrebrogade 120,2200,København N,23/09 - 2011,,27
20213094,LAGKAGEHUSET A/S,Lagkagehuset - 190 Øster fælled,Østerfælled Torv 22,2100,København Ø,23/09 - 2011,,19
20213094,LAGKAGEHUSET A/S,Lagkagehuset - 271 CPH 1,Lufthavnsboulevarden 6,2770,Kastrup,23/09 - 2011,,76
20213094,LAGKAGEHUSET A/S,Lagkagehuset - 231 Hovedbanegården,Bernstorffsgade 16,1577,København V,19/01 - 2012,,33
20213094,LAGKAGEHUSET A/S,Lagkagehuset - 651 Fredericia,Vejlevej 55,7000,Fredericia,21/12 - 2011,,59
20213094,LAGKAGEHUSET A/S,Lagkagehuset - 661 Rødekro,Hærvejen 18,6230,Rødekro,21/08 - 2012,,19
20213094,LAGKAGEHUSET A/S,Lagkagehuset - 261 Ny Østergade,"Ny Østergade 12, st",1101,København K,28/09 - 2012,,25
20213094,LAGKAGEHUSET A/S,Lagkagehuset - 671 Vejle,"Torvegade 2, st",7100,Vejle,14/11 - 2012,,21
20213094,LAGKAGEHUSET A/S,Lagkagehuset - 631 Kolding,Lyshøj Alle 8,6000,Kolding,30/11 - 2012,,19
20213094,LAGKAGEHUSET A/S,Lagkagehuset - 511 Middelfart,Østergade 14,5500,Middelfart,14/03 - 2013,,21
20213094,LAGKAGEHUSET A/S,Lagkagehuset - 801 Aarhus,M.P. Bruuns Gade 34,8000,Aarhus C,08/04 - 2013,,24
20213094,LAGKAGEHUSET A/S,Lagkagehuset - 501 Odense,Vestergade 1,5000,Odense C,22/04 - 2013,,19
20213094,LAGKAGEHUSET A/S,Lagkagehuset - 251 Vanløse,Jernbane Allé 52,2720,Vanløse,22/04 - 2013,,1
20213094,LAGKAGEHUSET A/S,Lagkagehuset - 273 CPH 2 T3AIR,Lufthavnsboulevarden 6,2770,Kastrup,14/05 - 2013,,38
20213094,LAGKAGEHUSET A/S,Lagkagehuset - 881 Viborg,Jegstrupvej 16,8800,Viborg,04/09 - 2013,,31
20213094,LAGKAGEHUSET A/S,Lagkagehuset - 781 Skive,Sdr Boulevard 7,7800,Skive,21/10 - 2013,,21
20213094,LAGKAGEHUSET A/S,Lagkagehuset - 293 Charlottenlund,Jægersborg Alle 4,2920,Charlottenlund,29/11 - 2013,,19
20213094,LAGKAGEHUSET A/S,Lagkagehuset - 932 Aalborg,Otto Mønsteds Vej 1,9200,Aalborg SV,17/06 - 2014,,37
20213094,LAGKAGEHUSET A/S,Lagkagehuset - 283 Lyngby Station,Jernbanepladsen 47B,2800,Kgs. Lyngby,12/08 - 2014,,13
20213094,LAGKAGEHUSET A/S,Lagkagehuset - 223 Sortedam,Sortedam Dossering 9,2200,København N,02/09 - 2014,,24
20213094,LAGKAGEHUSET A/S,Lagkagehuset - 203 Nordre Frihavnsgade,Nordre Frihavnsgade 28,2100,København Ø,21/04 - 2015,,24
20213094,LAGKAGEHUSET A/S,Lagkagehuset - 635 Gråsten,Ulsnæs 10,6300,Gråsten,09/06 - 2015,,20
20213094,LAGKAGEHUSET A/S,Lagkagehuset - 658 Vamdrup,Nørregade 8A,6580,Vamdrup,23/06 - 2015,,16
20213094,LAGKAGEHUSET A/S,Lagkagehuset - 280 Falkoner Allé 80,Falkoner Alle 80,2000,Frederiksberg,11/08 - 2015,,21
20213094,LAGKAGEHUSET A/S,Lagkagehuset - 861 Silkeborg,Nørrevænget 34,8600,Silkeborg,01/09 - 2015,,47
20213094,LAGKAGEHUSET A/S,Lagkagehuset - 633 Kolding 2,Sydbanegade 13,6000,Kolding,15/09 - 2015,,24
20213094,LAGKAGEHUSET A/S,Lagkagehuset - 233 Amagerbrogade,Amagerbrogade 148,2300,København S,06/10 - 2015,,16
20213094,LAGKAGEHUSET A/S,Lagkagehuset - 614 Haderslev Meny,Gåskærgade 38,6100,Haderslev,02/11 - 2015,,16
20213094,LAGKAGEHUSET A/S,Lagkagehuset - 863 Skanderborg,Adelgade 85A,8660,Skanderborg,15/12 - 2015,,2
20213094,LAGKAGEHUSET A/S,Lagkagehuset - 503 Dalumvej Odense,Dalumvej 5,5250,Odense SV,05/02 - 2016,,20
20213094,LAGKAGEHUSET A/S,Lagkagehuset - 296 Rungsted,Rungsted Bytorv 4 111.,2960,Rungsted Kyst,08/03 - 2016,,12
20213094,LAGKAGEHUSET A/S,Lagkagehuset - 235 Vermlandsgade,Vermlandsgade 51,2300,København S,22/03 - 2016,,9
20213094,LAGKAGEHUSET A/S,Lagkagehuset - 284 Nærumvænge Torv,Nærumvænge Torv 18,2850,Nærum,12/04 - 2016,,21
20213094,LAGKAGEHUSET A/S,Lagkagehuset - 289 Søborg Hovedgade,Søborg Hovedgade 108,2860,Søborg,12/04 - 2016,,1
20213094,LAGKAGEHUSET A/S,Lagkagehuset - 711 Vejle DTC,Dtc Torvet 20,7100,Vejle,03/05 - 2016,,10
20213094,LAGKAGEHUSET A/S,Lagkagehuset - 824 Risskov,Nordre Strandvej 45,8240,Risskov,02/08 - 2016,,17
20213094,LAGKAGEHUSET A/S,Lagkagehuset - 846 Galten,Søndergade 47,8464,Galten,09/08 - 2016,,8
20213094,LAGKAGEHUSET A/S,Lagkagehuset - 505 Odense Meny,Mågebakken 4-54,5250,Odense SV,20/09 - 2016,,12
20213094,LAGKAGEHUSET A/S,Lagkagehuset - 305 Virum,Geels Plads 20,2830,Virum,27/10 - 2016,,19
20213094,LAGKAGEHUSET A/S,Lagkagehuset - 303 Bagsværd,Bagsværd Hovedgade 128,2880,Bagsværd,14/10 - 2016,,24
20213094,LAGKAGEHUSET A/S,Lagkagehuset - 865 Kjellerup,Bryggerstræde 9,8620,Kjellerup,01/11 - 2016,,12
20213094,LAGKAGEHUSET A/S,Lagkagehuset - 263 Rødovre,"Rødovre Centrum 1C, st. 134.",2610,Rødovre,12/11 - 2016,,17
20213094,LAGKAGEHUSET A/S,Lagkagehuset - 351 Værløse,Bymidten 23,3500,Værløse,22/11 - 2016,,14
20213094,LAGKAGEHUSET A/S,Lagkagehuset - 179 Carlsberg Byen,Tapperitorvet 26,1799,København V,01/12 - 2016,,21
20213094,LAGKAGEHUSET A/S,Lagkagehuset - 401 Roskilde,Algade 6,4000,Roskilde,31/01 - 2017,,17
20213094,LAGKAGEHUSET A/S,Lagkagehuset - 287 Søborg Hovedgade 102,Søborg Hovedgade 102,2860,Søborg,07/02 - 2017,,25
20213094,LAGKAGEHUSET A/S,Lagkagehuset - 253 Valby Langgade,Valby Langgade 67,2500,Valby,14/02 - 2017,,18
20213094,LAGKAGEHUSET A/S,Lagkagehuset - 109 Kongens Nytorv,Kongens Nytorv 13,1050,København K,02/05 - 2017,,28
20213094,LAGKAGEHUSET A/S,Lagkagehuset - 265 Vallensbæk,Vallensbæk Stationstorv 1,2665,Vallensbæk Strand,16/05 - 2017,,20
20213094,LAGKAGEHUSET A/S,Lagkagehuset - 267 Solrød Strand,Solrød Strandvej 66,2680,Solrød Strand,23/05 - 2017,,17
20213094,LAGKAGEHUSET A/S,Lagkagehuset - 297 Hørsholm,Syrenvej 2,2970,Hørsholm,11/07 - 2017,,27
20213094,LAGKAGEHUSET A/S,Lagkagehuset - 803 Aarhus Magasin,Immervad 2,8000,Aarhus C,17/08 - 2017,,20
20213094,LAGKAGEHUSET A/S,"Lagkagehuset - 277 CPH 4, FA Gate 2",Lufthavnsboulevarden 5,2770,Kastrup,28/09 - 2017,,32
20213094,LAGKAGEHUSET A/S,Lagkagehuset - 300 Priorparken,Priorparken 839,2605,Brøndby,01/11 - 2017,,190
20213094,LAGKAGEHUSET A/S,Lagkagehuset - 278 Vanløse Kronen,Vanløse Torv 1,2720,Vanløse,12/10 - 2017,,25
20213094,LAGKAGEHUSET A/S,Lagkagehuset - 740 Herning,Poulsgade 2,7400,Herning,31/10 - 2017,,18
20213094,LAGKAGEHUSET A/S,Lagkagehuset - 127 Grønningen,Grønningen 1,1270,København K,24/10 - 2017,,18
20213094,LAGKAGEHUSET A/S,Lagkagehuset - 981 Hjørring Meny,Frederikshavnsvej 42,9800,Hjørring,14/11 - 2017,,16
20213094,LAGKAGEHUSET A/S,Lagkagehuset - 236 Amager Strandpark,Amager Strandvej 112,2300,København S,12/12 - 2017,,15
20213094,LAGKAGEHUSET A/S,Lagkagehuset - 891 Randers,Torvegade 2,8900,Randers C,05/12 - 2017,,13
20213094,LAGKAGEHUSET A/S,Lagkagehuset - 346 Birkerød,Vasevej 119A,3460,Birkerød,01/01 - 2018,,11
20213094,LAGKAGEHUSET A/S,Lagkagehuset - 239 Islands Brygge,"Islands Brygge 43, st",2300,København S,01/02 - 2018,,24
20213094,LAGKAGEHUSET A/S,Lagkagehuset - 294 Ordrup Meny,Ordrupvej 60,2920,Charlottenlund,01/02 - 2018,,12
20213094,LAGKAGEHUSET A/S,Lagkagehuset - 715 Vejle Station,Banegårdspladsen 3B,7100,Vejle,31/08 - 2018,,22
20213094,LAGKAGEHUSET A/S,Lagkagehuset - 821 Risskov,Grenåvej 275,8240,Risskov,31/08 - 2018,,29
20213094,LAGKAGEHUSET A/S,Lagkagehuset - 873 Lokeallé,Lokesalle 30,8700,Horsens,31/08 - 2018,,60
20213094,LAGKAGEHUSET A/S,Lagkagehuset - 807 Thorvaldsensgade,"Thorvaldsensgade 26, st",8000,Aarhus C,31/08 - 2018,,13
20213094,LAGKAGEHUSET A/S,Lagkagehuset - 805 Langenæs,Langenæs Allé 14,8000,Aarhus C,31/08 - 2018,,58
20213094,LAGKAGEHUSET A/S,Lagkagehuset - 827 Højbjerg,Rosenvangs Allé 187,8270,Højbjerg,31/08 - 2018,,15
20213094,LAGKAGEHUSET A/S,Lagkagehuset - 213 Nordhavn Meny,Southamptongade 2,2150,Nordhavn,25/09 - 2018,,16
20213094,LAGKAGEHUSET A/S,Lagkagehuset - 507 Odense Vesterport,"Rugårdsvej 2, 3. 1.",5000,Odense C,21/09 - 2018,,20
20213094,LAGKAGEHUSET A/S,Lagkagehuset - 712 Bredballe,Bredballe Center 33,7120,Vejle Øst,01/08 - 2018,,22
20213094,LAGKAGEHUSET A/S,Lagkagehuset - 742 Herning MENY,Dæmningen 17,7400,Herning,07/01 - 2019,,12
20213094,LAGKAGEHUSET A/S,Lagkagehuset - 703 Fredericia Meny,Indre Ringvej 25,7000,Fredericia,22/01 - 2019,,7
20213094,LAGKAGEHUSET A/S,Lagkagehuset - 901 Østre Havn Meny,Østre Havnegade 15,9000,Aalborg,22/01 - 2019,,14
20213094,LAGKAGEHUSET A/S,Lagkagehuset - 280 Holte,Holte Stationsvej 12A,2840,Holte,01/02 - 2019,,15
20213094,LAGKAGEHUSET A/S,Lagkagehuset - 461 Køge,Rådhusstræde 8E,4600,Køge,01/02 - 2019,,17
20213094,LAGKAGEHUSET A/S,Lagkagehuset - 903 Aalborg Magasin,Rendsburggade 2,9000,Aalborg,19/03 - 2019,,15
20213094,LAGKAGEHUSET A/S,Lagkagehuset - 867 Skanderborg Meny,Højvang Centret 4,8660,Skanderborg,07/05 - 2019,,12
20213094,LAGKAGEHUSET A/S,Lagkagehuset - 341 Hillerød Station,Søndre Jernbanevej 32,3400,Hillerød,01/05 - 2019,,18
20213094,LAGKAGEHUSET A/S,Lagkagehuset - 307 Espergærde Meny,Øster Torv 1,3060,Espergærde,01/06 - 2019,,19
20213094,LAGKAGEHUSET A/S,Lagkagehuset - 883 Viborg Meny,Fabrikvej 2,8800,Viborg,01/06 - 2019,,15
20213094,LAGKAGEHUSET A/S,CHP 5,Lufthavnsboulevarden 4,2770,Kastrup,01/08 - 2019,,15
20213094,LAGKAGEHUSET A/S,CPH 6,Lufthavnsboulevarden 7,2770,Kastrup,01/08 - 2019,,3
20213094,LAGKAGEHUSET A/S,Ørestad,Kay Fiskers Plads 9,2300,København S,01/10 - 2019,,29
20213094,LAGKAGEHUSET A/S,Holbæk,Ahlgade 53,4300,Holbæk,01/12 - 2019,,16
20213094,LAGKAGEHUSET A/S,Horsens LG Torv,Lilli Gyldenkildes Torv 5,8700,Horsens,01/05 - 2020,,20
20213094,LAGKAGEHUSET A/S,Butik Brønshøj,Frederikssundsvej 175,2700,Brønshøj,01/11 - 2020,,16
20213094,LAGKAGEHUSET A/S,Aabybro,Aabybro Centret 12,9440,Aabybro,26/05 - 2021,,9
20213094,LAGKAGEHUSET A/S,Lagkagehuset 245 Sluseholmen,Sluseholmen 14,2450,København SV,06/10 - 2021,,25
20213094,LAGKAGEHUSET A/S,Lagkagehuset 237 Fields,Arne Jacobsens Allé 12,2300,København S,04/12 - 2021,,2
20213094,LAGKAGEHUSET A/S,Lagkagehuset 279 Dragør,Kongevejen 9B,2791,Dragør,01/12 - 2021,,14
20213094,LAGKAGEHUSET A/S,Lagkagehuset 893 Randers 2,Messingvej 6,8940,Randers SV,17/03 - 2022,,16
20213094,LAGKAGEHUSET A/S,Lagkagehuset 269 Skovlunde,Bybuen 32,2740,Skovlunde,23/06 - 2022,,12
20213094,LAGKAGEHUSET A/S,Lagkagehuset 123 Illum,Østergade 52,1100,København K,10/08 - 2022,,13
20213094,LAGKAGEHUSET A/S,Lagkagehuset 264 Rødovre Port,Rødovre Port 13,2610,Rødovre,25/11 - 2022,,12
20213094,LAGKAGEHUSET A/S,Lagkagehuset - 826 Risskov,"Vindrosen 37, st",8240,Risskov,01/02 - 2025,,9
20213094,LAGKAGEHUSET A/S,Lagkagehuset - Horsens Meny - 876,Jenny Kammersgaards Vej 2,8700,Horsens,15/04 - 2025,,10
20213094,LAGKAGEHUSET A/S,Lagkagehuset - Karlslunde Meny 260,Karlslunde Parkvej 7,2690,Karlslunde,01/10 - 2025,,11
20213094,LAGKAGEHUSET A/S,Lagkagehuset - Rønnede Meny 468,Vordingborgvej 517,4683,Rønnede,24/09 - 2025,,16
20213094,LAGKAGEHUSET A/S,Lagkagehuset - 403 Roskilde Meny,Skomagergade 11,4000,Roskilde,28/10 - 2025,,9
20213094,LAGKAGEHUSET A/S,Lagkagehuset - 471 Meny Næstved,Østergade 11,4700,Næstved,11/11 - 2025,,11
20213094,LAGKAGEHUSET A/S,Lagkagehuset - 636 Kolding Meny,Domhusgade 6,6000,Kolding,28/01 - 2026,,11
20213094,LAGKAGEHUSET A/S,Lagkagehuset - 469 Haslev Meny,Stationspladsen 4,4690,Haslev,11/03 - 2026,,9
20213094,LAGKAGEHUSET A/S,Lagkagehuset - 343 Meny Hillerød,Fredskovhellet 1A,3400,Hillerød,06/02 - 2026,,8
20213094,LAGKAGEHUSET A/S,Lagkagehuset - 433 Holbæk Meny,Smedelundsgade 24,4300,Holbæk,25/02 - 2026,,5
20213094,LAGKAGEHUSET A/S,Lagkagehuset - 876 Horsens,"Jenny Kammersgaards Vej 21, 2. 2.",8700,Horsens,19/05 - 2025,,
20213094,LAGKAGEHUSET A/S,Lagkagehuset - 339 Meny Hundested,Nørregade 11,3390,Hundested,30/05 - 2026,,
21643939,LEVERANDØRSELSKABET DANISH CROWN AMBA,SLAGTERISELSKABET DANISH CROWN AMBA,Marsvej 43,8900,Randers C,11/03 - 1999,09/02 - 2000,
21643939,LEVERANDØRSELSKABET DANISH CROWN AMBA,DANISH CROWN AMBA,Axeltorv 3,1609,København V,01/10 - 2001,01/10 - 2001,
21643939,LEVERANDØRSELSKABET DANISH CROWN AMBA,Danish Crown,Lykkegårdvej 8,,,19/12 - 2001,31/12 - 2001,
21643939,LEVERANDØRSELSKABET DANISH CROWN AMBA,DANISH CROWN AMBA,Møllevej 12B,9440,Aabybro,01/10 - 2001,01/10 - 2001,
21643939,LEVERANDØRSELSKABET DANISH CROWN AMBA,Slagteriselskabet Danish Crown AMBA,Danmarksgade 22,7400,Herning,01/01 - 2000,01/01 - 2000,
21643939,LEVERANDØRSELSKABET DANISH CROWN AMBA,DANISH CROWN AMBA,Gammelby Ringvej 1,6700,Esbjerg,10/02 - 2000,31/12 - 2010,1000-999999
21643939,LEVERANDØRSELSKABET DANISH CROWN AMBA,Slagteriselskabet Danish Crown AMBA Dane Beef Kreaturdivision,Industrivej 2,7200,Grindsted,10/02 - 2000,29/02 - 2000,0
21643939,LEVERANDØRSELSKABET DANISH CROWN AMBA,DANISH CROWN AMBA,Andr Steenbergs Plads 4,8700,Horsens,10/02 - 2000,31/12 - 2006,10-19
21643939,LEVERANDØRSELSKABET DANISH CROWN AMBA,DANISH CROWN AMBA,Haslevej 19,3700,Rønne,01/01 - 1987,31/12 - 2010,200-499
21643939,LEVERANDØRSELSKABET DANISH CROWN AMBA,DANISH CROWN AMBA,Rugårdsvej 5,5000,Odense C,10/02 - 2000,01/01 - 2006,20-49
21643939,LEVERANDØRSELSKABET DANISH CROWN AMBA,DANISH CROWN AMBA,Brårupgade 3,7800,Skive,10/02 - 2000,31/12 - 2010,200-499
21643939,LEVERANDØRSELSKABET DANISH CROWN AMBA,DANISH CROWN AMBA,Jens Holms Vej 43,6000,Kolding,10/02 - 2000,30/06 - 2008,10-19
21643939,LEVERANDØRSELSKABET DANISH CROWN AMBA,DANISH CROWN AMBA,Østre Alle 4,9560,Hadsund,10/02 - 2000,31/12 - 2010,100-199
21643939,LEVERANDØRSELSKABET DANISH CROWN AMBA,DANISH CROWN AMBA,Wenbovej 9,9300,Sæby,10/02 - 2000,31/12 - 2010,500-999
21643939,LEVERANDØRSELSKABET DANISH CROWN AMBA,DANISH CROWN AMBA,Trekronervej 8,8800,Viborg,10/02 - 2000,14/09 - 2010,5-9
21643939,LEVERANDØRSELSKABET DANISH CROWN AMBA,Slagteriselskabet Danish Crown AMBA Dane Beef Kreaturdivision,Garverland 12,6372,Bylderup-Bov,10/02 - 2000,10/02 - 2000,20-49
21643939,LEVERANDØRSELSKABET DANISH CROWN AMBA,DANISH CROWN AMBA,Bragesvej 18,4100,Ringsted,22/11 - 1976,31/12 - 2010,1000-999999
21643939,LEVERANDØRSELSKABET DANISH CROWN AMBA,DANISH CROWN AMBA,Vendersgade 23-25,7500,Holstebro,10/02 - 2000,31/12 - 2010,500-999
21643939,LEVERANDØRSELSKABET DANISH CROWN AMBA,DANISH CROWN AMBA,Havnegade 40,7620,Lemvig,10/02 - 2000,31/12 - 2001,10-19
21643939,LEVERANDØRSELSKABET DANISH CROWN AMBA,DANISH CROWN AMBA,Svanningevej 1,9220,Aalborg Øst,10/02 - 2000,31/12 - 2010,100-199
21643939,LEVERANDØRSELSKABET DANISH CROWN AMBA,DANISH CROWN AMBA,Vendersgade 40,7500,Holstebro,10/02 - 2000,31/12 - 2010,20-49
21643939,LEVERANDØRSELSKABET DANISH CROWN AMBA,DANISH CROWN AMBA,Toftegade 48,7760,Hurup Thy,10/02 - 2000,15/09 - 2010,5-9
21643939,LEVERANDØRSELSKABET DANISH CROWN AMBA,DANISH CROWN AMBA,Ellehammersvej 7,7100,Vejle,10/02 - 2000,31/12 - 2006,5-9
21643939,LEVERANDØRSELSKABET DANISH CROWN AMBA,DANISH CROWN AMBA,Trekanten 23,6500,Vojens,10/02 - 2000,15/09 - 2010,200-499
21643939,LEVERANDØRSELSKABET DANISH CROWN AMBA,DANISH CROWN AMBA,Brårupgade 3,7800,Skive,01/05 - 1999,31/01 - 2006,5-9
21643939,LEVERANDØRSELSKABET DANISH CROWN AMBA,DANISH CROWN AMBA,Tulipvej 10,7100,Vejle,01/01 - 2006,31/12 - 2009,5-9
21643939,LEVERANDØRSELSKABET DANISH CROWN AMBA,DANISH CROWN AMBA,Østergade 15,8850,Bjerringbro,10/02 - 2000,31/01 - 2005,20-49
21643939,LEVERANDØRSELSKABET DANISH CROWN AMBA,DANISH CROWN AMBA,Vølundsvej 5,4300,Holbæk,01/01 - 1987,31/01 - 2009,10-19
21643939,LEVERANDØRSELSKABET DANISH CROWN AMBA,Slagteriselskabet Danish Crown AMBA Ansager afdeling,Åvænget 9,6823,Ansager,10/02 - 2000,10/02 - 2000,50-99
21643939,LEVERANDØRSELSKABET DANISH CROWN AMBA,DANISH CROWN AMBA,Slagterivej 2,7200,Grindsted,10/02 - 2000,01/01 - 2006,100-199
21643939,LEVERANDØRSELSKABET DANISH CROWN AMBA,Danish Crown,Ndr. Havnevej 1,6000,Kolding,02/11 - 2006,31/12 - 2010,50-99
21643939,LEVERANDØRSELSKABET DANISH CROWN AMBA,DANISH CROWN AMBA,Havnegade 5,5600,Faaborg,10/02 - 2000,04/04 - 2011,200-499
21643939,LEVERANDØRSELSKABET DANISH CROWN AMBA,DANISH CROWN AMBA,Langbro 7,6400,Sønderborg,10/02 - 2000,31/12 - 2010,500-999
21643939,LEVERANDØRSELSKABET DANISH CROWN AMBA,DANISH CROWN AMBA,Wenbovej 11,9800,Hjørring,10/02 - 2000,31/05 - 2005,20-49
21643939,LEVERANDØRSELSKABET DANISH CROWN AMBA,DANISH CROWN AMBA,Erhvervsparken 2,7280,Sønder Felding,01/06 - 2007,09/05 - 2011,20-49
21643939,LEVERANDØRSELSKABET DANISH CROWN AMBA,DANISH CROWN AMBA,Åbenråvej 11,6780,Skærbæk,10/02 - 2000,31/12 - 2010,100-199
21643939,LEVERANDØRSELSKABET DANISH CROWN AMBA,DANISH CROWN AMBA,Axeltorv 3,1609,København V,01/01 - 1984,31/12 - 2004,0
21643939,LEVERANDØRSELSKABET DANISH CROWN AMBA,DANISH CROWN AMBA,Erhvervsparken 2,7280,Sønder Felding,21/05 - 1991,31/12 - 2003,20-49
21643939,LEVERANDØRSELSKABET DANISH CROWN AMBA,"DANISH CROWN AMBA Pølsemageri, Skive afd.",Brårupgade 3,7800,Skive,01/01 - 2001,31/12 - 2003,2-4
21643939,LEVERANDØRSELSKABET DANISH CROWN AMBA,DANISH CROWN A.M.B.A. VIGO FOOD,Strandvejen 10,8400,Ebeltoft,01/04 - 1990,31/01 - 2004,1
21643939,LEVERANDØRSELSKABET DANISH CROWN AMBA,DANISH CROWN AMBA,Ndr.Ringgade 18,4200,Slagelse,01/01 - 1987,29/02 - 2004,5-9
21643939,LEVERANDØRSELSKABET DANISH CROWN AMBA,Slagteriselskabet Danish Crown AMBA,Københavnsvej 39,4000,Roskilde,10/02 - 2000,10/02 - 2000,20-49
21643939,LEVERANDØRSELSKABET DANISH CROWN AMBA,DANISH CROWN AMBA,Ndr. Havnevej 1,6000,Kolding,10/02 - 2000,31/12 - 2003,5-9
21643939,LEVERANDØRSELSKABET DANISH CROWN AMBA,Slagteriselskabet Danish Crown AMBA,Gislumvej 20,9600,Aars,10/02 - 2000,10/02 - 2000,100-199
21643939,LEVERANDØRSELSKABET DANISH CROWN AMBA,Slagteriselskabet Danish Crown AMBA,Skivevej 43,9500,Hobro,10/02 - 2000,29/02 - 2000,5-9
21643939,LEVERANDØRSELSKABET DANISH CROWN AMBA,Slagteriselskabet Danish Crown AMBA,Slagterivej 23,8305,Samsø,10/02 - 2000,10/02 - 2000,20-49
21643939,LEVERANDØRSELSKABET DANISH CROWN AMBA,DANISH CROWN AMBA,Jernbanevej 41,8600,Silkeborg,10/02 - 2000,29/10 - 2000,100-199
21643939,LEVERANDØRSELSKABET DANISH CROWN AMBA,DANISH CROWN AMBA,Flæsketorvet 41,1711,København V,01/01 - 2003,31/12 - 2004,2-4
21643939,LEVERANDØRSELSKABET DANISH CROWN AMBA,DANISH CROWN AMBA,Vesterbrogade 30,9400,Nørresundby,10/02 - 2000,31/01 - 2005,1
21643939,LEVERANDØRSELSKABET DANISH CROWN AMBA,Slagteriselskabet Danish Crown AMBA,Halmtorvet 21,1700,København V,10/02 - 2000,10/02 - 2000,0
21643939,LEVERANDØRSELSKABET DANISH CROWN AMBA,DANISH CROWN AMBA,Helseholmen 26,2650,Hvidovre,10/02 - 2000,31/03 - 2002,20-49
21643939,LEVERANDØRSELSKABET DANISH CROWN AMBA,DANISH CROWN AMBA,Østbirkvej 2,8700,Horsens,01/01 - 2004,31/12 - 2010,1000-999999
21643939,LEVERANDØRSELSKABET DANISH CROWN AMBA,DANISH CROWN AMBA,Maagevej 30,7900,Nykøbing M,10/02 - 2000,31/12 - 2010,200-499
21643939,LEVERANDØRSELSKABET DANISH CROWN AMBA,DANISH CROWN AMBA Gimsing afd.,Kjeldsmarkvej 2,7600,Struer,10/02 - 2000,31/05 - 2009,50-99
21643939,LEVERANDØRSELSKABET DANISH CROWN AMBA,DANISH CROWN AMBA,Nygade 48,6900,Skjern,10/02 - 2000,30/04 - 2011,100-199
21643939,LEVERANDØRSELSKABET DANISH CROWN AMBA,DANISH CROWN AMBA,Danmarksgade 22,7400,Herning,10/02 - 2000,31/12 - 2010,500-999
21643939,LEVERANDØRSELSKABET DANISH CROWN AMBA,DANISH CROWN AMBA,Gl Hygumvej 5,6630,Rødding,10/02 - 2000,31/12 - 2010,200-499
21643939,LEVERANDØRSELSKABET DANISH CROWN AMBA,DANISH CROWN AMBA,Viddingherredsgade 26,6270,Tønder,10/02 - 2000,31/12 - 2010,50-99
21643939,LEVERANDØRSELSKABET DANISH CROWN AMBA,DANISH CROWN AMBA,Vendersgade 6,7500,Holstebro,10/02 - 2000,31/12 - 2010,50-99
21643939,LEVERANDØRSELSKABET DANISH CROWN AMBA,LEVERANDØRSELSKABET DANISH CROWN AMBA,Danish Crown Vej 1,8940,Randers SV,10/02 - 2000,,81
26630797,Lidl Danmark K/S,Butik 278 Vojens,Hans Grams Gade 2,6500,Vojens,17/05 - 2018,17/05 - 2018,
26630797,Lidl Danmark K/S,Butik 278 Vojens,Hans Grams Gade 2,6500,Vojens,17/05 - 2018,17/05 - 2018,
26630797,Lidl Danmark K/S,Lidl Danmark K/S,Agenavej 39,2670,Greve,01/01 - 2003,01/01 - 2003,
26630797,Lidl Danmark K/S,Butik 117 Horsens 1,Vejlevej 48,8700,Horsens,03/11 - 2011,03/11 - 2011,
26630797,Lidl Danmark K/S,Lidl Ikast,Thomas Poulsens Allè 10,7430,Ikast,06/10 - 2011,09/10 - 2011,
26630797,Lidl Danmark K/S,Lidl Danmark K/S City Vest,Gudrunsvej 75,8220,Brabrand,29/11 - 2007,29/11 - 2007,
26630797,Lidl Danmark K/S,Butik 259 Farum,Farum Bytorv 76,3520,Farum,01/09 - 2016,11/07 - 2017,
26630797,Lidl Danmark K/S,Lidl Frederikssund,A C Hansensvej 2A,3600,Frederikssund,14/07 - 2008,15/02 - 2011,
26630797,Lidl Danmark K/S,Lidl Tårnby,Amager Landevej 42,2770,Kastrup,14/07 - 2008,14/07 - 2008,
26630797,Lidl Danmark K/S,Lidl Danmark K/S - Næstved,Vordingborgvej 72,4700,Næstved,12/01 - 2007,12/01 - 2007,
26630797,Lidl Danmark K/S,Lidl Lygten,Lygten 49,2400,København NV,14/07 - 2008,14/07 - 2008,
26630797,Lidl Danmark K/S,Butik 245 Høje Taastrup,Cityringen 2,2630,Taastrup,10/02 - 2012,12/02 - 2012,
26630797,Lidl Danmark K/S,Lidl Danmark K/S-Struer,Industrivej 3,7600,Struer,30/05 - 2006,30/05 - 2006,
26630797,Lidl Danmark K/S,Thisted 207,Østerbakken 71,7700,Thisted,10/11 - 2008,10/11 - 2008,
26630797,Lidl Danmark K/S,Butik 256 - Rønne,Zahrtmannsvej 98,3700,Rønne,18/05 - 2017,20/11 - 2017,
26630797,Lidl Danmark K/S,"Butik 236 - Kbh. Frederiksberg, Nordre Fasanvej",Nordre Fasanvej 207,2000,Frederiksberg,04/05 - 2017,20/11 - 2017,
26630797,Lidl Danmark K/S,Butik 283 Friheden,Strandmarksvej 20,2650,Hvidovre,31/08 - 2017,21/11 - 2017,
26630797,Lidl Danmark K/S,Lidl Danmark K/S Ejendomskontor Kolding,Profilvej 7,6000,Kolding,01/01 - 2003,01/03 - 2006,5-9
26630797,Lidl Danmark K/S,Lidl Danmark K/S Ejendomskontor Viborg,"Livøvej 21, 1",8800,Viborg,01/09 - 2002,27/09 - 2010,5-9
26630797,Lidl Danmark K/S,Lidl Danmark K/S Ejendomskontor Greve,"Hundigevej 79, 1",2670,Greve,01/09 - 2002,09/02 - 2015,0
26630797,Lidl Danmark K/S,Butik 259 - Farum,Farum Bytorv 76,3520,Farum,22/09 - 2016,20/11 - 2017,0
26630797,Lidl Danmark K/S,Lidl KBH Malmparken,Malmparken 17,2750,Ballerup,17/03 - 2016,20/11 - 2017,0
26630797,Lidl Danmark K/S,Butik 268 Fisketorvet,Kalvebod Brygge 59,1560,København V,27/10 - 2016,20/11 - 2017,0
26630797,Lidl Danmark K/S,Lidl Danmark K/S Herlev,Stationsalleen 5-7,2730,Herlev,19/08 - 2005,19/08 - 2005,
26630797,Lidl Danmark K/S,Butik 238 Ålborg 2,Tornhøjvej 2-4,9220,Aalborg Øst,05/04 - 2011,07/02 - 2014,
26630797,Lidl Danmark K/S,Lidl Solrød,Solrød strandvej 72-74b,2680,Solrød Strand,21/04 - 2016,20/11 - 2017,
26630797,Lidl Danmark K/S,Butik Langelandsfestival,Fredskovvej 500,5900,Rudkøbing,18/07 - 2015,06/05 - 2022,
26630797,Lidl Danmark K/S,Administration Kokbjerg,Kokbjerg 14,6000,Kolding,01/07 - 2016,28/02 - 2022,13
26630797,Lidl Danmark K/S,Lidl Danmark K/S Administration,Carl Blochs Gade 89,8000,Aarhus C,30/04 - 2002,,386
26630797,Lidl Danmark K/S,Lidl Danmark K/S Lager,Profilvej 7,6000,Kolding,01/02 - 2005,,205
26630797,Lidl Danmark K/S,Butik 112 Ringe,Bygmestervej 1,5750,Ringe,18/08 - 2005,,21
26630797,Lidl Danmark K/S,Butik 100 Fredericia,Vejlevej 38,7000,Fredericia,19/08 - 2005,,21
26630797,Lidl Danmark K/S,Butik 106 Middelfart,Brovejen 14-18,5500,Middelfart,19/08 - 2005,,18
26630797,Lidl Danmark K/S,Butik 129 Maribo,Brovejen 34,4930,Maribo,19/08 - 2005,,20
26630797,Lidl Danmark K/S,Butik 101 Grenaa,Østerbrogade 43B,8500,Grenaa,19/08 - 2005,,28
26630797,Lidl Danmark K/S,Butik 119 Odense 2,Thorslundsvej 1A-1C,5000,Odense C,19/08 - 2005,,20
26630797,Lidl Danmark K/S,Butik 145 Sæby,Sæbygårdvej 29,9300,Sæby,19/08 - 2005,,19
26630797,Lidl Danmark K/S,Butik 121 Vordingborg,Marienbergvej 104,4760,Vordingborg,19/08 - 2005,,21
26630797,Lidl Danmark K/S,Butik 103 Brønderslev,Østergade 52,9700,Brønderslev,19/08 - 2005,,21
26630797,Lidl Danmark K/S,Butik 126 Kalundborg,Elmegade 22-24,4400,Kalundborg,19/08 - 2005,,28
26630797,Lidl Danmark K/S,Butik 152 Ikast,Thomas Poulsens Allè 10,7430,Ikast,19/08 - 2005,,19
26630797,Lidl Danmark K/S,Butik 111 Hobro,Hostrupvej 64B-64C,9500,Hobro,19/08 - 2005,,21
26630797,Lidl Danmark K/S,Butik 147 Herlev,Stationsalleen 5-7,2730,Herlev,19/08 - 2005,,27
26630797,Lidl Danmark K/S,Butik 149 Frederikshavn,Rimmens Alle 92,9900,Frederikshavn,19/08 - 2005,,26
26630797,Lidl Danmark K/S,Butik 156 Nyborg,Storebæltsvej 5,5800,Nyborg,19/08 - 2005,,19
26630797,Lidl Danmark K/S,Butik 139 Nykøbing F,Tømmergade 12,4800,Nykøbing F,19/08 - 2005,,23
26630797,Lidl Danmark K/S,Butik 102 Odense 1,Bystævnevej 3-5,5200,Odense V,19/08 - 2005,,23
26630797,Lidl Danmark K/S,Butik 125 Skjern,Vardevej 87,6900,Skjern,19/08 - 2005,,20
26630797,Lidl Danmark K/S,Butik 269 Aabenraa,Langebro 44,6200,Aabenraa,19/08 - 2005,,23
26630797,Lidl Danmark K/S,Butik 168 Ishøj,Industriskellet 1,2635,Ishøj,02/12 - 2005,,30
26630797,Lidl Danmark K/S,Butik 159 Haderslev,Jomfrustien 44-46,6100,Haderslev,02/12 - 2005,,23
26630797,Lidl Danmark K/S,Butik 164 Grindsted,Glentevej 3,7200,Grindsted,02/12 - 2005,,21
26630797,Lidl Danmark K/S,Butik 117 Horsens 1,Vejlevej 48,8700,Horsens,02/12 - 2005,,25
26630797,Lidl Danmark K/S,Butik 185 Slagelse 1,Sorøvej 2-6,4200,Slagelse,26/05 - 2006,,24
26630797,Lidl Danmark K/S,Butik 165 Varde,Vestre Landevej 71,6800,Varde,26/05 - 2006,,23
26630797,Lidl Danmark K/S,Butik 136 Næstved 1,Erantisvej 44-46,4700,Næstved,26/05 - 2006,,24
26630797,Lidl Danmark K/S,Butik 140 Næstved 2,Fejøvej 1,4700,Næstved,26/05 - 2006,,26
26630797,Lidl Danmark K/S,Butik 192 Randers 1,Jernbanegade 29,8900,Randers C,26/05 - 2006,,24
26630797,Lidl Danmark K/S,Butik 130 Ringsted 1,Odinsvej 2,4100,Ringsted,26/05 - 2006,,19
26630797,Lidl Danmark K/S,Butik 179 Struer,Industrivej 3,7600,Struer,26/05 - 2006,,25
26630797,Lidl Danmark K/S,Butik 176 Herning,Viborgvej 71,7400,Herning,26/05 - 2006,,21
26630797,Lidl Danmark K/S,Butik 150 Korsør,Motalavej 141,4220,Korsør,26/05 - 2006,,20
26630797,Lidl Danmark K/S,Butik 180 Esbjerg 2,Østervangsvej 2-4,6715,Esbjerg N,26/05 - 2006,,24
26630797,Lidl Danmark K/S,Butik 157 Esbjerg 1,Storegade 227,6705,Esbjerg Ø,26/05 - 2006,,19
26630797,Lidl Danmark K/S,Butik 177 Vejen,Fr. d. 7's Gade 38,6600,Vejen,28/07 - 2006,,22
26630797,Lidl Danmark K/S,Butik 118 Kolding 1,Mosevej 1A,6000,Kolding,10/07 - 2006,,17
26630797,Lidl Danmark K/S,Butik 170 Faaborg,Banegårdspladsen 8,5600,Faaborg,31/07 - 2006,,17
26630797,Lidl Danmark K/S,Butik 146 Holbæk,Tåstrup Møllevej 1,4300,Holbæk,06/11 - 2006,,33
26630797,Lidl Danmark K/S,Butik 115 Aalborg,K. Christensens Vej 1-3,9200,Aalborg SV,12/01 - 2007,,30
26630797,Lidl Danmark K/S,Butik 154 Holstebro,Herningvej 36,7500,Holstebro,12/01 - 2007,,21
26630797,Lidl Danmark K/S,Butik 184 Nakskov,Vejlegadebro 6-8,4900,Nakskov,12/01 - 2007,,25
26630797,Lidl Danmark K/S,Butik 127 Sønderborg,Centerpassagen 5,6400,Sønderborg,12/01 - 2007,,28
26630797,Lidl Danmark K/S,Butik 158 Skive,Marius Jensens Vej 1B,7800,Skive,12/01 - 2007,,26
26630797,Lidl Danmark K/S,Butik 110 Frederiksberg,Finsensvej 78,2000,Frederiksberg,25/09 - 2007,,27
26630797,Lidl Danmark K/S,Butik 187 Glostrup,Banegårdsvej 13,2600,Glostrup,22/01 - 2008,,27
26630797,Lidl Danmark K/S,Butik 206 Århus City Vest,Gudrunsvej 7,8220,Brabrand,01/01 - 2008,,21
26630797,Lidl Danmark K/S,Butik 195 Slagelse 2,Vestre Ringgade 72-78,4200,Slagelse,22/01 - 2008,,21
26630797,Lidl Danmark K/S,Butik 191 Viborg,Marsk Stigs Vej 1,8800,Viborg,01/01 - 2008,,17
26630797,Lidl Danmark K/S,Butik 153 Svendborg,Mølmarksvej 185,5700,Svendborg,22/01 - 2008,,22
26630797,Lidl Danmark K/S,Butik 151 Odense 3,Bondovej 5,5250,Odense SV,22/01 - 2008,,23
26630797,Lidl Danmark K/S,Butik 132 Viby J,Christian X's Vej 112,8260,Viby J,01/01 - 2008,,35
26630797,Lidl Danmark K/S,Butik 181 Lygten,Lygten 49,2400,København NV,13/06 - 2008,,27
26630797,Lidl Danmark K/S,Butik 209 Odense 4,Slotsgade 20,5000,Odense C,13/06 - 2008,,24
26630797,Lidl Danmark K/S,Butik 134 Frederiksund,A C Hansensvej 2A,3600,Frederikssund,13/06 - 2008,,24
26630797,Lidl Danmark K/S,Butik 201 Tårnby,Amager Landevej 42,2770,Kastrup,09/09 - 2008,,22
26630797,Lidl Danmark K/S,Butik 208 Hjørring,Åstrupvej 2,9800,Hjørring,22/09 - 2008,,18
26630797,Lidl Danmark K/S,Butik 207 Thisted,Østerbakken 71,7700,Thisted,22/09 - 2008,,22
26630797,Lidl Danmark K/S,Butik 135 Kolding 2,Vejlevej 114,6000,Kolding,23/10 - 2008,,21
26630797,Lidl Danmark K/S,Butik 199 Helsingør,Birkedalsvej 23,3000,Helsingør,05/11 - 2008,,27
26630797,Lidl Danmark K/S,Butik 198 Hasle,Viborgvej 167,8210,Aarhus V,10/11 - 2008,,24
26630797,Lidl Danmark K/S,Butik 200 Odder,Banegårdsgade 28-30,8300,Odder,10/11 - 2008,,17
26630797,Lidl Danmark K/S,Butik 193 Odense 5,Cikorievej 2A,5220,Odense SØ,10/11 - 2008,,33
26630797,Lidl Danmark K/S,Butik 213 Nykøbing M,Grønnegade 12,7900,Nykøbing M,12/02 - 2009,,19
26630797,Lidl Danmark K/S,Butik 210 Risskov,Ravnsøvej 60,8240,Risskov,07/07 - 2009,,27
26630797,Lidl Danmark K/S,Butik 225 Haslev,Grønlandsgade 6,4690,Haslev,07/07 - 2009,,22
26630797,Lidl Danmark K/S,Butik 217 Horsens 2,Niels Gyldings Gade 2,8700,Horsens,07/07 - 2009,,17
26630797,Lidl Danmark K/S,Butik 175 Silkeborg,Nørrevænget 49,8600,Silkeborg,07/07 - 2009,,22
26630797,Lidl Danmark K/S,Butik 220 Ballerup,"Centrumgaden 16, st",2750,Ballerup,07/07 - 2009,,23
26630797,Lidl Danmark K/S,Butik 204 Hundige,Over Bølgen 25,2670,Greve,28/08 - 2009,,24
26630797,Lidl Danmark K/S,Butik 230 Ølby,Ølbycenter 4,4600,Køge,14/12 - 2009,,25
26630797,Lidl Danmark K/S,Butik 223 Frederiksværk,Nørregade 45,3300,Frederiksværk,26/01 - 2010,,24
26630797,Lidl Danmark K/S,Butik 226 Avedøre,Sadelmagerporten 2,2650,Hvidovre,04/03 - 2010,,17
26630797,Lidl Danmark K/S,Butik 218 Rebæk Søpark,Immerkær 27,2650,Hvidovre,07/04 - 2010,,26
26630797,Lidl Danmark K/S,Butik 229 Amagerbrogade,Amagerbrogade 114-116,2300,København S,29/04 - 2010,,23
26630797,Lidl Danmark K/S,Butik 212 Randers 2,Marsvej 4,8960,Randers SØ,29/04 - 2010,,20
26630797,Lidl Danmark K/S,Butik 214 Ringkøbing,Skaadsmosevej 2,6950,Ringkøbing,29/04 - 2010,,25
26630797,Lidl Danmark K/S,Butik 235 Vesterbrogade,Vesterbrogade 25,1620,København V,07/07 - 2010,,28
26630797,Lidl Danmark K/S,Butik 228 Sorø,Apotekervej 21,4180,Sorø,07/07 - 2010,,21
26630797,Lidl Danmark K/S,Butik 221 Skejby,Skejbyvej 501,8200,Aarhus N,18/08 - 2010,,26
26630797,Lidl Danmark K/S,Butik 231 Vallensbæk,Blomsterengen 2,2625,Vallensbæk,28/10 - 2010,,23
26630797,Lidl Danmark K/S,Butik 227 Søborg,Høje Gladsaxe Torv 2,2860,Søborg,15/02 - 2011,,20
26630797,Lidl Danmark K/S,Butik 186 Brønshøj,Frederikssundsvej 266-270,2700,Brønshøj,05/04 - 2011,,22
26630797,Lidl Danmark K/S,Butik 237 Østerbro,Hans Knudsens Plads 1,2100,København Ø,05/04 - 2011,,21
26630797,Lidl Danmark K/S,Butik 232 Vejle,Vindinggård Center 1,7100,Vejle,05/04 - 2011,,20
26630797,Lidl Danmark K/S,Butik 245 Høje Taastrup,Cityringen 2,2630,Taastrup,10/02 - 2012,,31
26630797,Lidl Danmark K/S,Butik 182 Amager Strandvej,Amager Strandvej 100,2300,København S,16/02 - 2012,,27
26630797,Lidl Danmark K/S,Butik 234 Nørresundby,Thistedvej 1,9400,Nørresundby,18/04 - 2012,,22
26630797,Lidl Danmark K/S,Butik 244 Roskilde,Københavnsvej 85,4000,Roskilde,12/06 - 2012,,28
26630797,Lidl Danmark K/S,Butik 241 Skanderborg,Vestergade 133,8660,Skanderborg,15/08 - 2012,,23
26630797,Lidl Danmark K/S,Butik 233 Helsinge,Vestergade 6A,3200,Helsinge,28/02 - 2013,,21
26630797,Lidl Danmark K/S,Butik 243 Brøndby Strand,Gammel Køge Landevej 770-774,2660,Brøndby Strand,11/09 - 2013,,21
26630797,Lidl Danmark K/S,Butik 240 Vangede,Vangedevej 142,2870,Dyssegård,12/11 - 2013,,33
26630797,Lidl Danmark K/S,Lidl Danmark K/S Lager Køge,Nordhøj 8,4600,Køge,17/01 - 2014,,277
26630797,Lidl Danmark K/S,"Butik 239 Sjælør, Valby",Sjælør Boulevard 141,2500,Valby,04/03 - 2014,,26
26630797,Lidl Danmark K/S,Butik 249 Aalborg 2,Diskovej 11,9210,Aalborg SØ,02/04 - 2014,,33
26630797,Lidl Danmark K/S,Butik 247 Lyngby,Christian Xs Alle 3-7,2800,Kgs. Lyngby,01/12 - 2014,,28
26630797,Lidl Danmark K/S,Butik 246 Valby,Søndre Fasanvej 90,2500,Valby,01/12 - 2014,,20
26630797,Lidl Danmark K/S,Ejendomskontor København,"Vesterbrogade 24, 3. tv.",1620,København V,01/09 - 2014,,9
26630797,Lidl Danmark K/S,Butik 255 Nykøbing Sjælland,Holsts Have 9,4500,Nykøbing Sj,01/03 - 2015,,16
26630797,Lidl Danmark K/S,Butik 261 Lidl Jyllinge,Jyllingecentret 2-4,4040,Jyllinge,07/04 - 2016,,20
26630797,Lidl Danmark K/S,Lidl Butik 253 Skovlunde,Malmparken 17,2750,Ballerup,01/03 - 2016,,32
26630797,Lidl Danmark K/S,Butik 254 Solrød,Solrød Strandvej 72-74B,2680,Solrød Strand,01/03 - 2016,,19
26630797,Lidl Danmark K/S,Butik 265 Nørrebrogade,Nørrebrogade 209,2200,København N,01/06 - 2016,,29
26630797,Lidl Danmark K/S,Butik 263 Nexø,Købmagergade 11,3730,Nexø,01/08 - 2016,,18
26630797,Lidl Danmark K/S,Lidl Butik 259 Farum,Farum Bytorv 76,3520,Farum,01/09 - 2016,,25
26630797,Lidl Danmark K/S,Lidl Butik 268 Fisketorvet,Kalvebod Brygge 59,1560,København V,06/10 - 2016,,16
26630797,Lidl Danmark K/S,Butik 236 Nordre Fasanvej,Nordre Fasanvej 207,2000,Frederiksberg,01/04 - 2017,,19
26630797,Lidl Danmark K/S,Butik 256 Rønne,Zahrtmannsvej 98,3700,Rønne,01/04 - 2017,,24
26630797,Lidl Danmark K/S,Butik 283 Friheden,Strandmarksvej 20,2650,Hvidovre,01/08 - 2017,,24
26630797,Lidl Danmark K/S,Butik 288 Roskildevej - Valby,"Roskildevej 168, 1",2500,Valby,02/11 - 2017,,23
26630797,Lidl Danmark K/S,Butik 287 Nørremarken Vejle,Nørremark Center 4,7100,Vejle,26/10 - 2017,,20
26630797,Lidl Danmark K/S,Butik 272 Skagen,Chr. Xs Vej 51,9990,Skagen,22/03 - 2018,,16
26630797,Lidl Danmark K/S,Butik 278 Vojens,Hans Grams Gade 2,6500,Vojens,17/05 - 2018,,19
26630797,Lidl Danmark K/S,Butik 275 Emdrupvej,Emdrupvej 22,2100,København Ø,03/04 - 2018,,26
26630797,Lidl Danmark K/S,"Butik 276 Horsens, Sundvej",Sundvej 92,8700,Horsens,21/06 - 2018,,20
26630797,Lidl Danmark K/S,Butik 277 Hedensted,Dalbyvej 20,8722,Hedensted,23/08 - 2018,,22
26630797,Lidl Danmark K/S,Butik 271 Amagerbrogade 2,Amagerbrogade 185,2300,København S,01/10 - 2018,,20
26630797,Lidl Danmark K/S,Butik 291 Hillerød,Centervænget 9,3400,Hillerød,01/10 - 2018,,19
26630797,Lidl Danmark K/S,Butik 252 Roskilde 2,Holbækvej 7,4000,Roskilde,01/01 - 2019,,23
26630797,Lidl Danmark K/S,Butik 273 Nordre Fasanvej,Nordre Fasanvej 27,2000,Frederiksberg,01/01 - 2019,,26
26630797,Lidl Danmark K/S,Butik 284 Centerparken,Centerparken 34,2500,Valby,01/01 - 2019,,25
26630797,Lidl Danmark K/S,Lidl Silkeborg,Christian 8.s Vej 8A,8600,Silkeborg,27/06 - 2019,,19
26630797,Lidl Danmark K/S,Butik 313 Virum,Hummeltoftevej 14,2830,Virum,01/08 - 2019,,25
26630797,Lidl Danmark K/S,Butik 266 Grøntorvet,Torveporten 10,2500,Valby,01/10 - 2019,,36
26630797,Lidl Danmark K/S,Butik 280 Tingbjerg,Ruten 6,2700,Brønshøj,01/11 - 2019,,20
26630797,Lidl Danmark K/S,Butik 294 Bagsværd,Vadstrupvej 21,2880,Bagsværd,01/10 - 2019,,22
26630797,Lidl Danmark K/S,"Lidl Aalborg, Tornhøjvej",Tornhøjvej 2,9220,Aalborg Øst,14/05 - 2020,,20
26630797,Lidl Danmark K/S,"Lidl Viborg, Hamlen",Hamlen 2A,8800,Viborg,30/01 - 2020,,18
26630797,Lidl Danmark K/S,Lidl Ribe,Saltgade 11,6760,Ribe,25/06 - 2020,,18
26630797,Lidl Danmark K/S,"Lidl Odense, Munkebjergvænget","Munkebjergvænget 1, st",5230,Odense M,18/06 - 2020,,27
26630797,Lidl Danmark K/S,Lidl Butik 299 Nordhavn,Göteborg Plads 16,2150,Nordhavn,25/06 - 2020,,21
26630797,Lidl Danmark K/S,Lidl Butik 303 Greve 2,Lillevangsvej 48,2670,Greve,08/10 - 2020,,32
26630797,Lidl Danmark K/S,"Lidl Vejle, Boulevarden",Flegmade 60,7100,Vejle,12/11 - 2020,,24
26630797,Lidl Danmark K/S,Lidl Butik 301 Hillerød 2,Ramblaen 1,3400,Hillerød,10/12 - 2020,,25
26630797,Lidl Danmark K/S,Lidl Butik 315 Amager Landevej,Amager Landevej 244,2770,Kastrup,25/02 - 2021,,22
26630797,Lidl Danmark K/S,Lidl Butik 297 Aars,"Himmerlandsgade 45, 1",9600,Aars,10/06 - 2021,,18
26630797,Lidl Danmark K/S,Lidl Butik 323 - Kolding 3,Sommerfuglevej 8,6000,Kolding,24/02 - 2022,,20
26630797,Lidl Danmark K/S,Lidl Butik 286 Rødovre,Roskildevej 340,2610,Rødovre,24/02 - 2022,,24
26630797,Lidl Danmark K/S,Lidl Butik 305 Kongelundsvej,Kongelundsvej 65,2300,København S,20/01 - 2022,,27
26630797,Lidl Danmark K/S,Lidl Butik 281 Tuborgvej,Peter Rørdams Vej 2,2400,København NV,17/02 - 2022,,25
26630797,Lidl Danmark K/S,Lidl Dragør Kirkevej,Kirkevej 137,2791,Dragør,01/12 - 2022,,22
26630797,Lidl Danmark K/S,Lidl Butik 500 Silkeborg-3,Nordre Højmarksvej 1,8600,Silkeborg,01/06 - 2023,,17
26630797,Lidl Danmark K/S,"Lidl Butik 502 Rådhuspladsen, Århus",Rådhuspladsen 1D,8000,Aarhus C,08/06 - 2023,,20
26630797,Lidl Danmark K/S,Lidl Butik 503 Søndersø,Toftekær 6,5471,Søndersø,25/05 - 2023,,16
26630797,Lidl Danmark K/S,Lidl Butik 508 Hurup Thy,Toftegade 48,7760,Hurup Thy,22/06 - 2023,,19
26630797,Lidl Danmark K/S,Lidl Butik 501 Hjørring-2,Skagensvej 100,9800,Hjørring,11/05 - 2023,,20
26630797,Lidl Danmark K/S,Lidl Butik 300 Aarhus Godsbanen,Anna Klindt Sørensens Gade 1,8000,Aarhus C,26/10 - 2023,,26
26630797,Lidl Danmark K/S,Lidl Østerbrogade,Østerbrogade 111,2100,København Ø,29/02 - 2024,,20
26630797,Lidl Danmark K/S,Lidl Butik 516 Holstebro,Vester Skolevej 2,7500,Holstebro,11/01 - 2024,,15
26630797,Lidl Danmark K/S,Lidl Butik 517 Aabybro,Vestergade 2,9440,Aabybro,30/11 - 2023,,23
26630797,Lidl Danmark K/S,Lidl Butik 513 Brande,Chr. Bergs Vej 2,7330,Brande,21/12 - 2023,,16
26630797,Lidl Danmark K/S,Lidl Butik 514 Esbjerg V,Tarphagevej 11,6710,Esbjerg V,16/11 - 2023,,19
26630797,Lidl Danmark K/S,Lidl Butik 515 Hirtshals,Doggerbanke 1,9850,Hirtshals,11/01 - 2024,,20
26630797,Lidl Danmark K/S,Lidl Butik 512 Bjerringbro,Torvegade 5,8850,Bjerringbro,28/12 - 2023,,18
26630797,Lidl Danmark K/S,Lidl Marielyst,Stovby Ringvej 5B,4873,Væggerløse,21/03 - 2024,,15
26630797,Lidl Danmark K/S,Lidl Slagelse 3,Ndr.Ringgade 24,4200,Slagelse,14/03 - 2024,,16
26630797,Lidl Danmark K/S,Lidl Stege,Vasen 2,4780,Stege,15/02 - 2024,,15
26630797,Lidl Danmark K/S,Lidl Kongelundsvej 2,Kongelundsvej 479,2770,Kastrup,08/02 - 2024,,17
26630797,Lidl Danmark K/S,Lidl Butik 519 Hadsund,Broparken 2,9560,Hadsund,01/02 - 2024,,19
26630797,Lidl Danmark K/S,Lild Butik 330 Fredericia 2,Gl. Landevej 55,7000,Fredericia,02/05 - 2024,,19
26630797,Lidl Danmark K/S,Lidl Rødbyhavn,Færgevej 2,4970,Rødby,18/04 - 2024,,23
26630797,Lidl Danmark K/S,Lidl Butik 340 Aarhus Veri Center,Frijsenborgvej 5B,8240,Risskov,18/04 - 2024,,25
26630797,Lidl Danmark K/S,Lidl Præstø,Næbvej 1,4720,Præstø,27/06 - 2024,,19
26630797,Lidl Danmark K/S,Lidl Albertslund,Stationstorvet 14,2620,Albertslund,30/05 - 2024,,26
26630797,Lidl Danmark K/S,Lidl Butik 310 Allerød,Allerød Stationsvej 3,3450,Allerød,17/10 - 2024,,22
26630797,Lidl Danmark K/S,Lidl Butik 343 Hillerød 3,Frederiksværksgade 154,3400,Hillerød,04/06 - 2025,,19
26630797,Lidl Danmark K/S,Lidl Butik 341 Ringsted Klosterkrogen,Klosterparks Alle 30,4100,Ringsted,30/10 - 2025,,20
26630797,Lidl Danmark K/S,Lidl Butik 348 Kokkedal,Højengen 2,2980,Kokkedal,27/11 - 2025,,32
26630797,Lidl Danmark K/S,"Lidl butik 506, Aalborg Gugvej",Gugvej 189,9210,Aalborg SØ,18/09 - 2025,,21
26630797,Lidl Danmark K/S,Lidl Butik 328 Greve Mosede,Mosede Strandvej 42,2670,Greve,19/02 - 2026,,14
26630797,Lidl Danmark K/S,Lidl butik 336 Herning Messevejen,Messevejen 4,7400,Herning,19/02 - 2026,,13
26630797,Lidl Danmark K/S,"Lidl butik 349 Aarhus N, Randersvej",Randersvej 164,8200,Aarhus N,19/02 - 2026,,8
26630797,Lidl Danmark K/S,Butik 222 Ringsted 2,Nørregade 13-19,4100,Ringsted,10/11 - 2008,,1
26630797,Lidl Danmark K/S,Administration og kontor Kolding,Profilvej 9,6000,Kolding,06/11 - 2023,,1
26630797,Lidl Danmark K/S,Lidl Danmark K/S Fjernlager,Sleipnersvej 2,4600,Køge,23/05 - 2018,,
26630797,Lidl Danmark K/S,Lidl Butik 503 Søndersø,Toftekær 6,5471,Søndersø,25/05 - 2023,,
26630797,Lidl Danmark K/S,Lidl butik 297 Aars,Himmerlandsgade 49,9600,Aars,10/06 - 2021,,
26630797,Lidl Danmark K/S,Lidl Butik 501 Hjørring-2,Skagensvej 100,9800,Hjørring,11/05 - 2023,,
26630797,Lidl Danmark K/S,Lidl butik 304 Vestergårdsvej,Vestergårdsvej 16B,8260,Viby J,23/04 - 2026,,
26630797,Lidl Danmark K/S,Administration og kontor Århus,Sletvej 30,8310,Tranbjerg J,01/03 - 2019,,1
26630797,Lidl Danmark K/S,"Lidl Butik 502 Rådhuspladsen, Århus",Rådhuspladsen 1D,8000,Aarhus C,08/06 - 2023,,
26630797,Lidl Danmark K/S,Lidl Butik 508 Hurup Thy,Toftegade 48,7760,Hurup Thy,22/06 - 2023,,
11715311,Lyngby-Taarbæk Kommune,Kirkegårdskontoret,Gyrithe Lemches Vej 9,2800,Kgs.Lyngby,17/08 - 2009,31/08 - 2010,
11715311,Lyngby-Taarbæk Kommune,SSF Job og Social Service,Toftebæksvej 12,2800,Kgs.Lyngby,07/09 - 2009,31/08 - 2010,
11715311,Lyngby-Taarbæk Kommune,LYNGBY-TAARBÆK KOMMUNE Genbrugsstationen,Firskovvej 9,2800,Kgs.Lyngby,01/01 - 2006,01/01 - 2006,
11715311,Lyngby-Taarbæk Kommune,10. klassecenter Lyngby-Taarbæk,Gyrithe Lemches Vej 20,2800,Kgs.Lyngby,01/08 - 2007,02/08 - 2007,
11715311,Lyngby-Taarbæk Kommune,Uddannelsesteamet,Bredebovej 1,2800,Kgs. Lyngby,11/12 - 2012,14/01 - 2014,
11715311,Lyngby-Taarbæk Kommune,Skovhuset,Ved Fortunen 18B,2800,Kgs.Lyngby,01/01 - 2007,24/01 - 2012,
11715311,Lyngby-Taarbæk Kommune,LYNGBY-TAARBÆK KOMMUNE RÅDHUSET, 17,9999,Ukendt,14/09 - 1964,31/12 - 1992,
11715311,Lyngby-Taarbæk Kommune,LTK Pensionistsommerhuse i Nykøbing Sjælland,Digterparken 70,4500,Nykøbing Sj,15/03 - 2008,24/01 - 2012,
11715311,Lyngby-Taarbæk Kommune,BF Rådgivningscenter (1),Toftebæksvej 12,2800,Kgs.Lyngby,04/03 - 2008,31/08 - 2010,
11715311,Lyngby-Taarbæk Kommune,Den kommunale madservice,Bauneporten 20,2800,Kgs.Lyngby,01/01 - 2006,01/01 - 2006,
11715311,Lyngby-Taarbæk Kommune,LTK Feriehuse Nykøbing Sjælland,Digterparken 70,4500,Nykøbing Sj,04/03 - 2008,23/04 - 2012,
11715311,Lyngby-Taarbæk Kommune,Lyngby Kulturhus,Klampenborgvej 215B,2800,Kgs.Lyngby,01/10 - 2009,31/12 - 2016,
11715311,Lyngby-Taarbæk Kommune,LTK Feriehuse Marienlyst,Bredevej 1,4872,Idestrup,04/03 - 2008,22/12 - 2013,
11715311,Lyngby-Taarbæk Kommune,Læringshuset,Jernbanepladsen 22,2800,Kgs.Lyngby,01/01 - 1993,17/12 - 2015,1
11715311,Lyngby-Taarbæk Kommune,Renseanlæg Lundtofte,Hjortekærbakken 12,2800,Kgs.Lyngby,22/05 - 2008,24/11 - 2011,1
11715311,Lyngby-Taarbæk Kommune,MEDBORGERHUSET LUNDTOFTE GAMLE SKOLE,Lundtofte Skolestr. 6,2800,Kgs.Lyngby,01/01 - 1993,11/11 - 2009,1
11715311,Lyngby-Taarbæk Kommune,BF Rådgivningscenter (3),Toftebæksvej 12B,2800,Kgs.Lyngby,04/03 - 2008,18/06 - 2012,1
11715311,Lyngby-Taarbæk Kommune,Børnehuset Carlsrock,Carlshøjvej 10,2800,Kgs.Lyngby,01/01 - 1993,17/12 - 2015,0
11715311,Lyngby-Taarbæk Kommune,Gnisterne,Kulsviervej 89,2800,Kgs.Lyngby,04/03 - 2008,30/12 - 2010,2-4
11715311,Lyngby-Taarbæk Kommune,TAARBÆK SKOLES SKOLEFRITIDSORDNING,Taarbæk Strandvej 96,2930,Klampenborg,01/01 - 1993,24/03 - 2010,10-19
11715311,Lyngby-Taarbæk Kommune,Lyngby-Taarbæk kommunes Vandværk,Gammel Lundtoftevej 9A,2800,Kgs.Lyngby,01/01 - 1993,24/11 - 2011,1
11715311,Lyngby-Taarbæk Kommune,SORGENFRI BIBLIOTEK,Sorgenfri Torv 25,2830,Virum,01/01 - 1994,31/12 - 2008,2-4
11715311,Lyngby-Taarbæk Kommune,Rudolf Steiner Udebørnehave Stjernedalen,Lyngby Torv 17,2800,Kgs.Lyngby,04/03 - 2008,01/08 - 2013,0
11715311,Lyngby-Taarbæk Kommune,BF Børne- og Familierådgivningen,Toftebæksvej 12C,2800,Kgs.Lyngby,04/03 - 2008,31/12 - 2014,1
11715311,Lyngby-Taarbæk Kommune,SKOLEFRITIDSORDNINGEN TRONGÅRDSSKOLEN,Trongårdsvej 54,2800,Kgs.Lyngby,01/01 - 1993,31/12 - 2015,5-9
11715311,Lyngby-Taarbæk Kommune,Taarbæk Børnehus - afd. Skov,Taarbækdalsvej 15,2930,Klampenborg,04/03 - 2008,31/12 - 2014,0
11715311,Lyngby-Taarbæk Kommune,Dansk Røde Kors Børnehave,Hjortholmsvej 4,2800,Kgs.Lyngby,04/03 - 2008,31/12 - 2014,0
11715311,Lyngby-Taarbæk Kommune,Serviceteam,Caroline Amalie Vej 126,2800,Kgs.Lyngby,04/03 - 2008,31/08 - 2010,1
11715311,Lyngby-Taarbæk Kommune,ØF Borgmesterkontoret,Lyngby Torv 17,2800,Kgs.Lyngby,24/02 - 2008,31/08 - 2010,0
11715311,Lyngby-Taarbæk Kommune,Naturklubben Oasen,Vangeledet 29,2830,Virum,04/03 - 2008,30/04 - 2009,2-4
11715311,Lyngby-Taarbæk Kommune,TAARBÆK HAVN,Taarbæk Strandvej 80,2930,Klampenborg,01/01 - 1993,31/12 - 2017,1
11715311,Lyngby-Taarbæk Kommune,Vuggestuen Kolibrien,Eremitageparken 333,2800,Kgs.Lyngby,01/01 - 1993,31/12 - 2008,10-19
11715311,Lyngby-Taarbæk Kommune,Sophienholm,Nybrovej 401,2800,Kgs.Lyngby,01/10 - 2009,08/05 - 2014,0
11715311,Lyngby-Taarbæk Kommune,Genbrugsstationen,Firskovvej 9,2800,Kgs.Lyngby,01/01 - 1993,24/11 - 2011,10-19
11715311,Lyngby-Taarbæk Kommune,Stadsbiblioteket,Lyngby Hovedgade 25,2800,Kgs.Lyngby,04/03 - 2008,31/12 - 2013,0
11715311,Lyngby-Taarbæk Kommune,Virum Skoles SFO,Skolebakken 9,2830,Virum,08/09 - 2006,08/05 - 2014,1
11715311,Lyngby-Taarbæk Kommune,Familiehuset,Lundtoftevej 212,2800,Kgs.Lyngby,04/03 - 2008,31/08 - 2010,0
11715311,Lyngby-Taarbæk Kommune,ØF Fællesafdelingen,Lyngby Torv 17,2800,Kgs.Lyngby,24/02 - 2008,31/08 - 2010,1
11715311,Lyngby-Taarbæk Kommune,Vuggestuen Trinbrættet,Lyngbygårdsvej 2,2800,Kgs.Lyngby,01/03 - 2006,31/08 - 2008,10-19
11715311,Lyngby-Taarbæk Kommune,CLUB 10,Askevænget 10,2830,Virum,01/01 - 1993,31/08 - 2010,10-19
11715311,Lyngby-Taarbæk Kommune,Ejendomskontorets Distriktskontor,Lundtoftevej 218,2800,Kgs.Lyngby,04/03 - 2008,26/04 - 2011,5-9
11715311,Lyngby-Taarbæk Kommune,Skovbørnehaven Mariehønen,Hummeltoftevej 139,2830,Virum,01/01 - 1998,30/07 - 2009,5-9
11715311,Lyngby-Taarbæk Kommune,BRANDSTATIONEN LYNGBYGÅRD,Høstvej 14,2800,Kgs. Lyngby,01/01 - 1993,07/10 - 2013,0
11715311,Lyngby-Taarbæk Kommune,BF Rådgivningscenter,Toftebæksvej 12,2800,Kgs.Lyngby,15/05 - 2008,04/09 - 2012,1
11715311,Lyngby-Taarbæk Kommune,FIKTIVT ARBEJDSSTED,UKENDT,,,01/01 - 1993,21/11 - 2001,200-499
11715311,Lyngby-Taarbæk Kommune,Engelsborghallen,Engelsborgvej 93,2800,Kgs.Lyngby,01/01 - 2002,31/08 - 2010,5-9
11715311,Lyngby-Taarbæk Kommune,VIRUM SKOLES SKOLEFRITIDSORDNING,Parcelvej 165,2830,Virum,01/01 - 1993,30/12 - 2013,5-9
11715311,Lyngby-Taarbæk Kommune,LUNDTOFTE BIBLIOTEK,Lundtofte Skolestr. 6,2800,Kgs.Lyngby,01/01 - 1996,31/12 - 2008,1
11715311,Lyngby-Taarbæk Kommune,"Direktør Ulla Agerskov, Lyngby-Taarbæk Km.",Toftebæksvej 12D,2800,Kgs.Lyngby,19/08 - 2008,31/03 - 2015,0
11715311,Lyngby-Taarbæk Kommune,BROAGER-KOLONIEN,Stensigmose 8,6310,Broager,01/01 - 1993,17/12 - 2015,1
11715311,Lyngby-Taarbæk Kommune,ENGELSBORGSKOLENS SKOLEFRITIDSORDNING,Christian X's Alle 113,2800,Kgs.Lyngby,01/01 - 1993,31/12 - 2015,10-19
11715311,Lyngby-Taarbæk Kommune,VIRUM SKOLES SKOLEFRITIDSORDNING,Parcelvej 169B,2830,Virum,01/01 - 1993,07/05 - 2014,0
11715311,Lyngby-Taarbæk Kommune,LYNGBY STADION,Lundtoftevej 53,2800,Kgs.Lyngby,01/01 - 1993,10/05 - 2011,0
11715311,Lyngby-Taarbæk Kommune,Dyrehavens Skovbørnehave,Trongårdsvej 60,2800,Kgs.Lyngby,01/01 - 1994,01/05 - 2011,1
11715311,Lyngby-Taarbæk Kommune,AHL-KOLONIEN,Birkestien 19,8400,Ebeltoft,01/01 - 1993,17/12 - 2015,0
11715311,Lyngby-Taarbæk Kommune,Serviceteamet,Emil Pipers Vej 17D,2800,Kgs.Lyngby,11/10 - 2011,01/01 - 2017,0
11715311,Lyngby-Taarbæk Kommune,Værestedet Paradiset,Toftebæksvej 9,2800,Kgs.Lyngby,01/01 - 2006,31/12 - 2016,0
11715311,Lyngby-Taarbæk Kommune,BF Rådgivningscenter (2),Toftebæksvej 12A,2800,Kgs.Lyngby,04/03 - 2008,11/11 - 2008,1
11715311,Lyngby-Taarbæk Kommune,Vuggestuen I. H. Mundts Vej 2 C,I.H.Mundts Vej 2C,2830,Virum,01/01 - 1993,31/12 - 2019,0
11715311,Lyngby-Taarbæk Kommune,Baadfarten,Sorgenfrivej 23,2800,Kgs.Lyngby,20/12 - 2009,31/10 - 2016,0
11715311,Lyngby-Taarbæk Kommune,Hjemmeplejen Lundtofteparken,Lundtofteparken 43B,2800,Kgs.Lyngby,15/01 - 2014,27/09 - 2018,0
11715311,Lyngby-Taarbæk Kommune,Bostedet STRANDBERG,Malmmosevej 133,2830,Virum,01/01 - 1993,28/10 - 2021,0
11715311,Lyngby-Taarbæk Kommune,LYNGBY-TAARBÆK KOMMUNE SKOLE OG FRITIDSFORVALTNINGEN,Jernbanepladsen 22,2800,Kgs.Lyngby,01/01 - 1993,12/12 - 2005,50-99
11715311,Lyngby-Taarbæk Kommune,SKOLEFRITIDSORDNINGEN HUMMELTOFTESKOLEN,Løvgårdsvej 18,2830,Virum,01/01 - 1993,31/12 - 2000,10-19
11715311,Lyngby-Taarbæk Kommune,Vuggestuen Byageren,Byagervej 6,2830,Virum,01/01 - 1993,31/12 - 2006,10-19
11715311,Lyngby-Taarbæk Kommune,VIRUMGÅRD BOFÆLLESSKAB,Astilbehaven 16,2830,Virum,01/01 - 1993,31/12 - 1999,2-4
11715311,Lyngby-Taarbæk Kommune,CARLSHØJ BOFÆLLESSKAB,"Carlshøjvej 10, 2",2800,Kgs.Lyngby,01/01 - 1993,31/12 - 2001,2-4
11715311,Lyngby-Taarbæk Kommune,LYNGBY-TAARBÆK KOMMUNE DRIFTSLABORATORIUM ÅLEBÆKKEN,Bredevej 120,2830,Virum,01/01 - 1993,31/12 - 1998,20-49
11715311,Lyngby-Taarbæk Kommune,TROLDEHØJ VANDRERHYTTE,Kulsviervej 89,2800,Kgs.Lyngby,01/01 - 1993,31/12 - 2004,1
11715311,Lyngby-Taarbæk Kommune,BØRNEHAVEN BØRNELY,Emil Pipers Vej 15,2800,Kgs. Lyngby,01/01 - 1993,31/12 - 2004,10-19
11715311,Lyngby-Taarbæk Kommune,LUNDTOFTE SKOLES SKOLEFRITIDSORDNING,Nøjsomhedsvej 6,2800,Kgs.Lyngby,01/01 - 1993,31/12 - 2000,2-4
11715311,Lyngby-Taarbæk Kommune,CENTERSALEN LYNGBY STORCENTER,Lyngby Storcenter 17,2800,Kgs. Lyngby,01/01 - 1993,31/12 - 2002,0
11715311,Lyngby-Taarbæk Kommune,TRONGÅRDSSKOLENS SKOLEFRITIDSORDNING,Trongårdsvej 48,2800,Kgs.Lyngby,01/01 - 1993,31/12 - 1999,0
11715311,Lyngby-Taarbæk Kommune,VIRUM SKOLES SKOLEFRITIDSORDNING,Parcelvej 151,2830,Virum,01/01 - 1993,31/12 - 1999,5-9
11715311,Lyngby-Taarbæk Kommune,BØRNEHUSET DRIVHUSET,Kollegiebakken 13,2800,Kgs.Lyngby,01/01 - 1998,31/12 - 1998,1
11715311,Lyngby-Taarbæk Kommune,Hjemmeplejen Planlægger Team,Carlshøjvej 68,2800,Kgs. Lyngby,01/01 - 2002,31/08 - 2024,1
11715311,Lyngby-Taarbæk Kommune,Raadvad Vandrehjem,Raadvad 1,2800,Kgs.Lyngby,01/04 - 2003,31/08 - 2024,1
11715311,Lyngby-Taarbæk Kommune,Botilbud Hjortholmsvej,Hjortholmsvej 3,2800,Kongens Lyngby,01/01 - 2019,14/10 - 2024,1
11715311,Lyngby-Taarbæk Kommune,Plejecenter Den Gamle Lyngby Statsskole,Christian Xs Alle 95,2800,Kgs. Lyngby,24/11 - 2016,14/10 - 2024,1
11715311,Lyngby-Taarbæk Kommune,Børnehuset Troldebo,Lundtofte Skolestr. 2,2800,Kongens Lyngby,01/01 - 1993,31/01 - 2025,1
11715311,Lyngby-Taarbæk Kommune,Club 10,Askevænget 10,2830,Virum,25/02 - 2009,01/07 - 2025,0
11715311,Lyngby-Taarbæk Kommune,"Hjemmeplejen, Hjemmeplejen Lyngby Midt og Hjemmeplejen Engelsborg",Bauneporten 26,2800,Kgs. Lyngby,15/01 - 2014,30/09 - 2025,13
11715311,Lyngby-Taarbæk Kommune,"Center for Sundhed og Omsorg, LTK",Bauneporten 26,2800,Kgs. Lyngby,01/12 - 2020,31/12 - 2025,6
11715311,Lyngby-Taarbæk Kommune,Hjælpemiddeldepotet,Carlshøjvej 72,2800,Kgs.Lyngby,24/01 - 2012,31/12 - 2025,
11715311,Lyngby-Taarbæk Kommune,Naturbørnehaven Jordbærhaven,Lejrvej 47,3500,Værløse,01/03 - 2023,31/03 - 2026,3
11715311,Lyngby-Taarbæk Kommune,Børnehuset Valmuen,Virumgårdsvej 22B,2830,Virum,01/01 - 1996,,47
11715311,Lyngby-Taarbæk Kommune,Den Kommunale Madservice - LTK,Valmuemarken 20,2830,Virum,01/01 - 1996,,2
11715311,Lyngby-Taarbæk Kommune,Børnehuset Klokkeblomsten,Gammel Bagsværdvej 8,2800,Kgs.Lyngby,01/01 - 1996,,29
11715311,Lyngby-Taarbæk Kommune,Støttecenter Magneten,Kastanievej 2,2800,Kgs.Lyngby,01/12 - 1999,,24
11715311,Lyngby-Taarbæk Kommune,Vuggestuen Villa Furesø,Kollemosevej 50,2830,Virum,01/08 - 2005,,16
11715311,Lyngby-Taarbæk Kommune,Børnehuset Regnbuen,Lundtoftevej 89,2800,Kgs.Lyngby,30/11 - 2005,,11
11715311,Lyngby-Taarbæk Kommune,Familiecentret,Sorgenfrivej 11-13,2800,Kgs. Lyngby,04/03 - 2008,,22
11715311,Lyngby-Taarbæk Kommune,Gruppeordningen ved Hummeltofteskolen,Grønnevej 218,2830,Virum,04/03 - 2008,,20
11715311,Lyngby-Taarbæk Kommune,Børnehuset Lærkereden,Nymøllevej 38,2800,Kgs.Lyngby,02/10 - 2015,,23
11715311,Lyngby-Taarbæk Kommune,Bostedet,Christian X's Alle 97,2800,Kgs.Lyngby,09/02 - 2009,,145
11715311,Lyngby-Taarbæk Kommune,Ungehjem Gl. Vartov,Lyngby Kirkestræde 8C,2800,Kgs.Lyngby,25/02 - 2009,,13
11715311,Lyngby-Taarbæk Kommune,Motorikhuset,Parcelvej 151,2830,Virum,23/07 - 2009,,5
11715311,Lyngby-Taarbæk Kommune,Lyngby-Taarbæk Stadsarkiv,Lyngby Hovedgade 2,2800,Kgs. Lyngby,01/10 - 2009,,2
11715311,Lyngby-Taarbæk Kommune,Jobcenter Lyngby-Taarbæk,Lyngby Hovedgade 94,2800,Kongens Lyngby,01/01 - 2008,,73
11715311,Lyngby-Taarbæk Kommune,Børnehuset Trinbrættet,Lyngbygårdsvej 2A,2800,Kgs. Lyngby,10/08 - 2011,,31
11715311,Lyngby-Taarbæk Kommune,Bosted Carlshøjvej,Carlshøjvej 62,2800,Kgs.Lyngby,05/01 - 2012,,21
11715311,Lyngby-Taarbæk Kommune,Lyngby Idrætsby,Lundtoftevej 53,2800,Kgs.Lyngby,27/02 - 2012,,73
11715311,Lyngby-Taarbæk Kommune,Sundhedsplejen,Caroline Amalie Vej 126,2800,Kongens Lyngby,27/02 - 2012,,19
11715311,Lyngby-Taarbæk Kommune,Center for misbrugsbehandling,Lyngby Torv 16,2800,Kgs.Lyngby,15/03 - 2012,,12
11715311,Lyngby-Taarbæk Kommune,Ejendomskontoret,"Rustenborgvej 15, st",2800,Kongens Lyngby,19/06 - 2012,,7
11715311,Lyngby-Taarbæk Kommune,Uddannelsesteamet,Bauneporten 26,2800,Kgs. Lyngby,12/12 - 2012,,169
11715311,Lyngby-Taarbæk Kommune,Sygeplejeklinikken,Bauneporten 20,2800,Kgs. Lyngby,16/01 - 2014,,2
11715311,Lyngby-Taarbæk Kommune,Hjemmeplejen,Bauneporten 26,2800,Kongens Lyngby,15/01 - 2014,,251
11715311,Lyngby-Taarbæk Kommune,Hjemmeplejen Virum og Sorgenfri,Sennepsmarken 1,2830,Virum,15/01 - 2014,,103
11715311,Lyngby-Taarbæk Kommune,Vuggestuen Kaplegården,Kaplevej 1A,2830,Virum,01/01 - 1993,30/04 - 2026,3
11715311,Lyngby-Taarbæk Kommune,Børnehuset Svanen,Christian Xs Alle 99,2800,Kgs. Lyngby,01/05 - 2015,,30
11715311,Lyngby-Taarbæk Kommune,"Udfører 1, Voksen",Jægersborgvej 19,2800,Kgs. Lyngby,01/01 - 2019,,2
11715311,Lyngby-Taarbæk Kommune,Hjorten,Hjortholmsvej 3,2800,Kongens Lyngby,01/01 - 2019,,10
11715311,Lyngby-Taarbæk Kommune,Den Kommunale Madservice Bredebo,Bredebovej 1,2800,Kongens Lyngby,05/09 - 2019,,10
11715311,Lyngby-Taarbæk Kommune,Den Kommunale Madservice Virumgård,Sennepsmarken 1,2830,Virum,05/09 - 2019,,12
11715311,Lyngby-Taarbæk Kommune,Den Kommunale Madservice Baunehøj,Carlshøjvej 66,2800,Kongens Lyngby,05/09 - 2019,,13
11715311,Lyngby-Taarbæk Kommune,Den Kommunale Madservice TRC,"Lyngby Hovedgade 1A, 1. 101.",2800,Kongens Lyngby,05/09 - 2019,,7
11715311,Lyngby-Taarbæk Kommune,Den Kommunale Madservice Solgården,Virumvej 123,2830,Virum,05/09 - 2019,,9
11715311,Lyngby-Taarbæk Kommune,Den Kommunale Madservice Lystoftebakken,Caroline Amalie Vej 130,2800,Kongens Lyngby,05/09 - 2019,,11
11715311,Lyngby-Taarbæk Kommune,LTK IT,Lundtoftevej 53C,2800,,01/12 - 2020,,19
11715311,Lyngby-Taarbæk Kommune,Botilbud Rævehøjparken,"Rævehøjparken 19, ST. TH.",2800,,01/08 - 2020,,4
11715311,Lyngby-Taarbæk Kommune,Støtteteamet,Emil Pipers Vej 17E,2800,,01/12 - 2020,,6
11715311,Lyngby-Taarbæk Kommune,Botilbud Melagervej,"Melagervej 7, ST. TH.",2800,Kgs. Lyngby,01/11 - 2021,,4
11715311,Lyngby-Taarbæk Kommune,Akuttilbuddet,Slotsvænget 23A,2800,Kgs. Lyngby,01/01 - 2022,,25
11715311,Lyngby-Taarbæk Kommune,Unge Kontakten,Hjortholmsvej 7,2800,Kongens Lyngby,01/01 - 2022,,18
11715311,Lyngby-Taarbæk Kommune,Børnehuset Bulderby,Lundtofte Skolestr. 2,2800,Kongens Lyngby,01/11 - 2022,,13
11715311,Lyngby-Taarbæk Kommune,Sundhedscentret,Lyngby Hovedgade 1A,2800,Kgs. Lyngby,27/11 - 2023,,13
11715311,Lyngby-Taarbæk Kommune,Skærmet tilbud - Hus Alfa,Industrivænget 9,3320,Skævinge,28/02 - 2024,,12
11715311,Lyngby-Taarbæk Kommune,Ejendomsdrift Institutioner,Trongårdsvej 48,2800,Kongens Lyngby,01/04 - 2025,,39
11715311,Lyngby-Taarbæk Kommune,Kulturhuset,Klampenborgvej 215B,2800,Kongens Lyngby,16/08 - 2001,,1
11715311,Lyngby-Taarbæk Kommune,Afd af behandlingshjemmet Strand berg,Kaningårdsvej 42,2830,Virum,01/01 - 2005,,0
11715311,Lyngby-Taarbæk Kommune,Botilbuddet Virumgård,Astilbehaven 16-17,2830,Virum,01/01 - 2007,,0
11715311,Lyngby-Taarbæk Kommune,Opgangsbofællesskabet,Lyngbygårdsvej 126,2800,Kgs.Lyngby,01/01 - 2007,,0
11715311,Lyngby-Taarbæk Kommune,Botilbuddet Virumvej,Virumvej 121,2830,Virum,01/01 - 2007,,2-4
11715311,Lyngby-Taarbæk Kommune,Chr. X Allé,Christian X's Alle 97,2800,Kgs.Lyngby,01/01 - 2008,,50-99
11715311,Lyngby-Taarbæk Kommune,Pedelværkstedet,"Byagervej 6, kl",2830,Virum,04/03 - 2008,,5-9
11715311,Lyngby-Taarbæk Kommune,Lyngby Svømmehal,Lundtoftevej 53,2800,Kgs.Lyngby,04/03 - 2008,,0
11715311,Lyngby-Taarbæk Kommune,Lokalcenter Bindesbøll,Taarbæk Strandvej 82,2930,Klampenborg,04/03 - 2008,,2-4
11715311,Lyngby-Taarbæk Kommune,Engelsborghallen,Engelsborgvej 93,2800,Kgs.Lyngby,19/08 - 2008,,0
11715311,Lyngby-Taarbæk Kommune,Kollektivboligerne,Caroline Amalie Vej 118-124,2800,Kongens Lyngby,09/06 - 2010,,
11715311,Lyngby-Taarbæk Kommune,Brede Park,I.C.Modewegs Vej 1,2800,Kongens Lyngby,03/12 - 2014,,1
11715311,Lyngby-Taarbæk Kommune,Ungdomshuset Vandværket,"Gammel Lundtoftevej 5, 3",2800,kgs. Lyngby,01/01 - 2015,,0
11715311,Lyngby-Taarbæk Kommune,"Lyngby-Taarbæk Kommune, Center for Unge, Borgerservice og Arbejdsmarked",Toftebæksvej 12,2800,Kongens Lyngby,16/04 - 2018,,20-49
11715311,Lyngby-Taarbæk Kommune,Børnehuset Kernehuset,Nøjsomhedsvej 30,2800,Kgs.Lyngby,01/01 - 1993,,0
11715311,Lyngby-Taarbæk Kommune,Vuggestuen Andedammen,Vinkelvej 10A,2800,Kongens Lyngby,01/01 - 1993,,0
11715311,Lyngby-Taarbæk Kommune,Lundtoftehallen,Ravnholmvej 11,2800,Kgs. Lyngby,01/01 - 1993,,2-4
11715311,Lyngby-Taarbæk Kommune,Træningscenter Fortunen,Bauneporten 20,2800,Kgs.Lyngby,01/01 - 1993,,20
11715311,Lyngby-Taarbæk Kommune,ULSE-KOLONIEN,Ny Ulsevej 17,4690,Haslev,01/01 - 1993,,1
11715311,Lyngby-Taarbæk Kommune,Taarbæk Fritidscenter,Becksvej 3,2930,Klampenborg,01/01 - 1993,,0
11715311,Lyngby-Taarbæk Kommune,Virum Svømmehal,Askevænget 10,2830,Virum,01/01 - 1993,,0
11715311,Lyngby-Taarbæk Kommune,SKOLEFRITIDSORDNINGEN ENGELSBORGSKOLEN,Christian X's Alle 101,2800,Kgs.Lyngby,01/01 - 1993,,0
11715311,Lyngby-Taarbæk Kommune,LOKALCENTER LYKKENS GAVE,Fuglevadsvej 49,2800,Kongens Lyngby,01/01 - 1993,,1
11715311,Lyngby-Taarbæk Kommune,LYNGBY-TAARBÆK KOMMUNES BEBOELSESEJENDOM,Rævehøjparken 10,2800,Kgs. Lyngby,01/01 - 1993,,2-4
11715311,Lyngby-Taarbæk Kommune,Børnehuset Emil Pipers vej - afd. Børnely,Emil Pipers Vej 15,2800,Kgs.Lyngby,01/01 - 1993,,20-49
11715311,Lyngby-Taarbæk Kommune,Børnehuset Grøftekanten,Virumgårdsvej 22A,2830,Virum,01/01 - 1993,,0
11715311,Lyngby-Taarbæk Kommune,FRITIDSKLUBBEN,Lundtofte Skolestr. 4,2800,Kgs.Lyngby,01/01 - 1993,,0
11715311,Lyngby-Taarbæk Kommune,LYNGBY-TAARBÆK KOMMUNES LEGEPLADS,Frederiksdalsvej 23,2830,Virum,01/01 - 1993,,1
11715311,Lyngby-Taarbæk Kommune,Børnehuset Fuglsang,Geels Plads 44,2830,Virum,01/01 - 1993,,0
11715311,Lyngby-Taarbæk Kommune,Børnehuset Vandpytten,Lundtofteparken 43A,2800,Kongens Lyngby,01/01 - 1993,,1
11715311,Lyngby-Taarbæk Kommune,TAARBÆK BIBLIOTEK,Taarbæk Strandvej 96,2930,Klampenborg,01/01 - 1994,,2-4
11715311,Lyngby-Taarbæk Kommune,BYHISTORISK SAMLING,Lyngby Hovedgade 2,2800,Kgs. Lyngby,01/01 - 1994,,2-4
11715311,Lyngby-Taarbæk Kommune,FRITIDS- OG UNGDOMSKLUB,Virumgårdsvej 2,2830,Virum,01/01 - 1995,,0
11715311,Lyngby-Taarbæk Kommune,Fritids- og ungdomsklubben Kolle,Parcelvej 169B,2830,Virum,01/01 - 1995,,0
11715311,Lyngby-Taarbæk Kommune,Den Kommunale Madservice Carlshøj,Carlshøjvej 10C,2800,Kongens Lyngby,01/04 - 2026,,
11715311,Lyngby-Taarbæk Kommune,Vuggestuen Firkløveren,Sorgenfrivej 2,2800,Kgs.Lyngby,01/01 - 1993,,3
11715311,Lyngby-Taarbæk Kommune,Stadscafeen,Lyngby Hovedgade 28,2800,Kgs.Lyngby,01/01 - 2007,,1
11715311,Lyngby-Taarbæk Kommune,Bosted Åbrinken,Åbrinken 85D,2830,Virum,01/01 - 2007,,1
11715311,Lyngby-Taarbæk Kommune,Bosted Caroline Amalie Vej,Caroline Amalie Vej 124,2800,Kongens Lyngby,05/01 - 2012,,1
11715311,Lyngby-Taarbæk Kommune,Slotsvænget,Slotsvænget 23A,2800,Kgs. Lyngby,01/01 - 1993,,45
11715311,Lyngby-Taarbæk Kommune,Kvindehuset i Lyngby,Caroline Amalie Vej 126,2800,Kongens Lyngby,01/01 - 1993,,19
11715311,Lyngby-Taarbæk Kommune,Fritids- og ungdomsklubben Tryggehvile,I.H.Mundts Vej 2B,2830,Virum,01/01 - 1993,,14
11715311,Lyngby-Taarbæk Kommune,LINDEGÅRDSSKOLENS SKOLEFRITIDSORDNING,Carlshøjvej 10,2800,Kgs.Lyngby,01/01 - 1993,,11
11715311,Lyngby-Taarbæk Kommune,FUGLSANGGÅRDSSKOLEN,Askevænget 10,2830,Virum,01/01 - 1993,,93
11715311,Lyngby-Taarbæk Kommune,Den Kommunale Dagpleje,Lyngby Torv 17,2800,Kgs. Lyngby,01/01 - 1993,,19
11715311,Lyngby-Taarbæk Kommune,CENTRALTANDKLINIKKEN,Carlshøjvej 8,2800,Kongens Lyngby,01/01 - 1993,,49
11715311,Lyngby-Taarbæk Kommune,Børnehaven Bøgely,Virumvej 35,2830,Virum,01/01 - 1993,,13
11715311,Lyngby-Taarbæk Kommune,Børnehuset Humlehuset,Hummeltoften 33,2830,Virum,01/01 - 1993,,23
11715311,Lyngby-Taarbæk Kommune,Fritids- og ungdomsklubben Vænget,Kongsvænget 10C,2830,Virum,01/01 - 1993,,9
11715311,Lyngby-Taarbæk Kommune,Lyngby-Taarbæk Musik- og Billedskole,Rustenborgvej 3,2800,Kongens Lyngby,01/01 - 1993,,47
11715311,Lyngby-Taarbæk Kommune,HELDAGSSKOLEN,Fuglsanggårds Allé 10,2830,Virum,01/01 - 1993,,48
11715311,Lyngby-Taarbæk Kommune,STADSBIBLIOTEKET I LYNGBY,Lyngby Hovedgade 28,2800,Kgs.Lyngby,01/01 - 1993,,62
11715311,Lyngby-Taarbæk Kommune,SORGENFRISKOLEN,Kongevejen 55,2800,Kongens Lyngby,01/01 - 1993,,61
11715311,Lyngby-Taarbæk Kommune,Børnehuset Fuglsang,Askevænget 2,2830,Virum,01/01 - 1993,,35
11715311,Lyngby-Taarbæk Kommune,LYNGBY PARKKIRKEGÅRD KIRKEGÅRDENS KONTOR,Gyrithe Lemches Vej 9,2800,Kgs. Lyngby,01/01 - 1993,,16
11715311,Lyngby-Taarbæk Kommune,Børnehuset Rosenlyst,Caroline Amalie Vej 140,2800,Kongens Lyngby,01/01 - 1993,,25
11715311,Lyngby-Taarbæk Kommune,FRITIDS- OG UNGDOMSKLUBBEN Baune,Engelsborgvej 93,2800,Kgs.Lyngby,01/01 - 1993,,15
11715311,Lyngby-Taarbæk Kommune,SKOLEFRITIDSORDNINGEN TRONGÅRDSSKOLEN,Trongårdsvej 50,2800,Kgs.Lyngby,01/01 - 1993,,26
11715311,Lyngby-Taarbæk Kommune,KONGEVEJENS SKOLE,Kongsvænget 10,2830,Virum,01/01 - 1993,,64
11715311,Lyngby-Taarbæk Kommune,Børnehuset Spurvehuset,Hummeltoftevej 165,2830,Virum,01/01 - 1993,,33
11715311,Lyngby-Taarbæk Kommune,Børnehuset Carlshøj,Carlshøjvej 10,2800,Kgs. Lyngby,01/01 - 1993,,39
11715311,Lyngby-Taarbæk Kommune,TAARBÆK SKOLE,Taarbæk Strandvej 96,2930,Klampenborg,01/01 - 1993,,35
11715311,Lyngby-Taarbæk Kommune,Børnehuset Langs Banen,Fuglsanggårds Allé 12,2830,Virum,01/01 - 1993,,16
11715311,Lyngby-Taarbæk Kommune,Børnehuset Villa Himmelblå,Gammel Bagsværdvej 53,2800,Kgs.Lyngby,01/01 - 1993,,25
11715311,Lyngby-Taarbæk Kommune,Ejendomsdrift,Geels Plads 40,2830,Virum,01/01 - 1993,,14
11715311,Lyngby-Taarbæk Kommune,ENGELSBORGSKOLENS SKOLEFRITIDSORDNING,Christian X's Alle 117,2800,Kgs.Lyngby,01/01 - 1993,,33
11715311,Lyngby-Taarbæk Kommune,Aktivitet og frivillighed,Bauneporten 20,2800,Kongens Lyngby,01/01 - 1993,,26
11715311,Lyngby-Taarbæk Kommune,Trænings- og Rehabiliteringscenter,Lyngby Hovedgade 1A,2800,Kgs. Lyngby,01/01 - 1993,,168
11715311,Lyngby-Taarbæk Kommune,Børnehuset Blomsterbedet,"Lyngbygårdsvej 126A, st",2800,Kongens Lyngby,01/01 - 1993,,24
11715311,Lyngby-Taarbæk Kommune,Bondebyens Børnehave,Asylgade 3,2800,Kgs. Lyngby,01/01 - 1993,,26
11715311,Lyngby-Taarbæk Kommune,LINDEGÅRDSSKOLEN,Lyngbygårdsvej 37-39,2800,Kgs.Lyngby,01/01 - 1993,,55
11715311,Lyngby-Taarbæk Kommune,Lyngby-Taarbæk Kommune Rådhuset,Lyngby Torv 17,2800,Kgs. Lyngby,01/01 - 1993,,465
11715311,Lyngby-Taarbæk Kommune,SOPHIENHOLM,Nybrovej 401,2800,Kgs.Lyngby,01/01 - 1993,,10
11715311,Lyngby-Taarbæk Kommune,"Lyngby-Taarbæk Kommune, Administationsbygningen",Lyngby Hovedgade 94,2800,Kgs. Lyngby,01/01 - 1993,,330
11715311,Lyngby-Taarbæk Kommune,Taarbæk Børnehus,Taarbæk Strandvej 84,2930,Klampenborg,01/01 - 1993,,26
11715311,Lyngby-Taarbæk Kommune,LYNGBY-TAARBÆK KOMMUNE MATERIELPLADS BAUNEGAARD,Nørregade 9,2800,Kgs. Lyngby,01/01 - 1993,,47
11715311,Lyngby-Taarbæk Kommune,VIRUM SKOLE,Skolebakken 9,2830,Virum,01/01 - 1993,,103
11715311,Lyngby-Taarbæk Kommune,ENGELSBORGSKOLEN,Engelsborgvej 66,2800,Kgs.Lyngby,01/01 - 1993,,110
11715311,Lyngby-Taarbæk Kommune,FUGLESANGGÅRDSSKOLENS SKOLEFRITIDSORDNING,Hasselvej 74B,2830,Virum,01/01 - 1993,,44
11715311,Lyngby-Taarbæk Kommune,Virumgård Plejehjem,Sennepsmarken 1,2830,Virum,01/01 - 1993,,166
11715311,Lyngby-Taarbæk Kommune,Børnehuset Kernehuset,Nøjsomhedsvej 28,2800,Kgs.Lyngby,01/01 - 1993,,31
11715311,Lyngby-Taarbæk Kommune,Børnehuset Blå,Cedervænget 4,2830,Virum,01/01 - 1993,,23
11715311,Lyngby-Taarbæk Kommune,TRONGÅRDSSKOLEN,Trongårdsvej 50,2800,Kgs.Lyngby,01/01 - 1993,,88
11715311,Lyngby-Taarbæk Kommune,Baunehøj Plejehjem,Carlshøjvej 68,2800,Kongens Lyngby,01/01 - 1993,,165
11715311,Lyngby-Taarbæk Kommune,VIRUM SKOLE SFO,Parcelvej 169B,2830,Virum,01/01 - 1993,,43
11715311,Lyngby-Taarbæk Kommune,Bredebo Plejehjem,Bredebovej 1,2800,Kgs.Lyngby,01/01 - 1993,,154
11715311,Lyngby-Taarbæk Kommune,Kastaniely,Parallelvej 31,2800,Kgs.Lyngby,01/01 - 1993,,14
11715311,Lyngby-Taarbæk Kommune,SKOLEFRITIDSORDNINGEN KONGEVEJENS SKOLE,Kongsvænget 10B,2830,Virum,01/01 - 1993,,24
11715311,Lyngby-Taarbæk Kommune,Solgården Plejehjem,"Virumvej 125, kl",2830,Virum,01/01 - 1993,,168
11715311,Lyngby-Taarbæk Kommune,Børnehuset Emil Pipers vej - afd. Ulrikke,Emil Pipers Vej 21,2800,Kgs.Lyngby,01/01 - 1993,,41
11715311,Lyngby-Taarbæk Kommune,HUMMELTOFTESKOLEN,Grønnevej 218,2830,Virum,01/01 - 1993,,81
11715311,Lyngby-Taarbæk Kommune,SKOLEFRITIDSORDNINGEN HUMMELTOFTESKOLEN,Løvgårdsvej 14,2830,Virum,01/01 - 1993,,27
11715311,Lyngby-Taarbæk Kommune,Fritids- og ungdomsklubben Tronen,Trongårdsvej 58,2800,Kgs.Lyngby,01/01 - 1993,,8
11715311,Lyngby-Taarbæk Kommune,Vuggestuen Børnereden,Grønnevej 112,2830,Virum,01/01 - 1993,,10
11715311,Lyngby-Taarbæk Kommune,Børnehuset Eremitagen,Eremitageparken 331,2800,Kgs.Lyngby,01/01 - 1993,,49
11715311,Lyngby-Taarbæk Kommune,Fritids- og ungdomsklubben Carlsvognen,Toftebæksvej 38,2800,Kgs. Lyngby,01/01 - 1993,,6
11715311,Lyngby-Taarbæk Kommune,SORGENFRISKOLENS SKOLEFRITIDSORDNING,Kongevejen 55,2800,Kongens Lyngby,01/01 - 1993,,48
11715311,Lyngby-Taarbæk Kommune,LYNGBY-TAARBÆK KOMMUNE VEJVÆSENET,Firskovvej 41,2800,Kgs. Lyngby,01/01 - 1993,,15
11715311,Lyngby-Taarbæk Kommune,Børnehuset Mælkevejen,Byagervej 6,2830,Virum,01/01 - 1993,,37
11715311,Lyngby-Taarbæk Kommune,SKOLEFRITIDSORDNINGEN LUNDTOFTE SKOLE,Nøjsomhedsvej 11,2800,Kgs. Lyngby,01/01 - 1993,,28
11715311,Lyngby-Taarbæk Kommune,LUNDTOFTE SKOLE,Nøjsomhedsvej 1,2800,Kgs. Lyngby,01/01 - 1993,,69
11715311,Lyngby-Taarbæk Kommune,LYNGBY-TAARBÆK KOMMUNES UNGDOMSSKOLE,Toftebæksvej 11,2800,Kgs. Lyngby,01/01 - 1993,,42
11715311,Lyngby-Taarbæk Kommune,Pædagogisk psykologisk rådgivning,Lundtofte Skolestr. 6,2800,Kgs. Lyngby,01/01 - 1993,,72
11715311,Lyngby-Taarbæk Kommune,Børnehuset Rævehøjen,Rævehøjvej 40,2800,Kongens Lyngby,01/01 - 1993,,18
11715311,Lyngby-Taarbæk Kommune,Børnehuset Hjortholm,Hjortholmsvej 9,2800,Kgs.Lyngby,01/01 - 1993,,37
25328949,MOMENT A/S,STUDENTERHJAELPEN.DK A/S,Gothersgade 11,1123,København K,04/10 - 2000,04/10 - 2000,
25328949,MOMENT A/S,MOMENT A/S,Nordhavnsgade 1-3,8000,Århus C,01/01 - 2003,31/12 - 2012,0
25328949,MOMENT A/S,Moment,Rødegårdsvej 203,5230,Odense M,01/09 - 2022,09/12 - 2024,
25328949,MOMENT A/S,Moment A/S,Gøteborgvej 1,9200,Aalborg SV,01/09 - 2021,09/12 - 2024,3
25328949,MOMENT A/S,Moment Construction,Fabriksparken 13,9230,Svenstrup J,03/10 - 2022,09/12 - 2024,15
25328949,MOMENT A/S,Moment,"Fjordsgade 11, 1",5000,Odense C,01/09 - 2022,09/12 - 2024,1
25328949,MOMENT A/S,MOMENT A/S,"Vester Farimagsgade 15, 5",1606,København V,19/04 - 2000,,5258
25328949,MOMENT A/S,Moment A/S,"Rytoften 5, st",8210,Aarhus V,01/05 - 2021,,19
25328949,MOMENT A/S,Moment A/S,"Dtc Torvet 24, st",7100,Vejle,15/09 - 2021,,8
25328949,MOMENT A/S,Construction afdeling,Lansen 11,9230,Svenstrup J,04/03 - 2024,,19
25328949,MOMENT A/S,Moment A/S,Viborgvej 97,7400,Herning,01/09 - 2021,,1
25328949,MOMENT A/S,Moment,Jyllandsgade 19B,7000,Fredericia,01/06 - 2022,,
32345794,MAERSK A/S,A.P. Møller - Mærsk A/S (Maersk Tankers),"Nicolai Eigtveds Gade 28, 4. th.",1402,København K,10/09 - 2009,,
32345794,MAERSK A/S,MAERSK A/S,Esplanaden 50,1263,København K,04/12 - 2013,,
32345794,MAERSK A/S,Cadet Administration & Recruitment Denmark,"Østre Havnevej 2, st",5700,Svendborg,12/12 - 2018,,
32345794,MAERSK A/S,Maersk A/S,Amaliegade 44,1256,København K,01/11 - 2021,,
32345794,MAERSK A/S,Hamburg Süd A/S,Esplanaden 50,1263,København K,01/11 - 2021,,
32345794,MAERSK A/S,Maersk A/S,Bredskifte Allé 13,8210,Aarhus V,14/11 - 2023,,
14814833,Netcompany A/S,Netcompany IT and Business Consulting A/S,Vesterbrogade 149,1620,København V,25/04 - 2012,11/08 - 2013,0
14814833,Netcompany A/S,TIETOENATOR A/S,"Store Regnegade 12, 2. sal.",1110,København K,01/03 - 1988,31/12 - 2004,5-9
14814833,Netcompany A/S,TIETOENATOR A/S,Vesterbrogade 149 b. 8.,1620,København V,09/01 - 1991,25/03 - 2004,
14814833,Netcompany A/S,TIETOENATOR A/S,Rygårds Alle 131,2900,Hellerup,01/07 - 1984,14/01 - 2008,20-49
14814833,Netcompany A/S,TIETOENATOR A/S,Ved Lunden 12,8230,Åbyhøj,14/08 - 1997,24/02 - 2010,20-49
14814833,Netcompany A/S,Tieto Denmark A/S,Skanderborgvej 232,8260,Viby J,01/02 - 2007,31/03 - 2012,0
14814833,Netcompany A/S,Netcompany A/S,"Søndergade 66B, 3. th.",8000,Aarhus C,18/04 - 2012,,272
14814833,Netcompany A/S,Netcompany A/S,"Toldbod Plads 1, st",9000,Aalborg,18/04 - 2012,,283
14814833,Netcompany A/S,Netcompany A/S,Strandgade 3,1401,København K,12/11 - 1984,,1861
20016175,NETS Denmark A/S,Nets Denmark A/S,Børglumvej 11,8240,Risskov,06/05 - 2013,24/07 - 2014,10-19
20016175,NETS Denmark A/S,NETS Denmark A/S,Lautrupbjerg 10,2750,Ballerup,01/02 - 1968,01/09 - 2021,27
20016175,NETS Denmark A/S,PBS A/S,Lautrupbjerg 10,2750,Ballerup,01/01 - 1997,30/06 - 2003,
20016175,NETS Denmark A/S,Nets Denmark A/S,Energivej 1,2750,Ballerup,06/05 - 2013,,49
20016175,NETS Denmark A/S,Smart Payments by nets,Lyngbyvej 2,2100,København Ø,01/10 - 2018,,72
20016175,NETS Denmark A/S,Nets Denmark A/S,Lautrupvang 24,2750,Ballerup,01/05 - 2019,,2
20016175,NETS Denmark A/S,Nets Denmark A/S,Klausdalsbrovej 601,2750,Ballerup,09/11 - 2019,,804
20016175,NETS Denmark A/S,Nets Denmark A/S,"Arne Jacobsens Allé 13, 1. tv.",2300,København S,12/12 - 2019,,1
89805910,NORDEA FINANS DANMARK A/S,NORDEA FINANS DANMARK A/S,Helgeshøj Alle 33,2630,Taastrup,21/01 - 1982,,168
42405310,Norlys Digital A/S,"Telia Stofa A/S, Horsens Butik",Hospitalsgade 11,8700,Horsens,12/10 - 2007,12/10 - 2007,
42405310,Norlys Digital A/S,"Telia Stofa A/S, Århus P&S",Frejasvej 25,8230,Åbyhøj,17/03 - 2004,17/03 - 2004,
42405310,Norlys Digital A/S,STOFA A/S,Uraniavej 6,8700,Horsens,01/01 - 2015,02/01 - 2015,
42405310,Norlys Digital A/S,TELIA STOFA A/S, 6,9999,Ukendt,16/11 - 1959,12/07 - 1964,
42405310,Norlys Digital A/S,"Stofa A/S, Næstved","Vadestedet 1, st",4700,Næstved,01/01 - 1982,30/04 - 2013,0
42405310,Norlys Digital A/S,"Stofa A/S, Kolding","Sydbanegade 4, st. th.",6000,Kolding,01/01 - 2005,31/12 - 2012,2-4
42405310,Norlys Digital A/S,"Telia Stofa A/S, Aalborg P&S",Kaolinvej 1B,9220,Aalborg Øst,25/03 - 2002,31/05 - 2010,20-49
42405310,Norlys Digital A/S,"TELIA STOFA A/S, SLAGELSE",Sdr.Stationsvej 28R,4200,Slagelse,01/01 - 2000,09/02 - 2012,0
42405310,Norlys Digital A/S,"Telia Stofa A/S, Aalborg Adm",Gugvej 128,9210,Aalborg SØ,12/10 - 2007,31/05 - 2010,10-19
42405310,Norlys Digital A/S,"Stofa A/S, Sønderborg",Falstersgade 1,6400,Sønderborg,01/01 - 2000,30/04 - 2013,0
42405310,Norlys Digital A/S,"Stofa A/S, Horsens",Uraniavej 6,8700,Horsens,12/07 - 1964,31/12 - 2017,0
42405310,Norlys Digital A/S,Stofa A/S,Fåborgvej 44,5700,Svendborg,01/05 - 2016,31/10 - 2019,0
42405310,Norlys Digital A/S,"Stofa A/S, Hjørring",Navervænget 4,9800,Hjørring,01/01 - 2005,31/10 - 2019,5-9
42405310,Norlys Digital A/S,"Stofa A/S, Aalborg",Saltumvej 22,9700,Brønderslev,01/01 - 1982,31/10 - 2019,0
42405310,Norlys Digital A/S,"Stofa A/S, Middelfart",Fynsvej 9,5500,Middelfart,01/01 - 1991,31/10 - 2019,0
42405310,Norlys Digital A/S,Norlys Digital A/S,Hummeltoftevej 49,2830,Virum,15/06 - 2023,01/10 - 2024,1
42405310,Norlys Digital A/S,"Stofa A/S, SE Sønderborg",Elholm 1,6400,Sønderborg,05/12 - 2013,,60
42405310,Norlys Digital A/S,"Stofa A/S, SE Esbjerg",Edison Park 1,6715,Esbjerg N,06/01 - 2014,,76
42405310,Norlys Digital A/S,Stofa A/S,Saltumvej 22,9700,Brønderslev,01/10 - 2016,,5
42405310,Norlys Digital A/S,STOFA A/S,Birkemose Allé 11,6000,Kolding,01/11 - 2016,,39
42405310,Norlys Digital A/S,Stofa A/S,"Torvet 16, st",8700,Horsens,01/11 - 2017,,2
42405310,Norlys Digital A/S,STOFA A/S,Lilletorv 2,6000,Kolding,01/01 - 2018,,66
42405310,Norlys Digital A/S,STOFA A/S,"Langebrogade 3B, 1",1411,København K,01/04 - 2018,,1
42405310,Norlys Digital A/S,STOFA A/S,Over Bækken 6,9000,Aalborg,01/10 - 2019,,6
42405310,Norlys Digital A/S,Stofa A/S,Tietgensvej 4,8600,Silkeborg,01/11 - 2019,,81
42405310,Norlys Digital A/S,Norlys Digital A/S,Ørestads Boulevard 45,2300,København S,01/10 - 2024,,75
42405310,Norlys Digital A/S,Norlys Digital A/S,"Digevej 114, 1",2300,København S,01/01 - 2025,,8
42405310,Norlys Digital A/S,Norlys Digital A/S,Gasværksvej 25,9000,Aalborg,01/07 - 2025,,339
42405310,Norlys Digital A/S,"Stofa A/S, Grenaa",Havnevej 26,8500,Grenaa,01/01 - 2005,,0
42405310,Norlys Digital A/S,Stofa A/S,Skt. Clemens Torv 15,8000,Aarhus C,01/10 - 2020,,1
42405310,Norlys Digital A/S,Stofa A/S,"Ishøj Nørregade 6, 1",2635,Ishøj,01/04 - 2021,,1
42405310,Norlys Digital A/S,Norlys Digital A/S,Bispensgade 3,9000,Aalborg,13/10 - 2023,,11
42405310,Norlys Digital A/S,Stofa A/S,Hans Hartvig Seedorffs Stræde 3,8000,Aarhus C,01/11 - 2017,,1
42405310,Norlys Digital A/S,Stofa A/S,"Boulevarden 18, st. 1.",9000,Aalborg,01/11 - 2017,,1
42405310,Norlys Digital A/S,Norlys Digital A/S,Slet Parkvej 5-7,8310,Tranbjerg J,01/01 - 1982,,431
42405310,Norlys Digital A/S,"Stofa A/S, Ringsted",Thorsvej 21,4100,Ringsted,01/01 - 1982,,20
36462272,Norlys Mobil A/S,Telia Aalborg City,Algade 4,9000,Aalborg,02/04 - 2024,30/04 - 2025,1
36462272,Norlys Mobil A/S,Norlys Mobil A/S,Ørestads Boulevard 45,2300,København S,16/12 - 2014,,656
36462272,Norlys Mobil A/S,Hasselager,Birkegårdsvej 18,8361,Hasselager,11/03 - 2024,,12
36462272,Norlys Mobil A/S,Kolding,Kokbjerg 7,6000,Kolding,11/03 - 2024,,1
36462272,Norlys Mobil A/S,Norlys Vejle,"Torvegade 8G, st. th.",7100,Vejle,02/04 - 2024,,4
36462272,Norlys Mobil A/S,Norlys Aalborg Storcenter,"Hobrovej 452, st. 1.",9200,Aalborg SV,02/04 - 2024,,8
36462272,Norlys Mobil A/S,Norlys Esbjerg,Exnersgade 20,6700,Esbjerg,02/04 - 2024,,8
36462272,Norlys Mobil A/S,Norlys Helsingør,Stengade 13A,3000,Helsingør,02/04 - 2024,,4
36462272,Norlys Mobil A/S,Norlys Holbæk,Ahlgade 47B,4300,Holbæk,02/04 - 2024,,6
36462272,Norlys Mobil A/S,Norlys Fisketorvet,Kalvebod Brygge 59,1560,København V,02/04 - 2024,,11
36462272,Norlys Mobil A/S,Norlys Lyngby,Klampenborgvej 232,2800,Kongens Lyngby,02/04 - 2024,,9
36462272,Norlys Mobil A/S,Norlys Sønderborg,"Kastanie Alle 38, 3",6400,Sønderborg,02/04 - 2024,,5
36462272,Norlys Mobil A/S,Norlys Frederiksberg,Falkoner Alle 25,2000,Frederiksberg,02/04 - 2024,,6
36462272,Norlys Mobil A/S,Norlys Næstved,Næstved Storcenter 3 25.,4700,Næstved,02/04 - 2024,,7
36462272,Norlys Mobil A/S,Norlys Bruuns Galleri,"M.P. Bruuns Gade 25, st. 20.",8000,Aarhus C,02/04 - 2024,,10
36462272,Norlys Mobil A/S,Norlys Roskilde,Algade 8B,4000,Roskilde,02/04 - 2024,,4
36462272,Norlys Mobil A/S,Norlys Hillerød,Slotsarkaderne 114,3400,Hillerød,02/04 - 2024,,7
36462272,Norlys Mobil A/S,Norlys Ballerup,"Baltorpvej 201, 2. 2.",2750,Ballerup,02/04 - 2024,,8
36462272,Norlys Mobil A/S,Norlys Rødovre Centrum,"Rødovre Centrum 1G, st. 61.",2610,Rødovre,02/04 - 2024,,10
36462272,Norlys Mobil A/S,Norlys Nykøbing Falster,"Østergågade 25, st",4800,Nykøbing F,02/04 - 2024,,4
36462272,Norlys Mobil A/S,Norlys Frederikshavn,Danmarksgade 64A,9900,Frederikshavn,02/04 - 2024,,4
36462272,Norlys Mobil A/S,Norlys Kolding,Skovvangen 42,6000,Kolding,02/04 - 2024,,11
36462272,Norlys Mobil A/S,Norlys Køge,"Nørregade 3A, st",4600,Køge,02/04 - 2024,,4
36462272,Norlys Mobil A/S,Norlys Fields,"Arne Jacobsens Allé 12, st",2300,København S,02/04 - 2024,,12
36462272,Norlys Mobil A/S,Norlys Horsens,Søndergade 14,8700,Horsens,02/04 - 2024,,7
36462272,Norlys Mobil A/S,Norlys Viborg,Sct. Mathias Gade 50A,8800,Viborg,02/04 - 2024,,4
36462272,Norlys Mobil A/S,Norlys City 2,Cityringen 2 201.,2630,Taastrup,02/04 - 2024,,6
36462272,Norlys Mobil A/S,Norlys Odense Rosengårdscenteret,Ørbækvej 75,5220,Odense SØ,02/04 - 2024,,9
36462272,Norlys Mobil A/S,Norlys Randers,Merkurvej 55,8960,Randers SØ,02/04 - 2024,,5
36462272,Norlys Mobil A/S,Norlys Herning,"Merkurvej 1C, st. 71.",7400,Herning,02/04 - 2024,,7
36462272,Norlys Mobil A/S,Norlys Holstebro,Nørregade 5B,7500,Holstebro,02/04 - 2024,,4
36462272,Norlys Mobil A/S,Norlys Slagelse,"Vestsjællandscentret 10A, st. 10.",4200,Slagelse,02/04 - 2024,,6
36462272,Norlys Mobil A/S,Norlys Købmagergade,Købmagergade 57,1150,København K,02/04 - 2024,,5
36462272,Norlys Mobil A/S,Norlys Hjørring,Østergade 30,9800,Hjørring,02/04 - 2024,,7
36462272,Norlys Mobil A/S,Over Bækken Aalborg,Over Bækken 6,9000,Aalborg,01/10 - 2024,,2
36462272,Norlys Mobil A/S,Norlys Birkemose Allé,Birkemose Allé 11,6000,Kolding,01/10 - 2024,,3
36462272,Norlys Mobil A/S,Norlys Slet Parkvej,Slet Parkvej 5,8310,Tranbjerg J,01/10 - 2024,,8
36462272,Norlys Mobil A/S,Norlys Digevej 114,Digevej 114,2300,København S,01/10 - 2024,,69
36462272,Norlys Mobil A/S,Norlys Torvet Horsens,"Torvet 16, st",8700,Horsens,24/03 - 2025,,4
36462272,Norlys Mobil A/S,Norlys Århus Sankt Clements Torv,Skt. Clemens Torv 15,8000,Aarhus C,24/03 - 2025,,4
36462272,Norlys Mobil A/S,Norlys Aalborg Bispensgade,Bispensgade 3,9000,Aalborg,24/03 - 2025,,12
36462272,Norlys Mobil A/S,Norlys Kolding City,Jernbanegade 14,6000,Kolding,24/03 - 2025,,6
36462272,Norlys Mobil A/S,Norlys Mobil Danmark A/S,Gasværksvej 25,9000,Aalborg,01/07 - 2025,,3
36462272,Norlys Mobil A/S,Norlys Ishøj Bytorv,"Ishøj Nørregade 6, 1",2635,Ishøj,24/03 - 2025,,
36462272,Norlys Mobil A/S,Norlys Tietgensvej,Tietgensvej 4,8600,Silkeborg,01/10 - 2024,,
36462272,Norlys Mobil A/S,Norlys Telehøjen 2,"Telehøjen 2, st",5220,Odense SØ,01/04 - 2026,,
36462272,Norlys Mobil A/S,Norlys Metrovej 1,"Metrovej 1, st",2300,København S,01/04 - 2026,,
36462272,Norlys Mobil A/S,Norlys Gugvej 128,"Gugvej 128, st",9210,Aalborg SØ,01/04 - 2026,,
36462272,Norlys Mobil A/S,Norlys Mobil Esbjerg,Edison Park 1,6715,Esbjerg N,01/12 - 2025,,
36462272,Norlys Mobil A/S,Norlys Mobil Sønderborg,Elholm 1,6400,Sønderborg,01/12 - 2025,,
34883793,NORMAL A/S,Normal ApS - Waves,Over Bølgen 7D,2670,Greve,15/11 - 2014,15/11 - 2014,
34883793,NORMAL A/S,NORMAL A/S - Horsens,Søndergade 13,8700,Horsens,01/02 - 2015,13/06 - 2016,
34883793,NORMAL A/S,Ebeltoft,Jernbanegade 13,8400,Ebeltoft,19/05 - 2020,01/10 - 2020,1
34883793,NORMAL A/S,Faaborg,"Østergade 25B, st",5600,Faaborg,18/05 - 2020,01/10 - 2020,3
34883793,NORMAL A/S,Ringkøbing,Algade 18,6950,Ringkøbing,18/05 - 2020,01/10 - 2020,3
34883793,NORMAL A/S,Nyborg,Kongegade 10,5800,Nyborg,18/05 - 2020,01/10 - 2020,3
34883793,NORMAL A/S,Henne Strand,Strandvejen 413A,6854,Henne,18/05 - 2020,01/10 - 2020,2
34883793,NORMAL A/S,Nykøbing Sjælland,Algade 11,4500,Nykøbing Sj,27/05 - 2020,01/10 - 2020,3
34883793,NORMAL A/S,Sæby,Vestergade 23D,9300,Sæby,18/05 - 2020,01/10 - 2020,1
34883793,NORMAL A/S,NORMAL ApS,Skt. Clemens Torv 17,8000,Aarhus C,12/12 - 2012,18/06 - 2014,2-4
34883793,NORMAL A/S,NORMAL A/S - Lager,Engvangsvej 15,8464,Galten,01/03 - 2013,31/10 - 2016,0
34883793,NORMAL A/S,Normal - Frederiksberg,"Gammel Kongevej 98, st",1850,Frederiksberg C,23/01 - 2017,01/10 - 2020,0
34883793,NORMAL A/S,Hornbæk,"Nordre Strandvej 351, st",3100,Hornbæk,27/05 - 2020,01/10 - 2020,2-4
34883793,NORMAL A/S,Amager Strand,"Amager Strandvej 112, st",2300,København S,01/06 - 2020,01/10 - 2020,1
34883793,NORMAL A/S,Skagen,Sct. Laurentii Vej 45,9990,Skagen,18/05 - 2020,01/10 - 2020,2-4
34883793,NORMAL A/S,NORMAL A/S - Centrallager,Logistikparken 1,8220,Brabrand,05/01 - 2015,28/02 - 2022,105
34883793,NORMAL A/S,"Normal A/S - København Ø, Trianglen","Østerbrogade 68, st. tv.",2100,København Ø,12/05 - 2025,12/05 - 2025,
34883793,NORMAL A/S,Normal A/S - External WH Kolding,Profilvej 1,6000,Kolding,18/05 - 2020,30/09 - 2025,3
34883793,NORMAL A/S,Normal A/S - Animal,Lille Torv 6A,8000,Aarhus C,24/03 - 2026,24/03 - 2026,
34883793,NORMAL A/S,NORMAL A/S - Silkeborg,Torvet 2,8600,Silkeborg,01/04 - 2013,,22
34883793,NORMAL A/S,NORMAL A/S Aalborg,Algade 19,9000,Aalborg,01/11 - 2013,,48
34883793,NORMAL A/S,NORMAL A/S - Vejle,"Torvegade 12, st",7100,Vejle,01/11 - 2013,,28
34883793,NORMAL A/S,NORMAL A/S - Odense,Vestergade 67,5000,Odense C,28/06 - 2014,,30
34883793,NORMAL A/S,NORMAL A/S - Århus,Østergade 1,8000,Aarhus C,31/05 - 2014,,1
34883793,NORMAL A/S,NORMAL A/S HQ,Godthåbsvej 41,8660,Skanderborg,01/06 - 2014,,440
34883793,NORMAL A/S,NORMAL A/S - Randers,Dytmærsken 3,8900,Randers C,29/03 - 2014,,26
34883793,NORMAL A/S,NORMAL A/S - København V,Vesterbrogade 80-82,1620,København V,20/08 - 2014,,27
34883793,NORMAL A/S,NORMAL A/S - Ballerup,"Ballerup-Centret 2, 1. 7.",2750,Ballerup,10/10 - 2014,,45
34883793,NORMAL A/S,NORMAL A/S - Waves,Over Bølgen 7D,2670,Greve,10/10 - 2014,,30
34883793,NORMAL A/S,NORMAL A/S - Aalborg Storcenter,Hobrovej 450-452,9200,Aalborg SV,12/11 - 2014,,37
34883793,NORMAL A/S,"NORMAL A/S - Holstebro, Nørregade",Nørregade 14,7500,Holstebro,06/01 - 2015,,28
34883793,NORMAL A/S,NORMAL A/S - Roskilde,Skomagergade 5-7,4000,Roskilde,28/01 - 2015,,21
34883793,NORMAL A/S,NORMAL A/S - Hillerød,Slotsgade 7-9,3400,Hillerød,28/01 - 2015,,15
34883793,NORMAL A/S,NORMAL A/S - Horsens,Søndergade 13,8700,Horsens,28/01 - 2015,,23
34883793,NORMAL A/S,NORMAL A/S - Fields,Arne Jacobsens Allé 20,2300,København S,27/04 - 2015,,42
34883793,NORMAL A/S,NORMAL A/S - Fisketorvet,Kalvebod Brygge 59,1560,København V,27/04 - 2015,,35
34883793,NORMAL A/S,NORMAL A/S - Herlev,Herlev Bygade 22,2730,Herlev,06/07 - 2015,,20
34883793,NORMAL A/S,NORMAL A/S - Frederikshavn,Danmarksgade 74B,9900,Frederikshavn,06/07 - 2015,,20
34883793,NORMAL A/S,NORMAL A/S - Viborg,Sct. Mathias Gade 33,8800,Viborg,06/07 - 2015,,16
34883793,NORMAL A/S,NORMAL A/S - Herning,Bredgade 41,7400,Herning,06/07 - 2015,,16
34883793,NORMAL A/S,Normal A/S - Sønderborg,"Kastanie Alle 3, st",6400,Sønderborg,22/07 - 2015,,16
34883793,NORMAL A/S,Normal A/S - Slagelse,"Vestsjællandscentret 10A, st. 4.",4200,Slagelse,14/09 - 2015,,42
34883793,NORMAL A/S,Normal A/S - Helsingør,Stürups Plads 1,3000,Helsingør,14/09 - 2015,,13
34883793,NORMAL A/S,Normal A/S - Frederikssund,Nygade 1,3600,Frederikssund,01/10 - 2015,,18
34883793,NORMAL A/S,Normal A/S - Kolding Storcenter,Skovvangen 42,6000,Kolding,08/10 - 2015,,33
34883793,NORMAL A/S,Normal A/S - Bruuns Galleri,M.P. Bruuns Gade 25,8000,Aarhus C,12/11 - 2015,,48
34883793,NORMAL A/S,Normal A/S - City2,Hveen Boulevard 2,2630,Taastrup,12/11 - 2015,,26
34883793,NORMAL A/S,Normal A/S - Metropol,Østergade 30,9800,Hjørring,12/11 - 2015,,19
34883793,NORMAL A/S,Normal A/S - Amager Centret,Reberbanegade 3,2300,København S,12/11 - 2015,,43
34883793,NORMAL A/S,Normal A/S - Købmagergade,"Købmagergade 60, st. tv.",1150,København K,12/11 - 2015,,34
34883793,NORMAL A/S,Normal A/S - Fredericia,Gothersgade 14B,7000,Fredericia,12/11 - 2015,,17
34883793,NORMAL A/S,Normal A/S - Nykøbing F,Østergågade 11-15,4800,Nykøbing F,12/11 - 2015,,15
34883793,NORMAL A/S,Normal A/S - Egedal,Egedal Centret 90,3660,Stenløse,11/01 - 2016,,14
34883793,NORMAL A/S,Normal A/S - Thisted,"Torvegade 4, st",7700,Thisted,14/01 - 2016,,25
34883793,NORMAL A/S,Normal A/S - Hvidovre,Strandmarksvej 20,2650,Hvidovre,14/01 - 2016,,20
34883793,NORMAL A/S,Normal A/S - Farum,Farum Bytorv 74,3520,Farum,14/01 - 2016,,17
34883793,NORMAL A/S,Normal A/S - Rødovre,"Rødovre Centrum 1M, st. 35.",2610,Rødovre,15/02 - 2016,,17
34883793,NORMAL A/S,Normal A/S,Holte Midtpunkt 1-8,2840,Holte,15/02 - 2016,,15
34883793,NORMAL A/S,Normal A/S - Ishøj,"Ishøj Østergade 29, 1",2635,Ishøj,24/02 - 2016,,18
34883793,NORMAL A/S,Normal A/S - Kalundborg,Kordilgade 6,4400,Kalundborg,04/04 - 2016,,16
34883793,NORMAL A/S,Normal A/S,Næstved Storcenter 50B,4700,Næstved,04/04 - 2016,,25
34883793,NORMAL A/S,Normal A/S - Esbjerg City,Kongensgade 33,6700,Esbjerg,04/04 - 2016,,21
34883793,NORMAL A/S,Normal A/S - Glostrup,Glostrup Shoppingcenter 101,2600,Glostrup,04/04 - 2016,,22
34883793,NORMAL A/S,Normal A/S - Nørrebro bycenter,Lygten 2,2400,København NV,04/04 - 2016,,18
34883793,NORMAL A/S,Normal A/S - Værløse,Bymidten 90,3500,Værløse,04/04 - 2016,,10
34883793,NORMAL A/S,Normal A/S - Randers Storcenter,Merkurvej 55,8960,Randers SØ,13/06 - 2016,,33
34883793,NORMAL A/S,Normal - Køge,Brogade 11-13,4600,Køge,10/06 - 2016,,16
34883793,NORMAL A/S,Normal A/S - Års,"Himmerlandsgade 84, st",9600,Aars,10/06 - 2016,,14
34883793,NORMAL A/S,Normal A/S - Albertslund,Stationstorvet 24,2620,Albertslund,10/06 - 2016,,20
34883793,NORMAL A/S,Normal A/S - Skive,Nørregade 22,7800,Skive,10/06 - 2016,,15
34883793,NORMAL A/S,Normal A/S - Ro's Torv,"Ro's Torv 1, st. 16.",4000,Roskilde,10/06 - 2016,,25
34883793,NORMAL A/S,Normal A/S - Herning Centret,"Merkurvej 1A, st. 15.",7400,Herning,10/06 - 2016,,37
34883793,NORMAL A/S,Normal - Hørsholm,Hørsholm Midtpunkt 184,2970,Hørsholm,10/06 - 2016,,20
34883793,NORMAL A/S,Normal A/S - Svendborg,Kattesundet 2,5700,Svendborg,10/06 - 2016,,25
34883793,NORMAL A/S,Normal A/S - Spinderiet,Valby Torvegade 22,2500,Valby,10/06 - 2016,,28
34883793,NORMAL A/S,Normal A/S - Greve Midtby Center,Greve Midtby Center 14B,2670,Greve,10/06 - 2016,,13
34883793,NORMAL A/S,Normal A/S - Tønder,Vestergade 19,6270,Tønder,25/07 - 2016,,18
34883793,NORMAL A/S,Normal A/S - Aabenraa,Storegade 3,6200,Aabenraa,25/07 - 2016,,18
34883793,NORMAL A/S,Normal A/S - Vejen,Nørregade 14,6600,Vejen,25/07 - 2016,,16
34883793,NORMAL A/S,Normal A/S - Kolding City,Rendebanen 13,6000,Kolding,25/07 - 2016,,21
34883793,NORMAL A/S,Normal A/S - Brønderslev,Albani Plads 2,9700,Brønderslev,22/08 - 2016,,15
34883793,NORMAL A/S,Normal A/S - Ringsted,Torvet 1,4100,Ringsted,22/08 - 2016,,17
34883793,NORMAL A/S,Normal A/S - Nakskov,Nygade 4,4900,Nakskov,22/08 - 2016,,17
34883793,NORMAL A/S,Normal A/S - Skanderborg,Adelgade 61,8660,Skanderborg,22/08 - 2016,,25
34883793,NORMAL A/S,Normal A/S - Hellerup,Strandvejen 159,2900,Hellerup,02/09 - 2016,,14
34883793,NORMAL A/S,Normal A/S - Ribe,Saltgade 10,6760,Ribe,02/09 - 2016,,15
34883793,NORMAL A/S,Normal A/S - Lyngby Storcenter,"Lyngby Storcenter 1, st. 97.",2800,Kongens Lyngby,02/09 - 2016,,32
34883793,NORMAL A/S,Normal A/S - Strøget København,Nygade 1,1164,København K,02/09 - 2016,,40
34883793,NORMAL A/S,Normal - Hvidovre C Stationscenter,Laurits Olsens Vej 1,2650,Hvidovre,27/09 - 2016,,17
34883793,NORMAL A/S,Normal A/S - Bagsværd,Bagsværd Hovedgade 106,2880,Bagsværd,27/09 - 2016,,15
34883793,NORMAL A/S,Normal A/S - Frederiksværk,Nørregade 38,3300,Frederiksværk,27/09 - 2016,,16
34883793,NORMAL A/S,Normal A/S - Vordingborg,Algade 81A,4760,Vordingborg,07/10 - 2016,,17
34883793,NORMAL A/S,Normal A/S - Vojens,Rådhuscentret 47,6500,Vojens,07/10 - 2016,,11
34883793,NORMAL A/S,Normal A/S - Bjerringbro,"Storegade 16, st",8850,Bjerringbro,14/10 - 2016,,14
34883793,NORMAL A/S,Normal A/S - Haderslev,Gravene 1,6100,Haderslev,27/10 - 2016,,18
34883793,NORMAL A/S,Normal A/S - Holbæk,Ahlgade 17C,4300,Holbæk,21/02 - 2017,,27
34883793,NORMAL A/S,Normal A/S - Odder,Rosensgade 28,8300,Odder,28/02 - 2017,,16
34883793,NORMAL A/S,Normal A/S - Ålborg Bispensgade,Bispensgade 14,9000,Aalborg,07/04 - 2017,,31
34883793,NORMAL A/S,"Normal A/S - Odense, Rosengårdcenteret",Ørbækvej 75A,5220,Odense SØ,07/07 - 2017,,45
34883793,NORMAL A/S,"Normal A/S - Vanløse, Kronen",Apollovej 33,2720,Vanløse,17/07 - 2017,,13
34883793,NORMAL A/S,"Normal A/S - Esbjerg, Esbjerg Storcenter",Gl Vardevej 230,6715,Esbjerg N,04/10 - 2017,,17
34883793,NORMAL A/S,"Normal A/S - Middelfart, Middelfart Bycenter",Nytorv 7,5500,Middelfart,16/11 - 2017,,15
34883793,NORMAL A/S,"Normal - København, Dr. Tværgade",Dronningens Tværgade 30,1302,København K,23/03 - 2018,,18
34883793,NORMAL A/S,"Normal A/S - Grenå, Østergade",Østergade 5A,8500,Grenaa,06/04 - 2018,,17
34883793,NORMAL A/S,"Normal A/S - Rønne, Snellemark",Nordre Kystvej 32,3700,Rønne,23/04 - 2018,,15
34883793,NORMAL A/S,"Normal A/S - Næstved, Axeltorv",Axeltorv 1,4700,Næstved,20/04 - 2018,,13
34883793,NORMAL A/S,"Normal A/S - Århus, Telefontorvet",Telefontorvet 10,8000,Aarhus C,20/04 - 2018,,44
34883793,NORMAL A/S,Normal A/S - Warehouse Horsens,Egeskovvej 15,8700,Horsens,08/05 - 2018,,245
34883793,NORMAL A/S,"Normal A/S - Aarhus, Ryesgade","Ryesgade 4C, 1. 4.",8000,Aarhus C,15/06 - 2018,,26
34883793,NORMAL A/S,"Normal A/S - København N, Nørrebrogade",Nørrebrogade 174,2200,København N,05/07 - 2018,,24
34883793,NORMAL A/S,"Normal A/S - København, Christianshavns Torv",Torvegade 45,1400,København K,24/05 - 2019,,19
34883793,NORMAL A/S,"Normal A/S - København, Frederiksberg Centret",Falkoner Alle 21,2000,Frederiksberg,18/05 - 2020,,28
34883793,NORMAL A/S,"Normal A/S - Aarhus, Søndergade","Søndergade 39, st",8000,Aarhus C,01/11 - 2020,,52
34883793,NORMAL A/S,"Normal A/S - Aarhus, Storcenter Nord",Finlandsgade 17,8200,Aarhus N,21/10 - 2020,,26
34883793,NORMAL A/S,"Normal A/S - Hillerød, Slotsarkaderne","Slotsarkaderne 225, st",3400,Hillerød,16/04 - 2021,,24
34883793,NORMAL A/S,"NORMAL A/S - Brønshøj, Brønshøj Torv","Frederikssundsvej 154C, st. th.",2700,Brønshøj,21/05 - 2021,,18
34883793,NORMAL A/S,"Normal A/S - Aarhus, Viby Centret",Viby Ringvej 10,8260,Viby J,20/06 - 2021,,23
34883793,NORMAL A/S,"Normal A/S - Odense, Tarup Center",Rugvang 36 9.,5210,Odense NV,24/06 - 2021,,19
34883793,NORMAL A/S,"Normal A/S - Birkerød, Hovedgaden",Hovedgaden 23,3460,Birkerød,17/09 - 2021,,18
34883793,NORMAL A/S,"Normal A/S - Aalborg, Friis Shoppingcenter",Nytorv 27,9000,Aalborg,10/09 - 2021,,25
34883793,NORMAL A/S,"Normal A/S - Sønderborg, Stenager Centret",Stenager 17B,6400,Sønderborg,26/08 - 2021,,14
34883793,NORMAL A/S,"Normal A/S - Hobro, Adelgade",Adelgade 38,9500,Hobro,23/09 - 2021,,19
34883793,NORMAL A/S,Normal A/S - Nyborg,"Korsgade 4, st",5800,Nyborg,11/10 - 2021,,21
34883793,NORMAL A/S,Normal A/S - Skagen,Skråvej 6A,9990,Skagen,01/11 - 2021,,14
34883793,NORMAL A/S,Normal A/S - Hammel,Godthåbsvej 10,8450,Hammel,01/11 - 2021,,10
34883793,NORMAL A/S,Normal A/S - Ikast,Strøget 1,7430,Ikast,01/11 - 2021,,17
34883793,NORMAL A/S,"Normal A/S - Frederiksberg, Falkoner Allé",Falkoner Alle 55,2000,Frederiksberg,01/01 - 2022,,20
34883793,NORMAL A/S,"Normal A/S - København, Vesterbrogade 12","Vesterbrogade 12, st",1620,København V,01/01 - 2022,,18
34883793,NORMAL A/S,Normal A/S - Gentofte,Gentoftegade 50,2820,Gentofte,14/02 - 2022,,15
34883793,NORMAL A/S,"Normal A/S - Viborg, Viborg Storcenter",Holstebrovej 81O,8800,Viborg,27/06 - 2022,,20
34883793,NORMAL A/S,"Normal A/S - Hørning, Nørre Alle",Nørre Alle 16,8362,Hørning,01/06 - 2022,,13
34883793,NORMAL A/S,"Normal A/S - Nykøbing Sjælland, Algade",Algade 21,4500,Nykøbing Sj,13/06 - 2022,,16
34883793,NORMAL A/S,"Normal A/S - Taastrup, Taastrup Hovedgade",Taastrup Hovedgade 87,2630,Taastrup,29/06 - 2022,,14
34883793,NORMAL A/S,"Normal A/S - Aarhus, Tordenskjoldsgade",Tordenskjoldsgade 55,8200,Aarhus N,05/09 - 2022,,13
34883793,NORMAL A/S,"Normal A/S - Billund, Butikstorvet",Byens Plads 20B,7190,Billund,10/10 - 2022,,22
34883793,NORMAL A/S,"Normal A/S - Skjern, Skjern Centret","Holger Danskes Plads 4, st",6900,Skjern,19/09 - 2022,,14
34883793,NORMAL A/S,"Normal A/S - Varde, Torvet",Torvet 2,6800,Varde,19/09 - 2022,,15
34883793,NORMAL A/S,"Normal A/S - Køge, Strædet",Rådhusstræde 8C,4600,Køge,21/11 - 2022,,21
34883793,NORMAL A/S,"Normal A/S - Vallensbæk, Stationstorvet",Vallensbæk Stationstorv 17,2665,Vallensbæk Strand,14/11 - 2022,,15
34883793,NORMAL A/S,"Normal A/S - Esbjerg, City Nord",Stormgade 155,6715,Esbjerg N,06/02 - 2023,,22
34883793,NORMAL A/S,"Normal A/S - Odense, Ørbækvej",Ørbækvej 113,5220,Odense SØ,06/02 - 2023,,20
34883793,NORMAL A/S,"Normal A/S - Nykøbing F, Guldborgsundcentret",Guldborgsundcentret 12,4800,Nykøbing F,06/02 - 2023,,21
34883793,NORMAL A/S,"Normal A/S - Odense, Dalumcentret","Dalumvej 42, st",5250,Odense SV,06/02 - 2023,,21
34883793,NORMAL A/S,"Normal A/S - Svendborg, Svendborg Storcenter",Vestergade 167F,5700,Svendborg,20/03 - 2023,,21
34883793,NORMAL A/S,Normal A/S - Original,Vestergade 22,8600,Silkeborg,01/04 - 2023,,12
34883793,NORMAL A/S,"Normal A/S - Jyllinge, Jyllinge Centret",Jyllingecentret 6,4040,Jyllinge,17/04 - 2023,,16
34883793,NORMAL A/S,"Normal A/S - Odense, Kongensgade","Kongensgade 42, st",5000,Odense C,10/04 - 2023,,23
34883793,NORMAL A/S,"Normal A/S - Helsingør, Prøvestencentret",Prøvestensvej 22,3000,Helsingør,06/04 - 2023,,23
34883793,NORMAL A/S,"Normal A/S - Viborg, Sct. Mathias Centret",Sct. Mathias Centret 1,8800,Viborg,13/04 - 2023,,18
34883793,NORMAL A/S,"Normal A/S - Helsingør, Stengade","Stengade 37A, st",3000,Helsingør,12/04 - 2023,,17
34883793,NORMAL A/S,"Normal A/S - København, Nørreport St",Frederiksborggade 15,1360,København K,17/04 - 2023,,43
34883793,NORMAL A/S,Normal A/S - Warehouse Hedensted,Kildeparken 50,8722,Hedensted,01/04 - 2023,,522
34883793,NORMAL A/S,"Normal A/S - Gilleleje, Peter Fjelstrups Vej","Peter Fjelstrups Vej 6, st",3250,Gilleleje,01/05 - 2023,,15
34883793,NORMAL A/S,"Normal A/S - Vanløse, Godthåbsvej 197",Godthåbsvej 197,2720,Vanløse,01/05 - 2023,,16
34883793,NORMAL A/S,"Normal A/S - Ølby, Ølby centret",Ølbycenter 3,4600,Køge,01/05 - 2023,,16
34883793,NORMAL A/S,"Normal A/S - Lemvig, Vestergade",Vestergade 8,7620,Lemvig,01/06 - 2023,,12
34883793,NORMAL A/S,"Normal A/S - Vejle, Bryggen","Søndertorv 2, 1. 200.",7100,Vejle,01/08 - 2023,,18
34883793,NORMAL A/S,"Normal A/S - Hellerup, Waterfront",Tuborg Havnevej 4,2900,Hellerup,17/07 - 2023,,23
34883793,NORMAL A/S,"Normal A/S - Hirtshals, Jørgen Fibigersgade",Jørgen Fibigersgade 25,9850,Hirtshals,01/08 - 2023,,12
34883793,NORMAL A/S,"Normal A/S - Rødovre, Rødovre Port",Rødovre Port 22A,2610,Rødovre,01/11 - 2023,,14
34883793,NORMAL A/S,"Normal A/S - Frederiksberg, Borups Allé",Borups Alle 113,2000,Frederiksberg,01/11 - 2023,,17
34883793,NORMAL A/S,"Normal A/S - Dragør, Kongevejen",Kongevejen 18A,2791,Dragør,01/12 - 2023,,14
34883793,NORMAL A/S,"Normal A/S - Åbyhøj, Silkeborgvej",Silkeborgvej 263,8230,Åbyhøj,04/12 - 2023,,17
34883793,NORMAL A/S,"Normal A/S - Farsø, Farsø Rådhuscenter",Th. Eriksens Vej 20,9640,Farsø,01/02 - 2024,,18
34883793,NORMAL A/S,"Normal A/S - Juelsminde, Odelsgade",Odelsgade 38,7130,Juelsminde,22/02 - 2024,,15
34883793,NORMAL A/S,"Normal A/S, Fjerritslev, Østergade",Østergade 6,9690,Fjerritslev,15/01 - 2024,,13
34883793,NORMAL A/S,"Normal A/S - Silkeborg, Nørrevænget",Viborgvej 16A,8600,Silkeborg,15/01 - 2024,,21
34883793,NORMAL A/S,"Normal A/S - Søborg, Søborg Hovedgade",Søborg Hovedgade 47,2860,Søborg,20/02 - 2024,,12
34883793,NORMAL A/S,"Normal A/S - Nykøbing Mors, Vestergade",Vestergade 8,7900,Nykøbing M,28/02 - 2024,,17
34883793,NORMAL A/S,"Normal A/S - Aalborg, Tornhøjvej",Tornhøjvej 2A,9220,Aalborg Øst,01/02 - 2024,,20
34883793,NORMAL A/S,"Normal A/S - Frederikshavn, Hjørringvej",Hjørringvej 171A,9900,Frederikshavn,01/05 - 2024,,14
34883793,NORMAL A/S,"Normal A/S - Horsens, Grønlandsvej 1C",Grønlandsvej 1C,8700,Horsens,27/04 - 2024,,25
34883793,NORMAL A/S,"Normal A/S - Søborg, Høje Gladsaxe Center",Høje Gladsaxe Torv 2A,2860,Søborg,30/06 - 2024,,16
34883793,NORMAL A/S,"Normal A/S - Risskov, Veri Center",Frijsenborgvej 5A,8240,Risskov,01/06 - 2024,,17
34883793,NORMAL A/S,"Normal A/S - Høng, Høng centret",Centervej 31,4270,Høng,01/07 - 2024,,14
34883793,NORMAL A/S,"Normal A/S - Skive, Skive PLUS",Østergårdsbakken 15,7800,Skive,16/08 - 2024,,18
34883793,NORMAL A/S,"Normal A/S - København, Frederiksberggade",Frederiksberggade 38,1459,København K,26/08 - 2024,,32
34883793,NORMAL A/S,"Normal A/S - Løgstør, Østerbrogade",Østerbrogade 11A,9670,Løgstør,27/08 - 2024,,15
34883793,NORMAL A/S,"Normal A/S - Skovlunde, Skovlunde bycenter",Torvestrædet 16,2740,Skovlunde,15/11 - 2024,,14
34883793,NORMAL A/S,"Normal A/S - Nyborg, Nyborg Retail Park",Storebæltsvej 10,5800,Nyborg,23/12 - 2024,,20
34883793,NORMAL A/S,"Normal A/S, Hinnerup, Storegade","Storegade 20, st",8382,Hinnerup,18/02 - 2025,,15
34883793,NORMAL A/S,"Normal A/S - Aalborg, Kastetvej","Kastetvej 37, st",9000,Aalborg,01/07 - 2025,,16
34883793,NORMAL A/S,"Normal A/S - Aabybro, Aabybro Centret","Aabybro Centret 1, st",9440,Aabybro,18/09 - 2025,,14
34883793,NORMAL A/S,"Normal A/S - København, Amagerbrogade",Amagerbrogade 92,2300,København S,06/10 - 2025,,16
34883793,NORMAL A/S,"Normal A/S - København Ø, Trianglen","Østerbrogade 68, st. tv.",2100,København Ø,10/11 - 2025,,21
34883793,NORMAL A/S,"Normal A/S - Aarhus, Guldsmedgade","Guldsmedgade 10, st",8000,Aarhus C,05/01 - 2026,,1
34883793,NORMAL A/S,Normal A/S - Warehouse - Egeskovvej 6,Egeskovvej 6,8700,Horsens,01/08 - 2025,,
34883793,NORMAL A/S,"Normal A/S - DK1172 Struer, Anlægstorvet",Vestergade 11,7600,Struer,27/03 - 2026,,
34883793,NORMAL A/S,"Normal A/S - Hedensted, Bytorvet 5",Bytorvet 5,8722,Hedensted,27/03 - 2026,,
34883793,NORMAL A/S,"Normal A/S - Helsinge, Østergade",Østergade 8,3200,Helsinge,31/03 - 2026,,
34883793,NORMAL A/S,Normal A/S - Skagen,"Sct. Laurentii Vej 26C, st",9990,Skagen,11/06 - 2021,,6
34883793,NORMAL A/S,Normal A/S - Assens,"Korsgade 2, st",5610,Assens,11/06 - 2021,,1
34883793,NORMAL A/S,Normal A/S - Ringkøbing,Nygade 4B,6950,Ringkøbing,11/06 - 2021,,4
34883793,NORMAL A/S,Normal A/S - Marielyst,Marielyst Strandvej 61C,4873,Væggerløse,11/06 - 2021,,2
34883793,NORMAL A/S,Normal A/S - Blåvand,"Blåvandvej 8B, st. 1.",6857,Blåvand,11/06 - 2021,,8
34883793,NORMAL A/S,Normal A/S - Faaborg,"Østergade 25B, st",5600,Faaborg,11/06 - 2021,,3
34883793,NORMAL A/S,Normal A/S - Løkken,Sdr Strandvej 4,9480,Løkken,11/06 - 2021,,5
34883793,NORMAL A/S,"Normal A/S - Ebeltoft, Jernbanegade",Jernbanegade 23,8400,Ebeltoft,05/01 - 2026,,
34883793,NORMAL A/S,"Normal A/S - Bramming, Storegade",Storegade 21,6740,Bramming,27/04 - 2026,,
34883793,NORMAL A/S,Normal A/S - City Vest,Gudrunsvej 7,8220,Brabrand,12/11 - 2015,,4
10582989,NOVO NORDISK FONDEN,BioInnovation Institute,Ole Maaløes Vej 3,2200,København N,05/09 - 2018,,
10582989,NOVO NORDISK FONDEN,NOVO NORDISK FONDEN,Tuborg Havnevej 19,2900,Hellerup,01/01 - 1987,,315
10007127,NOVOZYMES A/S,NOVOZYMES A/S,Krogshøjvej 36,2880,Bagsværd,13/11 - 2000,17/11 - 2000,
10007127,NOVOZYMES A/S,NOVOZYMES A/S,Krogshøjvej 36,2880,Bagsværd,30/04 - 2002,30/04 - 2002,
10007127,NOVOZYMES A/S,Novozymes A/S,Smørmosevej 25,2880,Bagsværd,18/03 - 2005,20/02 - 2006,
10007127,NOVOZYMES A/S,NOVOZYMES A/S,Roskildevej 56,3400,Hillerød,18/11 - 2000,31/12 - 2001,1
10007127,NOVOZYMES A/S,NOVOZYMES A/S,Niels Steensens Vej 1,2820,Gentofte,18/11 - 2000,31/12 - 2000,0
10007127,NOVOZYMES A/S,NOVOZYMES A/S,Bøge Alle 12,2970,Hørsholm,01/07 - 2024,01/04 - 2025,
10007127,NOVOZYMES A/S,NOVOZYMES A/S,Hillerødgade 42,2200,København N,18/10 - 1999,,184
10007127,NOVOZYMES A/S,NOVOZYMES A/S,Krogshøjvej 36,2880,Bagsværd,18/10 - 1999,,888
10007127,NOVOZYMES A/S,NOVOZYMES A/S,Hallas Alle 1,4400,Kalundborg,18/10 - 1999,,826
10007127,NOVOZYMES A/S,Novozymes A/S,Biologiens Vej 2,2800,Kongens Lyngby,01/01 - 2019,,1176
10007127,NOVOZYMES A/S,NOVOZYMES A/S,Bøge Alle 10,2970,Hørsholm,01/07 - 2024,,341
10007127,NOVOZYMES A/S,NOVOZYMES A/S,Jernholmen 1,2650,Hvidovre,01/04 - 2025,,11
10007127,NOVOZYMES A/S,NOVOZYMES A/S,Lundtoftegårdsvej 95,2800,Kongens Lyngby,27/08 - 2025,,2
10007127,NOVOZYMES A/S,NOVOZYMES A/S,Juelsmindevej 5,4400,Kalundborg,01/10 - 2025,,3
10007127,NOVOZYMES A/S,NOVOZYMES A/S,Kogle Alle 6,2970,Hørsholm,01/10 - 2025,,8
10007127,NOVOZYMES A/S,NOVOZYMES A/S,"Agern Alle 24, st",2970,Hørsholm,01/10 - 2025,,3
10007127,NOVOZYMES A/S,NOVOZYMES A/S,Søndre Ringvej 22,4000,Roskilde,01/07 - 2025,,1
10007127,NOVOZYMES A/S,Novozymes Havneareal,Østre Havnevej 12,4400,Kalundborg,09/12 - 2015,,0
44242656,NPLH Holding ApS,NPLH Holding ApS,"Hammerensgade 1, 3",1267,København K,17/08 - 2023,,
12252528,NTI A/S,NTI CADCENTER A/S, 15,9999,Ukendt,22/05 - 1945,31/12 - 1989,
12252528,NTI A/S,NTI Cadcenter A/S,Sleipnersvej 22,4100,Ringsted,01/01 - 2002,31/12 - 2003,
12252528,NTI A/S,NTI A/S,"Sleipnersvej 17, 1",4100,Ringsted,06/11 - 2008,12/09 - 2024,0
12252528,NTI A/S,NTI A/S,Hjulmagervej 55,9000,Aalborg,01/01 - 2001,12/09 - 2024,4
12252528,NTI A/S,NTI A/S Horsens,Sverigesvej 19,8700,Horsens,01/08 - 2024,,
12252528,NTI A/S,NTI A/S,Lejrvej 15,3500,Værløse,01/01 - 1990,,122
12252528,NTI A/S,NTI A/S,Jens Ravns Vej 11B,7100,Vejle,01/10 - 1990,,14
12252528,NTI A/S,NTI A/S,"Julsøvej 1, 1",8240,Risskov,01/01 - 2001,,27
40075291,TDC Brands A/S,Nuuday,Torvet 9,8500,Grenaa,01/06 - 2019,30/09 - 2021,2-4
40075291,TDC Brands A/S,Nuuday,Algade 8,9000,Aalborg,01/06 - 2019,30/09 - 2021,4
40075291,TDC Brands A/S,Nuuday,Vadstrupvej 77,2880,Bagsværd,01/05 - 2020,30/09 - 2021,1
40075291,TDC Brands A/S,Nuuday,Øllegårdsvej 3,8260,Viby J,01/05 - 2020,30/09 - 2021,1
40075291,TDC Brands A/S,Nuuday,Unionsvej 10,4600,Køge,01/05 - 2020,30/09 - 2021,1
40075291,TDC Brands A/S,Nuuday,Gøteborgvej 6,9200,Aalborg SV,01/05 - 2020,30/09 - 2021,1
40075291,TDC Brands A/S,Nuuday,Industrivej Syd 13B,7400,Herning,01/05 - 2020,30/09 - 2021,1
40075291,TDC Brands A/S,Nuuday,Københavnsvej 130,4000,Roskilde,01/05 - 2020,30/09 - 2021,2
40075291,TDC Brands A/S,Nuuday,Agtrupvej 2,6000,Kolding,01/05 - 2020,30/09 - 2021,1
40075291,TDC Brands A/S,Nuuday,Ved Faurgården 3,4300,Holbæk,01/09 - 2020,30/09 - 2021,1
40075291,TDC Brands A/S,TDC Brands A/S,Teglholmsgade 1,2450,København SV,07/12 - 2018,,1214
40075291,TDC Brands A/S,Nuuday,Ahlgade 25,4300,Holbæk,01/06 - 2019,,7
40075291,TDC Brands A/S,Nuuday,Næstved Storcenter 1,4700,Næstved,01/06 - 2019,,8
40075291,TDC Brands A/S,Nuuday,Skovvangen 42,6000,Kolding,01/06 - 2019,,13
40075291,TDC Brands A/S,Nuuday,Skjoldsgade 49,6700,Esbjerg,01/06 - 2019,,1
40075291,TDC Brands A/S,Nuuday,Nygade 5,6200,Aabenraa,01/06 - 2019,,1
40075291,TDC Brands A/S,Nuuday,Ramsherred 37A,6200,Aabenraa,01/06 - 2019,,8
40075291,TDC Brands A/S,Nuuday,Klampenborgvej 244C,2800,Kongens Lyngby,01/06 - 2019,,20
40075291,TDC Brands A/S,Nuuday,Reberbanegade 3,2300,København S,01/06 - 2019,,7
40075291,TDC Brands A/S,Nuuday,Sct. Mathias Gade 27,8800,Viborg,01/06 - 2019,,8
40075291,TDC Brands A/S,Nuuday,Over Bølgen 8,2670,Greve,01/06 - 2019,,10
40075291,TDC Brands A/S,Nuuday,Nørregade 7,7500,Holstebro,01/06 - 2019,,8
40075291,TDC Brands A/S,Nuuday,"Merkurvej 1C, st. 70.",7400,Herning,01/06 - 2019,,10
40075291,TDC Brands A/S,Nuuday,"Rødovre Centrum 1G, st. 51.",2610,Rødovre,01/06 - 2019,,15
40075291,TDC Brands A/S,Nuuday,Nytorv 18,9000,Aalborg,01/06 - 2019,,3
40075291,TDC Brands A/S,Nuuday,Klostergade 25,6000,Kolding,01/06 - 2019,,44
40075291,TDC Brands A/S,Nuuday,Ellegårdvej 23A,6400,Sønderborg,01/06 - 2019,,102
40075291,TDC Brands A/S,Nuuday,Bispegade 7,6100,Haderslev,01/06 - 2019,,6
40075291,TDC Brands A/S,Nuuday,Arne Jacobsens Allé 12,2300,København S,01/06 - 2019,,9
40075291,TDC Brands A/S,Nuuday,Brødregade 11,8900,Randers C,01/06 - 2019,,9
40075291,TDC Brands A/S,Nuuday,Finlandsgade 17,8200,Aarhus N,01/06 - 2019,,14
40075291,TDC Brands A/S,Nuuday,Falkoner Alle 3,2000,Frederiksberg,01/06 - 2019,,11
40075291,TDC Brands A/S,Nuuday,"Datavej 10, st",5220,Odense SØ,01/06 - 2019,,3
40075291,TDC Brands A/S,Nuuday,Exnersgade 18,6700,Esbjerg,01/06 - 2019,,10
40075291,TDC Brands A/S,Nuuday,Danmarksgade 78,9900,Frederikshavn,01/06 - 2019,,6
40075291,TDC Brands A/S,Nuuday,"Jernbanegade 15A, st",4800,Nykøbing F,01/06 - 2019,,7
40075291,TDC Brands A/S,Nuuday,Hobrovej 452,9200,Aalborg SV,01/06 - 2019,,13
40075291,TDC Brands A/S,Nuuday,Stengade 21,3000,Helsingør,01/06 - 2019,,8
40075291,TDC Brands A/S,Nuuday,Ørbækvej 75,5220,Odense SØ,01/06 - 2019,,16
40075291,TDC Brands A/S,Nuuday,Søndergade 7A,8600,Silkeborg,01/06 - 2019,,6
40075291,TDC Brands A/S,Nuuday,Vestsjællandscentret 10A,4200,Slagelse,01/06 - 2019,,9
40075291,TDC Brands A/S,Nuuday,Søndergade 40,8000,Aarhus C,01/06 - 2019,,10
40075291,TDC Brands A/S,Nuuday,Søndergade 25,8700,Horsens,01/06 - 2019,,6
40075291,TDC Brands A/S,Nuuday,Vranderupvej 214,6640,Lunderskov,01/06 - 2019,,6
40075291,TDC Brands A/S,Nuuday,Sletvej 30,8310,Tranbjerg J,01/06 - 2019,,1071
40075291,TDC Brands A/S,Nuuday,Vestergade 22C,7700,Thisted,01/06 - 2019,,8
40075291,TDC Brands A/S,Nuuday,Slotsarkaderne 34,3400,Hillerød,01/06 - 2019,,21
40075291,TDC Brands A/S,Nuuday,Klingenberg 16,5000,Odense C,01/06 - 2019,,290
40075291,TDC Brands A/S,Nuuday,Ballerup-Centret 2,2750,Ballerup,01/06 - 2019,,10
40075291,TDC Brands A/S,Nuuday,"Nørregade 1B, st. mf.",4600,Køge,01/06 - 2019,,8
40075291,TDC Brands A/S,Nuuday,Møllergade 18,5700,Svendborg,01/06 - 2019,,6
40075291,TDC Brands A/S,Nuuday,Kastanie Alle 3,6400,Sønderborg,01/06 - 2019,,6
40075291,TDC Brands A/S,Nuuday,Munkemøllestræde 6,5000,Odense C,01/10 - 2020,,1
40075291,TDC Brands A/S,Nuuday,Holsbjergvej 18,2620,Albertslund,01/10 - 2022,,9
40075291,TDC Brands A/S,Nuuday,Bisgårdgade 11,7500,Holstebro,01/10 - 2022,,1
40075291,TDC Brands A/S,Nuuday,Ølgodvej 3,9220,Aalborg Øst,01/10 - 2022,,2
40075291,TDC Brands A/S,Nuuday,Københavnsvej 29,4000,Roskilde,01/11 - 2023,,11
40075291,TDC Brands A/S,Nuuday,Søndergade 8,7100,Vejle,01/11 - 2024,,8
40075291,TDC Brands A/S,Nuuday,Store Torv 11,3700,Rønne,01/06 - 2019,,1
40075291,TDC Brands A/S,Nuuday,Østergade 22,9800,Hjørring,01/06 - 2019,,5
40075291,TDC Brands A/S,Nuuday,Telegade 1,2630,Taastrup,01/06 - 2019,,
40075291,TDC Brands A/S,Nuuday,Østergade 4,6400,Sønderborg,01/06 - 2019,,1
40075291,TDC Brands A/S,Nuuday,Danmarksgade 17B,7000,Fredericia,01/06 - 2019,,1
40075291,TDC Brands A/S,Nuuday,Algade 11,4000,Roskilde,01/06 - 2019,,1
40075291,TDC Brands A/S,Nuuday,"Sædding Strandvej 61, 1",6710,Esbjerg V,01/05 - 2020,,1
40075291,TDC Brands A/S,Nuuday,Ramsherred 37A,6200,Aabenraa,01/09 - 2020,,1
40075291,TDC Brands A/S,Nuuday,Vestre Gade 6A,2605,Brøndby,01/09 - 2021,,
40075291,TDC Brands A/S,Nuuday,Teglværksgade 18,2100,København Ø,01/01 - 2021,,1
40075291,TDC Brands A/S,Nuuday,Vestsjællandscentret 10A,4200,Slagelse,01/10 - 2022,,1
40075291,TDC Brands A/S,Nuuday,Borups Allé 43,2200,København N,01/06 - 2019,,1
40075291,TDC Brands A/S,Nuuday,Kalvebod Brygge 59,1560,København V,01/06 - 2019,,1
40075291,TDC Brands A/S,Nuuday,Søndergade 8,7100,Vejle,01/06 - 2019,,1
40075291,TDC Brands A/S,Nuuday,Telegade 2,2630,Taastrup,01/06 - 2019,,1
40075291,TDC Brands A/S,Nuuday,Adelgade 10,7800,Skive,01/06 - 2019,,6
40075291,TDC Brands A/S,Nuuday,Vestergade 70,5000,Odense C,01/06 - 2019,,1
40075291,TDC Brands A/S,Nuuday,Frederiksborggade 5,1360,København K,01/06 - 2019,,1
10519608,NYKREDIT BANK A/S,Nykredit Bank A/S,Københavnsvej 65,4000,Roskilde,14/04 - 2010,14/04 - 2010,
10519608,NYKREDIT BANK A/S,Nykredit Bank A/S,Storegade 21,6100,Haderslev,22/01 - 2014,01/07 - 2014,
10519608,NYKREDIT BANK A/S,Nykredit Bank,Centrumgaden 15,2750,Ballerup,03/09 - 2012,01/10 - 2015,1
10519608,NYKREDIT BANK A/S,Nykredit Bank,Hovedgaden 55A,2970,Hørsholm,03/09 - 2012,01/01 - 2017,0
10519608,NYKREDIT BANK A/S,Nykredit bank Randers,Østervold 47,8900,Randers C,13/10 - 2011,01/11 - 2013,0
10519608,NYKREDIT BANK A/S,Nykredit Bank,Herlev Hovedgade 119,2730,Herlev,03/09 - 2012,01/01 - 2017,0
10519608,NYKREDIT BANK A/S,Nykredit Bank,Åhave Parkvej 27,8260,Viby J,01/06 - 2016,01/01 - 2017,0
10519608,NYKREDIT BANK A/S,Nykredit Bank A/S,Svanes Plads 4,8700,Horsens,01/10 - 2015,01/01 - 2017,0
10519608,NYKREDIT BANK A/S,NYKREDIT BANK A/S,Kalvebod Brygge 20,1560,København V,01/01 - 2003,01/11 - 2013,1
10519608,NYKREDIT BANK A/S,Nykredit Bank A/S,Kalvebod Brygge 43,1560,København V,19/09 - 2008,01/09 - 2013,
10519608,NYKREDIT BANK A/S,Nykredit Bank,"Store Torv 15, st",3700,Rønne,07/06 - 2011,01/11 - 2013,
10519608,NYKREDIT BANK A/S,NYKREDIT BANK A/S,Anker Heegaards Gade 4-6,1572,København V,01/01 - 2002,01/12 - 2017,0
10519608,NYKREDIT BANK A/S,Nykredit Bank A/S,Frederikskaj 4,2450,København SV,10/01 - 2011,01/10 - 2015,0
10519608,NYKREDIT BANK A/S,Nykredit Bank A/S,Langgade 10,4800,Nykøbing F,10/01 - 2011,01/11 - 2013,0
10519608,NYKREDIT BANK A/S,Nykredit A/S,Strandvejen 70,2900,Hellerup,28/08 - 2008,01/11 - 2013,
10519608,NYKREDIT BANK A/S,Nykredit Bank A/S,Åhave Parkvej 29,8260,Viby J,10/01 - 2011,01/10 - 2015,0
10519608,NYKREDIT BANK A/S,NYKREDIT BANK A/S,C.F. Richs Vej 107,2000,Frederiksberg,01/01 - 2006,23/01 - 2008,2-4
10519608,NYKREDIT BANK A/S,Nykredit Bank A/S,Anker Heegaards Gade 8,1572,København V,16/02 - 2010,01/10 - 2015,0
10519608,NYKREDIT BANK A/S,Nykredit Bank A/S,"Herlev Bygade 9, 1",2730,Herlev,16/02 - 2010,04/08 - 2011,0
10519608,NYKREDIT BANK A/S,Nykredit Bank A/S,Vestergade 20,6800,Varde,12/06 - 2009,30/07 - 2013,1
10519608,NYKREDIT BANK A/S,NYKREDIT BANK A/S,Slotsgade 22,6000,Kolding,01/01 - 2004,01/01 - 2004,1
10519608,NYKREDIT BANK A/S,Nykredit A/S,Gammel Kongevej 124,1850,Frederiksberg C,28/08 - 2008,01/11 - 2013,0
10519608,NYKREDIT BANK A/S,Nykredit Bank A/S,"Søndre Jernbanevej 4, st",3400,Hillerød,19/06 - 2009,14/01 - 2019,0
10519608,NYKREDIT BANK A/S,Nykredit Bank A/S,Østergade 30,9800,Hjørring,29/08 - 2008,01/11 - 2013,
10519608,NYKREDIT BANK A/S,Nykredit Bank A/S,Københavnsvej 65,4000,Roskilde,15/02 - 2010,04/08 - 2011,0
10519608,NYKREDIT BANK A/S,Nykredit Bank A/S,Markedsstræde 12,3400,Hillerød,07/06 - 2011,01/09 - 2013,0
10519608,NYKREDIT BANK A/S,NYKREDIT BANK A/S,Fredensgade 34,8000,Århus C,01/01 - 2002,30/09 - 2005,10-19
10519608,NYKREDIT BANK A/S,NYKREDIT BANK A/S,John F. Kennedys Plads 43,9000,Aalborg,01/01 - 2004,31/05 - 2021,12
10519608,NYKREDIT BANK A/S,Nykredit Bank A/S,Borgergade 38,6700,Esbjerg,03/01 - 2008,31/05 - 2009,2-4
10519608,NYKREDIT BANK A/S,NYKREDIT BANK A/S,Åhave Parkvej 31,8260,Viby J,01/10 - 2005,04/08 - 2011,20-49
10519608,NYKREDIT BANK A/S,NYKREDIT BANK A/S,Otto Mønsteds Plads 11,1563,København V,01/01 - 2004,31/01 - 2011,100-199
10519608,NYKREDIT BANK A/S,NYKREDIT BANK A/S,Otto Mønsteds Plads 9,1563,København V,01/01 - 2006,01/12 - 2017,0
10519608,NYKREDIT BANK A/S,Nykredit Bank A/S,Frederikskaj 4,2450,København SV,15/02 - 2010,15/02 - 2010,1
10519608,NYKREDIT BANK A/S,Nykredit Bank A/S,"Københavnsvej 45, 4",4000,Roskilde,22/02 - 2011,01/11 - 2013,10-19
10519608,NYKREDIT BANK A/S,Nykredit Bank A/S,Borgergade 38,6700,Esbjerg,10/12 - 2007,01/11 - 2013,0
10519608,NYKREDIT BANK A/S,NYKREDIT BANK A/S,Nygade 6,7400,Herning,01/01 - 2004,12/06 - 2009,2-4
10519608,NYKREDIT BANK A/S,NYKREDIT BANK A/S,Sct. Mathias Gade 1-3,8800,Viborg,01/01 - 2004,01/11 - 2013,1
10519608,NYKREDIT BANK A/S,NYKREDIT BANK A/S,Domkirkepladsen 1,8000,Aarhus C,01/01 - 2004,31/12 - 2023,46
10519608,NYKREDIT BANK A/S,Nykredit Bank A/S,Dalgasgade 23,7400,Herning,12/06 - 2009,06/01 - 2025,3
10519608,NYKREDIT BANK A/S,Nykredit Bank,Under Krystallen 1,1562,København V,13/04 - 2011,31/05 - 2024,260
10519608,NYKREDIT BANK A/S,NYKREDIT BANK A/S,Mageløs 2,5000,Odense C,01/01 - 2004,30/09 - 2025,1
10519608,NYKREDIT BANK A/S,Nykredit Bank A/S,Parallelvej 9,9900,Frederikshavn,01/02 - 2018,07/11 - 2025,0
10519608,NYKREDIT BANK A/S,Nykredit Bank A/S,Borgergade 38,6700,Esbjerg,01/06 - 2023,11/12 - 2025,14
10519608,NYKREDIT BANK A/S,Nykredit Bank A/S,Svanes Plads 4,8700,Horsens,01/10 - 2025,12/12 - 2025,21
10519608,NYKREDIT BANK A/S,Nykredit Bank A/S,Langgade 10,4800,Nykøbing F,01/12 - 2025,17/12 - 2025,6
10519608,NYKREDIT BANK A/S,Nykredit Bank A/S,Ågade 1B,3600,Frederikssund,01/12 - 2025,18/12 - 2025,7
10519608,NYKREDIT BANK A/S,Nykredit Bank A/S,Enghavevej 20,7100,Vejle,01/01 - 2018,06/03 - 2026,12
10519608,NYKREDIT BANK A/S,Nykredit Bank A/S,Ndr.Ringgade 70A,4200,Slagelse,01/12 - 2025,01/02 - 2026,6
10519608,NYKREDIT BANK A/S,Nykredit Bank A/S,Havnepladsen 3B,5700,Svendborg,01/12 - 2025,20/02 - 2026,10
10519608,NYKREDIT BANK A/S,Nykredit Bank A/S,Hovedgaden 55A,2970,Hørsholm,01/12 - 2025,01/03 - 2026,10
10519608,NYKREDIT BANK A/S,Nykredit Bank A/S,Københavnsvej 45-47,4000,Roskilde,10/01 - 2011,,68
10519608,NYKREDIT BANK A/S,Nykredit Bank A/S,Nørgaardsvej 2,2800,Kgs. Lyngby,03/09 - 2012,,24
10519608,NYKREDIT BANK A/S,Nykredit Bank A/S,Østerbrogade 8,9670,Løgstør,01/04 - 2026,,
10519608,NYKREDIT BANK A/S,Nykredit Bank A/S,Skagensgade 66,2630,Taastrup,01/08 - 2015,,294
10519608,NYKREDIT BANK A/S,Nykredit Bank A/S,Holstebrovej 2,8800,Viborg,01/01 - 2017,,40
10519608,NYKREDIT BANK A/S,Nykredit Bank A/S,Torvet 21,4600,Køge,01/01 - 2018,,1
10519608,NYKREDIT BANK A/S,Nykredit Bank A/S,Slangerupgade 37,3400,Hillerød,14/01 - 2019,,16
10519608,NYKREDIT BANK A/S,Nykredit Bank A/S,Åhave Parkvej 29,8260,Viby J,01/03 - 2019,,114
10519608,NYKREDIT BANK A/S,Nykredit Bank A/S,Tankedraget 25,9000,Aalborg,01/11 - 2019,,101
10519608,NYKREDIT BANK A/S,Nykredit Bank A/S,"Munkebjergvænget 1, 1",5230,Odense M,28/09 - 2020,,45
10519608,NYKREDIT BANK A/S,Nykredit Bank A/S,Buen 9,6000,Kolding,01/10 - 2020,,78
10519608,NYKREDIT BANK A/S,Nykredit Bank A/S,Madevej 13,6200,Aabenraa,01/10 - 2020,,9
10519608,NYKREDIT BANK A/S,Nykredit Bank A/S,Skagensgade 3,2630,Taastrup,01/05 - 2021,,245
10519608,NYKREDIT BANK A/S,Nykredit Bank A/S,Skagensgade 35,2630,Taastrup,01/09 - 2021,,54
10519608,NYKREDIT BANK A/S,Nykredit Bank A/S,Jernbanegade 9,4700,Næstved,20/07 - 2022,,45
10519608,NYKREDIT BANK A/S,Nykredit Bank A/S,Østervold 47,8900,Randers C,01/10 - 2022,,9
10519608,NYKREDIT BANK A/S,Nykredit Bank A/S,Jægersborg Alle 36,2920,Charlottenlund,01/06 - 2023,,52
10519608,NYKREDIT BANK A/S,Nykredit Bank A/S,Nørregade 49,1165,København K,01/11 - 2023,,105
10519608,NYKREDIT BANK A/S,Nykredit Bank,Europaplads 8B,8000,Aarhus C,01/01 - 2024,,125
10519608,NYKREDIT BANK A/S,Nykredit Bank A/S,Papirfabrikken 34,8600,Silkeborg,01/02 - 2024,,16
10519608,NYKREDIT BANK A/S,Nykredit Bank A/S,Sundkrogsgade 25,2150,Nordhavn,01/06 - 2024,,744
10519608,NYKREDIT BANK A/S,Nykredit Bank A/S,"Dalgas Plads 7B, st. 1.",7400,Herning,01/01 - 2025,,22
10519608,NYKREDIT BANK A/S,Nykredit Bank A/S,"Store Torv 15A, 1",3700,Rønne,01/07 - 2025,,8
10519608,NYKREDIT BANK A/S,Nykredit Bank A/S,Skelagervej 15,9000,Aalborg,01/10 - 2025,,15
10519608,NYKREDIT BANK A/S,Nykredit Bank A/S,Havnepladsen 6,4300,Holbæk,01/10 - 2025,,6
10519608,NYKREDIT BANK A/S,Nykredit Bank A/S,Hovedvejen 10,2600,Glostrup,01/10 - 2025,,27
10519608,NYKREDIT BANK A/S,Nykredit Bank A/S,Jerismosevej 3,2670,Greve,01/10 - 2025,,16
10519608,NYKREDIT BANK A/S,Nykredit Bank A/S,Adelgade 8,7800,Skive,01/10 - 2025,,2
10519608,NYKREDIT BANK A/S,Nykredit Bank A/S,Regnbuepladsen 1,1550,København V,01/10 - 2025,,1
10519608,NYKREDIT BANK A/S,Nykredit Bank A/S,Danmarksgade 48,9900,Frederikshavn,01/11 - 2025,,5
10519608,NYKREDIT BANK A/S,Nykredit Bank A/S,Grønlandsvej 5,8700,Horsens,01/12 - 2025,,9
10519608,NYKREDIT BANK A/S,Nykredit Bank A/S,Havnegade 9,5500,Middelfart,01/12 - 2025,,11
10519608,NYKREDIT BANK A/S,Nykredit Bank A/S,Jernbanesti 1,6400,Sønderborg,01/12 - 2025,,5
10519608,NYKREDIT BANK A/S,Nykredit Bank A/S,Storegade 8,7700,Thisted,01/12 - 2025,,5
10519608,NYKREDIT BANK A/S,Nykredit Bank A/S,Englandsvej 376,2770,Kastrup,01/12 - 2025,,15
10519608,NYKREDIT BANK A/S,Nykredit Bank A/S,Gammel Kongevej 157,1850,Frederiksberg C,01/12 - 2025,,1
10519608,NYKREDIT BANK A/S,Nykredit Bank A/S,Esbjerg Brygge 28,6700,Esbjerg,01/12 - 2025,,14
10519608,NYKREDIT BANK A/S,Nykredit Bank A/S,Guldborgsundcentret 21,4800,Nykøbing F,19/12 - 2025,,6
10519608,NYKREDIT BANK A/S,Nykredit Bank A/S,Jernbanegade 2B,3600,Frederikssund,19/12 - 2025,,5
10519608,NYKREDIT BANK A/S,Nykredit Bank A/S,Søndre Alle 1,4600,Køge,01/12 - 2025,,12
10519608,NYKREDIT BANK A/S,Nykredit Bank A/S,I L Tvedes Vej 19,3000,Helsingør,01/12 - 2025,,9
10519608,NYKREDIT BANK A/S,Nykredit Bank A/S,Mariendals Alle 29A,4200,Slagelse,02/02 - 2026,,1
10519608,NYKREDIT BANK A/S,Nykredit Bank A/S,Hostrupsvej 6,7500,Holstebro,01/02 - 2026,,1
10519608,NYKREDIT BANK A/S,Nykredit Bank A/S,Østerågade 12,9000,Aalborg,01/02 - 2026,,3
10519608,NYKREDIT BANK A/S,NYKREDIT BANK A/S,Sdr. Havnegade 1,6000,Kolding,01/01 - 2004,,12
10519608,NYKREDIT BANK A/S,Nykredit Bank A/S,Ceresbyen 75,8000,Aarhus C,01/03 - 2026,,
10519608,NYKREDIT BANK A/S,Nykredit Bank A/S,Nørregade 32,6100,Haderslev,02/01 - 2026,,
10519608,NYKREDIT BANK A/S,Nykredit Bank A/S,Adelgade 31,9500,Hobro,01/03 - 2026,,
10519608,NYKREDIT BANK A/S,Nykredit Bank A/S,Amagerbrogade 175,2300,København S,01/03 - 2026,,
10519608,NYKREDIT BANK A/S,Nykredit Bank A/S,Algade 4,9700,Brønderslev,01/03 - 2026,,
10519608,NYKREDIT BANK A/S,Nykredit Bank A/S,Borgergade 36,8600,Silkeborg,01/03 - 2026,,
10519608,NYKREDIT BANK A/S,Nykredit Bank A/S,Bymidten 2,9575,Terndrup,01/03 - 2026,,
10519608,NYKREDIT BANK A/S,Nykredit Bank A/S,Fælledvej 3,5000,Odense C,01/03 - 2026,,
10519608,NYKREDIT BANK A/S,Nykredit Bank A/S,Himmerlandsgade 70,9600,Aars,01/03 - 2026,,
10519608,NYKREDIT BANK A/S,Nykredit Bank A/S,Hasserisvej 113,9000,Aalborg,01/03 - 2026,,
10519608,NYKREDIT BANK A/S,Nykredit Bank A/S,Hadsundvej 20,9000,Aalborg,01/03 - 2026,,
10519608,NYKREDIT BANK A/S,Nykredit Bank A/S,Jørgen Fibigersgade 4,9850,Hirtshals,01/03 - 2026,,
10519608,NYKREDIT BANK A/S,Nykredit Bank A/S,Jernbanegade 26A,9530,Støvring,01/03 - 2026,,
10519608,NYKREDIT BANK A/S,Nykredit Bank A/S,Hobrovej 440,9200,Aalborg SV,01/03 - 2026,,
10519608,NYKREDIT BANK A/S,Nykredit Bank A/S,Kongelundsvej 267,2770,Kastrup,01/03 - 2026,,
10519608,NYKREDIT BANK A/S,Nykredit Bank A/S,Kirketorvet 1,7900,Nykøbing M,01/03 - 2026,,
10519608,NYKREDIT BANK A/S,Nykredit Bank A/S,"Lilledal 23, st. th.",3450,Allerød,01/03 - 2026,,
10519608,NYKREDIT BANK A/S,Nykredit Bank A/S,Sct. Laurentii Vej 36,9990,Skagen,01/03 - 2026,,
10519608,NYKREDIT BANK A/S,Nykredit Bank A/S,Solrød Strandvej 92,2680,Solrød Strand,01/03 - 2026,,
10519608,NYKREDIT BANK A/S,Nykredit Bank A/S,Stigsborg Bygade 34,9400,Nørresundby,01/03 - 2026,,
10519608,NYKREDIT BANK A/S,Nykredit Bank A/S,Slotsvolden 7,4300,Holbæk,01/03 - 2026,,
10519608,NYKREDIT BANK A/S,Nykredit Bank A/S,Storegade 12,9560,Hadsund,01/03 - 2026,,
10519608,NYKREDIT BANK A/S,Nykredit Bank A/S,Vestergade 35,5800,Nyborg,01/03 - 2026,,
10519608,NYKREDIT BANK A/S,Nykredit Bank A/S,Østergade 8,9800,Hjørring,01/03 - 2026,,
10519608,NYKREDIT BANK A/S,Nykredit Bank A/S,Østerbrogade 43,2100,København Ø,01/03 - 2026,,
10519608,NYKREDIT BANK A/S,Nykredit Bank A/S,"Vestergade 3C, st. tv.",9300,Sæby,01/03 - 2026,,
10519608,NYKREDIT BANK A/S,Nykredit Bank A/S,Bødkervej 3,7000,Fredericia,01/03 - 2026,,
10519608,NYKREDIT BANK A/S,Nykredit Bank A/S,"Dalgasgade 30A, st",7400,Herning,01/03 - 2026,,
10519608,NYKREDIT BANK A/S,Nykredit Bank A/S,Kalvebod Brygge 47,1560,København V,12/12 - 2008,,1
10519608,NYKREDIT BANK A/S,Nykredit Bank A/S,Skovvangen 37,6000,Kolding,01/04 - 2026,,
10519608,NYKREDIT BANK A/S,Nykredit Bank A/S,Lerchesvej 2,5700,Svendborg,23/02 - 2026,,
10519608,NYKREDIT BANK A/S,Nykredit Bank A/S,"Dania 15, 1",4700,Næstved,12/06 - 2009,,1
10519608,NYKREDIT BANK A/S,NYKREDIT BANK A/S,Sundkrogsgade 25,2150,Nordhavn,09/10 - 1986,,1
10519608,NYKREDIT BANK A/S,Nykredit Bank A/S,Stengade 63,3000,Helsingør,10/01 - 2011,,8
10519608,NYKREDIT BANK A/S,Nykredit Bank A/S,Gammel Kongevej 124,1850,Frederiksberg C,01/12 - 2025,,
10519608,NYKREDIT BANK A/S,Nykedit Bank A/S,"Normansvej 1, 1",8920,Randers NV,01/12 - 2020,,2
10519608,NYKREDIT BANK A/S,Nykredit Bank A/S,Kählersbakken 5,4700,Næstved,01/05 - 2021,,1
10519608,NYKREDIT BANK A/S,Nykredit Bank A/S,Usserød Kongevej 87,2970,Hørsholm,01/02 - 2026,,
10519608,NYKREDIT BANK A/S,Nykredit Bank A/S,Windfeld-Hansens Gd 5,7100,Vejle,09/03 - 2026,,
25992180,"Nordea Danmark, Filial af Nordea Bank Abp, Finland","Nordea Danmark, Filial af Nordea Bank Abp, Finland",Njalsgade 72B,2300,København S,07/12 - 2016,01/02 - 2019,
25992180,"Nordea Danmark, Filial af Nordea Bank Abp, Finland","Nordea Danmark, Filial af Nordea Bank AB (publ), Sverige",Lyngby Torv 2,2800,Kgs. Lyngby,01/11 - 2016,02/11 - 2016,
25992180,"Nordea Danmark, Filial af Nordea Bank Abp, Finland","Nordea Danmark, Filial af Nordea Bank AB (publ), Sverige",Holte Stationsvej 20,2840,Holte,01/11 - 2016,02/11 - 2016,
25992180,"Nordea Danmark, Filial af Nordea Bank Abp, Finland","Nordea Danmark, Filial af Nordea Bank AB (publ), Sverige",Prins Jørgens Alle 6B,4760,Vordingborg,01/11 - 2016,02/11 - 2016,
25992180,"Nordea Danmark, Filial af Nordea Bank Abp, Finland","Nordea Danmark, Filial af Nordea Bank AB (publ), Sverige",Tårnby Torv 9,2770,Kastrup,01/11 - 2016,02/11 - 2016,
25992180,"Nordea Danmark, Filial af Nordea Bank Abp, Finland","Nordea Danmark, Filial af Nordea Bank AB (publ), Sverige",Valby Langgade 44,2500,Valby,01/11 - 2016,02/11 - 2016,
25992180,"Nordea Danmark, Filial af Nordea Bank Abp, Finland","Nordea Danmark, Filial af Nordea Bank AB (publ), Sverige",Algade 16,4000,Roskilde,01/11 - 2016,02/11 - 2016,
25992180,"Nordea Danmark, Filial af Nordea Bank Abp, Finland","Nordea Danmark, Filial af Nordea Bank AB (publ), Sverige",Smallegade 2,2000,Frederiksberg,01/11 - 2016,02/11 - 2016,
25992180,"Nordea Danmark, Filial af Nordea Bank Abp, Finland","Nordea Danmark, Filial af Nordea Bank AB (publ), Sverige",Tårnvej 151,2610,Rødovre,01/11 - 2016,02/11 - 2016,
25992180,"Nordea Danmark, Filial af Nordea Bank Abp, Finland","Nordea Danmark, Filial af Nordea Bank AB (publ), Sverige",Nørrebrogade 180,2200,København N,01/11 - 2016,02/11 - 2016,
25992180,"Nordea Danmark, Filial af Nordea Bank Abp, Finland","Nordea Danmark, Filial af Nordea Bank AB (publ), Sverige",Centrumgaden 1,2750,Ballerup,01/11 - 2016,02/11 - 2016,
25992180,"Nordea Danmark, Filial af Nordea Bank Abp, Finland","Nordea Danmark, Filial af Nordea Bank AB (publ), Sverige",Frederikssundsvej 175,2700,Brønshøj,01/11 - 2016,02/11 - 2016,
25992180,"Nordea Danmark, Filial af Nordea Bank Abp, Finland","Nordea Danmark, Filial af Nordea Bank AB (publ), Sverige",Enghave Plads 4,1670,København V,01/11 - 2016,02/11 - 2016,
25992180,"Nordea Danmark, Filial af Nordea Bank Abp, Finland","Nordea Danmark, Filial af Nordea Bank AB (publ), Sverige",Jægersborg Alle 22,2920,Charlottenlund,01/11 - 2016,02/11 - 2016,
25992180,"Nordea Danmark, Filial af Nordea Bank Abp, Finland","Nordea Danmark, Filial af Nordea Bank AB (publ), Sverige",Jyllingecentret 6,4040,Jyllinge,01/11 - 2016,02/11 - 2016,
25992180,"Nordea Danmark, Filial af Nordea Bank Abp, Finland","Nordea Danmark, Filial af Nordea Bank AB (publ), Sverige",Østerbrogade 137,2100,København Ø,01/11 - 2016,02/11 - 2016,
25992180,"Nordea Danmark, Filial af Nordea Bank Abp, Finland","Nordea Danmark, Filial af Nordea Bank AB (publ), Sverige",Østergade 4,7400,Herning,01/11 - 2016,02/11 - 2016,
25992180,"Nordea Danmark, Filial af Nordea Bank Abp, Finland","Nordea Danmark, Filial af Nordea Bank AB (publ), Sverige",Sct. Mathias Gade 68,8800,Viborg,01/11 - 2016,02/11 - 2016,
25992180,"Nordea Danmark, Filial af Nordea Bank Abp, Finland","Nordea Danmark, Filial af Nordea Bank AB (publ), Sverige",Vestergade 16,7620,Lemvig,01/11 - 2016,02/11 - 2016,
25992180,"Nordea Danmark, Filial af Nordea Bank Abp, Finland","Nordea Danmark, Filial af Nordea Bank AB (publ), Sverige",Ahlgade 22,4300,Holbæk,01/11 - 2016,02/11 - 2016,
25992180,"Nordea Danmark, Filial af Nordea Bank Abp, Finland","Nordea Danmark, Filial af Nordea Bank AB (publ), Sverige",Torvet 8,6950,Ringkøbing,01/11 - 2016,02/11 - 2016,
25992180,"Nordea Danmark, Filial af Nordea Bank Abp, Finland","Nordea Danmark, Filial af Nordea Bank AB (publ), Sverige",Vænget 13,4400,Kalundborg,01/11 - 2016,02/11 - 2016,
25992180,"Nordea Danmark, Filial af Nordea Bank Abp, Finland","Nordea Danmark, Filial af Nordea Bank AB (publ), Sverige",Slotsgade 44,3400,Hillerød,01/11 - 2016,02/11 - 2016,
25992180,"Nordea Danmark, Filial af Nordea Bank Abp, Finland","Nordea Danmark, Filial af Nordea Bank AB (publ), Sverige",Centrumpladsen 8,5700,Svendborg,01/11 - 2016,02/11 - 2016,
25992180,"Nordea Danmark, Filial af Nordea Bank Abp, Finland","Nordea Danmark, Filial af Nordea Bank AB (publ), Sverige",Dagmar Centret 1,8660,Skanderborg,01/11 - 2016,02/11 - 2016,
25992180,"Nordea Danmark, Filial af Nordea Bank Abp, Finland","Nordea Danmark, Filial af Nordea Bank AB (publ), Sverige",Storegade 12,8850,Bjerringbro,01/11 - 2016,02/11 - 2016,
25992180,"Nordea Danmark, Filial af Nordea Bank Abp, Finland","Nordea Danmark, Filial af Nordea Bank AB (publ), Sverige",Østergade 1,6630,Rødding,01/11 - 2016,02/11 - 2016,
25992180,"Nordea Danmark, Filial af Nordea Bank Abp, Finland","Nordea Danmark, Filial af Nordea Bank AB (publ), Sverige",Torvet 37,3300,Frederiksværk,01/11 - 2016,02/11 - 2016,
25992180,"Nordea Danmark, Filial af Nordea Bank Abp, Finland","Nordea Danmark, Filial af Nordea Bank AB (publ), Sverige",Kongensgade 44,6700,Esbjerg,01/11 - 2016,02/11 - 2016,
25992180,"Nordea Danmark, Filial af Nordea Bank Abp, Finland","Nordea Danmark, Filial af Nordea Bank AB (publ), Sverige",Torvet 10,4100,Ringsted,01/11 - 2016,02/11 - 2016,
25992180,"Nordea Danmark, Filial af Nordea Bank Abp, Finland","Nordea Danmark, Filial af Nordea Bank AB (publ), Sverige",Rådhuspassagen 2,6600,Vejen,01/11 - 2016,02/11 - 2016,
25992180,"Nordea Danmark, Filial af Nordea Bank Abp, Finland","Nordea Danmark, Filial af Nordea Bank AB (publ), Sverige",Asnæs Centret 9,4550,Asnæs,01/11 - 2016,02/11 - 2016,
25992180,"Nordea Danmark, Filial af Nordea Bank Abp, Finland","Nordea Danmark, Filial af Nordea Bank AB (publ), Sverige",Torvet 14,4600,Køge,01/11 - 2016,02/11 - 2016,
25992180,"Nordea Danmark, Filial af Nordea Bank Abp, Finland","Nordea Danmark, Filial af Nordea Bank AB (publ), Sverige",Vestergade 13,8600,Silkeborg,01/11 - 2016,02/11 - 2016,
25992180,"Nordea Danmark, Filial af Nordea Bank Abp, Finland","Nordea Danmark, Filial af Nordea Bank AB (publ), Sverige",Hovedgaden 23,3460,Birkerød,01/11 - 2016,02/11 - 2016,
25992180,"Nordea Danmark, Filial af Nordea Bank Abp, Finland","Nordea Danmark, Filial af Nordea Bank AB (publ), Sverige",Bredgade 7,9700,Brønderslev,01/11 - 2016,02/11 - 2016,
25992180,"Nordea Danmark, Filial af Nordea Bank Abp, Finland","Nordea Danmark, Filial af Nordea Bank AB (publ), Sverige",Jernbane Allé 47,2720,Vanløse,01/11 - 2016,02/11 - 2016,
25992180,"Nordea Danmark, Filial af Nordea Bank Abp, Finland","Nordea Danmark, Filial af Nordea Bank AB (publ), Sverige",Søborg Hovedgade 112,2860,Søborg,01/11 - 2016,02/11 - 2016,
25992180,"Nordea Danmark, Filial af Nordea Bank Abp, Finland","Nordea Danmark, Filial af Nordea Bank AB (publ), Sverige",Stengade 45,3000,Helsingør,01/11 - 2016,02/11 - 2016,
25992180,"Nordea Danmark, Filial af Nordea Bank Abp, Finland","Nordea Danmark, Filial af Nordea Bank AB (publ), Sverige",Banegårdsgade 2,8300,Odder,01/11 - 2016,02/11 - 2016,
25992180,"Nordea Danmark, Filial af Nordea Bank Abp, Finland","Nordea Danmark, Filial af Nordea Bank AB (publ), Sverige",Amagerbrogade 245,2300,København S,01/11 - 2016,02/11 - 2016,
25992180,"Nordea Danmark, Filial af Nordea Bank Abp, Finland","Nordea Danmark, Filial af Nordea Bank AB (publ), Sverige",Østerbrogade 78,2100,København Ø,01/11 - 2016,02/11 - 2016,
25992180,"Nordea Danmark, Filial af Nordea Bank Abp, Finland","Nordea Danmark, Filial af Nordea Bank AB (publ), Sverige",Kirkebakken 4,8330,Beder,01/11 - 2016,02/11 - 2016,
25992180,"Nordea Danmark, Filial af Nordea Bank Abp, Finland","Nordea Danmark, Filial af Nordea Bank AB (publ), Sverige",Ved Fjorden 2,7600,Struer,01/11 - 2016,02/11 - 2016,
25992180,"Nordea Danmark, Filial af Nordea Bank Abp, Finland","Nordea Danmark, Filial af Nordea Bank AB (publ), Sverige",Kongens Nytorv 28,1050,København K,01/11 - 2016,02/11 - 2016,
25992180,"Nordea Danmark, Filial af Nordea Bank Abp, Finland","Nordea Danmark, Filial af Nordea Bank AB (publ), Sverige",Hvidovrevej 59,2650,Hvidovre,01/11 - 2016,02/11 - 2016,
25992180,"Nordea Danmark, Filial af Nordea Bank Abp, Finland","Nordea Danmark, Filial af Nordea Bank AB (publ), Sverige",Vejlby Centervej 1,8240,Risskov,01/11 - 2016,02/11 - 2016,
25992180,"Nordea Danmark, Filial af Nordea Bank Abp, Finland","Nordea Danmark, Filial af Nordea Bank AB (publ), Sverige",Bredgade 36,6900,Skjern,01/11 - 2016,02/11 - 2016,
25992180,"Nordea Danmark, Filial af Nordea Bank Abp, Finland","Nordea Danmark, Filial af Nordea Bank AB (publ), Sverige",Frederiksborggade 14,1360,København K,01/11 - 2016,02/11 - 2016,
25992180,"Nordea Danmark, Filial af Nordea Bank Abp, Finland","Nordea Danmark, Filial af Nordea Bank AB (publ), Sverige",Bredgade 23,6920,Videbæk,01/11 - 2016,02/11 - 2016,
25992180,"Nordea Danmark, Filial af Nordea Bank Abp, Finland","Nordea Danmark, Filial af Nordea Bank AB (publ), Sverige",Amagerbrogade 26,2300,København S,01/11 - 2016,02/11 - 2016,
25992180,"Nordea Danmark, Filial af Nordea Bank Abp, Finland","Nordea Danmark, Filial af Nordea Bank AB (publ), Sverige",Store Torv 18,3700,Rønne,01/11 - 2016,02/11 - 2016,
25992180,"Nordea Danmark, Filial af Nordea Bank Abp, Finland","Nordea Danmark, Filial af Nordea Bank AB (publ), Sverige",Lyngby Hovedgade 96,2800,Kgs. Lyngby,01/11 - 2016,02/11 - 2016,
25992180,"Nordea Danmark, Filial af Nordea Bank Abp, Finland","Nordea Danmark, Filial af Nordea Bank AB (publ), Sverige",Toldbodgade 4,7700,Thisted,01/11 - 2016,02/11 - 2016,
25992180,"Nordea Danmark, Filial af Nordea Bank Abp, Finland","Nordea Danmark, Filial af Nordea Bank AB (publ), Sverige",Vestergade 3,6580,Vamdrup,01/11 - 2016,02/11 - 2016,
25992180,"Nordea Danmark, Filial af Nordea Bank Abp, Finland","Nordea Danmark, Filial af Nordea Bank AB (publ), Sverige",Jernbanegade 27,4690,Haslev,01/11 - 2016,02/11 - 2016,
25992180,"Nordea Danmark, Filial af Nordea Bank Abp, Finland","Nordea Danmark, Filial af Nordea Bank AB (publ), Sverige",Strandvejen 159,2900,Hellerup,01/11 - 2016,02/11 - 2016,
25992180,"Nordea Danmark, Filial af Nordea Bank Abp, Finland","Nordea Danmark, Filial af Nordea Bank AB (publ), Sverige",Strøget 12,7430,Ikast,01/11 - 2016,02/11 - 2016,
25992180,"Nordea Danmark, Filial af Nordea Bank Abp, Finland","Nordea Danmark, Filial af Nordea Bank AB (publ), Sverige",Øster Torv 4,3060,Espergærde,01/11 - 2016,02/11 - 2016,
25992180,"Nordea Danmark, Filial af Nordea Bank Abp, Finland","Nordea Danmark, Filial af Nordea Bank AB (publ), Sverige",Vesterbrogade 8,1620,København V,01/11 - 2016,02/11 - 2016,
25992180,"Nordea Danmark, Filial af Nordea Bank Abp, Finland","Nordea Danmark, Filial af Nordea Bank AB (publ), Sverige",Bredgade 30,7400,Herning,01/11 - 2016,02/11 - 2016,
25992180,"Nordea Danmark, Filial af Nordea Bank Abp, Finland","Nordea Danmark, Filial af Nordea Bank AB (publ), Sverige",Vestergade 11,6500,Vojens,01/11 - 2016,02/11 - 2016,
25992180,"Nordea Danmark, Filial af Nordea Bank Abp, Finland","Nordea Danmark, Filial af Nordea Bank AB (publ), Sverige",Kolding Åpark 2,6000,Kolding,01/11 - 2016,02/11 - 2016,
25992180,"Nordea Danmark, Filial af Nordea Bank Abp, Finland","Nordea Danmark, Filial af Nordea Bank AB (publ), Sverige",Nytorv 5,4660,Store Heddinge,01/11 - 2016,02/11 - 2016,
25992180,"Nordea Danmark, Filial af Nordea Bank Abp, Finland","Nordea Danmark, Filial af Nordea Bank AB (publ), Sverige",Farum Hovedgade 14,3520,Farum,01/11 - 2016,02/11 - 2016,
25992180,"Nordea Danmark, Filial af Nordea Bank Abp, Finland","Nordea Danmark, Filial af Nordea Bank AB (publ), Sverige",Slotsgade 1,4800,Nykøbing F,01/11 - 2016,02/11 - 2016,
25992180,"Nordea Danmark, Filial af Nordea Bank Abp, Finland","Nordea Danmark, Filial af Nordea Bank AB (publ), Sverige",Amagerbrogade 92,2300,København S,01/11 - 2016,02/11 - 2016,
25992180,"Nordea Danmark, Filial af Nordea Bank Abp, Finland","Nordea Danmark, Filial af Nordea Bank AB (publ), Sverige",Hovedvejen 116,2600,Glostrup,01/11 - 2016,02/11 - 2016,
25992180,"Nordea Danmark, Filial af Nordea Bank Abp, Finland","Nordea Danmark, Filial af Nordea Bank AB (publ), Sverige",Brovejen 32A,4930,Maribo,01/11 - 2016,02/11 - 2016,
25992180,"Nordea Danmark, Filial af Nordea Bank Abp, Finland","Nordea Danmark, Filial af Nordea Bank AB (publ), Sverige",Nørregade 30,6100,Haderslev,01/11 - 2016,02/11 - 2016,
25992180,"Nordea Danmark, Filial af Nordea Bank Abp, Finland","Nordea Danmark, Filial af Nordea Bank AB (publ), Sverige",Prinsensgade 15,9000,Aalborg,01/11 - 2016,02/11 - 2016,
25992180,"Nordea Danmark, Filial af Nordea Bank Abp, Finland","Nordea Danmark, Filial af Nordea Bank AB (publ), Sverige",Søndergade 6,7800,Skive,01/11 - 2016,02/11 - 2016,
25992180,"Nordea Danmark, Filial af Nordea Bank Abp, Finland","Nordea Danmark, Filial af Nordea Bank AB (publ), Sverige",Kirkegade 3,8900,Randers C,01/11 - 2016,02/11 - 2016,
25992180,"Nordea Danmark, Filial af Nordea Bank Abp, Finland","Nordea Danmark, Filial af Nordea Bank AB (publ), Sverige",Østergade 10,9800,Hjørring,01/11 - 2016,02/11 - 2016,
25992180,"Nordea Danmark, Filial af Nordea Bank Abp, Finland","Nordea Danmark, Filial af Nordea Bank AB (publ), Sverige",Torvet 4,8500,Grenaa,01/11 - 2016,02/11 - 2016,
25992180,"Nordea Danmark, Filial af Nordea Bank Abp, Finland","Nordea Danmark, Filial af Nordea Bank AB (publ), Sverige",Taastrup Hovedgade 101,2630,Taastrup,01/11 - 2016,02/11 - 2016,
25992180,"Nordea Danmark, Filial af Nordea Bank Abp, Finland","Nordea Danmark, Filial af Nordea Bank AB (publ), Sverige",Tingvej 31,8543,Hornslet,01/11 - 2016,02/11 - 2016,
25992180,"Nordea Danmark, Filial af Nordea Bank Abp, Finland","Nordea Danmark, Filial af Nordea Bank AB (publ), Sverige",Vestergade 12,9620,Aalestrup,01/11 - 2016,02/11 - 2016,
25992180,"Nordea Danmark, Filial af Nordea Bank Abp, Finland","Nordea Danmark, Filial af Nordea Bank AB (publ), Sverige",Gothersgade 5,7000,Fredericia,01/11 - 2016,02/11 - 2016,
25992180,"Nordea Danmark, Filial af Nordea Bank Abp, Finland","Nordea Danmark, Filial af Nordea Bank AB (publ), Sverige",Dæmningen 68,7100,Vejle,01/11 - 2016,02/11 - 2016,
25992180,"Nordea Danmark, Filial af Nordea Bank Abp, Finland","Nordea Danmark, Filial af Nordea Bank AB (publ), Sverige",Nr. Bredgade 17,6933,Kibæk,01/11 - 2016,02/11 - 2016,
25992180,"Nordea Danmark, Filial af Nordea Bank Abp, Finland","Nordea Danmark, Filial af Nordea Bank AB (publ), Sverige",Skt. Clemens Torv 2,8000,Aarhus C,01/11 - 2016,02/11 - 2016,
25992180,"Nordea Danmark, Filial af Nordea Bank Abp, Finland","Nordea Danmark, Filial af Nordea Bank AB (publ), Sverige",Skt. Clemens Torv 6,8000,Aarhus C,01/11 - 2016,02/11 - 2016,
25992180,"Nordea Danmark, Filial af Nordea Bank Abp, Finland","Nordea Danmark, Filial af Nordea Bank AB (publ), Sverige",Trommesalen 4,1614,København V,15/12 - 2014,01/06 - 2017,0
25992180,"Nordea Danmark, Filial af Nordea Bank Abp, Finland","Nordea Danmark, Filial af Nordea Bank Abp, Finland",Jupitervej 2,7000,Fredericia,15/12 - 2014,01/05 - 2019,100-199
25992180,"Nordea Danmark, Filial af Nordea Bank Abp, Finland","Nordea Danmark, Filial af Nordea Bank Abp, Finland","Hollandsvej 12, 2",2800,Kgs. Lyngby,05/07 - 2013,01/02 - 2019,20-49
25992180,"Nordea Danmark, Filial af Nordea Bank Abp, Finland","Nordea Danmark, Filial af Nordea Bank AB (publ), Sverige","Prags Boulevard 80, st",2300,København S,14/10 - 2016,30/09 - 2018,0
25992180,"Nordea Danmark, Filial af Nordea Bank Abp, Finland","Nordea Danmark, Filial af Nordea Bank Abp, Finland",Dalumvej 16,5250,Odense SV,30/03 - 2015,01/02 - 2019,0
25992180,"Nordea Danmark, Filial af Nordea Bank Abp, Finland","Nordea Danmark, Filial af Nordea Bank AB (publ), Sverige",Øster Torv 4,3060,Espergærde,01/01 - 1991,31/01 - 2018,5-9
25992180,"Nordea Danmark, Filial af Nordea Bank Abp, Finland","Nordea Danmark, Filial af Nordea Bank AB (publ), Sverige",Vestergade 64,5000,Odense C,01/01 - 1991,01/07 - 2016,0
25992180,"Nordea Danmark, Filial af Nordea Bank Abp, Finland","Nordea Danmark, Filial af Nordea Bank AB (publ), Sverige",Vestergade 3,6580,Vamdrup,01/01 - 1991,09/12 - 2016,2-4
25992180,"Nordea Danmark, Filial af Nordea Bank Abp, Finland","Nordea Danmark, Filial af Nordea Bank Abp, Finland",Hjallesevej 126,5230,Odense M,01/01 - 1991,01/02 - 2019,0
25992180,"Nordea Danmark, Filial af Nordea Bank Abp, Finland","Nordea Danmark, Filial af Nordea Bank AB (publ), Sverige",Tårnby Torv 9,2770,Kastrup,01/01 - 1991,31/01 - 2018,5-9
25992180,"Nordea Danmark, Filial af Nordea Bank Abp, Finland","Nordea Danmark, Filial af Nordea Bank AB (publ), Sverige",Østergade 7,3200,Helsinge,01/01 - 1991,15/05 - 2017,0
25992180,"Nordea Danmark, Filial af Nordea Bank Abp, Finland","Nordea Danmark, Filial af Nordea Bank AB (publ), Sverige",Torvet 4,3730,Nexø,01/01 - 1991,01/12 - 2016,5-9
25992180,"Nordea Danmark, Filial af Nordea Bank Abp, Finland","Nordea Danmark, Filial af Nordea Bank AB (publ), Sverige",Vestergade 11,6500,Vojens,01/01 - 1991,02/10 - 2017,0
25992180,"Nordea Danmark, Filial af Nordea Bank Abp, Finland","Nordea Danmark, Filial af Nordea Bank AB (publ), Sverige",Vestergade 12,9620,Aalestrup,01/01 - 1991,01/06 - 2017,0
25992180,"Nordea Danmark, Filial af Nordea Bank Abp, Finland","Nordea Danmark, Filial af Nordea Bank Abp, Finland",Hovedgaden 48,4050,Skibby,01/01 - 1991,01/02 - 2019,1
25992180,"Nordea Danmark, Filial af Nordea Bank Abp, Finland","Nordea Danmark, Filial af Nordea Bank Abp, Finland",Tårnvej 151,2610,Rødovre,01/01 - 1991,01/02 - 2019,0
25992180,"Nordea Danmark, Filial af Nordea Bank Abp, Finland","Nordea Danmark, Filial af Nordea Bank Abp, Finland",Lyngby Torv 2,2800,Kgs. Lyngby,01/01 - 1991,01/02 - 2019,0
25992180,"Nordea Danmark, Filial af Nordea Bank Abp, Finland","Nordea Danmark, Filial af Nordea Bank Abp, Finland",Frederikssundsvej 175,2700,Brønshøj,01/01 - 1991,01/02 - 2019,0
25992180,"Nordea Danmark, Filial af Nordea Bank Abp, Finland","Nordea Danmark, Filial af Nordea Bank AB (publ), Sverige",Helgeshøj Alle 21,2630,Taastrup,01/01 - 1991,31/08 - 2018,0
25992180,"Nordea Danmark, Filial af Nordea Bank Abp, Finland","Nordea Danmark, Filial af Nordea Bank AB (publ), Sverige",Falkoner Alle 53,2000,Frederiksberg,01/01 - 1991,01/12 - 2016,10-19
25992180,"Nordea Danmark, Filial af Nordea Bank Abp, Finland","Nordea Danmark, Filial af Nordea Bank Abp, Finland",Hovedgaden 23,3460,Birkerød,01/01 - 1991,01/02 - 2019,0
25992180,"Nordea Danmark, Filial af Nordea Bank Abp, Finland","Nordea Danmark, Filial af Nordea Bank AB (publ), Sverige",Holmensvej 2,8240,Risskov,01/01 - 1991,01/06 - 2017,0
25992180,"Nordea Danmark, Filial af Nordea Bank Abp, Finland","Nordea Danmark, Filial af Nordea Bank AB (publ), Sverige",Rugårdsvej 191,5210,Odense NV,01/01 - 1993,06/02 - 2018,0
25992180,"Nordea Danmark, Filial af Nordea Bank Abp, Finland","Nordea Danmark, Filial af Nordea Bank Abp, Finland",Enghave Plads 4,1670,København V,01/01 - 1991,01/02 - 2019,0
25992180,"Nordea Danmark, Filial af Nordea Bank Abp, Finland","Nordea Danmark, Filial af Nordea Bank Abp, Finland",Amagerbrogade 92,2300,København S,01/01 - 1991,01/02 - 2019,1
25992180,"Nordea Danmark, Filial af Nordea Bank Abp, Finland","Nordea Danmark, Filial af Nordea Bank Abp, Finland",Bredgade 30,7400,Herning,01/01 - 1991,01/12 - 2018,10-19
25992180,"Nordea Danmark, Filial af Nordea Bank Abp, Finland","Nordea Danmark, Filial af Nordea Bank Abp, Finland",Silkeborgvej 261,8230,Åbyhøj,01/01 - 1991,07/03 - 2022,27
25992180,"Nordea Danmark, Filial af Nordea Bank Abp, Finland","Nordea Danmark, Filial af Nordea Bank AB (publ), Sverige",Kongens Nytorv 28,1050,København K,01/01 - 1991,01/07 - 2017,0
25992180,"Nordea Danmark, Filial af Nordea Bank Abp, Finland","Nordea Danmark, Filial af Nordea Bank AB (publ), Sverige",Paludan-Müllers Vej 24,8200,Aarhus N,01/01 - 1991,01/05 - 2018,0
25992180,"Nordea Danmark, Filial af Nordea Bank Abp, Finland","Nordea Danmark, Filial af Nordea Bank Abp, Finland",Jægersborg Alle 22,2920,Charlottenlund,01/01 - 1994,15/08 - 2022,8
25992180,"Nordea Danmark, Filial af Nordea Bank Abp, Finland","Nordea Danmark, Filial af Nordea Bank AB (publ), Sverige",Solrød Center 130,2680,Solrød Strand,01/12 - 2001,28/11 - 2016,10-19
25992180,"Nordea Danmark, Filial af Nordea Bank Abp, Finland","Nordea Danmark, Filial af Nordea Bank AB (publ), Sverige",Nytorv 5,4660,Store Heddinge,01/01 - 1991,01/06 - 2017,0
25992180,"Nordea Danmark, Filial af Nordea Bank Abp, Finland","Nordea Danmark, Filial af Nordea Bank Abp, Finland",Søborg Hovedgade 112,2860,Søborg,01/01 - 1991,15/08 - 2022,11
25992180,"Nordea Danmark, Filial af Nordea Bank Abp, Finland","Nordea Danmark, Filial af Nordea Bank Abp, Finland",Baldersgade 4,2200,København N,01/01 - 1991,10/09 - 2023,12
25992180,"Nordea Danmark, Filial af Nordea Bank Abp, Finland","Nordea Danmark, Filial af Nordea Bank Abp, Finland",Amagerbrogade 245,2300,København S,01/01 - 1991,20/11 - 2023,14
25992180,"Nordea Danmark, Filial af Nordea Bank Abp, Finland","Nordea Danmark, Filial af Nordea Bank Abp, Finland",Lagonis Minde 9B,5600,Faaborg,01/01 - 1991,11/11 - 2024,1
25992180,"Nordea Danmark, Filial af Nordea Bank Abp, Finland","Nordea Danmark, Filial af Nordea Bank Abp, Finland",Torvegade 7,7323,Give,01/01 - 1991,11/11 - 2024,1
25992180,"Nordea Danmark, Filial af Nordea Bank Abp, Finland","Nordea Danmark, Filial af Nordea Bank Abp, Finland",Bredgade 7,9700,Brønderslev,01/01 - 1991,20/01 - 2025,1
25992180,"Nordea Danmark, Filial af Nordea Bank Abp, Finland","Nordea Danmark, Filial af Nordea Bank AB (publ), Sverige",Strøget 12,7430,Ikast,01/01 - 1991,04/11 - 2024,4
25992180,"Nordea Danmark, Filial af Nordea Bank Abp, Finland","Nordea Danmark, Filial af Nordea Bank Abp, Finland",Storegade 30,7330,Brande,01/01 - 1991,01/03 - 2024,3
25992180,"Nordea Danmark, Filial af Nordea Bank Abp, Finland","Nordea Danmark, Filial af Nordea Bank Abp, Finland",Nr. Bredgade 17,6933,Kibæk,01/01 - 1991,04/11 - 2024,3
25992180,"Nordea Danmark, Filial af Nordea Bank Abp, Finland","Nordea Danmark, Filial af Nordea Bank Abp, Finland",Østergade 18,5610,Assens,01/01 - 1991,25/11 - 2024,4
25992180,"Nordea Danmark, Filial af Nordea Bank Abp, Finland","Nordea Danmark, Filial af Nordea Bank Abp, Finland","Spinderigade 5, 1",2500,Valby,01/01 - 1991,28/10 - 2024,8
25992180,"Nordea Danmark, Filial af Nordea Bank Abp, Finland","Nordea Danmark, Filial af Nordea Bank Abp, Finland",Seminarievej 8,6760,Ribe,01/01 - 1991,18/11 - 2024,2
25992180,"Nordea Danmark, Filial af Nordea Bank Abp, Finland","Nordea Danmark, Filial af Nordea Bank Abp, Finland",Kirkebakken 4,8330,Beder,01/01 - 1991,15/04 - 2024,2
25992180,"Nordea Danmark, Filial af Nordea Bank Abp, Finland","Nordea Danmark, Filial af Nordea Bank Abp, Finland",Storegade 13,8382,Hinnerup,01/01 - 1991,03/09 - 2024,3
25992180,"Nordea Danmark, Filial af Nordea Bank Abp, Finland","Nordea Danmark, Filial af Nordea Bank Abp, Finland",Egedal Centret 25,3660,Stenløse,01/01 - 1991,08/11 - 2024,5
25992180,"Nordea Danmark, Filial af Nordea Bank Abp, Finland","Nordea Danmark, Filial af Nordea Bank Abp, Finland",Torvealle 3,9440,Aabybro,01/01 - 1991,02/07 - 2024,1
25992180,"Nordea Danmark, Filial af Nordea Bank Abp, Finland","Nordea Danmark, Filial af Nordea Bank Abp, Finland",Torvet 4,8500,Grenaa,01/01 - 1991,03/12 - 2024,2
25992180,"Nordea Danmark, Filial af Nordea Bank Abp, Finland","Nordea Danmark, Filial af Nordea Bank Abp, Finland",Østergade 1,6630,Rødding,01/01 - 1991,09/12 - 2024,2
25992180,"Nordea Danmark, Filial af Nordea Bank Abp, Finland","Nordea Danmark, Filial af Nordea Bank Abp, Finland",Ørstedsgade 6,5900,Rudkøbing,01/01 - 1991,01/03 - 2024,5
25992180,"Nordea Danmark, Filial af Nordea Bank Abp, Finland","Nordea Danmark, Filial af Nordea Bank Abp, Finland",Hobrovej 75,9530,Støvring,03/07 - 2013,02/07 - 2024,2
25992180,"Nordea Danmark, Filial af Nordea Bank Abp, Finland","Nordea Danmark, Filial af Nordea Bank Abp, Finland",Kongensgade 28,5960,Marstal,01/01 - 1991,22/09 - 2025,3
25992180,"Nordea Danmark, Filial af Nordea Bank Abp, Finland","Nordea Danmark, filial af Nordea Bank Abp, Finland","Korsgade 2B, st",5800,Nyborg,01/01 - 1991,31/12 - 2025,2
25992180,"Nordea Danmark, Filial af Nordea Bank Abp, Finland","Nordea Danmark, Filial af Nordea Bank Abp, Finland",Marinavejen 1,5300,Kerteminde,01/01 - 1991,31/12 - 2025,2
25992180,"Nordea Danmark, Filial af Nordea Bank Abp, Finland","Nordea Danmark, Filial af Nordea Bank Abp, Finland",Bredgade 23,6920,Videbæk,01/01 - 1991,15/09 - 2025,5
25992180,"Nordea Danmark, Filial af Nordea Bank Abp, Finland","Nordea Danmark, Filial af Nordea Bank Abp, Finland",Østerbrogade 137,2100,København Ø,01/01 - 1991,13/04 - 2026,0
25992180,"Nordea Danmark, Filial af Nordea Bank Abp, Finland","Nordea Danmark, Filial af Nordea Bank Abp, Finland",Frederiksborggade 14,1360,København K,01/01 - 1991,13/04 - 2026,0
25992180,"Nordea Danmark, Filial af Nordea Bank Abp, Finland","Nordea Danmark, Filial af Nordea Bank Abp, Finland",Søndergade 44,8000,Aarhus C,01/01 - 1991,13/04 - 2026,2
25992180,"Nordea Danmark, Filial af Nordea Bank Abp, Finland","Nordea Danmark, Filial af Nordea Bank AB (publ), Sverige",Vallensbæk Nærcenter 33,2665,Vallensbæk Strand,01/01 - 1991,13/04 - 2026,1
25992180,"Nordea Danmark, Filial af Nordea Bank Abp, Finland","Nordea Danmark, Filial af Nordea Bank Abp, Finland",Taastrup Hovedgade 101,2630,Taastrup,01/01 - 1991,13/04 - 2026,1
25992180,"Nordea Danmark, Filial af Nordea Bank Abp, Finland","Nordea Danmark, Filial af Nordea Bank Abp, Finland",Holte Stationsvej 20,2840,Holte,01/01 - 1991,13/04 - 2026,2
25992180,"Nordea Danmark, Filial af Nordea Bank Abp, Finland","Nordea Danmark, Filial af Nordea Bank Abp, Finland",Hvidovrevej 59,2650,Hvidovre,01/01 - 1991,13/04 - 2026,1
25992180,"Nordea Danmark, Filial af Nordea Bank Abp, Finland","Nordea Danmark, Filial af Nordea Bank Abp, Finland",Bjørnholms Allé 20,8260,Viby J,01/01 - 1999,13/04 - 2026,4
25992180,"Nordea Danmark, Filial af Nordea Bank Abp, Finland","Nordea Danmark, Filial af Nordea Bank Abp, Finland",Nørregade 54B,4600,Køge,09/08 - 2016,13/04 - 2026,1
25992180,"Nordea Danmark, Filial af Nordea Bank Abp, Finland","Nordea Danmark, Filial af Nordea Bank Abp, Finland",Torvet 37,3300,Frederiksværk,01/01 - 1991,02/02 - 2026,6
25992180,"Nordea Danmark, Filial af Nordea Bank Abp, Finland","Nordea Danmark, Filial af Nordea Bank Abp, Finland",Skt. Clemens Torv 2,8000,Aarhus C,01/01 - 1994,13/04 - 2026,401
25992180,"Nordea Danmark, Filial af Nordea Bank Abp, Finland","Nordea Danmark, Filial af Nordea Bank Abp, Finland",Himmerlandsgade 101,9600,Aars,01/01 - 1991,02/02 - 2026,2
25992180,"Nordea Danmark, Filial af Nordea Bank Abp, Finland","Nordea Danmark, Filial af Nordea Bank Abp, Finland",M D Madsensvej 5,3450,Allerød,01/01 - 1991,02/02 - 2026,5
25992180,"Nordea Danmark, Filial af Nordea Bank Abp, Finland","Nordea Danmark, Filial af Nordea Bank Abp, Finland",Orla Lehmanns Allé 3,8000,Aarhus C,01/09 - 2012,13/04 - 2026,2
25992180,"Nordea Danmark, Filial af Nordea Bank Abp, Finland","Nordea Danmark, Filial af Nordea Bank Abp, Finland",Centerholmen 16,2670,Greve,01/01 - 1991,22/06 - 2026,10
25992180,"Nordea Danmark, Filial af Nordea Bank Abp, Finland","Nordea Danmark, Filial af Nordea Bank Abp, Finland",Strandgade 3,1401,København K,18/04 - 2001,,10
25992180,"Nordea Danmark, Filial af Nordea Bank Abp, Finland","Nordea Danmark, Filial af Nordea Bank Abp, Finland",Torvet 1,8464,Galten,16/02 - 2011,,4
25992180,"Nordea Danmark, Filial af Nordea Bank Abp, Finland","Nordea Danmark, Filial af Nordea Bank Abp, Finland",Axeltorv 2,4700,Næstved,21/03 - 2014,,15
25992180,"Nordea Danmark, Filial af Nordea Bank Abp, Finland","Nordea Danmark, Filial af Nordea Bank Abp, Finland",Helgeshøj Alle 33,2630,Tåstrup,28/05 - 2014,,1662
25992180,"Nordea Danmark, Filial af Nordea Bank Abp, Finland","Nordea Danmark, Filial af Nordea Bank Abp, Finland",Grønjordsvej 10,2300,København S,16/05 - 2017,,2173
25992180,"Nordea Danmark, Filial af Nordea Bank Abp, Finland","Nordea Danmark, Filial af Nordea Bank AB (publ), Sverige","Frederiks Plads 40, st",8000,Aarhus C,01/01 - 1991,,1
25992180,"Nordea Danmark, Filial af Nordea Bank Abp, Finland","Nordea Danmark, Filial af Nordea Bank Abp, Finland",Helgeshøj Alle 57,2630,Taastrup,16/05 - 2017,,0
25992180,"Nordea Danmark, Filial af Nordea Bank Abp, Finland","Nordea Danmark, Filial af Nordea Bank Abp, Finland","Frederiks Plads 40, st",8000,Aarhus C,01/01 - 1991,,1
25992180,"Nordea Danmark, Filial af Nordea Bank Abp, Finland","Nordea Danmark, Filial af Nordea Bank Abp, Finland",Ved Fjorden 2,7600,Struer,01/01 - 1991,,2
25992180,"Nordea Danmark, Filial af Nordea Bank Abp, Finland","Nordea Danmark, Filial af Nordea Bank Abp, Finland",Rådhuspassagen 2,6600,Vejen,01/01 - 1991,,5
25992180,"Nordea Danmark, Filial af Nordea Bank Abp, Finland","Nordea Danmark, Filial af Nordea Bank Abp, Finland",Havnegade 11,5500,Middelfart,01/01 - 1991,,4
25992180,"Nordea Danmark, Filial af Nordea Bank Abp, Finland","Nordea Danmark, Filial af Nordea Bank Abp, Finland",Lyngby Hovedgade 98,2800,Kgs. Lyngby,01/01 - 1991,,68
25992180,"Nordea Danmark, Filial af Nordea Bank Abp, Finland","Nordea Danmark, Filial af Nordea Bank Abp, Finland",Dæmningen 68,7100,Vejle,01/01 - 1991,,14
25992180,"Nordea Danmark, Filial af Nordea Bank Abp, Finland","Nordea Danmark, Filial af Nordea Bank Abp, Finland","Hovedvejen 112, st",2600,Glostrup,01/01 - 1991,,45
25992180,"Nordea Danmark, Filial af Nordea Bank Abp, Finland","Nordea Danmark, Filial af Nordea Bank Abp, Finland",Kræmmergade 2A,6800,Varde,01/01 - 1991,,2
25992180,"Nordea Danmark, Filial af Nordea Bank Abp, Finland","Nordea Danmark, Filial af Nordea Bank Abp, Finland",Kolding Åpark 2,6000,Kolding,01/01 - 1991,,109
25992180,"Nordea Danmark, Filial af Nordea Bank Abp, Finland","Nordea Danmark, Filial af Nordea Bank Abp, Finland","Stengade 45, st",3000,Helsingør,01/01 - 1991,,16
25992180,"Nordea Danmark, Filial af Nordea Bank Abp, Finland","Nordea Danmark, Filial af Nordea Bank Abp, Finland","Havnepladsen 7, 1",6950,Ringkøbing,01/01 - 1991,,3
25992180,"Nordea Danmark, Filial af Nordea Bank Abp, Finland","Nordea Danmark, Filial af Nordea Bank Abp, Finland","Sydhavn 4, st. mf.",6200,Aabenraa,01/01 - 1991,,4
25992180,"Nordea Danmark, Filial af Nordea Bank Abp, Finland","Nordea Danmark, Filial af Nordea Bank Abp, Finland",Storgade 3,4180,Sorø,01/01 - 1991,,6
25992180,"Nordea Danmark, Filial af Nordea Bank Abp, Finland","Nordea Danmark, Filial af Nordea Bank Abp, Finland",Søndergade 8,9800,Hjørring,01/01 - 1991,,8
25992180,"Nordea Danmark, Filial af Nordea Bank Abp, Finland","Nordea Danmark, Filial af Nordea Bank Abp, Finland",Farum Hovedgade 14,3520,Farum,01/01 - 1991,,10
25992180,"Nordea Danmark, Filial af Nordea Bank Abp, Finland","Nordea Danmark, Filial af Nordea Bank Abp, Finland",Jernbane Allé 47,2720,Vanløse,01/01 - 1991,,11
25992180,"Nordea Danmark, Filial af Nordea Bank Abp, Finland","Nordea Danmark, Filial af Nordea Bank Abp, Finland",Torvet 10,4100,Ringsted,01/01 - 1991,,36
25992180,"Nordea Danmark, Filial af Nordea Bank Abp, Finland","Nordea Danmark, Filial af Nordea Bank Abp, Finland",Bredgade 36,6900,Skjern,01/01 - 1991,,6
25992180,"Nordea Danmark, Filial af Nordea Bank Abp, Finland","Nordea Danmark, Filial af Nordea Bank Abp, Finland",Vestre Stationsvej 7,5000,Odense C,15/10 - 1990,,205
25992180,"Nordea Danmark, Filial af Nordea Bank Abp, Finland","Nordea Danmark, Filial af Nordea Bank Abp, Finland",Hovedgaden 20,2970,Hørsholm,01/01 - 1991,,14
25992180,"Nordea Danmark, Filial af Nordea Bank Abp, Finland","Nordea Danmark, Filial af Nordea Bank Abp, Finland","Stensbjergvej 7, st. tv.",4600,Køge,01/01 - 1991,,40
25992180,"Nordea Danmark, Filial af Nordea Bank Abp, Finland","Nordea Danmark, Filial af Nordea Bank Abp, Finland",Kongensgade 44,6700,Esbjerg,01/01 - 1991,,28
25992180,"Nordea Danmark, Filial af Nordea Bank Abp, Finland","Nordea Danmark, Filial af Nordea Bank Abp, Finland",Ramsherred 10,5700,Svendborg,01/01 - 1991,,15
25992180,"Nordea Danmark, Filial af Nordea Bank Abp, Finland","Nordea Danmark, Filial af Nordea Bank Abp, Finland",Banegårdsgade 2,8300,Odder,01/01 - 1991,,3
25992180,"Nordea Danmark, Filial af Nordea Bank Abp, Finland","Nordea Danmark, Filial af Nordea Bank Abp, Finland",Smallegade 2,2000,Frederiksberg,01/01 - 1991,,23
25992180,"Nordea Danmark, Filial af Nordea Bank Abp, Finland","Nordea Danmark, Filial af Nordea Bank Abp, Finland",Gothersgade 5,7000,Fredericia,01/01 - 1991,,8
25992180,"Nordea Danmark, Filial af Nordea Bank Abp, Finland","Nordea Danmark, Filial af Nordea Bank Abp, Finland",Østergade 21,8370,Hadsten,01/01 - 1991,,4
25992180,"Nordea Danmark, Filial af Nordea Bank Abp, Finland","Nordea Danmark, Filial af Nordea Bank Abp, Finland",Slotsgade 44,3400,Hillerød,01/01 - 1991,,31
25992180,"Nordea Danmark, Filial af Nordea Bank Abp, Finland","Nordea Danmark, Filial af Nordea Bank Abp, Finland",Søndergade 6,7800,Skive,01/01 - 1991,,2
25992180,"Nordea Danmark, Filial af Nordea Bank Abp, Finland","Nordea Danmark, Filial af Nordea Bank Abp, Finland",Vesterbrogade 8,1620,København V,01/01 - 1991,,230
25992180,"Nordea Danmark, Filial af Nordea Bank Abp, Finland","Nordea Danmark, Filial af Nordea Bank Abp, Finland",Ahlgade 22,4300,Holbæk,01/01 - 1991,,16
25992180,"Nordea Danmark, Filial af Nordea Bank Abp, Finland","Nordea Danmark, Filial af Nordea Bank Abp, Finland",Prins Jørgens Alle 6B,4760,Vordingborg,01/01 - 1991,,12
25992180,"Nordea Danmark, Filial af Nordea Bank Abp, Finland","Nordea Danmark, Filial af Nordea Bank Abp, Finland",Rådhustorvet 13,8700,Horsens,01/01 - 1991,,13
25992180,"Nordea Danmark, Filial af Nordea Bank Abp, Finland","Nordea Danmark, Filial af Nordea Bank Abp, Finland",Dagmar Centret 1,8660,Skanderborg,01/01 - 1991,,7
25992180,"Nordea Danmark, Filial af Nordea Bank Abp, Finland","Nordea Danmark, Filial af Nordea Bank AB (publ), Sverige",Storegade 12,8850,Bjerringbro,01/01 - 1991,,2
25992180,"Nordea Danmark, Filial af Nordea Bank Abp, Finland","Nordea Danmark, Filial af Nordea Bank Abp, Finland",Jernbanegade 11,3600,Frederikssund,01/01 - 1991,,14
25992180,"Nordea Danmark, Filial af Nordea Bank Abp, Finland","Nordea Danmark, Filial af Nordea Bank Abp, Finland",Brovejen 32A,4930,Maribo,01/01 - 1991,,3
25992180,"Nordea Danmark, Filial af Nordea Bank Abp, Finland","Nordea Danmark, Filial af Nordea Bank Abp, Finland","Borupvang 2B, 1",2750,Ballerup,01/01 - 1991,,20
25992180,"Nordea Danmark, Filial af Nordea Bank Abp, Finland","Nordea Danmark, Filial af Nordea Bank Abp, Finland",Jomfrustien 42B,6100,Haderslev,01/01 - 1991,,11
25992180,"Nordea Danmark, Filial af Nordea Bank Abp, Finland","Nordea Danmark, Filial af Nordea Bank Abp, Finland","Holmbladsgade 133, 3",2300,København S,01/01 - 1991,,24
25992180,"Nordea Danmark, Filial af Nordea Bank Abp, Finland","Nordea Danmark, Filial af Nordea Bank Abp, Finland",Prinsensgade 15,9000,Aalborg,01/01 - 1991,,60
25992180,"Nordea Danmark, Filial af Nordea Bank Abp, Finland","Nordea Danmark, Filial af Nordea Bank Abp, Finland","Havnetorv 3B, 1",7700,Thisted,01/01 - 1991,,1
25992180,"Nordea Danmark, Filial af Nordea Bank Abp, Finland","Nordea Danmark, Filial af Nordea Bank Abp, Finland",Algade 16,4000,Roskilde,01/01 - 1991,,107
25992180,"Nordea Danmark, Filial af Nordea Bank Abp, Finland","Nordea Danmark, Filial af Nordea Bank Abp, Finland",Vestergade 48,7200,Grindsted,01/01 - 1991,,4
25992180,"Nordea Danmark, Filial af Nordea Bank Abp, Finland","Nordea Danmark, Filial af Nordea Bank Abp, Finland","Øster Allé 42, 5",2100,København Ø,01/01 - 1991,,21
25992180,"Nordea Danmark, Filial af Nordea Bank Abp, Finland","Nordea Danmark, Filial af Nordea Bank Abp, Finland",Bernstorffsvej 154,2900,Hellerup,01/01 - 1991,,19
25992180,"Nordea Danmark, Filial af Nordea Bank Abp, Finland","Nordea Danmark, filial af Nordea Bank Abp, Finland",Jernbanegade 27B,4690,Haslev,01/01 - 1991,,11
25992180,"Nordea Danmark, Filial af Nordea Bank Abp, Finland","Nordea Danmark, Filial af Nordea Bank Abp, Finland",Vestergade 13,8600,Silkeborg,01/01 - 1991,,33
25992180,"Nordea Danmark, Filial af Nordea Bank Abp, Finland","Nordea Danmark, Filial af Nordea Bank Abp, Finland",Bredgade 25,4400,Kalundborg,01/01 - 1991,,8
25992180,"Nordea Danmark, Filial af Nordea Bank Abp, Finland","Nordea Danmark, Filial af Nordea Bank AB (publ), Sverige",Østergade 4,7400,Herning,01/01 - 1991,,60
25992180,"Nordea Danmark, Filial af Nordea Bank Abp, Finland","Nordea Danmark, Filial af Nordea Bank Abp, Finland",Sct. Mathias Gade 68,8800,Viborg,01/01 - 1991,,25
25992180,"Nordea Danmark, Filial af Nordea Bank Abp, Finland","Nordea Danmark, Filial af Nordea Bank Abp, Finland",Holmensvej 1,8240,Risskov,01/01 - 1991,,27
25992180,"Nordea Danmark, Filial af Nordea Bank Abp, Finland","Nordea Danmark, Filial af Nordea Bank Abp, Finland","Slotsgade 3, st",4800,Nykøbing F,01/01 - 1991,,26
25992180,"Nordea Danmark, Filial af Nordea Bank Abp, Finland","Nordea Danmark, Filial af Nordea Bank Abp, Finland",Store Torv 18,3700,Rønne,01/01 - 1991,,30
25992180,"Nordea Danmark, Filial af Nordea Bank Abp, Finland","Nordea Danmark, Filial af Nordea Bank Abp, Finland",Helgolandsgade 20,7500,Holstebro,01/01 - 1991,,30
25992180,"Nordea Danmark, Filial af Nordea Bank Abp, Finland","Nordea Danmark, Filial af Nordea Bank Abp, Finland",Østergade 1,5750,Ringe,01/01 - 1991,,4
25992180,"Nordea Danmark, Filial af Nordea Bank Abp, Finland","Nordea Danmark, Filial af Nordea Bank AB (publ), Sverige",Smedegade 8,4200,Slagelse,01/01 - 1991,,12
25992180,"Nordea Danmark, Filial af Nordea Bank Abp, Finland","Nordea Danmark, Filial af Nordea Bank Abp, Finland",Østergrave 4,8900,Randers C,01/01 - 1991,,34
25992180,"Nordea Danmark, Filial af Nordea Bank Abp, Finland","Nordea Danmark, Filial af Nordea Bank Abp, Finland",Vestergade 16,7620,Lemvig,01/01 - 1991,,5
25992180,"Nordea Danmark, Filial af Nordea Bank Abp, Finland","Nordea Danmark, Filial af Nordea Bank Abp, Finland","Nørrekobbel 7B, 1. th.",6400,Sønderborg,01/01 - 1991,,6
24256790,NOVO NORDISK A/S,NOVO NORDISK A/S,Krogshøjvej 42,2880,Bagsværd,09/05 - 2012,30/06 - 2013,
24256790,NOVO NORDISK A/S,NOVO NORDISK A/S,Nybrovej 90,2820,Gentofte,09/05 - 2012,30/06 - 2013,
24256790,NOVO NORDISK A/S,Novo Nordisk A/S,Novo Alle 1,2880,Bagsværd,18/10 - 1999,18/10 - 1999,
24256790,NOVO NORDISK A/S,Novo Nordisk A/S,Peder Oxes Alle 4,3400,Hillerød,18/10 - 1999,31/12 - 2001,
24256790,NOVO NORDISK A/S,Novo Nordisk A/S,Buddingevej 197,2860,Søborg,15/05 - 2009,15/05 - 2009,
24256790,NOVO NORDISK A/S,Novo Nordisk A/S,Sauntesvej 13,2820,Gentofte,25/06 - 2002,25/06 - 2002,
24256790,NOVO NORDISK A/S,Novo Nordisk A/S,Brennum Park 25A,3400,Hillerød,30/06 - 2004,30/06 - 2004,
24256790,NOVO NORDISK A/S,Novo Nordisk A/S,Brogårdsvej 66,2820,Gentofte,18/10 - 1999,31/12 - 2001,
24256790,NOVO NORDISK A/S,Novo Nordisk A/S,Hagedornsvej 1,2820,Gentofte,18/10 - 1999,31/12 - 2001,
24256790,NOVO NORDISK A/S,Novo Nordisk A/S,Nordre Fasanvej 215,2000,Frederiksberg,18/10 - 1999,31/01 - 2010,20-49
24256790,NOVO NORDISK A/S,NOVO NORDISK A/S Rejseafdeling,Novo Alle 1,2880,Bagsværd,16/11 - 2006,31/12 - 2008,1
24256790,NOVO NORDISK A/S,NOVO NORDISK A/S,Krogshøjvej 44,2880,Bagsværd,09/05 - 2012,30/06 - 2013,1
24256790,NOVO NORDISK A/S,NOVO NORDISK A/S,Hummeltoftevej 49,2830,Virum,01/01 - 2002,31/12 - 2011,100-199
24256790,NOVO NORDISK A/S,Novo Nordisk A/S,Buddingevej 197,2860,Søborg,15/05 - 2009,30/06 - 2013,1
24256790,NOVO NORDISK A/S,Novo Nordisk A/S,Sydmarken 5,2860,Søborg,17/05 - 2005,30/09 - 2012,0
24256790,NOVO NORDISK A/S,Novo Nordisk A/S,Københavnsvej 216,4600,Køge,13/07 - 2012,30/06 - 2013,2-4
24256790,NOVO NORDISK A/S,NOVO NORDISK A/S,Sauntesvej 13,2820,Gentofte,09/05 - 2012,28/02 - 2013,0
24256790,NOVO NORDISK A/S,NOVO NORDISK A/S,Smørmosevej 9,2880,Bagsværd,09/05 - 2012,30/06 - 2013,1
24256790,NOVO NORDISK A/S,Novo Nordisk A/S,Lottenborgvej 24,2800,Kgs.Lyngby,26/07 - 2010,30/06 - 2013,0
24256790,NOVO NORDISK A/S,Novo Nordisk A/S,Sortemosevej 19,3450,Allerød,26/06 - 2007,31/05 - 2011,0
24256790,NOVO NORDISK A/S,NOVO NORDISK A/S,Laurentsvej 59,2880,Bagsværd,09/05 - 2012,01/07 - 2014,0
24256790,NOVO NORDISK A/S,Novo Nordisk A/S - 4DDMKL,Smørmosevej 4D,2880,Bagsværd,05/07 - 2021,27/10 - 2021,
24256790,NOVO NORDISK A/S,Novo Nordisk A/S - 25N,Brennum Park 25N,3400,Hillerød,07/07 - 2021,27/10 - 2021,
24256790,NOVO NORDISK A/S,Novo Nordisk A/S - DE/CE,Hallas Alle 111,4400,Kalundborg,14/10 - 2021,27/10 - 2021,
24256790,NOVO NORDISK A/S,Novo Nordisk A/S,Niels Steensens vej 1,2820,Gentofte,18/10 - 1999,14/10 - 2021,1
24256790,NOVO NORDISK A/S,Novo Nordisk A/S,Sandtoften 9,2820,Gentofte,13/08 - 2008,14/10 - 2021,1
24256790,NOVO NORDISK A/S,NOVO NORDISK A/S,Laurentsvej 46-50,2880,Bagsværd,09/05 - 2012,14/10 - 2021,10-19
24256790,NOVO NORDISK A/S,NOVO NORDISK A/S,Brudelysvej 24B,2880,Bagsværd,09/05 - 2012,14/10 - 2021,10-19
24256790,NOVO NORDISK A/S,NOVO NORDISK A/S,Brudelysvej 20,2880,Bagsværd,09/05 - 2012,14/10 - 2021,20-49
24256790,NOVO NORDISK A/S,NOVO NORDISK A/S,Laurentsvej 22,2880,Bagsværd,09/05 - 2012,14/10 - 2021,0
24256790,NOVO NORDISK A/S,NOVO NORDISK A/S,Laurentsvej 42,2880,Bagsværd,09/05 - 2012,14/10 - 2021,1
24256790,NOVO NORDISK A/S,NOVO NORDISK A/S,Krogshøjvej 46,2880,Bagsværd,09/05 - 2012,14/10 - 2021,
24256790,NOVO NORDISK A/S,Lager Sauntesvej,Sauntesvej 13,2820,Gentofte,10/07 - 2014,14/10 - 2021,
24256790,NOVO NORDISK A/S,Novo Nordisk A/S Region Europe,Arne Jacobsens Allé 17,2300,København S,01/01 - 2017,14/10 - 2021,
24256790,NOVO NORDISK A/S,Novo Nordisk A/S - 25N Raw Materials Warehouse,Brennum Park 25N,3400,Hillerød,26/10 - 2020,27/10 - 2021,
24256790,NOVO NORDISK A/S,Novo Nordisk A/S,Vandtårnsvej 108,2860,Søborg,16/11 - 2010,14/10 - 2021,779
24256790,NOVO NORDISK A/S,NOVO NORDISK A/S,Krogshøjvej 49,2880,Bagsværd,09/05 - 2012,14/10 - 2021,1
24256790,NOVO NORDISK A/S,NOVO NORDISK A/S,Krogshøjvej 45,2880,Bagsværd,09/05 - 2012,14/10 - 2021,1
24256790,NOVO NORDISK A/S,NOVO NORDISK A/S,Vandtårnsvej 83,2860,Søborg,09/05 - 2012,07/04 - 2021,5
24256790,NOVO NORDISK A/S,Novo Nordisk A/S,Solvang 42,3450,Allerød,14/12 - 2012,14/10 - 2021,1
24256790,NOVO NORDISK A/S,VTC,Vandtårnsvej 112,2860,Søborg,17/08 - 2015,14/10 - 2021,447
24256790,NOVO NORDISK A/S,Novo Nordisk A/S - HJK,Ålborgvej 86,9800,Hjørring,07/07 - 2021,01/05 - 2023,
24256790,NOVO NORDISK A/S,NOVO NORDISK A/S - Tåstrup lager,Bredebjergvej 1,2630,Taastrup,01/02 - 2013,28/02 - 2025,
24256790,NOVO NORDISK A/S,Novo Nordisk A/S - Byggeplads Hallas Alle nord,Hallas Alle 240,4400,Kalundborg,27/10 - 2021,28/02 - 2025,
24256790,NOVO NORDISK A/S,Novo Nordisk A/S - A1P,Novo Nordisk Park 10,2760,Måløv,14/10 - 2021,28/02 - 2025,
24256790,NOVO NORDISK A/S,Novo Nordisk A/S - KA parkeringshus,Hallas Alle 31,4400,Kalundborg,25/01 - 2024,28/02 - 2025,
24256790,NOVO NORDISK A/S,NOVO NORDISK A/S - NN1,Novo Alle 1,2880,Bagsværd,28/11 - 1931,,1547
24256790,NOVO NORDISK A/S,Novo Nordisk A/S - CAx,Orevej 5,3660,Stenløse,18/10 - 1999,,16
24256790,NOVO NORDISK A/S,Novo Nordisk A/S - HJA / HJB / HJC / HJD / HJM / HJO / HJS / HJV,Stenager Alle 4,9800,Hjørring,18/10 - 1999,,501
24256790,NOVO NORDISK A/S,"Novo Nordisk A/S - G8, x9 m.fl.",Novo Nordisk Park 99,2760,Måløv,18/10 - 1999,,3568
24256790,NOVO NORDISK A/S,Novo Nordisk A/S - KV,Kirke Værløsevej 28,3500,Værløse,18/10 - 1999,,166
24256790,NOVO NORDISK A/S,Novo Nordisk A/S - HVx,Emiliekildevej 1,2930,Klampenborg,18/10 - 1999,,20
24256790,NOVO NORDISK A/S,Novo Nordisk A/S - 25A-B,Brennum Park 25A,3400,Hillerød,18/10 - 1999,,3186
24256790,NOVO NORDISK A/S,Novo Nordisk A/S - DG,Hallas Alle 1,4400,Kalundborg,18/10 - 1999,,4568
24256790,NOVO NORDISK A/S,Novo Nordisk A/S - BRx,Brogårdsvej 66A,2820,Gentofte,25/03 - 2004,,143
24256790,NOVO NORDISK A/S,NOVO NORDISK A/S - HAx,Hagedornsvej 1,2820,Gentofte,23/03 - 2004,,1186
24256790,NOVO NORDISK A/S,Novo Nordisk A/S - NYx,Nybrovej 80,2820,Gentofte,26/06 - 2007,,403
24256790,NOVO NORDISK A/S,NOVO NORDISK A/S - 9QR,Krogshøjvej 29,2880,Bagsværd,09/05 - 2012,,88
24256790,NOVO NORDISK A/S,NOVO NORDISK A/S - VTx,Vandtårnsvej 112,2860,Søborg,09/05 - 2012,,2462
24256790,NOVO NORDISK A/S,Novo Nordisk A/S - 1FGH,Smørmosevej 1,2880,Bagsværd,15/05 - 2012,,1347
24256790,NOVO NORDISK A/S,NOVO NORDISK A/S - 8Y,Krogshøjvej 30A,2880,Bagsværd,09/05 - 2012,,44
24256790,NOVO NORDISK A/S,NOVO NORDISK A/S - 58x Favrholm,Roskildevej 58,3400,Hillerød,09/05 - 2012,,8
24256790,NOVO NORDISK A/S,NOVO NORDISK A/S - 9OP,Krogshøjvej 41,2880,Bagsværd,09/05 - 2012,,357
24256790,NOVO NORDISK A/S,NOVO NORDISK A/S - 1R 1S 1T 1V 1Y,Brudelysvej 22,2880,Bagsværd,09/05 - 2012,,52
24256790,NOVO NORDISK A/S,NOVO NORDISK A/S - 9ABCD,Krogshøjvej 55,2880,Bagsværd,09/05 - 2012,,592
24256790,NOVO NORDISK A/S,NOVO NORDISK A/S - 9F,Krogshøjvej 51,2880,Bagsværd,09/05 - 2012,,323
24256790,NOVO NORDISK A/S,NOVO NORDISK A/S - Novi 8,Alfred Nobels Vej 27,9220,Aalborg Øst,09/05 - 2012,,93
24256790,NOVO NORDISK A/S,NOVO NORDISK A/S - LAA,Lagergårdsvej 25,2820,Gentofte,09/05 - 2012,,7
24256790,NOVO NORDISK A/S,Novo Nordisk A/S - NSO,Niels Steensens Vej 4,2820,Gentofte,09/01 - 2014,,1
24256790,NOVO NORDISK A/S,Novo Nordisk A/S - NN2,Krogshøjvej 44,2880,Bagsværd,12/02 - 2014,,858
24256790,NOVO NORDISK A/S,Novo Nordisk A/S - 6AB,Smørmosevej 17,2880,Bagsværd,12/02 - 2014,,870
24256790,NOVO NORDISK A/S,Novo Nordisk A/S - 6U,Smørmosevej 9,2880,Bagsværd,16/06 - 2021,,2
24256790,NOVO NORDISK A/S,Novo Nordisk A/S - 7FB,Laurentsvej 52,2880,Bagsværd,16/06 - 2021,,92
24256790,NOVO NORDISK A/S,Novo Nordisk A/S - 24A,Brennum Park 24A,3400,Hillerød,16/06 - 2021,,707
24256790,NOVO NORDISK A/S,Novo Nordisk A/S - 25K,Brennum Park 25K,3400,Hillerød,16/06 - 2021,,313
24256790,NOVO NORDISK A/S,Novo Nordisk A/S - KAP,Hallas Alle 225,4400,Kalundborg,16/06 - 2021,,220
24256790,NOVO NORDISK A/S,Novo Nordisk A/S - 4E,Smørmosevej 4E,2880,Bagsværd,05/07 - 2021,,24
24256790,NOVO NORDISK A/S,Novo Nordisk A/S - 24L,Brennum Park 24L,3400,Hillerød,05/07 - 2021,,73
24256790,NOVO NORDISK A/S,Novo Nordisk A/S - 8Q,Laurentsvej 45,2880,Bagsværd,05/07 - 2021,,10
24256790,NOVO NORDISK A/S,Novo Nordisk A/S - 4CBMRQ,Smørmosevej 4C,2880,Bagsværd,05/07 - 2021,,13
24256790,NOVO NORDISK A/S,Novo Nordisk A/S - NSK,Niels Steensens Vej 2G,2820,Gentofte,07/07 - 2021,,13
24256790,NOVO NORDISK A/S,Novo Nordisk A/S - NSA,Niels Steensens Vej 2B,2820,Gentofte,07/07 - 2021,,35
24256790,NOVO NORDISK A/S,Novo Nordisk A/S - F1,Novo Nordisk Park 131,2760,Måløv,13/10 - 2021,,707
24256790,NOVO NORDISK A/S,Novo Nordisk A/S - GA,Hallas Alle 108D,4400,Kalundborg,14/10 - 2021,,1
24256790,NOVO NORDISK A/S,Novo Nordisk A/S - JC,Hallas Alle 123,4400,Kalundborg,14/10 - 2021,,11
24256790,NOVO NORDISK A/S,Novo Nordisk A/S - SA SB,Stejlhøj 23,4400,Kalundborg,14/10 - 2021,,15
24256790,NOVO NORDISK A/S,"Novo Nordisk A/S, 23M",Brennum Park 23M,3400,Hillerød,23/08 - 2022,,32
24256790,NOVO NORDISK A/S,Novo Nordisk A/S - VTD,Knud Højgaards Vej 1,2860,Søborg,17/01 - 2023,,458
24256790,NOVO NORDISK A/S,Novo Nordisk A/S - VTE,Østmarken 3A,2860,Søborg,31/01 - 2023,,479
24256790,NOVO NORDISK A/S,NOVO NORDISK A/S - M1,Knardrupvej 2,2760,Måløv,07/07 - 2023,,2
24256790,NOVO NORDISK A/S,Novo Nordisk A/S - LP42,Lautrupparken 42,2750,Ballerup,01/09 - 2023,,1002
24256790,NOVO NORDISK A/S,DKLY NV32,Nørgaardsvej 32,2800,Kongens Lyngby,01/06 - 2023,,435
24256790,NOVO NORDISK A/S,Novo Nordisk A/S - GY35,Gydevang 35A,3450,Allerød,01/03 - 2024,,73
24256790,NOVO NORDISK A/S,Novo Nordisk A/S - EN14,Emil Neckelmanns Vej 14,5220,Odense SØ,15/01 - 2024,,158
24256790,NOVO NORDISK A/S,Novo Nordisk A/S - GSH,Carl Gustavs Gade 2,2630,Taastrup,06/08 - 2023,,3
24256790,NOVO NORDISK A/S,"Novo Nordisk A/S - GSA, GSB, GSC, GSD, GSF, GSG",Girostrøget 1,2630,Taastrup,01/05 - 2024,,1581
24256790,NOVO NORDISK A/S,Novo Nordisk A/S - HA57,Helgeshøj Alle 57,2630,Taastrup,01/08 - 2024,,2
24256790,NOVO NORDISK A/S,Novo Nordisk A/S - KFP,Kay Fiskers Plads 10,2300,København S,01/10 - 2024,,289
24256790,NOVO NORDISK A/S,Novo Nordisk A/S - FFP,Hallas Alle 104,4400,Kalundborg,01/01 - 2025,,41
24256790,NOVO NORDISK A/S,Novo Nordisk - HV15,Hareskovvej 15A,4400,Kalundborg,01/01 - 2025,,7
24256790,NOVO NORDISK A/S,Novo Nordisk A/S - LH85,Lyngby Hovedgade 85,2800,Kongens Lyngby,01/01 - 2025,,698
24256790,NOVO NORDISK A/S,Novo Nordisk A/S - GY39,Gydevang 39,3450,Allerød,01/01 - 2025,,10
24256790,NOVO NORDISK A/S,Novo Nordisk A/S – GB,Hallas Alle 108A,4400,Kalundborg,01/02 - 2025,,38
24256790,NOVO NORDISK A/S,Novo Nordisk A/S - 25E / 25F,Brennum Park 25B,3400,Hillerød,28/02 - 2025,,302
24256790,NOVO NORDISK A/S,Novo Nordisk A/S - RAK / RAP,Rendsborgparken 12,4400,Kalundborg,28/02 - 2025,,282
24256790,NOVO NORDISK A/S,Novo Nordisk A/S - 24B,Brennum Park 24B,3400,Hillerød,28/02 - 2025,,135
24256790,NOVO NORDISK A/S,Novo Nordisk A/S - NV30,Nørgaardsvej 30,2800,Kongens Lyngby,28/02 - 2025,,17
24256790,NOVO NORDISK A/S,NOVO NORDISK A/S - 7P,Smørmosevej 12,2880,Bagsværd,09/05 - 2012,,60
24256790,NOVO NORDISK A/S,Novo Nordisk A/S - AE/AT,Hallas Alle 116,4400,Kalundborg,07/07 - 2021,,
24256790,NOVO NORDISK A/S,Novo Nordisk A/S - 4B,Smørmosevej 4A,2880,Bagsværd,05/07 - 2021,,
24256790,NOVO NORDISK A/S,Novo Nordisk A/S - H5 / H6 / H7 / I5.,Novo Nordisk Park 110,2760,Måløv,14/10 - 2021,,
24256790,NOVO NORDISK A/S,Novo Nordisk A/S - PSPAC1,Bøgeholm Alle 3,3450,Allerød,20/05 - 2014,,
24256790,NOVO NORDISK A/S,Novo Nordisk A/S - DE,Hallas Alle 111,4400,Kalundborg,26/10 - 2020,,
24256790,NOVO NORDISK A/S,Novo Nordisk A/S - NSP,Niels Steensens Vej 8,2820,Gentofte,09/01 - 2014,,
24256790,NOVO NORDISK A/S,Novo Nordisk A/S - Hammersholt,Hammersholt Erhvervspark 2,3400,Hillerød,19/05 - 2014,,
24256790,NOVO NORDISK A/S,Novo Nordisk A/S - 50G,Kroghs Park 1,5220,Odense SØ,01/03 - 2026,,
24256790,NOVO NORDISK A/S,Novo Nordisk A/S - E1,Novo Nordisk Park 1,2760,Måløv,01/09 - 2019,,
24256790,NOVO NORDISK A/S,Novo Nordisk A/S - 25N,Brennum Park 25N,3400,Hillerød,25/04 - 2022,,
24256790,NOVO NORDISK A/S,Novo Nordisk A/S - HER10,Herstedvang 10,2620,Albertslund,23/10 - 2023,,
24256790,NOVO NORDISK A/S,Novo Nordisk A/S - 8X,Krogshøjvej 40,2880,Bagsværd,01/01 - 2025,,
24256790,NOVO NORDISK A/S,Novo Nordisk A/S - NYE,Nybrovej 112,2800,Kongens Lyngby,01/01 - 2025,,
24256790,NOVO NORDISK A/S,Novo Nordisk A/S - HV17,Hareskovvej 17I,4400,Kalundborg,01/01 - 2025,,
24256790,NOVO NORDISK A/S,Novo Nordisk A/S - Sydhavnen 5B,Sydhavnen 7,4400,Kalundborg,01/01 - 2025,,
24256790,NOVO NORDISK A/S,Novo Nordisk A/S - RU10,Rugvænget 10,2630,Taastrup,01/01 - 2025,,
24256790,NOVO NORDISK A/S,Novo Nordisk A/S - HV13,Hareskovvej 13,4400,Kalundborg,01/01 - 2025,,
24256790,NOVO NORDISK A/S,Novo Nordisk A/S - PSPAC2,Bøgeholm Alle 5,3450,Allerød,28/02 - 2025,,
24256790,NOVO NORDISK A/S,Novo Nordisk A/S - JMV,Juelsmindevej 5,4400,Kalundborg,28/02 - 2025,,
24256790,NOVO NORDISK A/S,Novo Nordisk A/S - BX,Hallas Alle 114,4400,Kalundborg,28/02 - 2025,,
24256790,NOVO NORDISK A/S,Novo Nordisk A/S - 2G,Smørmosevej 2G,2880,Bagsværd,28/02 - 2025,,
24256790,NOVO NORDISK A/S,Novo Nordisk A/S - 8P,Laurentsvej 51,2880,Bagsværd,28/02 - 2025,,
24256790,NOVO NORDISK A/S,Novo Nordisk A/S - 8Z,Lerhøj 4A,2880,Bagsværd,28/02 - 2025,,
24256790,NOVO NORDISK A/S,Novo Nordisk A/S - RA,Rendsborgparken 6,4400,Kalundborg,28/02 - 2025,,
24256790,NOVO NORDISK A/S,Novo Nordisk A/S - BH,Hallas Alle 30,4400,Kalundborg,28/02 - 2025,,
24256790,NOVO NORDISK A/S,Novo Nordisk A/S - 8G,Laurentsvej 55,2880,Bagsværd,28/02 - 2025,,
24256790,NOVO NORDISK A/S,Novo Nordisk A/S - C10,Novo Nordisk Park 95,2760,Måløv,28/02 - 2025,,
24256790,NOVO NORDISK A/S,Novo Nordisk A/S - LA13,Litauen Alle 13,2630,Taastrup,28/02 - 2025,,
24256790,NOVO NORDISK A/S,Novo Nordisk A/S - NP29,Industriparken 29,2750,Ballerup,28/02 - 2025,,
24256790,NOVO NORDISK A/S,Novo Nordisk A/S – CV,Hallas Alle 113B,4400,Kalundborg,28/02 - 2025,,
24256790,NOVO NORDISK A/S,Novo Nordisk A/S - 7S,"Brudelysvej 21B, 2",2880,Bagsværd,28/02 - 2025,,
24256790,NOVO NORDISK A/S,Novo Nordisk A/S - 8P,Laurentsvej 49,2880,Bagsværd,28/02 - 2025,,
24256790,NOVO NORDISK A/S,Novo Nordisk A/S - AGP,Svanevej 9,4400,Kalundborg,25/03 - 2025,,
24256790,NOVO NORDISK A/S,Novo Nordisk A/S – GR,Hallas Alle 108B,4400,Kalundborg,28/02 - 2025,,
24256790,NOVO NORDISK A/S,Novo Nordisk A/S 4D 4DM 4K 4L Raw Materials Warehouse,Smørmosevej 4D,2880,Bagsværd,16/12 - 2020,,
24256790,NOVO NORDISK A/S,Novo Nordisk A/S - JA,Hallas Alle 210,4400,Kalundborg,29/04 - 2021,,
24256790,NOVO NORDISK A/S,Novo Nordisk A/S - 3BM,Smørmosevej 25,2880,Bagsværd,05/07 - 2021,,
24256790,NOVO NORDISK A/S,Novo Nordisk A/S - 4F,Smørmosevej 4F,2880,Bagsværd,05/07 - 2021,,
24256790,NOVO NORDISK A/S,Novo Nordisk A/S - 3DE,Smørmosevej 25,2880,Bagsværd,05/07 - 2021,,
24256790,NOVO NORDISK A/S,Novo Nordisk A/S - 2HHMFK,Smørmosevej 2H,2880,Bagsværd,05/07 - 2021,,
24256790,NOVO NORDISK A/S,Novo Nordisk A/S - 8R,Laurentsvej 41,2880,Bagsværd,05/07 - 2021,,
24256790,NOVO NORDISK A/S,Novo Nordisk A/S - Havremarken,Havremarken 4,3650,Ølstykke,05/07 - 2021,,
24256790,NOVO NORDISK A/S,Novo Nordisk A/S - 7R,Brudelysvej 23,2880,Bagsværd,07/07 - 2021,,
24256790,NOVO NORDISK A/S,Novo Nordisk A/S - NSN,Niels Steensens Vej 2H,2820,Gentofte,07/07 - 2021,,
24256790,NOVO NORDISK A/S,Novo Nordisk A/S - 20H,Mælkevejen 20H,3400,Hillerød,07/07 - 2021,,
24256790,NOVO NORDISK A/S,Novo Nordisk A/S - NSE,Niels Steensens Vej 2E,2820,Gentofte,07/07 - 2021,,
24256790,NOVO NORDISK A/S,Novo Nordisk A/S - 9E,Krogshøjvej 53A,2880,Bagsværd,07/07 - 2021,,
24256790,NOVO NORDISK A/S,Novo Nordisk A/S - 20L,Mælkevejen 20L,3400,Hillerød,07/07 - 2021,,
24256790,NOVO NORDISK A/S,Novo Nordisk A/S - LAN,Lagergårdsvej 7A,2820,Gentofte,07/07 - 2021,,
24256790,NOVO NORDISK A/S,Novo Nordisk A/S - 9S,Krogshøjvej 27,2880,Bagsværd,07/07 - 2021,,
24256790,NOVO NORDISK A/S,Novo Nordisk A/S - 20A-G,Roskildevej 56B,3400,Hillerød,07/07 - 2021,,
24256790,NOVO NORDISK A/S,Novo Nordisk A/S - 8S,Laurentsvej 39,2880,Bagsværd,07/07 - 2021,,
24256790,NOVO NORDISK A/S,Novo Nordisk A/S - 6V,Smørmosevej 1,2880,Bagsværd,07/07 - 2021,,
24256790,NOVO NORDISK A/S,Novo Nordisk A/S - 5BP,Smørmosevej 5B,2880,Bagsværd,07/07 - 2021,,
24256790,NOVO NORDISK A/S,Novo Nordisk A/S - BA/BB,Hallas Alle 121,4400,Kalundborg,07/07 - 2021,,
24256790,NOVO NORDISK A/S,Novo Nordisk A/S - ASx,Hallas Alle 117,4400,Kalundborg,07/07 - 2021,,
24256790,NOVO NORDISK A/S,Novo Nordisk A/S - AGx,Hallas Alle 21,4400,Kalundborg,07/07 - 2021,,
24256790,NOVO NORDISK A/S,Novo Nordisk A/S - AF,Hallas Alle 115,4400,Kalundborg,07/07 - 2021,,
24256790,NOVO NORDISK A/S,Novo Nordisk A/S - AV,Hallas Alle 118,4400,Kalundborg,07/07 - 2021,,
24256790,NOVO NORDISK A/S,Novo Nordisk A/S - HJT,Mads Clausens Vej 6,9800,Hjørring,07/07 - 2021,,
24256790,NOVO NORDISK A/S,Novo Nordisk A/S - HJX,Jørgen H Jensens Vej 15,9800,Hjørring,07/07 - 2021,,
24256790,NOVO NORDISK A/S,Novo Nordisk A/S - 20PRST,Mælkevejen 20P,3400,Hillerød,07/07 - 2021,,
24256790,NOVO NORDISK A/S,Novo Nordisk A/S - GC/GU,Hallas Alle 108,4400,Kalundborg,14/10 - 2021,,
24256790,NOVO NORDISK A/S,Novo Nordisk A/S - GH,Hallas Alle 105,4400,Kalundborg,14/10 - 2021,,
24256790,NOVO NORDISK A/S,Novo Nordisk A/S - EH,Hovvejen 10,4400,Kalundborg,14/10 - 2021,,
24256790,NOVO NORDISK A/S,Novo Nordisk A/S - FB,Hallas Alle 106,4400,Kalundborg,14/10 - 2021,,
24256790,NOVO NORDISK A/S,Novo Nordisk A/S - FF,Hallas Alle 101B,4400,Kalundborg,14/10 - 2021,,
24256790,NOVO NORDISK A/S,Novo Nordisk A/S - BD,Hallas Alle 113,4400,Kalundborg,14/10 - 2021,,
24256790,NOVO NORDISK A/S,Novo Nordisk A/S - CD/BC/BM/BD (NZ),Hallas Alle 113A,4400,Kalundborg,14/10 - 2021,,
24256790,NOVO NORDISK A/S,Novo Nordisk A/S - ED,Hallas Alle 102,4400,Kalundborg,04/11 - 2021,,
24256790,NOVO NORDISK A/S,Novo Nordisk A/S - EG,Hallas Alle 101,4400,Kalundborg,14/10 - 2021,,
24256790,NOVO NORDISK A/S,Novo Nordisk A/S - EF,Hallas Alle 101A,4400,Kalundborg,14/10 - 2021,,
24256790,NOVO NORDISK A/S,Novo Nordisk A/S - DD,Hallas Alle 112,4400,Kalundborg,14/10 - 2021,,
24256790,NOVO NORDISK A/S,Novo Nordisk A/S - DF,Hallas Alle 109,4400,Kalundborg,14/10 - 2021,,
24256790,NOVO NORDISK A/S,Novo Nordisk A/S - 5A,Smørmosevej 5A,2880,Bagsværd,14/10 - 2021,,
24256790,NOVO NORDISK A/S,Novo Nordisk A/S - JE JF JG,Hallas Alle 122,4400,Kalundborg,14/10 - 2021,,
24256790,NOVO NORDISK A/S,Novo Nordisk A/S - JK/JM,Hallas Alle 60,4400,Kalundborg,14/10 - 2021,,
24256790,NOVO NORDISK A/S,Novo Nordisk A/S - Rendsborgparken,Rendsborgparken 1,4400,Kalundborg,14/10 - 2021,,
24256790,NOVO NORDISK A/S,Novo Nordisk A/S - KSx,Kåstrup Hovvej 2,4400,Kalundborg,14/10 - 2021,,
24256790,NOVO NORDISK A/S,Novo Nordisk A/S - C123,Novo Nordisk Park 2,2760,Måløv,14/10 - 2021,,
24256790,NOVO NORDISK A/S,Novo Nordisk A/S - G9T,Novo Nordisk Park 102,2760,Måløv,14/10 - 2021,,
24256790,NOVO NORDISK A/S,Novo Nordisk A/S - B2,Novo Nordisk Park 9,2760,Måløv,14/10 - 2021,,
24256790,NOVO NORDISK A/S,Novo Nordisk A/S - ED EE,Hallas Alle 102,4400,Kalundborg,27/10 - 2021,,
24256790,NOVO NORDISK A/S,Novo Nordisk A/S - GB,Hallas Alle 108F,4400,Kalundborg,26/04 - 2022,,
24256790,NOVO NORDISK A/S,Novo Nordisk A/S - 29B,Brennum Park 29B,3400,Hillerød,07/07 - 2021,,
24256790,NOVO NORDISK A/S,"Novo Nordisk A/S, 23K",Brennum Park 23K,3400,Hillerød,01/09 - 2022,,
24256790,NOVO NORDISK A/S,Novo Nordisk A/S - 20M,Brennum Park 20M,3400,Hillerød,07/07 - 2021,,
24256790,NOVO NORDISK A/S,"Novo Nordisk A/S, 24N",Brennum Park 24N,3400,Hillerød,23/08 - 2022,,
24256790,NOVO NORDISK A/S,Novo Nordisk A/S - 25L,Brennum Park 25L,3400,Hillerød,05/10 - 2022,,
24256790,NOVO NORDISK A/S,Novo Nordisk A/S - 20K,Brennum Park 20K,3400,Hillerød,07/07 - 2021,,
24256790,NOVO NORDISK A/S,Novo Nordisk A/S - 24K,Brennum Park 24K,3400,Hillerød,05/07 - 2021,,
24256790,NOVO NORDISK A/S,Novo Nordisk A/S - JJ,Hallas Alle 62,4400,Kalundborg,15/04 - 2025,,
24256790,NOVO NORDISK A/S,Novo Nordisk A/S - HJU,Mads Clausens Vej 16,9800,Hjørring,04/04 - 2023,,
24256790,NOVO NORDISK A/S,Novo Nordisk A/S HJH,Vandværksvej 24,9800,Hjørring,01/10 - 2023,,
24256790,NOVO NORDISK A/S,Novo Nordisk A/S - MT,Hallas Alle 123T,4400,Kalundborg,01/01 - 2024,,
24256790,NOVO NORDISK A/S,Novo Nordisk A/S - MA,Hallas Alle 123A,4400,Kalundborg,01/01 - 2024,,
24256790,NOVO NORDISK A/S,Novo Nordisk A/S - MU,Hallas Alle 123U,4400,Kalundborg,01/01 - 2024,,
24256790,NOVO NORDISK A/S,Novo Nordisk A/S - MP,Hallas Alle 122P,4400,Kalundborg,01/01 - 2024,,
24256790,NOVO NORDISK A/S,Novo Nordisk A/S - JX,Hallas Alle 122K,4400,Kalundborg,01/01 - 2024,,
24256790,NOVO NORDISK A/S,Novo Nordisk A/S - MY,Hallas Alle 123Y,4400,Kalundborg,01/01 - 2024,,
24256790,NOVO NORDISK A/S,Novo Nordisk A/S - MX,Hallas Alle 123M,4400,Kalundborg,01/01 - 2024,,
24256790,NOVO NORDISK A/S,Novo Nordisk A/S - JH,Hallas Alle 122H,4400,Kalundborg,01/01 - 2024,,
24256790,NOVO NORDISK A/S,Novo Nordisk A/S - MS,Hallas Alle 123S,4400,Kalundborg,01/01 - 2024,,
24256790,NOVO NORDISK A/S,Novo Nordisk A/S - MB,Hallas Alle 123B,4400,Kalundborg,01/01 - 2024,,
24256790,NOVO NORDISK A/S,Novo Nordisk A/S - MR,Hallas Alle 122R,4400,Kalundborg,01/01 - 2024,,
24256790,NOVO NORDISK A/S,Novo Nordisk A/S - KØ,Københavnsvej 216,4600,Køge,22/08 - 2023,,
24256790,NOVO NORDISK A/S,Novo Nordisk A/S - TH7,Tuborg Havnevej 7,2900,Hellerup,06/08 - 2023,,
24256790,NOVO NORDISK A/S,Novo Nordisk A/S - 4G,Smørmosevej 4G,2880,Bagsværd,05/07 - 2021,,
24256790,NOVO NORDISK A/S,Novo Nordisk A/S - NSH,Niels Steensens Vej 2A,2820,Gentofte,18/10 - 1999,,0
30919246,Novonesis Plant Biosolutions A/S,Novonesis Plant Biosolutions A/S,Biologiens Vej 2,2800,Kongens Lyngby,22/10 - 2007,,
40075291,TDC Brands A/S,Nuuday,Torvet 9,8500,Grenaa,01/06 - 2019,30/09 - 2021,2-4
40075291,TDC Brands A/S,Nuuday,Algade 8,9000,Aalborg,01/06 - 2019,30/09 - 2021,4
40075291,TDC Brands A/S,Nuuday,Vadstrupvej 77,2880,Bagsværd,01/05 - 2020,30/09 - 2021,1
40075291,TDC Brands A/S,Nuuday,Øllegårdsvej 3,8260,Viby J,01/05 - 2020,30/09 - 2021,1
40075291,TDC Brands A/S,Nuuday,Unionsvej 10,4600,Køge,01/05 - 2020,30/09 - 2021,1
40075291,TDC Brands A/S,Nuuday,Gøteborgvej 6,9200,Aalborg SV,01/05 - 2020,30/09 - 2021,1
40075291,TDC Brands A/S,Nuuday,Industrivej Syd 13B,7400,Herning,01/05 - 2020,30/09 - 2021,1
40075291,TDC Brands A/S,Nuuday,Københavnsvej 130,4000,Roskilde,01/05 - 2020,30/09 - 2021,2
40075291,TDC Brands A/S,Nuuday,Agtrupvej 2,6000,Kolding,01/05 - 2020,30/09 - 2021,1
40075291,TDC Brands A/S,Nuuday,Ved Faurgården 3,4300,Holbæk,01/09 - 2020,30/09 - 2021,1
40075291,TDC Brands A/S,TDC Brands A/S,Teglholmsgade 1,2450,København SV,07/12 - 2018,,1214
40075291,TDC Brands A/S,Nuuday,Ahlgade 25,4300,Holbæk,01/06 - 2019,,7
40075291,TDC Brands A/S,Nuuday,Næstved Storcenter 1,4700,Næstved,01/06 - 2019,,8
40075291,TDC Brands A/S,Nuuday,Skovvangen 42,6000,Kolding,01/06 - 2019,,13
40075291,TDC Brands A/S,Nuuday,Skjoldsgade 49,6700,Esbjerg,01/06 - 2019,,1
40075291,TDC Brands A/S,Nuuday,Nygade 5,6200,Aabenraa,01/06 - 2019,,1
40075291,TDC Brands A/S,Nuuday,Ramsherred 37A,6200,Aabenraa,01/06 - 2019,,8
40075291,TDC Brands A/S,Nuuday,Klampenborgvej 244C,2800,Kongens Lyngby,01/06 - 2019,,20
40075291,TDC Brands A/S,Nuuday,Reberbanegade 3,2300,København S,01/06 - 2019,,7
40075291,TDC Brands A/S,Nuuday,Sct. Mathias Gade 27,8800,Viborg,01/06 - 2019,,8
40075291,TDC Brands A/S,Nuuday,Over Bølgen 8,2670,Greve,01/06 - 2019,,10
40075291,TDC Brands A/S,Nuuday,Nørregade 7,7500,Holstebro,01/06 - 2019,,8
40075291,TDC Brands A/S,Nuuday,"Merkurvej 1C, st. 70.",7400,Herning,01/06 - 2019,,10
40075291,TDC Brands A/S,Nuuday,"Rødovre Centrum 1G, st. 51.",2610,Rødovre,01/06 - 2019,,15
40075291,TDC Brands A/S,Nuuday,Nytorv 18,9000,Aalborg,01/06 - 2019,,3
40075291,TDC Brands A/S,Nuuday,Klostergade 25,6000,Kolding,01/06 - 2019,,44
40075291,TDC Brands A/S,Nuuday,Ellegårdvej 23A,6400,Sønderborg,01/06 - 2019,,102
40075291,TDC Brands A/S,Nuuday,Bispegade 7,6100,Haderslev,01/06 - 2019,,6
40075291,TDC Brands A/S,Nuuday,Arne Jacobsens Allé 12,2300,København S,01/06 - 2019,,9
40075291,TDC Brands A/S,Nuuday,Brødregade 11,8900,Randers C,01/06 - 2019,,9
40075291,TDC Brands A/S,Nuuday,Finlandsgade 17,8200,Aarhus N,01/06 - 2019,,14
40075291,TDC Brands A/S,Nuuday,Falkoner Alle 3,2000,Frederiksberg,01/06 - 2019,,11
40075291,TDC Brands A/S,Nuuday,"Datavej 10, st",5220,Odense SØ,01/06 - 2019,,3
40075291,TDC Brands A/S,Nuuday,Exnersgade 18,6700,Esbjerg,01/06 - 2019,,10
40075291,TDC Brands A/S,Nuuday,Danmarksgade 78,9900,Frederikshavn,01/06 - 2019,,6
40075291,TDC Brands A/S,Nuuday,"Jernbanegade 15A, st",4800,Nykøbing F,01/06 - 2019,,7
40075291,TDC Brands A/S,Nuuday,Hobrovej 452,9200,Aalborg SV,01/06 - 2019,,13
40075291,TDC Brands A/S,Nuuday,Stengade 21,3000,Helsingør,01/06 - 2019,,8
40075291,TDC Brands A/S,Nuuday,Ørbækvej 75,5220,Odense SØ,01/06 - 2019,,16
40075291,TDC Brands A/S,Nuuday,Søndergade 7A,8600,Silkeborg,01/06 - 2019,,6
40075291,TDC Brands A/S,Nuuday,Vestsjællandscentret 10A,4200,Slagelse,01/06 - 2019,,9
40075291,TDC Brands A/S,Nuuday,Søndergade 40,8000,Aarhus C,01/06 - 2019,,10
40075291,TDC Brands A/S,Nuuday,Søndergade 25,8700,Horsens,01/06 - 2019,,6
40075291,TDC Brands A/S,Nuuday,Vranderupvej 214,6640,Lunderskov,01/06 - 2019,,6
40075291,TDC Brands A/S,Nuuday,Sletvej 30,8310,Tranbjerg J,01/06 - 2019,,1071
40075291,TDC Brands A/S,Nuuday,Vestergade 22C,7700,Thisted,01/06 - 2019,,8
40075291,TDC Brands A/S,Nuuday,Slotsarkaderne 34,3400,Hillerød,01/06 - 2019,,21
40075291,TDC Brands A/S,Nuuday,Klingenberg 16,5000,Odense C,01/06 - 2019,,290
40075291,TDC Brands A/S,Nuuday,Ballerup-Centret 2,2750,Ballerup,01/06 - 2019,,10
40075291,TDC Brands A/S,Nuuday,"Nørregade 1B, st. mf.",4600,Køge,01/06 - 2019,,8
40075291,TDC Brands A/S,Nuuday,Møllergade 18,5700,Svendborg,01/06 - 2019,,6
40075291,TDC Brands A/S,Nuuday,Kastanie Alle 3,6400,Sønderborg,01/06 - 2019,,6
40075291,TDC Brands A/S,Nuuday,Munkemøllestræde 6,5000,Odense C,01/10 - 2020,,1
40075291,TDC Brands A/S,Nuuday,Holsbjergvej 18,2620,Albertslund,01/10 - 2022,,9
40075291,TDC Brands A/S,Nuuday,Bisgårdgade 11,7500,Holstebro,01/10 - 2022,,1
40075291,TDC Brands A/S,Nuuday,Ølgodvej 3,9220,Aalborg Øst,01/10 - 2022,,2
40075291,TDC Brands A/S,Nuuday,Københavnsvej 29,4000,Roskilde,01/11 - 2023,,11
40075291,TDC Brands A/S,Nuuday,Søndergade 8,7100,Vejle,01/11 - 2024,,8
40075291,TDC Brands A/S,Nuuday,Store Torv 11,3700,Rønne,01/06 - 2019,,1
40075291,TDC Brands A/S,Nuuday,Østergade 22,9800,Hjørring,01/06 - 2019,,5
40075291,TDC Brands A/S,Nuuday,Telegade 1,2630,Taastrup,01/06 - 2019,,
40075291,TDC Brands A/S,Nuuday,Østergade 4,6400,Sønderborg,01/06 - 2019,,1
40075291,TDC Brands A/S,Nuuday,Danmarksgade 17B,7000,Fredericia,01/06 - 2019,,1
40075291,TDC Brands A/S,Nuuday,Algade 11,4000,Roskilde,01/06 - 2019,,1
40075291,TDC Brands A/S,Nuuday,"Sædding Strandvej 61, 1",6710,Esbjerg V,01/05 - 2020,,1
40075291,TDC Brands A/S,Nuuday,Ramsherred 37A,6200,Aabenraa,01/09 - 2020,,1
40075291,TDC Brands A/S,Nuuday,Vestre Gade 6A,2605,Brøndby,01/09 - 2021,,
40075291,TDC Brands A/S,Nuuday,Teglværksgade 18,2100,København Ø,01/01 - 2021,,1
40075291,TDC Brands A/S,Nuuday,Vestsjællandscentret 10A,4200,Slagelse,01/10 - 2022,,1
40075291,TDC Brands A/S,Nuuday,Borups Allé 43,2200,København N,01/06 - 2019,,1
40075291,TDC Brands A/S,Nuuday,Kalvebod Brygge 59,1560,København V,01/06 - 2019,,1
40075291,TDC Brands A/S,Nuuday,Søndergade 8,7100,Vejle,01/06 - 2019,,1
40075291,TDC Brands A/S,Nuuday,Telegade 2,2630,Taastrup,01/06 - 2019,,1
40075291,TDC Brands A/S,Nuuday,Adelgade 10,7800,Skive,01/06 - 2019,,6
40075291,TDC Brands A/S,Nuuday,Vestergade 70,5000,Odense C,01/06 - 2019,,1
40075291,TDC Brands A/S,Nuuday,Frederiksborggade 5,1360,København K,01/06 - 2019,,1
35209115,Odense Kommune,Ankergården Børnehus,Ankergade 8,5000,Odense C,01/05 - 2006,01/05 - 2006,
35209115,Odense Kommune,Specialsfsnittet,"Vindegade 26, 1",5000,Odense C,15/05 - 2007,14/02 - 2010,
35209115,Odense Kommune,Troldhøj Børnehus,Munkebjergvænget 1,5230,Odense M,30/04 - 2007,30/04 - 2007,
35209115,Odense Kommune,1 ¿ Turisme,Vestergade 2,5000,Odense C,01/10 - 2014,02/10 - 2014,
35209115,Odense Kommune,1 ¿ Turisme,Vestergade 2,5000,Odense C,01/10 - 2014,02/10 - 2014,
35209115,Odense Kommune,Specialtandplejen,Skaboeshusevej 112A,5800,Nyborg,01/10 - 2014,02/10 - 2014,
35209115,Odense Kommune,OKÆ Teknisk servicem.,Vollsmose Allé 40,5240,Odense NØ,05/02 - 2009,30/06 - 2010,
35209115,Odense Kommune,Støttecentret Sdr.Boulevard/Solfaldsvej,"Solfaldsvej 5, 3",5000,Odense C,10/10 - 2006,10/10 - 2006,
35209115,Odense Kommune,OKÆ Teknisk servicem.,Ærtebjerghaven 41A,5270,Odense N,05/02 - 2009,30/06 - 2010,
35209115,Odense Kommune,5 - Dagpelejecenter Tarup,Solgårdsvej 2A,5210,Odense NV,13/10 - 2009,29/06 - 2011,
35209115,Odense Kommune,"3 - ÆHF, Aktivitet og Træning",Hjallesegade 30,5260,Odense S,05/02 - 2009,31/03 - 2013,
35209115,Odense Kommune,OKÆ Teknisk servicem.,Hjallesegade 30,5260,Odense S,05/02 - 2009,30/06 - 2010,
35209115,Odense Kommune,OKÆ Aktivitet og Træning,Kanslergade 8,5000,Odense C,05/02 - 2009,30/06 - 2010,
35209115,Odense Kommune,OKÆ Teknisk servicem.,Herluf Trolles Vej 148,5220,Odense SØ,05/02 - 2009,30/06 - 2010,
35209115,Odense Kommune,3 - H&P Hjemmevejlederteamet,Grønløkkevej 34,5000,Odense C,06/10 - 2011,31/03 - 2013,
35209115,Odense Kommune,"4 - Ydelse, Tilskud, Tilskud til pensionister, Refusion og Sygedagpenge","Vindegade 18, 1",5000,Odense C,01/06 - 2018,02/06 - 2018,
35209115,Odense Kommune,"4 - Ydelse, Tilskud, Tilskud til pensionister, Refusion og Sygedagpenge","Vindegade 18, 1",5000,Odense C,01/06 - 2018,02/06 - 2018,
35209115,Odense Kommune,"4 - Ydelse, Tilskud, Tilskud til pensionister, Refusion og Sygedagpenge","Vindegade 18, 1",5000,Odense C,01/06 - 2018,02/06 - 2018,
35209115,Odense Kommune,"4 - Ydelse, Tilskud, Tilskud til pensionister, Refusion og Sygedagpenge","Vindegade 18, 1",5000,Odense C,01/06 - 2018,02/06 - 2018,
35209115,Odense Kommune,"4 - Ydelse, Tilskud, Tilskud til pensionister, Refusion og Sygedagpenge","Vindegade 18, 1",5000,Odense C,01/06 - 2018,02/06 - 2018,
35209115,Odense Kommune,"4 - Ydelse, Tilskud, Tilskud til pensionister, Refusion og Sygedagpenge","Vindegade 18, 1",5000,Odense C,01/06 - 2018,02/06 - 2018,
35209115,Odense Kommune,"4 - Ydelse, Tilskud, Tilskud til pensionister, Refusion og Sygedagpenge","Vindegade 18, 1",5000,Odense C,01/06 - 2018,02/06 - 2018,
35209115,Odense Kommune,"4 - Ydelse, Tilskud, Tilskud til pensionister, Refusion og Sygedagpenge","Vindegade 18, 1",5000,Odense C,01/06 - 2018,02/06 - 2018,
35209115,Odense Kommune,"4 - Ydelse, Tilskud, Tilskud til pensionister, Refusion og Sygedagpenge","Vindegade 18, 1",5000,Odense C,01/06 - 2018,02/06 - 2018,
35209115,Odense Kommune,"4 - Ydelse, Tilskud, Tilskud til pensionister, Refusion og Sygedagpenge","Vindegade 18, 1",5000,Odense C,01/06 - 2018,02/06 - 2018,
35209115,Odense Kommune,"4 - Ydelse, Tilskud, Tilskud til pensionister, Refusion og Sygedagpenge","Vindegade 18, 1",5000,Odense C,01/06 - 2018,02/06 - 2018,
35209115,Odense Kommune,"4 - Ydelse, Tilskud, Tilskud til pensionister, Refusion og Sygedagpenge","Vindegade 18, 1",5000,Odense C,01/06 - 2018,02/06 - 2018,
35209115,Odense Kommune,"4 - Ydelse, Tilskud, Tilskud til pensionister, Refusion og Sygedagpenge","Vindegade 18, 1",5000,Odense C,01/06 - 2018,02/06 - 2018,
35209115,Odense Kommune,"4 - Ydelse, Tilskud, Tilskud til pensionister, Refusion og Sygedagpenge","Vindegade 18, 1",5000,Odense C,01/06 - 2018,02/06 - 2018,
35209115,Odense Kommune,"4 - Ydelse, Tilskud, Tilskud til pensionister, Refusion og Sygedagpenge","Vindegade 18, 1",5000,Odense C,01/06 - 2018,02/06 - 2018,
35209115,Odense Kommune,"4 - Ydelse, Tilskud, Tilskud til pensionister, Refusion og Sygedagpenge","Vindegade 18, 1",5000,Odense C,01/06 - 2018,02/06 - 2018,
35209115,Odense Kommune,"4 - Ydelse, Tilskud, Tilskud til pensionister, Refusion og Sygedagpenge","Vindegade 18, 1",5000,Odense C,01/06 - 2018,02/06 - 2018,
35209115,Odense Kommune,"4 - Ydelse, Tilskud, Tilskud til pensionister, Refusion og Sygedagpenge","Vindegade 18, 1",5000,Odense C,01/06 - 2018,02/06 - 2018,
35209115,Odense Kommune,"4 - Ydelse, Tilskud, Tilskud til pensionister, Refusion og Sygedagpenge","Vindegade 18, 1",5000,Odense C,01/06 - 2018,02/06 - 2018,
35209115,Odense Kommune,"4 - Ydelse, Tilskud, Tilskud til pensionister, Refusion og Sygedagpenge","Vindegade 18, 1",5000,Odense C,01/06 - 2018,02/06 - 2018,
35209115,Odense Kommune,"4 - Ydelse, Tilskud, Tilskud til pensionister, Refusion og Sygedagpenge","Vindegade 18, 1",5000,Odense C,01/06 - 2018,02/06 - 2018,
35209115,Odense Kommune,"4 - Ydelse, Tilskud, Tilskud til pensionister, Refusion og Sygedagpenge","Vindegade 18, 1",5000,Odense C,01/06 - 2018,02/06 - 2018,
35209115,Odense Kommune,"4 - Ydelse, Tilskud, Tilskud til pensionister, Refusion og Sygedagpenge","Vindegade 18, 1",5000,Odense C,01/06 - 2018,02/06 - 2018,
35209115,Odense Kommune,"4 - Ydelse, Tilskud, Tilskud til pensionister, Refusion og Sygedagpenge","Vindegade 18, 1",5000,Odense C,01/06 - 2018,02/06 - 2018,
35209115,Odense Kommune,"4 - Ydelse, Tilskud, Tilskud til pensionister, Refusion og Sygedagpenge","Vindegade 18, 1",5000,Odense C,01/06 - 2018,02/06 - 2018,
35209115,Odense Kommune,"4 - Ydelse, Tilskud, Tilskud til pensionister, Refusion og Sygedagpenge","Vindegade 18, 1",5000,Odense C,01/06 - 2018,02/06 - 2018,
35209115,Odense Kommune,"4 - Ydelse, Tilskud, Tilskud til pensionister, Refusion og Sygedagpenge","Vindegade 18, 1",5000,Odense C,01/06 - 2018,02/06 - 2018,
35209115,Odense Kommune,"4 - Ydelse, Tilskud, Tilskud til pensionister, Refusion og Sygedagpenge","Vindegade 18, 1",5000,Odense C,01/06 - 2018,02/06 - 2018,
35209115,Odense Kommune,"4 - Ydelse, Tilskud, Tilskud til pensionister, Refusion og Sygedagpenge","Vindegade 18, 1",5000,Odense C,01/06 - 2018,02/06 - 2018,
35209115,Odense Kommune,"4 - Ydelse, Tilskud, Tilskud til pensionister, Refusion og Sygedagpenge","Vindegade 18, 1",5000,Odense C,01/06 - 2018,02/06 - 2018,
35209115,Odense Kommune,"4 - Ydelse, Tilskud, Tilskud til pensionister, Refusion og Sygedagpenge","Vindegade 18, 1",5000,Odense C,01/06 - 2018,02/06 - 2018,
35209115,Odense Kommune,"4 - Ydelse, Tilskud, Tilskud til pensionister, Refusion og Sygedagpenge","Vindegade 18, 1",5000,Odense C,01/06 - 2018,02/06 - 2018,
35209115,Odense Kommune,"4 - Ydelse, Tilskud, Tilskud til pensionister, Refusion og Sygedagpenge","Vindegade 18, 1",5000,Odense C,01/06 - 2018,02/06 - 2018,
35209115,Odense Kommune,"4 - Ydelse, Tilskud, Tilskud til pensionister, Refusion og Sygedagpenge","Vindegade 18, 1",5000,Odense C,01/06 - 2018,02/06 - 2018,
35209115,Odense Kommune,"4 - Ydelse, Tilskud, Tilskud til pensionister, Refusion og Sygedagpenge","Vindegade 18, 1",5000,Odense C,01/06 - 2018,02/06 - 2018,
35209115,Odense Kommune,"4 - Ydelse, Tilskud, Tilskud til pensionister, Refusion og Sygedagpenge","Vindegade 18, 1",5000,Odense C,01/06 - 2018,02/06 - 2018,
35209115,Odense Kommune,"4 - Ydelse, Tilskud, Tilskud til pensionister, Refusion og Sygedagpenge","Vindegade 18, 1",5000,Odense C,01/06 - 2018,02/06 - 2018,
35209115,Odense Kommune,"4 - Ydelse, Tilskud, Tilskud til pensionister, Refusion og Sygedagpenge","Vindegade 18, 1",5000,Odense C,01/06 - 2018,02/06 - 2018,
35209115,Odense Kommune,"4 - Ydelse, Tilskud, Tilskud til pensionister, Refusion og Sygedagpenge","Vindegade 18, 1",5000,Odense C,01/06 - 2018,02/06 - 2018,
35209115,Odense Kommune,"4 - Ydelse, Tilskud, Tilskud til pensionister, Refusion og Sygedagpenge","Vindegade 18, 1",5000,Odense C,01/06 - 2018,02/06 - 2018,
35209115,Odense Kommune,"4 - Ydelse, Tilskud, Tilskud til pensionister, Refusion og Sygedagpenge","Vindegade 18, 1",5000,Odense C,01/06 - 2018,02/06 - 2018,
35209115,Odense Kommune,"4 - Ydelse, Tilskud, Tilskud til pensionister, Refusion og Sygedagpenge","Vindegade 18, 1",5000,Odense C,01/06 - 2018,02/06 - 2018,
35209115,Odense Kommune,"4 - Ydelse, Tilskud, Tilskud til pensionister, Refusion og Sygedagpenge","Vindegade 18, 1",5000,Odense C,01/06 - 2018,02/06 - 2018,
35209115,Odense Kommune,"4 - Ydelse, Tilskud, Tilskud til pensionister, Refusion og Sygedagpenge","Vindegade 18, 1",5000,Odense C,01/06 - 2018,02/06 - 2018,
35209115,Odense Kommune,"4 - Ydelse, Tilskud, Tilskud til pensionister, Refusion og Sygedagpenge","Vindegade 18, 1",5000,Odense C,01/06 - 2018,02/06 - 2018,
35209115,Odense Kommune,"3 - ÆHF Madservice, Café Hjallese",Hjallesegade 30,5260,Odense S,05/02 - 2009,31/03 - 2013,
35209115,Odense Kommune,OKÆ Teknisk servicem.,Møllemarksvej 39,5200,Odense V,05/02 - 2009,30/06 - 2010,
35209115,Odense Kommune,OKÆ Teknisk servicem.,Kanslergade 8,5000,Odense C,05/02 - 2009,30/06 - 2010,
35209115,Odense Kommune,3 - OKÆ Madservice,Georgsgade 61B,5000,Odense C,05/02 - 2009,31/03 - 2013,
35209115,Odense Kommune,"3 - ÆHF, Aktiviteter og Træning",Albanigade 21D,5000,Odense C,05/02 - 2009,31/03 - 2013,
35209115,Odense Kommune,5 - Børnehuset Tusindfryd,Vandværksvej 14,5000,Odense C,01/01 - 2010,29/06 - 2011,
35209115,Odense Kommune,Minibo Sekretariat,"Rytterkasernen 19, 1",5000,Odense C,08/03 - 2011,16/03 - 2011,
35209115,Odense Kommune,Humlehave Tandklinik,Vollsmose Allé 20,5240,Odense NØ,01/01 - 2007,30/12 - 2010,
35209115,Odense Kommune,Børneinstitutionen Søhus / Stige,Stigevej 247,5270,Odense N,02/05 - 2007,30/04 - 2011,
35209115,Odense Kommune,Sanderum Bibliotek,Dragebakken 509,5250,Odense SV,01/01 - 2002,24/02 - 2013,
35209115,Odense Kommune,OKÆ Teknisk servicem.,Solgårdsvej 2,5210,Odense NV,05/02 - 2009,30/06 - 2010,
35209115,Odense Kommune,Forebyggelsesafsnittet,"Vindegade 22, 1. th.",5000,Odense C,14/05 - 2007,30/10 - 2013,
35209115,Odense Kommune,Børneinstitutionen Tingløkke,Sanderumvej 113,5250,Odense SV,30/04 - 2007,01/05 - 2007,
35209115,Odense Kommune,Børneinstitution Åløkke,Solfaldsvej 11,5000,Odense C,26/03 - 2007,01/05 - 2007,
35209115,Odense Kommune,4 - Udførerdelen - Vindegade 10,Vindegade 10,5000,Odense C,15/10 - 2009,31/03 - 2013,
35209115,Odense Kommune,Bostedet Sukkerkogeriet,"Roersvej 27, st",5000,Odense C,01/01 - 2007,01/01 - 2007,
35209115,Odense Kommune,OKÆ Teknisk servicem.,Albanigade 21D,5000,Odense C,05/02 - 2009,30/06 - 2010,
35209115,Odense Kommune,OKÆ Aktivitet og Træning,Drejøgade 1,5000,Odense C,05/02 - 2009,30/06 - 2010,
35209115,Odense Kommune,Odense Kommunale Fjernvarme- forsyning Næsbyhoved Broby,Sandgravvej 3,5270,Odense N,01/01 - 2003,01/01 - 2003,
35209115,Odense Kommune,"3 - Virksom Dialog, FBH Holluf Pile",Hjulets Kvarter 119,5220,Odense SØ,08/01 - 2013,29/11 - 2013,
35209115,Odense Kommune,3 - Virksom Dialog,Absalonsgade 17,5000,Odense C,08/01 - 2013,31/03 - 2013,
35209115,Odense Kommune,"3 - Virksom Træning, Villa Hunderup",Brockdorffvænget 7,5230,Odense M,09/01 - 2013,30/06 - 2013,
35209115,Odense Kommune,"3 - Virksom Træning, Højstruphuset",Højstrupvangen 1,5200,Odense V,09/01 - 2013,30/06 - 2013,
35209115,Odense Kommune,"3 - Virksom Træning, Rytterkasernen",Rytterkasernen 7A,5000,Odense C,09/01 - 2013,31/05 - 2013,
35209115,Odense Kommune,"3 - Virksom Træning, Kernehuset",Pomosavej 17,5270,Odense N,09/01 - 2013,30/06 - 2013,
35209115,Odense Kommune,"3 - Virksom Træning, Lillelund",Drejøgade 1,5000,Odense C,09/01 - 2013,30/06 - 2013,
35209115,Odense Kommune,"3 - Virksom Træning, Støttecentret Højby/Sdr. Port",Brobæklunden 30 kld..,5260,Odense S,09/01 - 2013,28/02 - 2013,
35209115,Odense Kommune,"3 - Virksom Træning, Korup",Kalørvej 122,5200,Odense V,09/01 - 2013,30/12 - 2013,
35209115,Odense Kommune,"3 - Virksom Træning, Værkstedet",Eddavej 6,5210,Odense NV,09/01 - 2013,30/12 - 2013,
35209115,Odense Kommune,Solgården Børnehus,Victoriagade 36,5000,Odense C,02/05 - 2007,02/05 - 2007,
35209115,Odense Kommune,Rising Bibliotek,Risingsvej 25,5000,Odense C,01/01 - 2002,16/07 - 2007,
35209115,Odense Kommune,Odense Kommunale Fjernvarmeforsyning,Klosterbakken 12,5000,Odense C,16/12 - 2002,16/12 - 2002,
35209115,Odense Kommune,"3 - ÆHF Madservice, Café Lysningen",Østerdalen 2,5260,Odense S,11/12 - 2011,30/06 - 2013,
35209115,Odense Kommune,"3 - ÆHF, Madservice Enrum",Pomosavej 17,5270,Odense N,05/12 - 2011,30/06 - 2013,
35209115,Odense Kommune,Aktiverings- og kontakthjælp Dristrikt Øst,Vollsmose Allé 16,5240,Odense NØ,20/02 - 2002,20/02 - 2002,
35209115,Odense Kommune,OKÆ Teknisk servicem.,Fridasholmvej 10,5240,Odense NØ,05/02 - 2009,30/06 - 2010,
35209115,Odense Kommune,OKÆ Teknisk servicem.,Tyrsbjergvej 4,5210,Odense NV,05/02 - 2009,30/06 - 2010,
35209115,Odense Kommune,"3 - ÆHF Madservice, Café Øst",Vollsmose Allé 40,5240,Odense NØ,05/02 - 2009,31/03 - 2013,
35209115,Odense Kommune,OKÆ Teknisk servicem.,Østerbæksvej 83,5230,Odense M,05/02 - 2009,30/06 - 2010,
35209115,Odense Kommune,5 - Østre Børnehus,Danmarksgade 2,5000,Odense C,01/01 - 2006,29/06 - 2011,
35209115,Odense Kommune,"5 - CFS, Sundhedstjenesten Øst","Egeparken 2A, 7",5240,Odense NØ,29/05 - 2012,30/06 - 2013,
35209115,Odense Kommune,"5 - CFS, Sundhedstjenesten Dalum",Dalumvej 95,5250,Odense SV,29/05 - 2012,30/06 - 2013,
35209115,Odense Kommune,"OKÆ Madservice, Storkøkkenet",Teknikvej 4,5260,Odense S,12/11 - 2008,12/11 - 2008,
35209115,Odense Kommune,YDELSECENTER MIDTBY,"Tolderlundsvej 3, 3. B.",5000,Odense C,27/03 - 2008,30/12 - 2010,
35209115,Odense Kommune,4 - Udførerdelen - Birkeparken 72,Birkeparken 72B,5240,Odense NØ,20/02 - 2009,31/03 - 2013,
35209115,Odense Kommune,"3 - ÆHF Madservice, Café Lille Glasvej",Kanslergade 8,5000,Odense C,05/02 - 2009,31/03 - 2013,
35209115,Odense Kommune,Platanhaven - Frigatten,Bjørnemosevej 213,5260,Odense S,15/05 - 2007,24/06 - 2007,
35209115,Odense Kommune,Alkoholbehandlingscentret,Grejsdalen 18,5800,Nyborg,01/01 - 2001,30/12 - 2009,
35209115,Odense Kommune,BMF - Kompetencecenter IT,Flakhaven 2,5000,Odense C,17/02 - 2010,30/12 - 2010,
35209115,Odense Kommune,"3 - ÆHF Madservice, Café Hvenekilden",Fridasholmvej 10,5240,Odense NØ,05/02 - 2009,31/03 - 2013,
35209115,Odense Kommune,Ejendomsskattekontoret,Nørregade 38,5000,Odense C,12/02 - 2010,31/03 - 2013,
35209115,Odense Kommune,"3 - Virksom Træning, Træning Vest, Villestofte",Tyrsbjergvej 4,5210,Odense NV,05/02 - 2009,01/11 - 2015,
35209115,Odense Kommune,"3 - Virksom Dialog, FBH Vest",Østerbæksvej 83,5230,Odense M,08/01 - 2013,01/11 - 2015,
35209115,Odense Kommune,"3 - Virksom Træning, Brændekilde",Brændekildevej 39,5250,Odense SV,09/01 - 2013,01/11 - 2015,
35209115,Odense Kommune,"3 - Virksom Støtte, Elmelundhaven",Elmelundhaven 15,5200,Odense V,09/01 - 2013,01/11 - 2015,
35209115,Odense Kommune,"3 - Virksom Træning, Marienlund",Drejøgade 1,5000,Odense C,09/01 - 2013,01/11 - 2015,
35209115,Odense Kommune,"3 - Virksom Træning, Træning Vest, Rydså",Rydsåvej 66,5210,Odense NV,09/01 - 2013,01/11 - 2015,
35209115,Odense Kommune,3 - Lindehuset (Selvejende),Vandværksvej 40,5000,Odense C,09/01 - 2013,01/11 - 2015,
35209115,Odense Kommune,3 - Dania (Selvejende),Kragsbjergvænget 5,5000,Odense C,07/11 - 2013,01/11 - 2015,
35209115,Odense Kommune,"3 - Virksom Træning, Bostøtte og Samværstilbud Syd",Dalumvej 97,5250,Odense SV,10/02 - 2014,01/11 - 2015,
35209115,Odense Kommune,3 - OKÆ Madservice,Solgårdsvej 2,5210,Odense NV,05/02 - 2009,31/03 - 2013,
35209115,Odense Kommune,"3 - ÆHF Madservice, Café Egmont",Møllemarksvej 39,5200,Odense V,05/02 - 2009,31/03 - 2013,
35209115,Odense Kommune,"1 - Odense Brandvæsen, Station Bolbro",Møllemarksvej 37,5200,Odense V,01/12 - 2014,31/12 - 2015,
35209115,Odense Kommune,"1 - Odense Brandvæsen, Uddannelsescenter",Åsumvej 33,5240,Odense NØ,01/01 - 2015,31/12 - 2015,
35209115,Odense Kommune,3 - OKÆ Madservice,Rydsåvej 66,5210,Odense NV,05/02 - 2009,31/03 - 2013,
35209115,Odense Kommune,OKÆ Teknisk servicem.,Roersvej 25,5000,Odense C,05/02 - 2009,30/06 - 2010,
35209115,Odense Kommune,OKÆ Teknisk servicem.,Svovlhatten 2B,5220,Odense SØ,05/02 - 2009,30/06 - 2010,
35209115,Odense Kommune,"1 - Borgmesterforvaltningen, Dalumvej 95B",Dalumvej 95B,5250,Odense SV,01/08 - 2015,31/12 - 2015,
35209115,Odense Kommune,4 - Afd. Søby Søgaard,Søvej 27,5792,Årslev,24/01 - 2008,31/03 - 2013,
35209115,Odense Kommune,3 - OKÆ Madservice,Østerbæksvej 83,5230,Odense M,05/02 - 2009,31/03 - 2013,
35209115,Odense Kommune,"5 - Institutioner Vest, Børnehuset Ejlstrup",Ejlstrupvej 145,5200,Odense V,01/04 - 2015,01/04 - 2016,
35209115,Odense Kommune,LÆRKEPARKENS BØRNECENTER,Lærkeparken 72,5240,Odense NØ,27/09 - 2006,27/09 - 2006,
35209115,Odense Kommune,BORGMESTERFORVALTNINGEN - ERHVERVSSERVICE OD.,Forskerparken 10,5230,Odense M,30/08 - 2007,30/08 - 2007,
35209115,Odense Kommune,Odense Kommune Udførerdelen,Tolderlundsvej 3A,5000,Odense C,01/01 - 2007,01/01 - 2007,
35209115,Odense Kommune,OKÆ Teknisk servicem.,Mågebakken 80,5250,Odense SV,05/02 - 2009,30/06 - 2010,
35209115,Odense Kommune,Odense Bybusser,Sdr. Boulevard 39,5000,Odense C,30/10 - 2001,08/02 - 2004,
35209115,Odense Kommune,Næsby Bibliotek,Bogensevej 2,5270,Odense N,01/01 - 2002,31/12 - 2004,
35209115,Odense Kommune,2 - Fyns Kunstmuseum,Jernbanegade 15,5000,Odense C,23/05 - 2007,31/12 - 2013,
35209115,Odense Kommune,BORGMESTERFORVALTNINGEN - OD.ERHVERVSRÅDS IVÆRKSÆTTERRÅDG.,"Bøgeparken 236, st. th..",5240,Odense NØ,29/05 - 2007,30/12 - 2010,
35209115,Odense Kommune,Skt. Klemens Børnehus,Skt. Klemens Vej 99,5260,Odense S,30/04 - 2007,30/04 - 2007,
35209115,Odense Kommune,Odense Bybusser,Østre Stationsvej 33,5000,Odense C,01/02 - 2004,01/02 - 2004,
35209115,Odense Kommune,ODENSE KOMMUNE Ældre- og Handicapforvaltningen,Klosterbakken 20,5000,Odense C,01/01 - 2002,01/01 - 2002,
35209115,Odense Kommune,"Odense Kommune, Bevillingskontoret","Thomas B. Thriges Gade 36, 2",5100,Odense C,11/02 - 2002,11/02 - 2002,
35209115,Odense Kommune,Familiehus Rosengård Rosengårdcentret 201,Ørbækvej 75,5220,Odense SØ,01/01 - 2007,24/06 - 2007,
35209115,Odense Kommune,Trekanten,Rødegårdsvej 89,5000,Odense C,20/09 - 2007,30/12 - 2007,
35209115,Odense Kommune,1 - Erhvervsservice,Forskerparken 10H,5230,Odense M,30/08 - 2007,31/03 - 2013,
35209115,Odense Kommune,Børneinstitutionen Skt. Klemens,Dahlsvej 1,5260,Odense S,30/04 - 2007,01/05 - 2007,
35209115,Odense Kommune,Bådværkstedet Molen,Grønlandsgade 20,5300,Kerteminde,01/01 - 2006,30/06 - 2010,
35209115,Odense Kommune,Børneinstitutionen Tornbjerg,Rødegårdsvej 164,5230,Odense M,02/05 - 2007,02/05 - 2007,
35209115,Odense Kommune,Omsorgscentret Ældreløkken,Bredagerløkken 102,5220,Odense SØ,15/03 - 2007,31/12 - 2007,
35209115,Odense Kommune,"3 - Ældreløkken, Marienlund Dagcenter",Drejøgade 1,5000,Odense C,26/01 - 2012,31/03 - 2013,
35209115,Odense Kommune,OKÆ Teknisk servicem.,Kalørvej 120,5200,Odense V,05/02 - 2009,30/06 - 2010,
35209115,Odense Kommune,OKÆ Teknisk servicem.,Rydsåvej 66,5210,Odense NV,05/02 - 2009,30/06 - 2010,
35209115,Odense Kommune,"3 - ÆHF Madservice, Café Næsby",Lumbyvej 50,5000,Odense C,05/02 - 2009,31/03 - 2013,
35209115,Odense Kommune,OKÆ Teknisk servicem.,Lumbyvej 50,5000,Odense C,05/02 - 2009,30/06 - 2010,
35209115,Odense Kommune,OKÆ Teknisk servicem.,Drejøgade 1,5000,Odense C,05/02 - 2009,30/06 - 2010,
35209115,Odense Kommune,OKÆ Teknisk servicem.,Georgsgade 61B,5000,Odense C,05/02 - 2009,30/06 - 2010,
35209115,Odense Kommune,ODENSE KOMMUNE - LØNNINGSKONTORET, 2,9999,Ukendt,01/04 - 1964,31/12 - 1992,
35209115,Odense Kommune,"Børn- og ungeforvaltningen, Områdekontor ØST",Vollsmose Allé 16,5240,Odense NØ,20/02 - 2002,20/02 - 2002,
35209115,Odense Kommune,Rusmiddelcenter Odense - Vestfyn,"Søndre Ringvej 4, st. th.",5610,Assens,24/01 - 2008,31/03 - 2013,
35209115,Odense Kommune,"4 - Socialcentret, Bramstrupkollegiet",Bramstrupvej 15,5230,Odense M,01/01 - 1993,01/01 - 2016,0
35209115,Odense Kommune,"4 - Arbejdsmarkedscentret, Tolderlundsvej 2",Tolderlundsvej 2,5000,Odense C,01/01 - 1993,31/12 - 2015,0
35209115,Odense Kommune,2 - Mediemuseet,Brandts Torv 1,5000,Odense C,17/12 - 2012,01/02 - 2018,0
35209115,Odense Kommune,Odense Kommune Ungeafsnittet,Vindegade 22,5000,Odense C,01/01 - 2006,30/12 - 2010,5-9
35209115,Odense Kommune,Børneinstitution Hjallese,Solbærvej 5,5260,Odense S,30/04 - 2007,14/06 - 2010,0
35209115,Odense Kommune,"3 - Virksom Træning, Sygepleje Øst 2 - Blangstedgårdsvej",Tagtækkervej 8,5230,Odense M,05/02 - 2009,01/11 - 2015,1
35209115,Odense Kommune,"OKÆ Plejeboliger, Administation",Jacob Hansens Vej 137,5260,Odense S,01/01 - 2004,31/08 - 2008,100-199
35209115,Odense Kommune,3 - OKÆ Service Syd/Øst,Tagtækkervej 8,5230,Odense M,09/12 - 2009,31/03 - 2013,0
35209115,Odense Kommune,"3 - Virksom Støtte, Minibo","Rytterkasernen 19, 1",5000,Odense C,08/03 - 2011,01/11 - 2015,2-4
35209115,Odense Kommune,Børnehuset Mariehønen,Enggade 15,5000,Odense C,01/06 - 2000,24/06 - 2007,5-9
35209115,Odense Kommune,"5 - Børne- og Ungeregion Nord, Skibhusskolen og Erhvervslivets 10",Skibhusvej 388,5000,Odense C,16/05 - 2007,31/08 - 2015,1
35209115,Odense Kommune,"ENGHAVESKOLEN, SKOLEFRITIDSORDNING",Roesskovsvej 125,5200,Odense V,01/01 - 1993,06/12 - 2009,20-49
35209115,Odense Kommune,"3 - H&P, Bofællesskaberne Skovhuset",Hvedevangen 45,5210,Odense NV,01/01 - 1993,30/05 - 2012,1
35209115,Odense Kommune,SKT. KLEMENS SKOLES FRITIDSKLUB,Dahlsvej 1,5260,Odense S,01/01 - 1993,31/12 - 2012,0
35209115,Odense Kommune,"5 - Børn- og Familieafdelingen, Ungeafsnittet","Egeparken 2A, 7",5240,Odense NØ,15/02 - 2010,30/01 - 2014,0
35209115,Odense Kommune,5 - Virkelyst Fritidscenter,Ørbækvej 42,5220,Odense SØ,01/01 - 1993,31/12 - 2012,0
35209115,Odense Kommune,5 - Ragnarok,Vollsmose Allé 20,5240,Odense NØ,01/01 - 1993,31/12 - 2012,0
35209115,Odense Kommune,Børnehaven H C Andersen,Tjørnehaven 175,5240,Odense NØ,01/02 - 2001,31/07 - 2003,0
35209115,Odense Kommune,ATA,Dalumvej 23A,5250,Odense SV,01/01 - 1993,18/02 - 2013,0
35209115,Odense Kommune,Behandlingscentret Middelfart,Teglgårdsparken 17,5500,Middelfart,01/01 - 1999,12/01 - 2010,5-9
35209115,Odense Kommune,"3 - H&P, Aktivitetshuset Odense",Kochsgade 29,5000,Odense C,01/01 - 2008,30/12 - 2012,1
35209115,Odense Kommune,STIGE BØRNE- OG UNGEKLUB,Stigevej 247,5270,Odense N,01/01 - 1993,30/05 - 2012,5-9
35209115,Odense Kommune,"5 - Korsløkke Ungdomsskole, Planeten",Solfaldsvej 11,5000,Odense C,01/01 - 1993,31/12 - 2012,1
35209115,Odense Kommune,MAGASINET,Brandts Passage 26,5000,Odense C,01/01 - 1993,21/02 - 2013,2-4
35209115,Odense Kommune,Familiecentret,Anne Maries Allé 36A,5250,Odense SV,01/01 - 1993,30/12 - 2009,1
35209115,Odense Kommune,5 - Højstrupskolen,Rismarksvej 80,5200,Odense V,01/01 - 1993,30/12 - 2011,5-9
35209115,Odense Kommune,"4 - Socialcentret, Kirkens Korshær Herberg",Benediktsgade 23,5000,Odense C,24/01 - 2008,31/12 - 2015,0
35209115,Odense Kommune,H&P Støttecentret og værestedet Krathuset,Vollsmose Allé 12,5240,Odense NØ,01/01 - 2000,30/12 - 2012,5-9
35209115,Odense Kommune,GÅRDEN'S FRITIDSKLUB,Ørbækvej 339,5220,Odense SØ,01/01 - 1994,31/12 - 2012,0
35209115,Odense Kommune,OKÆ Aktivitet og Træning Aktivitetshuset Kroggården,Bogensevej 135,5270,Odense N,01/01 - 1993,30/06 - 2010,0
35209115,Odense Kommune,ODENSE KOMMUNE Park og Vej Service,Klokkestøbervej 3,5230,Odense M,01/01 - 2000,16/07 - 2007,10-19
35209115,Odense Kommune,"3 - ÆHF, Aktivitet og Træning",Hjulets Kvarter 119,5220,Odense SØ,01/01 - 2000,28/02 - 2013,1
35209115,Odense Kommune,"3 - OKÆ Hjemmepleje, Bellingegruppen",Sædekildegårdvej 4,5250,Odense SV,01/01 - 2000,28/02 - 2013,0
35209115,Odense Kommune,"4 - Socialcentret, CSV, Klub Nova",Rismarksvej 80,5200,Odense V,01/01 - 1998,31/12 - 2015,5-9
35209115,Odense Kommune,"1 - Odense Brandvæsen, Station Åsumvej",Åsumvej 35,5240,Odense NØ,01/01 - 1993,31/12 - 2015,0
35209115,Odense Kommune,"5 - Institutionsafdelingen, Støttepædagoger Rosengård og Øst samt Ekstra sprogstøtte",Østerbro 5,5000,Odense C,06/06 - 2011,30/11 - 2014,0
35209115,Odense Kommune,KLUB SVANEGÅRDEN,Teisensvej 42,5000,Odense C,01/01 - 1993,30/05 - 2012,0
35209115,Odense Kommune,"5 - BFA, Familiehuset Tarup",Rugårdsvej 46C,5000,Odense C,14/05 - 2007,28/02 - 2013,0
35209115,Odense Kommune,Ravnebjerghus,Ravnebjerggyden 78A,5491,Blommenslyst,01/08 - 1994,21/02 - 2013,0
35209115,Odense Kommune,Eliteidrætssekretariatet,Stadionvej 50,5200,Odense V,16/05 - 2007,13/12 - 2010,0
35209115,Odense Kommune,5 - Pædagogisk Medie Center,Klosterbakken 12,5000,Odense C,01/01 - 2000,30/07 - 2012,0
35209115,Odense Kommune,5 - Familie og Ungehuset Odense,Vandværksvej 11,5000,Odense C,27/03 - 2009,24/02 - 2013,0
35209115,Odense Kommune,5 - Pyramiden,Vollsmose Allé 30,5240,Odense NØ,01/01 - 1993,31/12 - 2012,0
35209115,Odense Kommune,ODENSE KOMMUNE PROJEKT SAMLEPUNKT,"Bøgeparken 240, st. th.",5240,Odense NØ,01/01 - 1993,29/06 - 2011,0
35209115,Odense Kommune,ROSENGÅRD UNGDOMSSKOLE,Blangstedgårds Allé 93,5220,Odense SØ,01/01 - 1993,30/09 - 2009,50-99
35209115,Odense Kommune,MUNKENJERG SKOLE FRITIDSUNDERVISNING,Fengersvej 6,5230,Odense M,01/01 - 1993,19/02 - 2013,1
35209115,Odense Kommune,Distriktskontor Tarup,Rugvang 40,5210,Odense NV,01/01 - 1993,30/06 - 2010,20-49
35209115,Odense Kommune,"3 - ÆHF, Støttecenter Mejerigrunden",Jomsborgvej 43,5000,Odense C,01/01 - 1993,19/02 - 2013,0
35209115,Odense Kommune,5 - Odense Juniorklub,Filosofgangen 19A,5000,Odense C,01/01 - 1993,31/12 - 2012,0
35209115,Odense Kommune,Ældre- og Handicap-forvaltningen,Klosterbakken 13-15,5000,Odense C,01/01 - 1993,30/12 - 2010,200-499
35209115,Odense Kommune,5 - Humlehaveskolen,Vollsmose Allé 20,5240,Odense NØ,01/01 - 1993,30/12 - 2011,10-19
35209115,Odense Kommune,NÆRMILJØINSTITUTIONEN KORSLØKKE AFD. STORKELØKKEN,Storkeløkken 281-291,5270,Odense N,01/01 - 1993,31/05 - 2011,0
35209115,Odense Kommune,"5 - BFA, Familiehuset Øst",Skibhusvej 49,5000,Odense C,14/05 - 2007,28/02 - 2013,0
35209115,Odense Kommune,Spedsbjergcentret,Kong Georgs Vej 27,5000,Odense C,01/01 - 1993,31/03 - 2013,1
35209115,Odense Kommune,2 - Teaterhuset,Filosofgangen 19,5000,Odense C,01/01 - 2000,31/05 - 2013,0
35209115,Odense Kommune,Næsby Bibliotek,Bogensevej 2,5270,Odense N,17/07 - 2007,30/03 - 2011,0
35209115,Odense Kommune,Visma Services Odense A/S,Børstenbindervej 6,5230,Odense M,16/01 - 2008,29/06 - 2012,0
35209115,Odense Kommune,"5 - BFA, Specialinstitutionen Egetræet",Egeparken 56,5240,Odense NØ,01/01 - 1993,29/06 - 2011,10-19
35209115,Odense Kommune,DISTRIKTSPSYKIATRISK CENTER,Billedskærervej 8,5230,Odense M,01/01 - 1994,31/08 - 2010,5-9
35209115,Odense Kommune,H&P Støttecentret Sdr. Boulevard,Sdr. Boulevard 150,5000,Odense C,01/01 - 1998,21/02 - 2013,5-9
35209115,Odense Kommune,"3 - H&P, Det Røde Hus",Hvedevangen 32,5210,Odense NV,01/01 - 1999,30/05 - 2012,0
35209115,Odense Kommune,5 - Sundhedstjenesten Dalum,Dalumvej 23A,5250,Odense SV,25/10 - 2012,01/01 - 2017,0
35209115,Odense Kommune,KLOSTERMARK-HALLEN,Athenevænget 6,5250,Odense SV,01/01 - 1994,21/02 - 2013,2-4
35209115,Odense Kommune,5 - Bellinge Børnehus,Rughøjvej 94,5250,Odense SV,01/01 - 2006,29/06 - 2011,0
35209115,Odense Kommune,"2 - Odense Kommune, By- og Kulturforvaltningen - Rengøring",Jernbanegade 15,5000,Odense C,25/06 - 2008,30/06 - 2015,0
35209115,Odense Kommune,Projekt Sanderumvej,Sanderumvej 113,5250,Odense SV,01/01 - 2000,30/12 - 2010,0
35209115,Odense Kommune,Nørrebjergskolens SFO,Nørrebjergvej 7,5220,Odense SØ,01/08 - 2001,30/05 - 2010,20-49
35209115,Odense Kommune,"5 - Institutioner Syd, Regndråben Børnehus",Bredagerløkken 86,5220,Odense SØ,01/01 - 1993,31/07 - 2015,2-4
35209115,Odense Kommune,ODENSE KOMMUNE Handicap- og Psykiatriafdelingen,Østre Stationsvej 27,5000,Odense C,01/01 - 2000,30/12 - 2011,0
35209115,Odense Kommune,2 - POSTEN,Østre Stationsvej 35,5000,Odense C,26/01 - 2009,31/07 - 2012,0
35209115,Odense Kommune,3 - H&P Marienlund,Drejøgade 1,5000,Odense C,01/01 - 2007,31/03 - 2013,0
35209115,Odense Kommune,FRIGATTEN FRITIDSKLUB,Friggasvej 14,5200,Odense V,01/01 - 1994,31/12 - 2012,5-9
35209115,Odense Kommune,5 - Hinderuplund Fritidscenter,Skovsbovænget 9,5230,Odense M,01/01 - 1994,31/12 - 2012,0
35209115,Odense Kommune,5 - Dagplejecenter Tarup,Solgårdsvej 2A,5210,Odense NV,22/12 - 2006,01/01 - 2015,0
35209115,Odense Kommune,"OKÆ Madservice, Centralkøkkenet",Østerdalen 2-4,5260,Odense S,01/01 - 2004,29/06 - 2008,5-9
35209115,Odense Kommune,"5 - Institutioner Vest, Dianagården Børnehus",Dianavænget 1,5250,Odense SV,01/01 - 2005,31/07 - 2015,2-4
35209115,Odense Kommune,"4 - Socialcentret, CSV, Klub Vestfyn",Odensevej 29,5610,Assens,09/05 - 2007,30/06 - 2014,0
35209115,Odense Kommune,"3 - Virksom Træning, Støttecentret Højby/Sdr. Port",Brobæklunden 30,5260,Odense S,01/01 - 1993,29/11 - 2013,0
35209115,Odense Kommune,KLUB SPURVELUND,Spurvelundsvej 16,5270,Odense N,01/01 - 1993,31/12 - 2012,0
35209115,Odense Kommune,"OKÆ Madservice, Centralkøkkenet",Sdr. Boulevard 23,5000,Odense C,01/01 - 2004,29/06 - 2008,50-99
35209115,Odense Kommune,5 - Tornbjerg Skole,Niels Bohrs Allé 210,5220,Odense SØ,19/06 - 2002,30/12 - 2011,20-49
35209115,Odense Kommune,Specialtandplejen,Strandvænget 1,5800,Nyborg,01/01 - 2007,31/03 - 2013,2-4
35209115,Odense Kommune,BORGMESTERFORVALTNINGEN - EVENT HOUSE,Albani Torv 6,5000,Odense C,29/05 - 2007,30/12 - 2010,20-49
35209115,Odense Kommune,Støttecentret Claus Bergsgade,Claus Bergs Gade 1,5000,Odense C,01/01 - 1993,30/06 - 2010,5-9
35209115,Odense Kommune,"5 - Fritidsafdelingen, Korsløkke Ungdomsskole",Danmarksgade 10,5000,Odense C,01/01 - 1993,01/08 - 2014,0
35209115,Odense Kommune,SØHUS FRITIDSKLUB VÆDDEREN,Bispeengen 5,5270,Odense N,01/01 - 1994,31/12 - 2012,2-4
35209115,Odense Kommune,KLUB HARLEKIN,Harlekinvej 74,5270,Odense N,01/01 - 1993,31/12 - 2012,0
35209115,Odense Kommune,"5 - Skoleafdeling, Sygehusundervisning",Middelfartvej 180,5200,Odense V,01/01 - 1994,31/08 - 2015,2-4
35209115,Odense Kommune,H.C. Andersen sekretariatet,Albani Torv 6,5000,Odense C,01/01 - 2001,30/12 - 2010,10-19
35209115,Odense Kommune,"5 - BFA, Dag- og Døgn Funktionen","Ørbækvej 75, 2",5220,Odense SØ,19/11 - 2010,15/01 - 2015,1
35209115,Odense Kommune,"3 - Virksom Træning, Patientrettet forebyggelse",Kongensgade 74-76,5000,Odense C,09/01 - 2013,01/11 - 2015,2-4
35209115,Odense Kommune,BLANGSTEDGÅRDKLUBBEN,Blangstedgårds Allé 93,5220,Odense SØ,01/01 - 1993,30/05 - 2012,0
35209115,Odense Kommune,"3 - OKÆ Hjemmepleje, Ridehushaven",Ridehusgade 23,5000,Odense C,01/01 - 2006,31/03 - 2013,0
35209115,Odense Kommune,Smedebakkens Fritidsklub,Smedebakken 24,5270,Odense N,01/01 - 1993,30/05 - 2012,0
35209115,Odense Kommune,FIKTIVT ARBEJDSSTED,UKENDT,,,01/01 - 1993,21/11 - 2001,1000-999999
35209115,Odense Kommune,City Design Odense,"Lille Gråbrødrestræde 1, 2. th..",5000,Odense C,02/10 - 2009,30/01 - 2011,5-9
35209115,Odense Kommune,5 - Familiehus Rosengård,Ørbækvej 70,5220,Odense SØ,25/05 - 2007,01/02 - 2015,0
35209115,Odense Kommune,"2 - Fritid og Biblioteker, Odense Kultur- og Idrætshus",Stadionvej 50,5200,Odense V,01/01 - 1994,31/12 - 2016,1
35209115,Odense Kommune,"OKÆ Hjemmepleje, Risinghaven",Risingsvej 23,5000,Odense C,01/01 - 2006,30/12 - 2011,0
35209115,Odense Kommune,3 - Virksom Træning,Ørbækvej 100,5220,Odense SØ,01/01 - 2006,01/11 - 2015,10-19
35209115,Odense Kommune,"3 - OKÆ Hjemmepleje, Bøgedalgruppen & Hjallesegruppen",Hjallesegade 45,5260,Odense S,01/01 - 2004,30/12 - 2011,20-49
35209115,Odense Kommune,"3 - H&P, Bo- og støttetilbudet Sprogøvej",Sprogøvej 2A,5000,Odense C,15/03 - 2007,29/06 - 2011,0
35209115,Odense Kommune,Odense Kommune,Claus Bergs Gade 3,5000,Odense C,01/01 - 2008,31/08 - 2010,50-99
35209115,Odense Kommune,HJALLESE FRITIDSKLUB,Solbærvej 5,5260,Odense S,01/01 - 1994,31/12 - 2012,0
35209115,Odense Kommune,2 - Odense Bys Museer,Overgade 48,5000,Odense C,01/01 - 1993,29/06 - 2011,0
35209115,Odense Kommune,Behandlingscentret Middelfart,Teglgårdsparken 27,5500,Middelfart,17/09 - 2001,30/12 - 2010,2-4
35209115,Odense Kommune,"5 - BFA, Drop In Værksted",Bækholmen 95,5240,Odense NØ,01/01 - 2001,30/12 - 2012,0
35209115,Odense Kommune,Distriktskontor Øst,"Egeparken 2A, 7. sal.",5240,Odense NØ,09/05 - 2007,30/06 - 2010,1
35209115,Odense Kommune,"OKÆ Hjemmepleje, Dalum-gruppen",Bøgedalvænget 2,5250,Odense SV,01/01 - 2000,30/12 - 2011,1
35209115,Odense Kommune,ÆHF Visitationskontoret,Toldbodgade 19,5000,Odense C,01/01 - 2001,30/12 - 2011,10-19
35209115,Odense Kommune,"5 - Institutionsafdelingen, Specialgruppen Skattekisten",Stadionvej 66B,5200,Odense V,03/05 - 2007,30/06 - 2014,0
35209115,Odense Kommune,Regionstandplejen Odense,Heden 7,5000,Odense C,02/05 - 2007,30/03 - 2009,0
35209115,Odense Kommune,Familieværkstedet Skildpadden,"Stadionvej 47, 2",5200,Odense V,01/01 - 2001,31/12 - 2003,5-9
35209115,Odense Kommune,5 - Børneinstitutionen Hunderup,Solfaldsvej 11,5000,Odense C,02/05 - 2007,31/03 - 2013,0
35209115,Odense Kommune,"3 - H&P, Bofællesskabet Kvisten",Rødegårdsvej 22,5000,Odense C,01/01 - 2003,24/02 - 2013,2-4
35209115,Odense Kommune,"3 - Virksom Træning, Støttecentret Thorsgården",Nyborgvej 26,5000,Odense C,19/03 - 2004,01/03 - 2014,0
35209115,Odense Kommune,5 - Victoriaklubben,Victoriagade 33,5000,Odense C,16/05 - 2007,31/12 - 2012,0
35209115,Odense Kommune,4 - Udførerdelen - Kochsgade 27,Vindegade 10,5000,Odense C,01/01 - 2007,30/06 - 2013,0
35209115,Odense Kommune,"3 - OKÆ Hjemmepleje, Filosoffen",Møllemarksvej 39,5200,Odense V,01/01 - 2007,31/03 - 2013,0
35209115,Odense Kommune,"3 - Virksom Træning, Fjordgruppen",Fridasholmvej 10,5240,Odense NØ,01/01 - 2007,01/11 - 2015,20-49
35209115,Odense Kommune,5 - Bolbro Børne- og Ungdomshus,Christmas Møllers Vej 21,5200,Odense V,01/01 - 2006,31/03 - 2013,0
35209115,Odense Kommune,"3 - Virksom Træning, Støttecentret Stammen",Stammen 115,5220,Odense SØ,01/01 - 2006,01/03 - 2014,0
35209115,Odense Kommune,"5 - Dagtilbud, Kragsbjerglund Børnehus",Vissenbjergvej 5,5230,Odense M,01/05 - 2007,31/03 - 2017,0
35209115,Odense Kommune,3 - Bo- og støttetilbud Tarup,Hvedevangen 30,5210,Odense NV,01/01 - 1994,21/02 - 2013,5-9
35209115,Odense Kommune,5 - Sct. Georgshjemmet Børnehus,Palnatokesvej 47,5000,Odense C,01/01 - 2006,30/05 - 2011,0
35209115,Odense Kommune,"OKÆ Plejeboliger, Solbakken",Mågebakken 80,5250,Odense SV,01/01 - 1993,27/09 - 2009,20-49
35209115,Odense Kommune,"4 - Uddannelse 2, Kollegiet Mosegårdsvej",Mosegårdsvej 192,5000,Odense C,01/01 - 2008,31/12 - 2016,2-4
35209115,Odense Kommune,5 - Ravnebjerg Børnehus,Ravnebjerggyden 78B,5491,Blommenslyst,26/04 - 2007,31/12 - 2015,0
35209115,Odense Kommune,"3 - ÆHF, Aktivitet og Træning",Georgsgade 61B,5000,Odense C,05/02 - 2009,31/03 - 2013,1
35209115,Odense Kommune,Kommunikation,Flakhaven 2,5000,Odense C,24/04 - 2008,29/06 - 2012,0
35209115,Odense Kommune,5 - Dagplejecenter Dalum,Dalumvej 95,5250,Odense SV,15/09 - 2009,31/10 - 2013,5-9
35209115,Odense Kommune,"5 - Dagtilbud, Pladsanvisningen og Forældrebetaling",Slotsgade 5,5000,Odense C,01/03 - 2013,31/03 - 2017,0
35209115,Odense Kommune,Ældre- og Handicapforvaltningen,Ørbækvej 100,5220,Odense SØ,01/01 - 2006,31/12 - 2016,0
35209115,Odense Kommune,"OKÆ Hjemmepleje, Rosengruppen","Tagtækkervej 8, 1",5230,Odense M,01/01 - 2006,31/12 - 2007,50-99
35209115,Odense Kommune,3 - Højstrupgruppen,"Højstrupvej 51, 1",5200,Odense V,01/01 - 2000,31/12 - 2016,0
35209115,Odense Kommune,"5 - SOF, Sundhedsplejen Syd",Ørbækvej 75,5220,Odense SØ,25/10 - 2012,01/01 - 2017,0
35209115,Odense Kommune,"4 - Borgerservicecenter, Sygedagpengeudbetaling og arbejdsgiverrefusion","Egeparken 2A, 9",5240,Odense NØ,01/12 - 2014,30/06 - 2016,0
35209115,Odense Kommune,"OKÆ Plejeboliger, Tarup Skovgård",Hvedevangen 1,5210,Odense NV,01/01 - 1994,14/02 - 2011,20-49
35209115,Odense Kommune,"3 - Virksom Støtte, Munkehatten vikar",Munkehatten 10,5220,Odense SØ,09/01 - 2013,01/11 - 2015,20-49
35209115,Odense Kommune,RYTMEPOSTENS UNGDOMSKLUB,Østre Stationsvej 27A,5000,Odense C,01/01 - 1993,30/05 - 2012,2-4
35209115,Odense Kommune,"3 - H&P Vista Balboa, Opgangsfællesskabet",Klaregade 38,5000,Odense C,01/01 - 1993,30/05 - 2012,0
35209115,Odense Kommune,"5 - BFA, Familie og Ungehuset Odense 4 til 18 år",Vandværksvej 11,5000,Odense C,14/05 - 2007,29/06 - 2011,0
35209115,Odense Kommune,"2 - Fritid og Biblioteker, Bellinge Idrætscenter",Sædekildegårdvej 4,5250,Odense SV,01/01 - 1993,01/04 - 2016,0
35209115,Odense Kommune,HØJME FRITIDSKLUB,Højmevænget 3,5250,Odense SV,01/01 - 1994,31/12 - 2012,5-9
35209115,Odense Kommune,DISTRIKTSPSYKIATRISK CENTER,Skulkenborg 2,5000,Odense C,01/01 - 1994,31/08 - 2010,5-9
35209115,Odense Kommune,ODENSE KOMMUNE Job og Projektafsnittet,Tolderlundsvej 3,5000,Odense C,01/01 - 2003,21/01 - 2008,100-199
35209115,Odense Kommune,"3 - Virksom Dialog, Arbejdsrehabiliteringsklubben (ARKen)",Rismarksvej 80,5200,Odense V,08/01 - 2013,01/11 - 2015,5-9
35209115,Odense Kommune,3 - Stoppestedet (selvejende),Jernbanegade 24B,5000,Odense C,01/01 - 1994,01/11 - 2015,2-4
35209115,Odense Kommune,"3 - Virksom Træning, Sygepleje Vest 1 - Tarup",Thulevej 19,5210,Odense NV,01/01 - 2007,01/11 - 2015,20-49
35209115,Odense Kommune,SCT. HANSERNE,Skibhusvej 188,5000,Odense C,01/01 - 1993,31/12 - 2012,0
35209115,Odense Kommune,5 - Hinderuplund Børnehus,Skovsbovænget 7,5230,Odense M,01/01 - 1993,20/02 - 2013,0
35209115,Odense Kommune,"5 - Børn- og Familieafdelingen, Dalum Tandklinik",Demantsvej 30,5260,Odense S,27/03 - 2007,31/03 - 2016,5-9
35209115,Odense Kommune,3 - Hjælpemiddelspecialister,"Tagtækkervej 8, 1",5230,Odense M,08/01 - 2013,01/04 - 2016,2-4
35209115,Odense Kommune,"2 - Natur Miljø og Trafik, Kirkegårdskontoret",Falen 40,5000,Odense C,01/01 - 2007,01/08 - 2015,5-9
35209115,Odense Kommune,2 - Natur Miljø og Trafik,Nørregade 36,5000,Odense C,29/01 - 2010,01/08 - 2015,100-199
35209115,Odense Kommune,5 - Ågården,Svendsgade 21,5000,Odense C,01/01 - 1993,30/01 - 2012,10-19
35209115,Odense Kommune,"5 - Børn- og Familieafdelingen, Præventionsklinikken","Jernbanegade 16, 1",5000,Odense C,29/05 - 2007,31/01 - 2015,2-4
35209115,Odense Kommune,Korup Bibliotek,Præstevej 12,5210,Odense NV,01/01 - 2015,31/12 - 2015,1
35209115,Odense Kommune,"3 - ÆHF Madservice, Caféområderne",Mågebakken 80,5250,Odense SV,01/01 - 2007,30/05 - 2012,0
35209115,Odense Kommune,"5 - Institutioner Nord, Tommeliden Børnehus",Danmarksgade 10,5000,Odense C,01/01 - 1993,31/07 - 2015,5-9
35209115,Odense Kommune,"3 - Virksom Støtte, Munkehatten Adm./Aktivitets- og Samværscenter",Bjergegade 15,5000,Odense C,01/01 - 1993,01/11 - 2015,20-49
35209115,Odense Kommune,"4 - Socialcentret, Behandlingsområdet, Odense Afd. Hjørnely",Grønlandsgade 7,5000,Odense C,01/03 - 2002,31/12 - 2015,0
35209115,Odense Kommune,"3 - Virksom Støtte, Provstegårdshjemmet",Elmelundsvej 6-8,5200,Odense V,11/10 - 2011,01/11 - 2015,0
35209115,Odense Kommune,2 - Plan og Byg,Nørregade 36-38,5000,Odense C,01/01 - 2005,01/08 - 2015,50-99
35209115,Odense Kommune,Rusmiddelcenter - Nyborg Statsfængsel,Vindingevej 36,5800,Nyborg,01/01 - 2004,24/02 - 2013,0
35209115,Odense Kommune,SOLSIKKEN DAGCENTER,Sdr. Boulevard 23,5000,Odense C,01/01 - 1996,21/02 - 2013,1
35209115,Odense Kommune,ODENSE KOMMUNE Distrikt Dyrup,Mågebakken 6,5250,Odense SV,01/01 - 2000,31/12 - 2001,5-9
35209115,Odense Kommune,"3 - Træning Vest, Pakhus",Fjordsgade 91,5000,Odense C,01/01 - 2002,30/12 - 2013,5-9
35209115,Odense Kommune,Å-SKOLEN (Kragsbjergskolen),Munkebjergvænget 19,5230,Odense M,01/01 - 1996,10/10 - 2011,1
35209115,Odense Kommune,BORGMESTERFORVALTNINGEN - VOLLSMOSESEKR.,Vollsmose Allé 10,5240,Odense NØ,01/01 - 2000,30/12 - 2010,5-9
35209115,Odense Kommune,5 - Tarup Børnehus,Tarupgårdsvej 11,5210,Odense NV,01/01 - 1993,29/06 - 2011,10-19
35209115,Odense Kommune,PÅRUP FRITIDSKLUB,Paarupvej 17,5210,Odense NV,01/01 - 1993,31/12 - 2012,2-4
35209115,Odense Kommune,H&P Støttecentret Nørre-Vind,Nørregade 51,5000,Odense C,01/01 - 2008,31/03 - 2013,0
35209115,Odense Kommune,Familiehus Dalum,Dalumvej 97,5250,Odense SV,09/05 - 2007,28/02 - 2013,0
35209115,Odense Kommune,3 - H&P Info-Huset,"Bjergegade 15, st",5000,Odense C,15/03 - 2007,31/03 - 2013,0
35209115,Odense Kommune,5 - Børneinstitutionen Pårup,"Solgårdsvej 2A, 1",5210,Odense NV,02/05 - 2007,31/03 - 2013,0
35209115,Odense Kommune,"5 - Institutionsafdelingen, Lærkeparken Vug. Børnehus",Lærkeparken 70,5240,Odense NØ,01/06 - 2003,01/06 - 2014,10-19
35209115,Odense Kommune,VÆRKSTEDS-OG KULTURHUSET BADSTUEN,Østre Stationsvej 26,5000,Odense C,01/01 - 1993,30/12 - 2011,1
35209115,Odense Kommune,Odense Kommune Aktiverings- og Kontanthjælpssekto,Toldbodgade 19,5000,Odense C,29/11 - 2001,31/03 - 2013,0
35209115,Odense Kommune,DISTRIKTSPSYKIATRISK CENTER,Rugårdsvej 46,5000,Odense C,01/01 - 1994,31/08 - 2010,5-9
35209115,Odense Kommune,ODENSE KOMMUNE Traumatiske Flygtninge Aktivitetscenter,Østerbro 16,5000,Odense C,01/01 - 2000,31/12 - 2002,5-9
35209115,Odense Kommune,Børneinstitutionen Skt. Klemens,Dahlsvej 1,5260,Odense S,02/05 - 2007,14/06 - 2010,0
35209115,Odense Kommune,Rusmiddelcenter Odense - Nyborg,Vestergade 11-13,5800,Nyborg,01/01 - 1996,21/02 - 2013,5-9
35209115,Odense Kommune,5 - Dagplejecenter Rosengård,Ørbækvej 75,5220,Odense SØ,15/05 - 2011,30/11 - 2014,0
35209115,Odense Kommune,Odense Kommunale Ældrepleje,Korsløkkehaven 2,5220,Odense SØ,01/01 - 2006,30/06 - 2010,0
35209115,Odense Kommune,ODENSE KOMMUNE Distrikt Rosengård,Pæregrenen 109,5220,Odense SØ,01/01 - 2000,31/12 - 2007,20-49
35209115,Odense Kommune,"5 - Institutioner Syd, Hestehaven Børnehus",Hestehaven 104A,5260,Odense S,01/01 - 1998,31/03 - 2016,1
35209115,Odense Kommune,ÅLYKKESKOLENS FRITIDSVIRKSOMHED,Kong Georgs Vej 31,5000,Odense C,01/01 - 1993,30/12 - 2012,0
35209115,Odense Kommune,KRAGSBJERG FRITIDSKLUB,Rødegårdsvej 164,5230,Odense M,01/01 - 1994,31/12 - 2012,0
35209115,Odense Kommune,Sanderum Knallertklub,Ellegårdvej 50,5200,Odense V,01/01 - 2001,31/12 - 2012,0
35209115,Odense Kommune,5 - Ejbyskolene,Ejby Kirkevej 15,5220,Odense SØ,01/01 - 1993,30/12 - 2011,5-9
35209115,Odense Kommune,DALUMSKOLENS FRITIDSKLUB,Demantsvej 30,5260,Odense S,01/01 - 1993,31/12 - 2012,2-4
35209115,Odense Kommune,NÆSBY SKOLES FRITIDSKLUB,Skolevej 9-11,5270,Odense N,01/01 - 1993,31/12 - 2012,0
35209115,Odense Kommune,OKÆ - Aktivitetshuset Vibehaven,Vibeægvænget 31,5250,Odense SV,12/08 - 2008,31/03 - 2013,0
35209115,Odense Kommune,FJORDAGER FRITIDSCENTER,Bullerupvej 67,5240,Odense NØ,01/01 - 1993,30/05 - 2012,5-9
35209115,Odense Kommune,"5 - BFA Platanhaven, Larverne",Læssøegade 45,5230,Odense M,01/01 - 1993,31/05 - 2012,0
35209115,Odense Kommune,"OKÆ Hjemmepleje, Hollufgårdgruppen",Svovlhatten 2B,5220,Odense SØ,01/01 - 2007,30/12 - 2011,20-49
35209115,Odense Kommune,"3 - Virksom Træning, Borger i eget hjem",Vandværksvej 40,5000,Odense C,09/01 - 2013,01/11 - 2015,5-9
35209115,Odense Kommune,Odense Kommunale Motorklub,Windelsvej 145,5000,Odense C,01/01 - 2001,24/02 - 2013,0
35209115,Odense Kommune,Fritidsklubben Banen,Smedebakken 24,5270,Odense N,01/01 - 2001,30/07 - 2012,0
35209115,Odense Kommune,Agedrup Ungdamsklub Vadestedet,Brolandvej 16,5320,Agedrup,01/01 - 2001,30/05 - 2012,0
35209115,Odense Kommune,3 - H&P Botilbudet Fangel,Fangelvej 65-69,5260,Odense S,01/07 - 2003,28/02 - 2013,0
35209115,Odense Kommune,4 - SAF - Ydelsescentret,"Egeparken 2A, 10",5240,Odense NØ,02/12 - 2008,31/03 - 2013,0
35209115,Odense Kommune,SANDERUM FRITIDSKLUB,Væddeløbsvej 4,5250,Odense SV,01/01 - 1993,31/12 - 2012,2-4
35209115,Odense Kommune,"5 - Institutioner Vest, Hobbitten Børnehus",Sædekildegårdvej 8,5250,Odense SV,01/01 - 1993,31/07 - 2015,0
35209115,Odense Kommune,"5 - Plantanhaven, Fregatten",Bjørnemosevej 213,5260,Odense S,01/01 - 2002,24/02 - 2013,0
35209115,Odense Kommune,"5 - BFA, Specialinstitutionen Egetræet",Egeparken 56,5240,Odense NØ,14/05 - 2007,31/05 - 2013,0
35209115,Odense Kommune,Børneinstitutionen Seden / agedrup,Bullerupvej 30,5240,Odense NØ,02/05 - 2007,14/06 - 2010,20-49
35209115,Odense Kommune,Visma,Børstenbindervej 6,5230,Odense M,08/08 - 2007,29/06 - 2012,0
35209115,Odense Kommune,Rusmiddelcenter - Odense - Nordfyn,Industrivej 2,5471,Søndersø,24/01 - 2008,31/03 - 2013,1
35209115,Odense Kommune,Ejbyklubben,Ejby Kirkevej 15,5220,Odense SØ,16/05 - 2007,31/03 - 2013,0
35209115,Odense Kommune,"2 - Fritid og biblioteker, Østre Kulturcenter",Danmarksgade 10,5000,Odense C,01/01 - 1993,01/04 - 2016,0
35209115,Odense Kommune,FYRREPARKEN BØRNEHUS,Fyrreparken 88,5240,Odense NØ,01/01 - 1993,14/11 - 2010,10-19
35209115,Odense Kommune,3 - Dyruphus (Selvejende),Faaborgvej 355-361,5250,Odense SV,08/01 - 2013,01/11 - 2015,1
35209115,Odense Kommune,1 - Mediehuset Vollsmose,Vollsmose Allé 14,5240,Odense NØ,03/11 - 2008,31/03 - 2013,0
35209115,Odense Kommune,"3 - OKÆ Plejeboliger, Solgården",Solgårdsvej 2,5210,Odense NV,01/01 - 2007,30/10 - 2011,2-4
35209115,Odense Kommune,"1 - Øvrige, Udvikling Odense/Welfare Tech",Forskerparken 10,5230,Odense M,30/08 - 2007,31/12 - 2014,10-19
35209115,Odense Kommune,Distriktskontor Rosengård - Rosengårdscentret 201,Ørbækvej 75,5220,Odense SØ,01/01 - 1994,30/06 - 2010,50-99
35209115,Odense Kommune,"5 - Institutioner Nord, Egeparken Børnehus + Bus",Egeparken 58,5240,Odense NØ,01/01 - 1993,31/07 - 2015,0
35209115,Odense Kommune,TINGKÆR FRITIDSKLUB,Ørbækvej 701,5220,Odense SØ,01/01 - 1993,30/05 - 2012,1
35209115,Odense Kommune,5 - Sundhed og Handicap,Ørbækvej 268,5220,Odense SØ,06/01 - 2011,31/03 - 2013,0
35209115,Odense Kommune,"3 - H&P Minibo, Engsvinget",Engsvinget 37C,5250,Odense SV,01/01 - 1993,29/06 - 2011,10-19
35209115,Odense Kommune,NÆRMILJØINSTITUTIONEN KORSLØKKE,Bøgeparken 224-234,5240,Odense NØ,01/01 - 1993,30/12 - 2011,2-4
35209115,Odense Kommune,"3 - Virksom Støtte, Bofællesskabet Åhuset",Palnatokesvej 30,5000,Odense C,01/01 - 1993,02/08 - 2015,5-9
35209115,Odense Kommune,3 - Kollegiet Bakketoppen,Bakketoppen 37,5250,Odense SV,01/01 - 1993,31/12 - 2016,0
35209115,Odense Kommune,"5 - Dagtilbud, Børneinstitutioner Jernbanegade 3, 4. sal","Jernbanegade 3, 4",5000,Odense C,02/05 - 2007,31/03 - 2017,0
35209115,Odense Kommune,"5 - Institutioner Syd, Carl Børnehus",Carl Blochs Vej 24,5230,Odense M,01/01 - 1993,01/04 - 2016,0
35209115,Odense Kommune,"5 - Institutioner Vest, Toppen Børnehus",Vestre Stationsvej 4,5000,Odense C,01/01 - 1993,30/06 - 2016,0
35209115,Odense Kommune,2 - Carl Nielsen Museet,Claus Bergs Gade 11,5000,Odense C,23/05 - 2007,01/02 - 2018,0
35209115,Odense Kommune,3 - Kollegiet Rømersvej,Rømersvej 1a,5200,Odense V,13/02 - 2009,01/01 - 2017,0
35209115,Odense Kommune,"5 - BFA, Børn- og Familiehuset Odense 0 til 14 år/Alternativ til anbringelse",Ørbækvej 75,5220,Odense SØ,01/01 - 2008,28/02 - 2013,0
35209115,Odense Kommune,"2 - Fritid og Biblioteker, Bolbro Bibliotek",Middelfartvej 129,5200,Odense V,01/01 - 2002,31/12 - 2016,0
35209115,Odense Kommune,"3 - Virksom Træning, Støttecentret Solfaldsvej/Sdr. Boulevard","Solfaldsvej 5, 3",5000,Odense C,15/03 - 2007,01/03 - 2014,0
35209115,Odense Kommune,Børneinstitution Dalum,Demantsvej 30,5260,Odense S,26/04 - 2007,30/12 - 2010,0
35209115,Odense Kommune,4 - Kontanthjælp og Ledighedsydelser,Skulkenborg 1,5000,Odense C,01/12 - 2014,31/12 - 2016,0
35209115,Odense Kommune,"4 - Staben, projekter tidl. Socialcenter","Tolderlundsvej 3B, 1",5000,Odense C,01/01 - 2000,01/04 - 2016,0
35209115,Odense Kommune,Odense Kommunes Uddannelsescenter,Schacksgade 39,5000,Odense C,29/05 - 2007,30/12 - 2010,0
35209115,Odense Kommune,"3 - Sundhed, Sanderum Døgnrehabilitering",Mågebakken 80,5250,Odense SV,09/11 - 2010,31/03 - 2013,0
35209115,Odense Kommune,"5 - Skole, Ungvest, Fjordens Dag",Havnegade 10,5000,Odense C,01/10 - 2015,31/12 - 2017,0
35209115,Odense Kommune,3 - Kalørgruppen,Kalørvej 122,5200,Odense V,01/01 - 2007,31/05 - 2017,0
35209115,Odense Kommune,"4 - Job, Job og Karriere 5",Vindegade 18,5000,Odense C,02/04 - 2009,31/07 - 2017,0
35209115,Odense Kommune,3 - Vollsmosegruppen 2,Vollsmose Allé 40,5240,Odense NØ,01/01 - 2007,01/01 - 2017,0
35209115,Odense Kommune,3 - Bostøtte Team Vollsmose,Vollsmose Allé 14,5240,Odense NØ,01/01 - 1994,31/05 - 2017,0
35209115,Odense Kommune,"3 - Træning Øst, Lykkesholm",Lykkesholmvænget 8,5230,Odense M,14/02 - 2014,01/04 - 2016,0
35209115,Odense Kommune,"3 - Virksom Træning, Støttecentret Kirkendrup",Ærtebjerghaven 34,5270,Odense N,01/01 - 1997,01/04 - 2016,0
35209115,Odense Kommune,3 - Plejecenter Havebæk 2,Kragsbjergvej 89,5230,Odense M,01/01 - 2015,01/01 - 2017,50-99
35209115,Odense Kommune,"3 - Cafe Tolderlundsvej, Ældre- og handicapforvaltningen","Tolderlundsvej 2, 1",5000,Odense C,02/12 - 2008,01/12 - 2017,5-9
35209115,Odense Kommune,"5 - Skole, Ung Nord",Vollsmose Allé 20,5240,Odense NØ,01/01 - 1993,01/01 - 2018,2-4
35209115,Odense Kommune,3 - Bostøtte Team Nyborgvej,"Nyborgvej 26, st",5000,Odense C,01/01 - 2006,28/02 - 2018,0
35209115,Odense Kommune,"2 - Fritid og Biblioteker, Eliteidræt Odense",Højstrupvej 5,5200,Odense V,09/11 - 2010,31/12 - 2016,0
35209115,Odense Kommune,"5 - Dagtilbud, Virkensbjerget Børnehus",Virkensbjerget 4,5250,Odense SV,01/01 - 1993,30/09 - 2017,0
35209115,Odense Kommune,"3 - Bostøtteordning Vest, Nørregaade",Nørregade 51,5000,Odense C,01/01 - 1993,31/05 - 2017,0
35209115,Odense Kommune,3 - Møllemarksgruppen,Møllemarksvej 41,5200,Odense V,01/11 - 2015,01/01 - 2017,0
35209115,Odense Kommune,"2 - Fritid og Kultur, Odense Bys Museer",Overgade 48,5000,Odense C,01/01 - 1993,01/01 - 2018,0
35209115,Odense Kommune,"4 - Ydelse, Tilskud, Tilskud til pensionister, Refusion og Sygedagpenge","Vindegade 18, 1",5000,Odense C,01/06 - 2018,02/06 - 2018,0
35209115,Odense Kommune,"1 - Borgmesterforvaltningen, Invest in Odense, UAS Denmark",Lufthavnvej 151,5270,Odense N,01/07 - 2016,31/12 - 2017,2-4
35209115,Odense Kommune,3 - Pomosagruppen,Pomosavej 17-19,5270,Odense N,01/01 - 2007,01/01 - 2017,0
35209115,Odense Kommune,"5 - Familie og Velfærd, Løkkehus ULF - Uledsagede flytninge",Bramstrupvej 15,5230,Odense M,01/01 - 2016,01/10 - 2017,5-9
35209115,Odense Kommune,"5 - Skole, Ung Syd",Danmarksgade 10D,5000,Odense C,01/01 - 1993,01/01 - 2018,0
35209115,Odense Kommune,3 - Værkstedet Kildemosevej,Kildemosevej 8,5000,Odense C,01/01 - 2018,31/01 - 2018,10-19
35209115,Odense Kommune,2 - H. C. Andersens Hus,Bangs Boder 29,5000,Odense C,23/05 - 2007,01/02 - 2018,0
35209115,Odense Kommune,"4 - Uddannelse 2, Kollegiet Nyborgvej",Nyborgvej 6,5000,Odense C,16/01 - 2012,31/07 - 2019,0
35209115,Odense Kommune,"4 - Ydelse, Tilskud, Tilskud til pensionister, Refusion og Sygedagpenge","Vindegade 18, 1",5000,Odense C,01/06 - 2018,02/06 - 2018,0
35209115,Odense Kommune,"4 - Ydelse, Tilskud, Tilskud til pensionister, Refusion og Sygedagpenge","Vindegade 18, 1",5000,Odense C,01/06 - 2018,02/06 - 2018,0
35209115,Odense Kommune,"4 - Ydelse, Tilskud, Tilskud til pensionister, Refusion og Sygedagpenge","Vindegade 18, 1",5000,Odense C,01/06 - 2018,02/06 - 2018,0
35209115,Odense Kommune,3 - Hjallese Centrum,Østerbæksvej 83,5230,Odense M,01/01 - 2007,31/08 - 2019,20-49
35209115,Odense Kommune,"5 - Dagtilbud, Elisehaven Børnehus",Ranunkelvænget 84,5250,Odense SV,01/01 - 2006,31/05 - 2018,0
35209115,Odense Kommune,"4 - BSF, Kochsgade 23",Kochsgade 23,5000,Odense C,01/07 - 2017,30/04 - 2019,20-49
35209115,Odense Kommune,"4 - BSF, Svendsgade 21",Svendsgade 21,5000,Odense C,01/10 - 2016,01/04 - 2019,20-49
35209115,Odense Kommune,"5 - SOF, Rising Tandklinik","Risingsvej 25, 2",5000,Odense C,27/03 - 2007,31/05 - 2019,0
35209115,Odense Kommune,"4 - Uddannelse 2, Mentor for unge","Tolderlundsvej 3A, 1",5000,Odense C,01/01 - 1998,31/05 - 2018,0
35209115,Odense Kommune,3 - Myndighed fysisk funktionsnedsættelse,Lavsenvænget 10,5200,Odense V,01/01 - 2017,30/09 - 2018,0
35209115,Odense Kommune,"5 - Skole, UngOdense, Alléskolen",Niels Bohrs Allé 210,5220,Odense SØ,01/01 - 1993,01/01 - 2018,200-499
35209115,Odense Kommune,3 - Engholmen,Ternevej 41,5210,Odense NV,01/07 - 2017,30/09 - 2018,0
35209115,Odense Kommune,"4 - Ydelse, Tilskud, Tilskud til pensionister, Refusion og Sygedagpenge","Vindegade 18, 1",5000,Odense C,01/06 - 2018,02/06 - 2018,0
35209115,Odense Kommune,"4 - Ydelse, Tilskud, Tilskud til pensionister, Refusion og Sygedagpenge","Vindegade 18, 1",5000,Odense C,01/06 - 2018,02/06 - 2018,0
35209115,Odense Kommune,"4 - Ydelse, Tilskud, Tilskud til pensionister, Refusion og Sygedagpenge","Vindegade 18, 1",5000,Odense C,01/06 - 2018,02/06 - 2018,0
35209115,Odense Kommune,"3 - Odense Værkstederne, Kulturhuset",Rytterkasernen 19,5000,Odense C,01/01 - 1994,30/11 - 2018,10-19
35209115,Odense Kommune,"4 - Ydelse, Tilskud, Tilskud til pensionister, Refusion og Sygedagpenge","Vindegade 18, 1",5000,Odense C,01/06 - 2018,02/06 - 2018,0
35209115,Odense Kommune,"4 - Ydelse, Tilskud, Tilskud til pensionister, Refusion og Sygedagpenge","Vindegade 18, 1",5000,Odense C,01/06 - 2018,02/06 - 2018,0
35209115,Odense Kommune,"4 - Ydelse, Tilskud, Tilskud til pensionister, Refusion og Sygedagpenge","Vindegade 18, 1",5000,Odense C,01/06 - 2018,02/06 - 2018,0
35209115,Odense Kommune,"4 - Ydelse, Tilskud, Tilskud til pensionister, Refusion og Sygedagpenge","Vindegade 18, 1",5000,Odense C,01/06 - 2018,02/06 - 2018,0
35209115,Odense Kommune,"4 - Ydelse, Tilskud, Tilskud til pensionister, Refusion og Sygedagpenge","Vindegade 18, 1",5000,Odense C,01/06 - 2018,02/06 - 2018,0
35209115,Odense Kommune,"4 - Ydelse, Tilskud, Tilskud til pensionister, Refusion og Sygedagpenge","Vindegade 18, 1",5000,Odense C,01/06 - 2018,02/06 - 2018,0
35209115,Odense Kommune,2 - H.C. Andersens Barndomshjem,Munkemøllestræde 3-5,5000,Odense C,23/05 - 2007,01/02 - 2018,0
35209115,Odense Kommune,"4 - BSF, Tolderlundsvej 3",Tolderlundsvej 3,5000,Odense C,01/03 - 2016,31/03 - 2019,0
35209115,Odense Kommune,"2 - Fritid og Kultur, Team Musik",Østre Stationsvej 33,5000,Odense C,01/01 - 2002,01/03 - 2018,0
35209115,Odense Kommune,2 - Den Fynske Landsby,Sejerskovvej 20,5260,Odense S,23/05 - 2007,01/01 - 2018,0
35209115,Odense Kommune,"3 - Cafe Egeparken, Ældre- og handicapforvaltningen","Egeparken 2A, 9",5240,Odense NØ,09/03 - 2007,31/10 - 2017,5-9
35209115,Odense Kommune,"4 - Jobrehabilitering, Værestedet Lyset","Claus Bergs Gade 1, 1",5000,Odense C,28/10 - 2011,31/05 - 2020,2-4
35209115,Odense Kommune,"5 - Skole, Ung Syd, Fraugde Fritids- og Ungdomsklub",Stat-Ene-Vej 18,5220,Odense SØ,01/01 - 1993,31/10 - 2020,1
35209115,Odense Kommune,"5 - Dagtilbud, Børneinstitutioner Egeparken",Egeparken 2A,5240,Odense NØ,02/05 - 2007,25/10 - 2018,0
35209115,Odense Kommune,"4 - Ydelse, Tilskud, Tilskud til pensionister, Refusion og Sygedagpenge","Vindegade 18, 1",5000,Odense C,01/06 - 2018,02/06 - 2018,0
35209115,Odense Kommune,"5 - Dagtilbud, Børneinstitutioner Egeparken 2A","Egeparken 2A, 6",5240,Odense NØ,01/01 - 2006,10/07 - 2019,5-9
35209115,Odense Kommune,"4 - Ydelse, Tilskud, Tilskud til pensionister, Refusion og Sygedagpenge","Vindegade 18, 1",5000,Odense C,01/06 - 2018,02/06 - 2018,0
35209115,Odense Kommune,"4 - Ydelse, Tilskud, Tilskud til pensionister, Refusion og Sygedagpenge","Vindegade 18, 1",5000,Odense C,01/06 - 2018,02/06 - 2018,0
35209115,Odense Kommune,"4 - Ydelse, Tilskud, Tilskud til pensionister, Refusion og Sygedagpenge","Vindegade 18, 1",5000,Odense C,01/06 - 2018,02/06 - 2018,0
35209115,Odense Kommune,"4 - Ydelse, Tilskud, Tilskud til pensionister, Refusion og Sygedagpenge","Vindegade 18, 1",5000,Odense C,01/06 - 2018,02/06 - 2018,0
35209115,Odense Kommune,"4 - Ydelse, Tilskud, Tilskud til pensionister, Refusion og Sygedagpenge","Vindegade 18, 1",5000,Odense C,01/06 - 2018,02/06 - 2018,0
35209115,Odense Kommune,"4 - Uddannelse 1, Byg",Sanderumvej 113,5250,Odense SV,23/08 - 2005,31/05 - 2018,0
35209115,Odense Kommune,3 - Hunderupgruppen,Oluf Bagers Gade 28C,5000,Odense C,01/01 - 2000,01/07 - 2019,20-49
35209115,Odense Kommune,2 - Kultursekretariatet,Nørregade 36,5000,Odense C,01/08 - 2015,30/06 - 2018,0
35209115,Odense Kommune,"4 - Ydelse, Tilskud, Tilskud til pensionister, Refusion og Sygedagpenge","Vindegade 18, 1",5000,Odense C,01/06 - 2018,02/06 - 2018,0
35209115,Odense Kommune,"4 - Ydelse, Tilskud, Tilskud til pensionister, Refusion og Sygedagpenge","Vindegade 18, 1",5000,Odense C,01/06 - 2018,02/06 - 2018,0
35209115,Odense Kommune,"4 - Ydelse, Tilskud, Tilskud til pensionister, Refusion og Sygedagpenge","Vindegade 18, 1",5000,Odense C,01/06 - 2018,02/06 - 2018,0
35209115,Odense Kommune,"4 - Ydelse, Tilskud, Tilskud til pensionister, Refusion og Sygedagpenge","Vindegade 18, 1",5000,Odense C,01/06 - 2018,02/06 - 2018,0
35209115,Odense Kommune,2 - Børnekulturhuset Fyrtøjet,Hans Jensens Stræde 21,5000,Odense C,17/12 - 2012,01/02 - 2018,0
35209115,Odense Kommune,"4 - Ydelse, Tilskud, Tilskud til pensionister, Refusion og Sygedagpenge","Vindegade 18, 1",5000,Odense C,01/06 - 2018,02/06 - 2018,0
35209115,Odense Kommune,3 - Plejecenter Øst 2,"Vollsmose Allé 40A, st",5240,Odense NØ,01/01 - 2015,31/12 - 2018,50-99
35209115,Odense Kommune,"4 - Ydelse, Tilskud, Tilskud til pensionister, Refusion og Sygedagpenge","Vindegade 18, 1",5000,Odense C,01/06 - 2018,02/06 - 2018,0
35209115,Odense Kommune,"4 - Ydelse, Tilskud, Tilskud til pensionister, Refusion og Sygedagpenge","Vindegade 18, 1",5000,Odense C,01/06 - 2018,02/06 - 2018,0
35209115,Odense Kommune,3 - Munkebjerggruppen,"Kragsbjergvej 89, 1",5230,Odense M,09/12 - 2009,14/08 - 2019,50-99
35209115,Odense Kommune,"4 - Ydelse, Tilskud, Tilskud til pensionister, Refusion og Sygedagpenge","Vindegade 18, 1",5000,Odense C,01/06 - 2018,02/06 - 2018,0
35209115,Odense Kommune,"4 - Ydelse, Tilskud, Tilskud til pensionister, Refusion og Sygedagpenge","Vindegade 18, 1",5000,Odense C,01/06 - 2018,02/06 - 2018,0
35209115,Odense Kommune,"4 - Ydelse, Tilskud, Tilskud til pensionister, Refusion og Sygedagpenge","Vindegade 18, 1",5000,Odense C,01/06 - 2018,02/06 - 2018,0
35209115,Odense Kommune,"4 - Ydelse, Tilskud, Tilskud til pensionister, Refusion og Sygedagpenge","Vindegade 18, 1",5000,Odense C,01/06 - 2018,02/06 - 2018,0
35209115,Odense Kommune,"4 - Ydelse, Tilskud, Tilskud til pensionister, Refusion og Sygedagpenge","Vindegade 18, 1",5000,Odense C,01/06 - 2018,02/06 - 2018,0
35209115,Odense Kommune,"4 - Ydelse, Tilskud, Tilskud til pensionister, Refusion og Sygedagpenge","Vindegade 18, 1",5000,Odense C,01/06 - 2018,02/06 - 2018,0
35209115,Odense Kommune,"4 - Ydelse, Tilskud, Tilskud til pensionister, Refusion og Sygedagpenge","Vindegade 18, 1",5000,Odense C,01/06 - 2018,02/06 - 2018,0
35209115,Odense Kommune,"4 - Ydelse, Tilskud, Tilskud til pensionister, Refusion og Sygedagpenge","Vindegade 18, 1",5000,Odense C,01/06 - 2018,02/06 - 2018,0
35209115,Odense Kommune,"4 - Ydelse, Tilskud, Tilskud til pensionister, Refusion og Sygedagpenge","Vindegade 18, 1",5000,Odense C,01/06 - 2018,02/06 - 2018,0
35209115,Odense Kommune,"4 - Ydelse, Tilskud, Tilskud til pensionister, Refusion og Sygedagpenge","Vindegade 18, 1",5000,Odense C,01/06 - 2018,02/06 - 2018,0
35209115,Odense Kommune,"2 - Fritid og Kultur, Kulturhus Vollsmose",Vollsmose Allé 14,5240,Odense NØ,26/01 - 2009,01/02 - 2018,0
35209115,Odense Kommune,"4 - Jobrehabilitering, Sundhed og Væresteder - VIVO",Vollsmose Allé 14,5240,Odense NØ,01/01 - 2017,31/07 - 2019,2-4
35209115,Odense Kommune,3 - Bostøtte Syd,Dalumvej 97,5250,Odense SV,01/01 - 2017,28/02 - 2019,2-4
35209115,Odense Kommune,"4 - Ydelse, Tilskud, Tilskud til pensionister, Refusion og Sygedagpenge","Vindegade 18, 1",5000,Odense C,01/06 - 2018,02/06 - 2018,0
35209115,Odense Kommune,"4 - Ydelse, Tilskud, Tilskud til pensionister, Refusion og Sygedagpenge","Vindegade 18, 1",5000,Odense C,01/06 - 2018,02/06 - 2018,0
35209115,Odense Kommune,"4 - Ydelse, Tilskud, Tilskud til pensionister, Refusion og Sygedagpenge","Vindegade 18, 1",5000,Odense C,01/06 - 2018,02/06 - 2018,0
35209115,Odense Kommune,"4 - Ydelse, Tilskud, Tilskud til pensionister, Refusion og Sygedagpenge","Vindegade 18, 1",5000,Odense C,01/06 - 2018,02/06 - 2018,0
35209115,Odense Kommune,2 - Carl Nielsens Barndomshjem,Odensevej 2A,5792,Årslev,23/05 - 2007,01/02 - 2018,0
35209115,Odense Kommune,"5 - SOF, Specialtandplejen Nyborg",Skaboeshusevej 112A,5800,Nyborg,01/10 - 2014,31/03 - 2021,1
35209115,Odense Kommune,Børneinstitutionen Korup,Præstevej 2-4,5210,Odense NV,02/05 - 2007,02/05 - 2007,
35209115,Odense Kommune,"By- og Kulturforvaltningen - Natur, Miljø og Trafik",Nørregade 36-38,5000,Odense C,17/07 - 2007,17/07 - 2007,
35209115,Odense Kommune,OKÆ Aktivitet og Træning,Rytterkasernen 7-9,5000,Odense C,05/02 - 2009,30/06 - 2010,
35209115,Odense Kommune,OKÆ Teknisk servicem.,Sprogøvej 4-6,5000,Odense C,05/02 - 2009,30/06 - 2010,
35209115,Odense Kommune,"3 - ÆHF Madservice, Café Sct. Hans Parken",Sprogøvej 4-6,5000,Odense C,05/02 - 2009,31/03 - 2013,
35209115,Odense Kommune,"3 - ÆHF, Aktivitet og Træning",Sprogøvej 4-6,5000,Odense C,05/02 - 2009,31/03 - 2013,
35209115,Odense Kommune,OKÆ Teknisk servicem.,Korsløkkehaven 2-6,5220,Odense SØ,05/02 - 2009,30/06 - 2010,
35209115,Odense Kommune,OKÆ Teknisk servicem.,Rytterkasernen 7-9,5000,Odense C,05/02 - 2009,30/06 - 2010,
35209115,Odense Kommune,3 - OKÆ Madservice,Korsløkkehaven 2-6,5220,Odense SØ,05/02 - 2009,31/03 - 2013,
35209115,Odense Kommune,OKÆ Teknisk servicem.,Pomosavej 17-19,5270,Odense N,05/02 - 2009,30/06 - 2010,
35209115,Odense Kommune,By- og Kulturforvaltningen Kultur,Nørregade 36-38,5000,Odense C,06/04 - 2009,06/04 - 2009,
35209115,Odense Kommune,"3 - ÆHF, Madservice Café Lysningen",Østerdalen 2-4,5260,Odense S,05/12 - 2011,30/06 - 2013,
35209115,Odense Kommune,"3 - Virksom Dialog, FBH Egmont",Møllemarksvej 39-41,5200,Odense V,08/01 - 2013,01/11 - 2015,
35209115,Odense Kommune,"3 - Virksom Træning, Skt. Klemens",Østerdalen 2-4,5260,Odense S,09/01 - 2013,01/11 - 2015,
35209115,Odense Kommune,3 - Plejecenter Munke Mose,Munke Mose Allé 4,5000,Odense C,03/11 - 2015,30/09 - 2021,1
35209115,Odense Kommune,3 - Sundhedsklinik Villestofte,Tyrsbjergvej 4A,5210,Odense NV,01/01 - 2017,31/12 - 2021,1
35209115,Odense Kommune,3 - Skt. Hansgruppen,Skt. Hans Gade 48,5000,Odense C,20/11 - 2007,31/12 - 2019,51
35209115,Odense Kommune,3 - Aften Område Syd,"Kragsbjergvej 89, 1",5230,Odense M,01/07 - 2014,30/04 - 2020,20-49
35209115,Odense Kommune,"4 - Jobrehabilitering, Værestedet Blochhuset",Carl Blochs Vej 30,5230,Odense M,02/04 - 2009,31/05 - 2020,1
35209115,Odense Kommune,"4 - Virksomhed, WG Produktion Café WG Centralarkivet",Wichmandsgade 12,5000,Odense C,10/01 - 2011,30/06 - 2020,1
35209115,Odense Kommune,"4 - Jobrehabilitering, Værestedet Mælkevejen",Højstrupvej 59,5200,Odense V,01/01 - 2008,31/05 - 2020,1
35209115,Odense Kommune,"4 - Jobrehabilitering, Stofophør",Bjergegade 15E,5000,Odense C,01/01 - 2003,31/03 - 2020,7
35209115,Odense Kommune,3 - Skibhusgruppen,Vollsmose Allé 22,5240,Odense NØ,06/06 - 2011,30/09 - 2020,68
35209115,Odense Kommune,"4 - Virksomhed, Jobkonsulenterne Voksne 2","Tolderlundsvej 2, 6",5000,Odense C,01/08 - 2019,30/06 - 2020,10-19
35209115,Odense Kommune,"4 - Jobrehabilitering, Behandlingscenter Stofophør",Grønlandsgade 13B,5000,Odense C,24/01 - 2008,31/01 - 2021,13
35209115,Odense Kommune,"5 - Dagtilbud, Skattekisten Børnehus",Østerbæksvej 150,5000,Odense C,01/01 - 1993,31/12 - 2019,5-9
35209115,Odense Kommune,3 - Mimersbrønd,Vollsmose Allé 14B,5240,Odense NØ,08/01 - 2013,30/06 - 2020,1
35209115,Odense Kommune,3 - Plejecenter Hjallese,Hjallesegade 30,5260,Odense S,01/01 - 1993,31/12 - 2019,10-19
35209115,Odense Kommune,"4 - Uddannelse 1, CSV, STU Kollegiet Vestfyn","Odensevej 27, 1",5610,Assens,09/05 - 2007,31/12 - 2019,2-4
35209115,Odense Kommune,3 - Støtte-/kontaktpersonordningen (SKP),"Solfaldsvej 5, 3",5000,Odense C,21/11 - 2013,30/06 - 2020,5-9
35209115,Odense Kommune,"2 - Fritid og Kultur, Odense Symfoniorkester",Claus Bergs Gade 9,5000,Odense C,01/01 - 1993,31/12 - 2020,3
35209115,Odense Kommune,3 - Hjerneskadecentret,Rismarksvej 80,5200,Odense V,01/01 - 1997,30/06 - 2021,12
35209115,Odense Kommune,"5 - Skole, H.C.Andersen skolen",Tjørnehaven 175,5240,Odense NØ,01/08 - 2000,31/07 - 2021,2
35209115,Odense Kommune,1 - Event og Turisme,Flakhaven 2,5000,Odense C,01/10 - 2014,28/02 - 2021,7
35209115,Odense Kommune,"5 - Skole, Rosengårdskolen, Fønix",Stærmosegårdsvej 51,5230,Odense M,01/08 - 2015,31/12 - 2021,1
35209115,Odense Kommune,"4 - Ydelse, Tilskud til pensionister, Refusion og Sygedagpenge","Egeparken 2A, 6",5240,Odense NØ,01/06 - 2018,01/10 - 2021,4
35209115,Odense Kommune,"5 - Familie og Forebyggelse, Omsorgstandplejen","Grønløkkevej 30, 1",5000,Odense C,01/08 - 2018,30/09 - 2021,6
35209115,Odense Kommune,"4 - Ydelse, Tilskud","Egeparken 2A, 7",5240,,17/02 - 2020,01/10 - 2021,3
35209115,Odense Kommune,3 - Mad og Måltider - Børnemad,"Egeparken 2A, 8",5240,Odense NØ,01/01 - 2021,01/11 - 2021,2
35209115,Odense Kommune,"5 - Dagtilbud, Hyldemor Børnehus",Bogensevej 36,5270,Odense N,01/01 - 1993,31/05 - 2022,1
35209115,Odense Kommune,UNGDOMSKLUBBEN ODIN,Kochsgade 16,5000,Odense C,01/01 - 1993,31/01 - 2003,0
35209115,Odense Kommune,UBBERUD PLEJEHJEM,Middelfartvej 577,5491,Blommenslyst,01/01 - 1993,31/12 - 2003,20-49
35209115,Odense Kommune,BØRNECENTRET AGERHØNEN,Agerhatten 50,5220,Odense SØ,01/01 - 1993,24/06 - 2007,10-19
35209115,Odense Kommune,KLUB ØSTERS,Danmarksgade 12,5000,Odense C,01/01 - 1993,31/12 - 1999,0
35209115,Odense Kommune,BELLINGE FRITIDSKLUB,Brændekildevej 40,5250,Odense SV,01/01 - 1993,31/08 - 2003,2-4
35209115,Odense Kommune,GRANPARKENS LILLE BØRNEHAVE,Granparken 56,5240,Odense NØ,01/01 - 1993,31/01 - 2002,0
35209115,Odense Kommune,ASV - VESTFYN,Stadionvej 10,5610,Assens,01/01 - 1993,13/05 - 2007,50-99
35209115,Odense Kommune,BOFÆLLESSKABET RØNNEHAVEN,Guldsmedevænget 176,5260,Odense S,01/01 - 1993,31/01 - 2003,1
35209115,Odense Kommune,FYNS STIFTSMUSEUM HOLLUFGÅRD,Hestehaven 201,5220,Odense SØ,01/01 - 1993,21/05 - 2007,2-4
35209115,Odense Kommune,OMSORGSCENTRET TARUP,Eddavej 6,5210,Odense NV,01/01 - 1993,31/12 - 1998,1
35209115,Odense Kommune,HUNDERUP FRITIDSKLUB,Sdr. Boulevard 19-21,5000,Odense C,01/01 - 1993,31/07 - 2003,0
35209115,Odense Kommune,ODENSE KOMMUNE PROJEKT ODIN BESKÆFTIGELSESPROJEKT,Cikorievej 58,5220,Odense SØ,01/01 - 1993,31/12 - 1999,1
35209115,Odense Kommune,PLEJEHJEMMET FANGEL,Fangelvej 65,5260,Odense S,01/01 - 1993,31/12 - 2001,2-4
35209115,Odense Kommune,BØRNE- OG FAMILIEINSTITUTIONEN FJORDTOFTE,Bækholmen 95,5240,Odense NØ,01/01 - 1993,28/02 - 2003,0
35209115,Odense Kommune,EJBYSKOLENS FRITIDSKLUB,Ejby Kirkevej 15,5220,Odense SØ,01/01 - 1993,31/08 - 2003,0
35209115,Odense Kommune,Odense Kommunale Ældrepleje,Solgårdsvej 2A,5210,Odense NV,01/01 - 1993,31/12 - 2007,50-99
35209115,Odense Kommune,"OKÆ Plejeboliger, Skt. Klemens",Østerdalen 2-4,5260,Odense S,01/01 - 1993,29/06 - 2008,20-49
35209115,Odense Kommune,PLEJEHJEMMET SOLGÅRDEN,Solgårdsvej 2,5210,Odense NV,01/01 - 1993,31/12 - 2006,20-49
35209115,Odense Kommune,BØRNEHAVEN SOLSIKKEN,Ridderhatten 199,5220,Odense SØ,01/01 - 1993,31/12 - 2002,0
35209115,Odense Kommune,PLEJE- OG OMSORGSDISTRIKT 4 ROSENGÅRDEN,Ørbækvej 75,5220,Odense SØ,01/01 - 1993,31/12 - 2007,5-9
35209115,Odense Kommune,Odense kommune Serviceafdelingen,Vollsmose Allé 16,5240,Odense NØ,01/01 - 1993,24/06 - 2007,50-99
35209115,Odense Kommune,SCT.GEORGSHJEMMET'S VUGGESTUE,Palnatokesvej 47,5000,Odense C,01/01 - 1993,31/12 - 2001,20-49
35209115,Odense Kommune,ODENSE KOMMUNE BYGNINGSRENOVERING,Sanderumvej 103,5250,Odense SV,01/01 - 1993,31/12 - 1999,
35209115,Odense Kommune,HAVEDAL DAG- OG OMSORGSCENTER,Sanderumvej 105,5250,Odense SV,01/01 - 1993,30/04 - 2003,1
35209115,Odense Kommune,Museumsafdelingen Publikum og Kommunikation,Overgade 48,5000,Odense C,01/01 - 1993,31/12 - 2004,20-49
35209115,Odense Kommune,HØJSTRUP UNGDOMSSKOLE,Rismarksvej 80,5200,Odense V,01/01 - 1993,15/03 - 2006,5-9
35209115,Odense Kommune,PLEJE- OG OMSORGSDISTRIKT BOLBRO/ÅLØKKE,Middelfartvej 129,5200,Odense V,01/01 - 1993,31/12 - 2007,2-4
35209115,Odense Kommune,PLEJE- OG OMSORGSDISTRIKT DYRUP,Magnoliavej 6,5250,Odense SV,01/01 - 1994,31/12 - 2003,50-99
35209115,Odense Kommune,STØTTECENTRET NØRRE-VIND,Klingenberg 15,5000,Odense C,01/01 - 1994,31/12 - 2006,0
35209115,Odense Kommune,BOFÆLLESSKAB BØGEPARKEN,Vollsmose Allé 16,5240,Odense NØ,01/01 - 1994,01/01 - 2005,20-49
35209115,Odense Kommune,BØRNECENTRET KÆRNEHUSET,Petersmindevej 31,5000,Odense C,01/01 - 1997,31/12 - 1999,10-19
35209115,Odense Kommune,BØRNECENTRET HESTESKOEN,Prins Haralds Allé 105,5250,Odense SV,01/01 - 1994,28/11 - 2004,0
35209115,Odense Kommune,PLEJE- OG OMSORGSDISTRIKT NÆSBY NÆSBY PLEJECENTER,Solgårdsvej 2A,5210,Odense NV,01/01 - 1994,31/12 - 2006,2-4
35209115,Odense Kommune,ODENSE KOMMUNE PLEJE- OG OMSORG,Vibeægvænget 31,5250,Odense SV,01/01 - 1994,31/12 - 2003,20-49
35209115,Odense Kommune,FAMILIEVÆRKSTEDET SLØJFEN,Dalumvej 100,5250,Odense SV,01/01 - 1994,30/11 - 2003,2-4
35209115,Odense Kommune,"OKÆ Hjemmepleje, Administration",Vestergade 90C,5000,Odense C,01/01 - 1994,31/08 - 2008,2-4
35209115,Odense Kommune,VÆRESTEDET BJØRNEGROTTEN,Langelandsgade 4B,5000,Odense C,01/01 - 1994,31/12 - 2003,0
35209115,Odense Kommune,PLEJE- OG OMSORGSDISTRIKT TARUP,Rugvang 40,5210,Odense NV,01/01 - 1994,31/12 - 1999,0
35209115,Odense Kommune,PLEJE- OG OMSORGSDISTRIKT SKIBHUS,"Thomas B. Thriges Gade 36, 2",5000,Odense C,01/01 - 1994,31/12 - 2007,20-49
35209115,Odense Kommune,DAGBEHANDLINGSINST. VILLA ROSA,Skibhusvej 49,5000,Odense C,01/01 - 1995,31/01 - 2003,0
35209115,Odense Kommune,Center f særlige sociale indsatserGarvergården,Tolderlundsvej 3 c.,5000,Odense C,01/01 - 1995,21/01 - 2008,20-49
35209115,Odense Kommune,ODENSE KOMMUNES PLEJEHJEM,Sdr. Boulevard 23,5000,Odense C,01/01 - 1996,01/02 - 2005,1
35209115,Odense Kommune,FRITIDSKLUBBEN GRØNSVÆREN,Falen 95,5000,Odense C,01/01 - 1996,31/07 - 2003,2-4
35209115,Odense Kommune,ODENSE KOMMUNE Hjemmevejlederteamet,Thomas B. Thriges Gade 28,5000,Odense C,01/01 - 1997,01/05 - 2005,5-9
35209115,Odense Kommune,ODENSE KOMMUNES KUNSTPROJEKT PROSPECT ART,Havnegade 100,5000,Odense C,01/01 - 1998,01/02 - 2005,2-4
35209115,Odense Kommune,BØRNEHAVEN DIANAGÅRDEN,Dianavænget 1,5250,Odense SV,01/01 - 1993,31/12 - 2007,5-9
35209115,Odense Kommune,RISING BØRNEHAVE,Kochsgade 185,5000,Odense C,01/01 - 2004,01/05 - 2007,5-9
35209115,Odense Kommune,OKÆ / Hjemmeplejen,Hjallesegade,5260,Odense S,01/01 - 2000,31/12 - 2006,50-99
35209115,Odense Kommune,"5 - Dagtilbud, Verdenshuset Børnehus",Risingsvej 102,5240,Odense NØ,01/01 - 1999,31/08 - 2023,1
35209115,Odense Kommune,"5 - Dagtilbud, Fyrretræet Børnehus",Fyrreparken 86,5240,Odense NØ,01/01 - 1993,31/12 - 2024,1
35209115,Odense Kommune,3 - Team Støtte - Rehabilitering,Slotsgade 5,5000,Odense C,01/01 - 2000,15/07 - 2024,6
35209115,Odense Kommune,"4 - Værestedet Øst, Beskæftigelses- og Socialforvaltningen","Egeparken 158, st",5240,Odense NØ,01/01 - 2007,31/12 - 2023,6
35209115,Odense Kommune,1 - Vækst og Turisme,Flakhaven 2,5000,Odense C,01/01 - 2015,30/09 - 2024,30
35209115,Odense Kommune,"4 - Dannesbohus, Beskæftigelses- og Socialforvaltningen",Bryllevej 14,5250,Odense SV,01/01 - 2017,31/03 - 2025,28
35209115,Odense Kommune,"4 - Job og Udvikling 3, Beskæftigelses- og Socialforvaltningen",Risingsvej 122,5240,Odense NØ,01/04 - 2020,30/04 - 2024,2
35209115,Odense Kommune,"5 - UngOdense, Kildeskolen",Sædekildegårdvej 4,5250,Odense SV,01/11 - 2020,01/10 - 2024,10
35209115,Odense Kommune,"4 - Jobkonsulenterne Unge, Beskæftigelses- og Socialforvaltningen","Vindegade 12, 3",5000,Odense C,01/09 - 2023,30/04 - 2025,22
35209115,Odense Kommune,7 - Café Phønix,Schacksgade 39,5000,Odense C,01/01 - 1993,31/10 - 2025,3
35209115,Odense Kommune,"4 - STU Assens, Beskæftigelses- og Socialforvaltningen","Odensevej 27, st",5610,Assens,09/05 - 2007,31/12 - 2025,4
35209115,Odense Kommune,3 - Tornhuset Syd,Munkehatten 8,5220,Odense SØ,01/06 - 2020,31/08 - 2025,1
35209115,Odense Kommune,"5 - Dagtilbud, Bøgelund Børnehus",Bøgeparken 130,5240,Odense NØ,01/01 - 1993,01/03 - 2026,2
35209115,Odense Kommune,7 - Administration SUF,Ørbækvej 100B,5220,Odense SØ,01/09 - 2022,24/03 - 2026,1
35209115,Odense Kommune,"5 - Dagtilbud, Lumby Børnehus",H.C. Lumbyes Vej 9A,5270,Odense N,01/10 - 1996,,6
35209115,Odense Kommune,"5 - Dagtilbud, Pårup Børnehus",Paarupvej 19,5210,Odense NV,01/01 - 1997,,13
35209115,Odense Kommune,"5 - Dagtilbud, Børneborgen Børnehus",Bjerregaardsvej 9,5000,Odense C,01/01 - 1997,,32
35209115,Odense Kommune,"5 - Dagtilbud, Globehuset Børnehus",Helgavej 32,5230,Odense M,01/01 - 1997,,14
35209115,Odense Kommune,3 - Plejehjemmet Bolbro,Møllemarksvej 39,5200,Odense V,01/01 - 1997,,73
35209115,Odense Kommune,3 - Hjerneskadecentret,Rismarksvej 80A,5200,Odense V,01/01 - 1997,,10
35209115,Odense Kommune,"4 - Behandlingscenter Odense, Sundhed og Social, Beskæftigelses- og Socialforvaltningen",Grønlandsgade 13A,5000,Odense C,01/01 - 1998,,58
35209115,Odense Kommune,3 - Flexbostøtten og Sociale viceværter,Absalonsgade 17,5000,Odense C,01/01 - 1998,,12
35209115,Odense Kommune,3 - Bo- og støttetilbuddet Sprogøvej,Sprogøvej 2A,5000,Odense C,01/01 - 1998,,18
35209115,Odense Kommune,3 - Bo- og Støttetilbuddet Æblegrenen,Æblegrenen 12,5220,Odense SØ,01/01 - 1998,,15
35209115,Odense Kommune,"5 - Dagtilbud, Afrodite Børnehus",Athenevænget 8,5250,Odense SV,01/01 - 1998,,21
35209115,Odense Kommune,"5 - Dagtilbud, Bellinge Børnehus",Rughøjvej 94,5250,Odense SV,01/01 - 1993,,10
35209115,Odense Kommune,"5 - Dagtilbud, Mosaikken Børnehus",Kløvereng 171,5240,Odense NØ,01/01 - 1993,,25
35209115,Odense Kommune,"5 - Dagtilbud, Bakkegården Børnehus",Risingsvej 43,5000,Odense C,01/01 - 1993,,19
35209115,Odense Kommune,"5 - Dagtilbud, Ankergården Børnehus",Ankergade 8,5000,Odense C,01/01 - 1993,,14
35209115,Odense Kommune,"5 - Dagtilbud, Østre Børnehus",Danmarksgade 2,5000,Odense C,01/01 - 1993,,22
35209115,Odense Kommune,"5 - Dagtilbud, Niels Bohr Børnehus",Niels Bohrs Allé 10,5230,Odense M,02/01 - 2006,,26
35209115,Odense Kommune,"4 - Alkoholbehandlingen, Beskæftigelses- og Socialforvaltningen",Bjergegade 15C,5000,Odense C,01/01 - 1999,,19
35209115,Odense Kommune,3 - Kollegiet Roesskovsvej,Roesskovsvej 38,5200,Odense V,01/01 - 1999,,37
35209115,Odense Kommune,"5 - Dagtilbud, Hvenekilden Børnehus",Hvenekildeløkken 170,5240,Odense NØ,01/01 - 1999,,11
35209115,Odense Kommune,"5 - Dagtilbud, Fuglereden Børnehus",Gransangervej 35,5210,Odense NV,02/01 - 2006,,9
35209115,Odense Kommune,"5 - Dagtilbud, Børneinst. Sct. Hans & Solgården Børnehus","Victoriagade 36, st",5000,Odense C,15/09 - 1964,,19
35209115,Odense Kommune,"5 - Dagtilbud, Eventyrgården Børnehus",Nordmarksvej 3,5270,Odense N,01/01 - 2004,,10
35209115,Odense Kommune,"5 - Dagtilbud, Livstræet Børnehus",Borrebyvej 50,5260,Odense S,01/01 - 1970,,13
35209115,Odense Kommune,"5 - Dagtilbud, Ørbækparken Børnehus",Carlsen-Skiødts Vej 37,5220,Odense SØ,01/03 - 1973,,14
35209115,Odense Kommune,"5 - Dagtilbud, Ejerslykke Bhv. Børnehus",L.A. Rings Vej 18,5230,Odense M,24/09 - 1964,,20
35209115,Odense Kommune,"5 - Dagtilbud, Kernehuset Børnehus",Petersmindevej 31,5000,Odense C,01/01 - 1994,,12
35209115,Odense Kommune,3 - Botilbuddet Bjørnemosen,Bjørnemosevej 211,5260,Odense S,01/10 - 2000,,39
35209115,Odense Kommune,3 - Bo- og Støttetilbuddet Rytterkasernen,Rytterkasernen 9A,5000,Odense C,01/05 - 1999,,19
35209115,Odense Kommune,"5 - Dagtilbud, Stjerneskud Børnehus",Kløvereng 173,5240,Odense NØ,01/09 - 2000,,27
35209115,Odense Kommune,3 - Tagtækkergruppen,"Kragsbjergvej 89, 1",5230,Odense M,01/01 - 2008,,85
35209115,Odense Kommune,3 - Plejehjemmet Korsløkkehaven,Korsløkkehaven 2,5220,Odense SØ,01/01 - 2000,,54
35209115,Odense Kommune,3 - Plejehjemmet Albanigade,Albanigade 21D,5000,Odense C,01/01 - 2000,,49
35209115,Odense Kommune,3 - Aftengruppen Lavsenvænget,Lavsenvænget 8,5200,Odense V,01/01 - 2000,,78
35209115,Odense Kommune,3 - Plejehjemmet Rytterkasernen,Rytterkasernen 7A,5000,Odense C,01/01 - 2000,,74
35209115,Odense Kommune,3 - Vista Balboa,Absalonsgade 17,5000,Odense C,01/01 - 2000,,15
35209115,Odense Kommune,3 - Neuropædagogisk Team,Kanslergade 8,5000,Odense C,01/01 - 2000,,10
35209115,Odense Kommune,3 - Bjerggårdshaven,Bjerggårdshaven 31,5240,Odense NØ,01/01 - 2000,,80
35209115,Odense Kommune,3 - Mågebakkegruppen,Mågebakken 80,5250,Odense SV,01/01 - 2000,,69
35209115,Odense Kommune,3 - Udkørende grupper Risingsvej,Risingsvej 110,5240,Odense NØ,01/01 - 2000,,295
35209115,Odense Kommune,"5 - Skole, Nørrebjergskolen",Nørrebjergvej 7,5220,Odense SØ,01/08 - 2001,,154
35209115,Odense Kommune,"2 - Kultur og Fritid, Tarup/Korup",Rugvang 40,5210,Odense NV,01/01 - 2002,,8
35209115,Odense Kommune,3 - Plejehjemmet Svovlhatten,"Svovlhatten 2B, st",5220,Odense SØ,19/11 - 2002,,55
35209115,Odense Kommune,"5 - Dagtilbud, Planteskolen Børnehus",Åsumvej 119,5240,Odense NØ,14/11 - 2002,,15
35209115,Odense Kommune,"2 - Kultur og Fritid, Vollsmose/Holluf Pile",Risingsvej 122,5240,Odense NØ,02/04 - 2017,,11
35209115,Odense Kommune,"2 - Kultur og Fritid, Dalum/Bolbro/Højby",Dalumvej 95,5250,Odense SV,01/01 - 2002,,10
35209115,Odense Kommune,"1 - Borgmesterforvaltningen, Stadsarkiv",Klosterbakken 2,5000,Odense C,01/01 - 2002,,11
35209115,Odense Kommune,"5 - Dagtilbud, Fraugde Børnehus",Jakobsstigen 1,5220,Odense SØ,01/06 - 2002,,15
35209115,Odense Kommune,"5 - Dagtilbud, Kildegården Børnehus",Kildegårdsvej 83,5240,Odense NØ,01/01 - 2002,,30
35209115,Odense Kommune,"5 - UngOdense, Ungdomshuset",Nørregade 60,5000,Odense C,15/09 - 2003,,26
35209115,Odense Kommune,3 - Plejehjemmet Sanderum,Mågebakken 80,5250,Odense SV,01/01 - 2003,,90
35209115,Odense Kommune,3 - Bofællesskabet NæsbyHus,Næsbyhovedvej 9,5270,Odense N,01/01 - 2005,,47
35209115,Odense Kommune,3 - Fruens Bøgegruppen,Dalumvej 95,5250,Odense SV,01/01 - 2004,,51
35209115,Odense Kommune,3 - Plejehjemmet Ejlstrup,"Kalørvej 120A, st",5200,Odense V,01/01 - 2004,,51
35209115,Odense Kommune,3 - Plejehjemmet Sukkerkogeriet,Roersvej 25,5000,Odense C,01/01 - 2004,,40
35209115,Odense Kommune,3 - Lavsengruppen,Lavsenvænget 8,5200,Odense V,01/01 - 2004,,61
35209115,Odense Kommune,3 - Plejehjemmet Ærtebjerghaven,Ærtebjerghaven 41,5270,Odense N,01/01 - 2005,,58
35209115,Odense Kommune,"5 - Dagtilbud, Dagpleje Syd og Vest","Ørbækvej 100A, st",5220,Odense SØ,01/01 - 2006,,286
35209115,Odense Kommune,3 - Plejehjemmet Herluf Trolle,"Herluf Trolles Vej 148A, st",5220,Odense SØ,01/01 - 2006,,62
35209115,Odense Kommune,"5 - Familie og Forebyggelse, Center for indsatser for Børn og Unge",Ejby Kirkevej 15,5220,Odense SØ,26/03 - 2007,,113
35209115,Odense Kommune,"5 - Familie og Forebyggelse, Hunderup Tandklinik",Sdr. Boulevard 19,5000,Odense C,27/03 - 2007,,17
35209115,Odense Kommune,"5 - Familie og Forebyggelse, Sct. Hans Tandklinik",Skibhusvej 188,5000,Odense C,27/03 - 2007,,12
35209115,Odense Kommune,"5 - Familie og Forebyggelse, Odin Tandklinik",Gillestedvej 15,5240,Odense NØ,27/03 - 2007,,14
35209115,Odense Kommune,"5 - Familie og Forebyggelse, Pårup Tandklinik",Paarupvej 19,5210,Odense NV,27/03 - 2007,,14
35209115,Odense Kommune,"5 - Familie og Forebyggelse, Søhus Tandklinik",Bispeengen 3,5270,Odense N,27/03 - 2007,,11
35209115,Odense Kommune,"5 - Familie og Forebyggelse, Rosengård Tandklinik",Stærmosegårdsvej 51,5230,Odense M,27/03 - 2007,,16
35209115,Odense Kommune,"5 - Familie og Forebyggelse, Højme Tandklinik",Højmevænget 3,5250,Odense SV,27/03 - 2007,,20
35209115,Odense Kommune,"5 - Dagtilbud, Børneinstitution Sanderum - Tingløkke",Bergendals Allé 27,5250,Odense SV,30/04 - 2007,,39
35209115,Odense Kommune,"5 - Dagtilbud, Tarup Børnehus",Tarupgårdsvej 11,5210,Odense NV,01/01 - 2006,,14
35209115,Odense Kommune,"5 - Dagtilbud, Højbyvej 64",Højbyvej 64,5260,Odense S,30/04 - 2007,,16
35209115,Odense Kommune,"5 - Dagtilbud, H. C. Ørsted Børnehus",Niels Bohrs Allé 23B,5230,Odense M,30/04 - 2007,,13
35209115,Odense Kommune,"5 - Dagtilbud, Nova Børnehus",Ryttergade 1C,5000,Odense C,01/01 - 2006,,14
35209115,Odense Kommune,"5 - Dagtilbud, Børneinstitutioner Kragsbjerg, Munkebjerg og Centrum Syd",Stærmosegårdsvej 53,5230,Odense M,02/05 - 2007,,24
35209115,Odense Kommune,"5 - Dagtilbud, Agerhønen Børnehus",Rørhatten 1,5220,Odense SØ,30/04 - 2007,,11
35209115,Odense Kommune,"5 - Dagtilbud, Seden Børnehus",Hyldegårdsvej 43,5240,Odense NØ,02/05 - 2007,,11
35209115,Odense Kommune,"5 - Dagtilbud, Rising Børnehus",Tornehøjvej 1,5000,Odense C,02/05 - 2007,,17
35209115,Odense Kommune,"5 - Dagtilbud, Børneinstitution Syd-Syd Vest",Sædekildegårdvej 6,5250,Odense SV,02/05 - 2007,,37
35209115,Odense Kommune,"5 - Dagtilbud, Børneinstitution Holluf Pile - Tingkær",Stat-Ene-Vej 18,5220,Odense SØ,02/05 - 2007,,26
35209115,Odense Kommune,"5 - Dagtilbud, Børneinstitutioner Slotsgade 5",Slotsgade 5,5000,Odense C,02/05 - 2007,,131
35209115,Odense Kommune,"5 - Dagtilbud, Børnebyen",Kildegårdsvej 50,5240,Odense NØ,02/05 - 2007,,3
35209115,Odense Kommune,"5 - Dagtilbud, Bakkebjerget Børnehus",Ranunkelvænget 82,5250,Odense SV,01/01 - 2006,,23
35209115,Odense Kommune,"5 - Dagtilbud, Platanhaven",Platanvej 15,5230,Odense M,15/05 - 2007,,23
35209115,Odense Kommune,"5 - Skole, Odense Musikskole",Danmarksgade 10A,5000,Odense C,25/05 - 2007,,74
35209115,Odense Kommune,"4 - Center for Familier og Unge (CFU), Beskæftigelses- og Socialforvaltningen",Egeparken 2A,5240,Odense NØ,29/05 - 2007,,45
35209115,Odense Kommune,4 - Beskæftigelses- og Socialforvaltningen,Tolderlundsvej 2,5000,Odense C,01/06 - 2007,,145
35209115,Odense Kommune,3 - Næsbygruppen,Lumbyvej 50,5000,Odense C,01/01 - 2007,,79
35209115,Odense Kommune,3 - Botilbuddet Fælledvej,Roersvej 27,5000,Odense C,01/01 - 2006,,35
35209115,Odense Kommune,3 - Bostedet Svovlhatten,Svovlhatten 2A,5220,Odense SØ,04/10 - 2007,,16
35209115,Odense Kommune,3 - Stenløkkegruppen,Jacob Hansens Vej 137,5260,Odense S,25/08 - 2008,,59
35209115,Odense Kommune,2 - Kultur og Fritid - Kulturmaskinen,Farvergården 7,5000,Odense C,06/11 - 2008,,61
35209115,Odense Kommune,3 - Byens Køkken,Teknikvej 4,5260,Odense S,12/11 - 2008,,95
35209115,Odense Kommune,2 - Ejendomsservice - Rengøring,Nørregade 36,5000,Odense C,20/11 - 2008,,387
35209115,Odense Kommune,3 - Servicegruppen Nord,Hyldestenten 2,5210,Odense NV,05/02 - 2009,,25
35209115,Odense Kommune,7 – Mad og Måltidsfagligt team,"Ørbækvej 100B, st",5220,Odense SØ,05/02 - 2009,,4
35209115,Odense Kommune,"3 - Udekørende grupper, Bjergegade 15","Bjergegade 15, st",5000,Odense C,05/02 - 2009,,269
35209115,Odense Kommune,"3 - Tornhuset, Tornbjergvej",Tornbjergvej 1,5220,Odense SØ,13/02 - 2009,,24
35209115,Odense Kommune,3 - Botilbuddet Sedenhuse,Bjerggårdshaven 39,5240,Odense NØ,06/04 - 2009,,72
35209115,Odense Kommune,0 - Administration BMF / SOFF,Ørbækvej 100B,5220,Odense SØ,26/05 - 2009,,603
35209115,Odense Kommune,"3 - Tornhuset, Brunsegårdsvej Bodel",Brunsegårdsvej 53,5690,Tommerup,29/06 - 2009,,62
35209115,Odense Kommune,"5 - Dagtilbud, Kosmos Børnehus",Sædekildegårdvej 4E,5250,Odense SV,26/06 - 2009,,28
35209115,Odense Kommune,"5 - Dagtilbud, Tusindfryd Børnehus",Vandværksvej 14,5000,Odense C,06/04 - 2010,,13
35209115,Odense Kommune,"5 - Dagtilbud, Solkernen Børnehus",Grønløkkevej 24,5000,Odense C,28/04 - 2010,,22
35209115,Odense Kommune,"5 - Familie og Forebyggelse, PPR 0-6 år og PPR 6-18 år","Ørbækvej 100A, 1",5220,Odense SØ,02/07 - 2010,,82
35209115,Odense Kommune,"5 - Dagtilbud, Fjordager Børnehus",Bullerupvej 67,5240,Odense NØ,09/11 - 2010,,15
35209115,Odense Kommune,"5 - Dagtilbud, Dragen Børnehus",Sanderumvej 83,5250,Odense SV,09/11 - 2010,,31
35209115,Odense Kommune,"4 - Den Kommunale Ungeindsats (KUI), Beskæftigelses- og Socialforvaltningen",Grønlandsgade 7,5000,Odense C,26/11 - 2010,,41
35209115,Odense Kommune,3 - Lysningen,Østerdalen 2,5260,Odense S,24/01 - 2011,,138
35209115,Odense Kommune,"5 - Dagtilbud, Den blå planet Børnehus",Ejersløkkevej 12,5220,Odense SØ,14/02 - 2011,,29
35209115,Odense Kommune,"5 - Dagtilbud, Strikkegården Børnehus",Bjerregaardsvej 16,5000,Odense C,18/02 - 2011,,11
35209115,Odense Kommune,"5 - Dagtilbud, Galaksen Børnehus",Hunderupvej 103,5230,Odense M,14/02 - 2011,,15
35209115,Odense Kommune,"5 - Familie og Forebyggelse, Tandreguleringscenter Fyn, Omsorgstandplejen og Specialtandplejen",Grønløkkevej 30,5000,Odense C,21/03 - 2011,,84
35209115,Odense Kommune,3 - Hjemmevejlederteamet,Grønløkkevej 34,5000,Odense C,23/03 - 2011,,22
35209115,Odense Kommune,"5 - Dagtilbud, Marienlund Børnehus",Sandhusvej 12,5000,Odense C,06/06 - 2011,,24
35209115,Odense Kommune,3 - Specialtilbuddet Holluf Pile,Hollufgårdsvej 209,5220,Odense SØ,01/09 - 2011,,7
35209115,Odense Kommune,"3 - Tornhuset, Hvedevangen",Hvedevangen 1,5210,Odense NV,15/01 - 2012,,20
35209115,Odense Kommune,"5 - Dagtilbud, Elverhaven Børnehus",Ravnebjerggyden 78A,5491,Blommenslyst,29/03 - 2012,,13
35209115,Odense Kommune,"5 - Familie og Forebyggelse, Sundhedsplejen Vest",Slotsgade 5A,5000,Odense C,29/05 - 2012,,23
35209115,Odense Kommune,"5 - Familie og Forebyggelse, Sundhedsplejen Nord","Risingsvej 122E, 1",5240,Odense NØ,25/10 - 2012,,19
35209115,Odense Kommune,3 - Center for Mental Sundhed,Jernbanegade 15,5000,Odense C,08/01 - 2013,,11
35209115,Odense Kommune,3 - Ungefællesskabet Rømersvej,Rømersvej 1A,5200,Odense V,08/01 - 2013,,6
35209115,Odense Kommune,3 - Byhuset,Bjergegade 15,5000,Odense C,09/01 - 2013,,49
35209115,Odense Kommune,3 - Ledsagerordningen,"Rytterkasernen 17, 1",5000,Odense C,09/01 - 2013,,159
35209115,Odense Kommune,3 - Botilbuddet Fangelvej,Fangelvej 65,5260,Odense S,09/01 - 2013,,29
35209115,Odense Kommune,3 - Genoptræning Hollufgårds Allé 20,Hollufgårds Allé 20,5220,Odense SØ,09/01 - 2013,,53
35209115,Odense Kommune,"5 - Dagtilbud, Molevitten Børnehus",Sdr. Boulevard 29,5000,Odense C,01/03 - 2013,,15
35209115,Odense Kommune,"5 - Familie og Forebyggelse, Tale-Sprog & Høre og Familiebehandling","Ørbækvej 100A, 1",5220,Odense SØ,22/03 - 2013,,46
35209115,Odense Kommune,"5 - Dagtilbud, Munke Mose Børnehus",Jagtvej 80,5000,Odense C,19/08 - 2013,,21
35209115,Odense Kommune,"5 - Familie og Forebyggelse, Børnehus Syd Odense",Brændekilde Bygade 36,5250,Odense SV,07/10 - 2013,,26
35209115,Odense Kommune,3 - Indgangen & Frivillighed og Myndighed fysisk funktionsnedsættelse,Dalumvej 95,5250,Odense SV,07/11 - 2013,,81
35209115,Odense Kommune,"5 - Dagtilbud, Spurvelund Børnehus",Spurvelundsvej 18,5270,Odense N,21/01 - 2014,,15
35209115,Odense Kommune,3 - Team opsøgende ældre,"Ørbækvej 100A, KL",5220,Odense SØ,01/07 - 2014,,6
35209115,Odense Kommune,3 - Botilbuddet Bækholmen,Amaliehaven 57,5240,Odense NØ,01/07 - 2014,,19
35209115,Odense Kommune,"2 - Fritid, Park og Vej, Krematoriet",Heden 5,5000,Odense C,01/12 - 2014,,5
35209115,Odense Kommune,"4 - STN Odense, Beskæftigelses- og Socialforvaltningen",Jarlsberggade 15,5000,Odense C,01/03 - 2021,,8
35209115,Odense Kommune,"3 - Myndighed Det specialiserede område, Myndighed mental funktionsnedsættelse og Sygeplejedepotet",Risingsvej 112,5240,Odense NØ,01/01 - 2015,,84
35209115,Odense Kommune,3 - Bo- og Støttetilbuddet Hvedevangen,Hvedevangen 26,5210,Odense NV,01/01 - 2015,,21
35209115,Odense Kommune,3 - Aftengrupperne Syd-Øst og Syd-Vest,Jacob Hansens Vej 137,5260,Odense S,01/01 - 2015,,143
35209115,Odense Kommune,3 - Specialtilbuddet Grevenlund,Grevenlundsvej 20,5220,Odense SØ,01/01 - 2015,,60
35209115,Odense Kommune,3 - Rosengårdsgruppen,"Østerbæksvej 83, 1",5230,Odense M,01/01 - 2015,,52
35209115,Odense Kommune,3 - Forebyggende hjemmebesøg,"Bjergegade 15, st",5000,Odense C,01/01 - 2015,,17
35209115,Odense Kommune,3 - Natgruppen,Møllemarksvej 45,5200,Odense V,01/01 - 2015,,179
35209115,Odense Kommune,3 - CAFÉerne,"Ørbækvej 100A, 1",5220,Odense SØ,01/11 - 2015,,10
35209115,Odense Kommune,"2 - Kultur og Fritid, Kultursekretariatet",Nørregade 36,5000,Odense C,01/01 - 2016,,11
35209115,Odense Kommune,"5 - Dagtilbud, Ejlstrup Børnehus",Ejlstrupvej 145,5200,Odense V,01/09 - 2015,,8
35209115,Odense Kommune,"4 - Social og Jobindsatser for Unge, Beskæftigelses- og Socialforvaltningen",Grønlandsgade 7,5000,Odense C,01/02 - 2016,,28
35209115,Odense Kommune,"5 - Familie og Forebyggelse, Sundhedsplejen Syd","Olfert Fischers Vej 15, kl",5220,Odense SØ,01/02 - 2016,,19
35209115,Odense Kommune,"5 - Dagtilbud, Bolbro Børnehus",Dybdevej 10,5200,Odense V,01/06 - 2016,,16
35209115,Odense Kommune,3 - Bo- og Støttetilbuddet Åhuset,"Palnatokesvej 30, 1",5000,Odense C,01/10 - 2016,,10
35209115,Odense Kommune,"5 - Dagtilbud, Børneinstitution Nord",Skolevej 9,5270,Odense N,01/09 - 2016,,21
35209115,Odense Kommune,3 - Stadiongruppen,Møllemarksvej 43,5200,Odense V,01/01 - 2017,,101
35209115,Odense Kommune,3 - Sundhedsklinik Dalum,Dalumvej 95B,5250,Odense SV,01/01 - 2017,,18
35209115,Odense Kommune,"4 - Boligsocial, Beskæftigelses- og Socialforvaltningen",Tolderlundsvej 2,5000,Odense C,19/10 - 2017,,38
35209115,Odense Kommune,3 - Bostøtte SOFF,"Solfaldsvej 5, 2",5000,Odense C,01/09 - 2017,,47
35209115,Odense Kommune,3 - Vista Hus,Munkehatten 14A,5220,Odense SØ,01/03 - 2018,,22
35209115,Odense Kommune,3 - Bostedet Munkehatten Fraugde,Festgræsset 14B,5220,Odense SØ,01/01 - 2018,,17
35209115,Odense Kommune,3 - Akutteamet,"Ørbækvej 100B, kl",5220,Odense SØ,01/09 - 2018,,26
35209115,Odense Kommune,3 - Rehabilitering og Palliation,Østerdalen 4,5260,Odense S,01/10 - 2018,,11
35209115,Odense Kommune,"3 - Sundheds-, Omsorgs- og Forebyggelsesforvaltningen, Slotsgade 5","Slotsgade 5, 1",5000,Odense C,01/09 - 2018,,12
35209115,Odense Kommune,"2 - Ejendomsservice, Teknisk Service, Serviceafdelingen",Sanderumvej 113,5250,Odense SV,01/01 - 2019,,26
35209115,Odense Kommune,"5 - Dagtilbud, Børneinstitution Ejby Kirkevej 15",Ejby Kirkevej 15,5220,Odense SØ,16/01 - 2019,,107
35209115,Odense Kommune,"4 - Ydelse, Beskæftigelses- og Socialforvaltningen",Egeparken 2A,5240,Odense NØ,01/01 - 2019,,148
35209115,Odense Kommune,"5 - Dagtilbud, Spiloppen-Vestermarken Børnehus",Stadionvej 66A,5200,Odense V,01/01 - 2019,,20
35209115,Odense Kommune,"4 - Unge- og Uddannelsesrådgivning, Beskæftigelses- og Socialforvaltningen","Vindegade 18, 2",5000,Odense C,01/03 - 2019,,156
35209115,Odense Kommune,"4 - Café WG, Beskæftigelses- og Socialforvaltningen",Wichmandsgade 12,5000,Odense C,01/01 - 2019,,2
35209115,Odense Kommune,"5 - Dagtilbud, Regnbuen - Vestermarken Børnehus",Stadionvej 66B,5200,Odense V,01/03 - 2019,,15
35209115,Odense Kommune,"2 - Ejendomsservice, Teknisk Service",Nørregade 36,5000,Odense C,01/01 - 2020,,179
35209115,Odense Kommune,3 - Center for Sundhed og Forebyggelse,Risingsvej 118,5240,Odense NØ,01/02 - 2020,,18
35209115,Odense Kommune,"3 - Hygiejne-, Kontinens- og Sårsygepleje",Risingsvej 90,5240,Odense NØ,01/04 - 2020,,25
35209115,Odense Kommune,"3 - Tornhuset, BRV Værksted",Brunsegårdsvej 51,5690,Tommerup,01/06 - 2020,,13
35209115,Odense Kommune,3 - Kalørgruppen,Kalørvej 122,5200,Odense V,01/01 - 2021,,78
35209115,Odense Kommune,"5 - UngOdense, Risingsvej 118",Risingsvej 118,5240,Odense NØ,01/11 - 2020,,94
35209115,Odense Kommune,"5 - UngOdense, Dagskolen",Danmarksgade 10D,5000,Odense C,01/11 - 2020,,5
35209115,Odense Kommune,"5 - UngOdense, Rismarksvej 80A",Rismarksvej 80A,5200,Odense V,01/11 - 2020,,62
35209115,Odense Kommune,"5 - UngOdense, Blangstedgårds Allé 93",Blangstedgårds Allé 93,5220,Odense SØ,01/11 - 2020,,16
35209115,Odense Kommune,"5 - UngOdense, Naturaktiviteter",Skibhusvej 388,5000,Odense C,01/11 - 2020,,6
35209115,Odense Kommune,"5 - UngOdense, Hollufgårdskolen",Hollufgårdsvej 187,5220,Odense SØ,01/11 - 2020,,9
35209115,Odense Kommune,"3 - Tornhuset, Tornværkstedet",Tornbjergvej 1,5220,Odense SØ,01/11 - 2020,,12
35209115,Odense Kommune,3 - Genoptræning Team Nord,Risingsvej 90,5240,Odense NØ,01/01 - 2021,,27
35209115,Odense Kommune,3 - Sundhedsfagligt Team,Kanslergade 8,5000,Odense C,01/03 - 2021,,9
35209115,Odense Kommune,"4 - Citykorpset, Beskæftigelses- og Socialforvaltningen",Kildemosevej 8,5000,Odense C,01/02 - 2021,,6
35209115,Odense Kommune,"5 - Familie og Forebyggelse, Børnehus Syd Aabenraa",Kystvej 22,6200,Aabenraa,01/01 - 2022,,12
35209115,Odense Kommune,"5 - Familie og Forebyggelse, Børnehus Syd Esbjerg",Stormgade 55,6700,Esbjerg,01/01 - 2022,,15
35209115,Odense Kommune,6 - Klima- og Miljøforvaltningen,Nørregade 36X,5000,Odense C,01/01 - 2022,,223
35209115,Odense Kommune,"4 - Indsatser til unge, Beskæftigelses- og Socialforvaltningen","Kochsgade 27, 1",5000,Odense C,01/06 - 2022,,81
35209115,Odense Kommune,3 - Servicegruppen Syd og Lindvedgruppen,Industrivej 6,5260,Odense S,01/12 - 2022,,79
35209115,Odense Kommune,"2 - Kultur og Fritid, Borgerservice","Østre Stationsvej 15, 1",5000,Odense C,01/05 - 2023,,28
35209115,Odense Kommune,3 - Autismetilbuddet Kelsbjergvej,Kelsbjergvej 11,5260,Odense S,01/03 - 2024,,78
35209115,Odense Kommune,3 - E-Team,"Ørbækvej 100B, kl",5220,Odense SØ,01/04 - 2024,,10
35209115,Odense Kommune,"4 - Job og Integration, Beskæftigelses- og Socialforvaltningen",Wichmandsgade 12,5000,Odense C,07/05 - 2024,,69
35209115,Odense Kommune,3 - Plejehjemmet Kragsbjerg,Kragsbjergvej 89,5230,Odense M,01/11 - 2024,,77
35209115,Odense Kommune,3 - Psykologteamet,"Ørbækvej 100A, ST",5220,Odense SØ,01/01 - 2025,,8
35209115,Odense Kommune,5 - Danmarks Bedste Børnehjem,Sanderumvej 105,5250,Odense SV,01/06 - 2025,,1
35209115,Odense Kommune,"5 - Familie og Forebyggelse, Børnehus Syd Kolding",Vejlevej 332,6000,Kolding,01/10 - 2025,,15
35209115,Odense Kommune,"5 - Dagtilbud, Det Engelske Pakhus Børnehus",Fjordsgade 91,5000,Odense C,01/08 - 2001,,33
35209115,Odense Kommune,"2 - Kultur og Fritid, Svømmehallen Vollsmose",Risingsvej 120B,5240,Odense NØ,14/02 - 2002,,0
35209115,Odense Kommune,"2 - Kultur og Fritid, Holluf Pile Bibliotek",Nøglens Kvarter 10,5220,Odense SØ,01/01 - 2002,,1
35209115,Odense Kommune,"2 - Kultur og Fritid, Højby Bibliotek",Nørrelunden 20,5260,Odense S,01/01 - 2002,,1
35209115,Odense Kommune,"2 - Byudvikling, Parkeringskontoret",Olfert Fischers Vej 25,5220,Odense SØ,22/11 - 2002,,2-4
35209115,Odense Kommune,3 - Specialtilbuddet Solfaldsvej,"Solfaldsvej 5, 1",5000,Odense C,27/07 - 2006,,10-19
35209115,Odense Kommune,"2 - Kultur og Fritid, Svømmehallen Højmevænget",Højmevænget 3,5250,Odense SV,16/05 - 2007,,1
35209115,Odense Kommune,"2 - Kultur og Fritid, Svømmehallen Bolbro",Middelfartvej 180,5200,Odense V,16/05 - 2007,,1
35209115,Odense Kommune,"2 - Kultur og Fritid, Friluftsbadet",Elsesmindevej 50,5200,Odense V,16/05 - 2007,,0
35209115,Odense Kommune,"2 - Kultur og Fritid, Svømmehallen Universitetet",Moseskovvej 49,5230,Odense M,16/05 - 2007,,0
35209115,Odense Kommune,"4 - CSV, STU Døckerslundsvej, Beskæftigelses- og Socialforvaltningen",Døckerslundsvej 186,5000,Odense C,17/03 - 2014,,23
35209115,Odense Kommune,"4 - CSV stu Bo-Brangstrup, Beskæftigelses- og Socialforvaltningen",Volstrupvej 18,5750,Ringe,01/01 - 1993,,28
35209115,Odense Kommune,3 - Sundhedsklinik Havebæk,Østerbæksvej 83,5230,Odense M,01/01 - 2017,,2-4
35209115,Odense Kommune,3 - Sundhedsklinik VIVO,Risingsvej 120,5240,Odense NØ,01/01 - 2017,,0
35209115,Odense Kommune,3 - Sundhedsklinik Ørbækvej,"Ørbækvej 100A, st",5220,Odense SØ,01/03 - 2025,,
35209115,Odense Kommune,3 - Genoptræningscenter Bolbro,Møllemarksvej 39,5200,Odense V,09/01 - 2013,,0
35209115,Odense Kommune,3 - Genoptræningscenter Frederiksbroen,Georgsgade 61B,5000,Odense C,01/01 - 2015,,1
35209115,Odense Kommune,3 - Genoptræningscenter Sanderum,Mågebakken 80,5250,Odense SV,05/02 - 2009,,17
35209115,Odense Kommune,3 - Genoptræningscenter Øst,"Risingsvej 90A, st",5240,Odense NØ,16/10 - 2013,,0
35209115,Odense Kommune,0 - Odense Zoologiske Have,Sdr. Boulevard 306,5000,Odense C,11/10 - 2011,,0
35209115,Odense Kommune,0 - Elsesminde Odense Produktions Højskole,Sanderumvej 117,5250,Odense SV,08/11 - 2011,,1
35209115,Odense Kommune,"3 - Odense Værkstederne, Naturværkstedet Langagervej",Langagervej 1,5220,Odense SØ,15/03 - 2007,,1
35209115,Odense Kommune,"5 - Familie og Forebyggelse, Børneterapien, Ørbækvej 100","Ørbækvej 100A, 1",5220,Odense SØ,01/10 - 2014,,1
35209115,Odense Kommune,3 - OK Aktiv,Albanigade 21D,5000,Odense C,01/01 - 2015,,20-49
35209115,Odense Kommune,3 - Dagcenter Fristedet,Rytterkasernen 7A,5000,Odense C,01/01 - 2015,,0
35209115,Odense Kommune,"2 - Fritid, Park og Vej, Anlæg",Nørregade 36,5000,Odense C,01/08 - 2015,,10-19
35209115,Odense Kommune,"2 - Kultur og Fritid, Odense Havnebad",Gamle Havnekaj 3,5000,Odense C,01/08 - 2016,,1
35209115,Odense Kommune,3 - Bostøtte Rismarksvej,Rismarksvej 80,5200,Odense V,01/10 - 2016,,34
35209115,Odense Kommune,"2 - Økonomi, Ejendom og Digitalisering, Ejendomsadministration",Nørregade 36,5000,Odense C,01/10 - 2019,,
35209115,Odense Kommune,"4 - CSV, Afd. for dagtilbudssteder og sindslidende, Beskæftigelses- og Socialforvaltningen",Sædekildegårdvej 4,5250,Odense SV,10/04 - 2013,,15
35209115,Odense Kommune,"5 - Familie og Forebyggelse, H.C. Andersen Tandklinik",Kløvereng 171,5240,Odense NØ,27/03 - 2007,,0
35209115,Odense Kommune,"5 - Familie og Forebyggelse, Ergo og Fysioterapi i specialundervisningen",Stærmosegårdsvej 51,5230,Odense M,01/08 - 2020,,
35209115,Odense Kommune,3 - Sundhedsklinik Bolbro,Møllemarksvej 39,5200,Odense V,01/01 - 2017,,0
35209115,Odense Kommune,"2 - Kultur og Fritid, Kulturmaskinen, Magasinet",Farvergården 19,5000,Odense C,01/01 - 2022,,
35209115,Odense Kommune,"2 - Kultur og Fritid, Kulturmaskinen Køkkenet",Farvergården 7,5000,Odense C,01/01 - 2022,,
35209115,Odense Kommune,"3 - Diabetes-, Hjerte-kar- og Kolsygepleje og Udviklingsterapi",Risingsvej 112,5240,Odense NØ,01/01 - 2024,,
35209115,Odense Kommune,3 - Vikarkorpset,"Ørbækvej 100B, 1",5220,Odense SØ,01/08 - 2024,,
35209115,Odense Kommune,6 - Odense Nord Miljøcenter,Strandløkkevej 100,5270,Odense N,06/03 - 2025,,
35209115,Odense Kommune,"5 - Familie og Forebyggelse, Ergo- og Fysioterapi 0-6 år og 6-18 år","Ørbækvej 100A, 1",5220,Odense SØ,01/08 - 2020,,
35209115,Odense Kommune,"2 - Kultur og Fritid, Svømmehallen Klosterbakken",Klosterbakken 5,5000,Odense C,01/01 - 1993,,1
35209115,Odense Kommune,"2 - Kultur og Fritid, Filosoffen",Filosofgangen 30,5000,Odense C,01/01 - 1994,,1
35209115,Odense Kommune,0 - Lokalcenter Rosengård,Ørbækvej 150,5220,Odense SØ,11/10 - 2011,,1
35209115,Odense Kommune,3 - Bostedet Munkehatten Peder Skrams Vej,Peder Skrams Vej 19,5220,Odense SØ,01/01 - 1993,,13
35209115,Odense Kommune,3 - Specialtilbuddet Lindegården,"Højbyvej 17A, st",5260,Odense S,01/01 - 1993,,43
35209115,Odense Kommune,"4 - WG Produktion, Beskæftigelses- og Socialforvaltningen",Wichmandsgade 12,5000,Odense C,01/01 - 1993,,3
35209115,Odense Kommune,"5 - Skole, Enghaveskolen",Roesskovsvej 125,5200,Odense V,01/01 - 1993,,86
35209115,Odense Kommune,3 - Odense Værkstederne,Rytterkasernen 19,5000,Odense C,01/01 - 1993,,61
35209115,Odense Kommune,"4 - Behandlingscenter Unge og Rusmidler, Beskæftigelses- og Socialforvaltningen",Slotsgade 7,5000,Odense C,01/01 - 1993,,20
35209115,Odense Kommune,3 - Tornbjerggård,Munkehatten 10,5220,Odense SØ,01/01 - 1993,,70
35209115,Odense Kommune,"4 - St. Dannesbo, Beskæftigelses- og Socialforvaltningen",Bryllevej 20,5250,Odense SV,01/01 - 1993,,63
35209115,Odense Kommune,"4 - CSV Odense, Beskæftigelses- og Socialforvaltningen",Rismarksvej 80,5200,Odense V,01/01 - 1993,,77
35209115,Odense Kommune,3 - Bostedet Munkehatten,Munkehatten 2,5220,Odense SØ,01/01 - 1993,,144
35209115,Odense Kommune,"4 - Krisecenter Odense, Beskæftigelses- og Socialforvaltningen",Rødegårdsvej 91,5000,Odense C,01/01 - 1993,,33
35209115,Odense Kommune,"5 - Familie og Forebyggelse, Løkkehus",Anne Maries Allé 36,5250,Odense SV,01/01 - 1993,,83
35209115,Odense Kommune,"3 - Odense Værkstederne, Industriværkstedet Bregnevej",Bregnevej 14,5220,Odense SØ,01/01 - 1993,,21
35209115,Odense Kommune,"5 - Dagtilbud, Klostergården Børnehus",Bispeengen 123,5270,Odense N,01/01 - 1993,,19
35209115,Odense Kommune,"5 - Skole, Odinskolen",Gillestedvej 15,5240,Odense NØ,01/01 - 1993,,80
35209115,Odense Kommune,"5 - Skole, Åløkkeskolen",Kong Georgs Vej 31,5000,Odense C,01/01 - 1993,,62
35209115,Odense Kommune,3 - Støttecentret Niels Bohr Parken,Bredagerløkken 100,5220,Odense SØ,01/01 - 1993,,5
35209115,Odense Kommune,"5 - Dagtilbud, Lungstedvangen Børnehus",Lungstedvangen 2-6,5250,Odense SV,01/01 - 1993,,13
35209115,Odense Kommune,"5 - Dagtilbud, Juelsgade Børnehus",Juelsgade 1,5000,Odense C,01/01 - 1993,,19
35209115,Odense Kommune,"5 - Dagtilbud, Fridasholm Børnehus",Fridasholmvej 3,5240,Odense NØ,01/01 - 1993,,16
35209115,Odense Kommune,5 - UngOdense,"Niels Bohrs Allé 210, st",5220,Odense SØ,01/01 - 1993,,120
35209115,Odense Kommune,3 - Bo- og Støttetilbuddet Rødegårdsvej,Rødegårdsvej 20,5000,Odense C,01/01 - 1993,,16
35209115,Odense Kommune,"5 - Dagtilbud, Albanigade Børnehus",Albanigade 21C,5000,Odense C,01/01 - 1993,,20
35209115,Odense Kommune,"5 - Skole, Stige skole",Stigevej 247,5270,Odense N,01/01 - 1993,,41
35209115,Odense Kommune,"5 - Dagtilbud, Kastaniegården Børnehus",Bogensevej 135,5270,Odense N,01/01 - 1993,,7
35209115,Odense Kommune,"5 - Skole, Næsby Skole",Skolevej 9,5270,Odense N,01/01 - 1993,,59
35209115,Odense Kommune,3 - Støttecentret Poppelhaven,Poppelhaven 91,5240,Odense NØ,01/01 - 1993,,7
35209115,Odense Kommune,"5 - Dagtilbud, Næsbyhovedgård Børnehus",Fuglsang 8,5270,Odense N,01/01 - 1993,,13
35209115,Odense Kommune,"5 - Dagtilbud, Tornbjerg Børnehus",Munkehatten 7,5220,Odense SØ,01/01 - 1993,,25
35209115,Odense Kommune,"5 - Dagtilbud, Børneplaneten Børnehus",Jacob Hansens Vej 103,5260,Odense S,01/01 - 1993,,16
35209115,Odense Kommune,"5 - Dagtilbud, Kronhjortløkken Børnehus",Kronhjortløkken 165,5210,Odense NV,01/01 - 1993,,7
35209115,Odense Kommune,"5 - Skole, Sct. Hans Skole",Skibhusvej 188,5000,Odense C,01/01 - 1993,,106
35209115,Odense Kommune,"5 - Dagtilbud, Ællingen Børnehus",Hjulets Kvarter 305,5220,Odense SØ,01/01 - 1993,,21
35209115,Odense Kommune,"5 - Dagtilbud, Rulkedalen Børnehus",Rulkedalen 2,5260,Odense S,01/01 - 1993,,16
35209115,Odense Kommune,2 - By- og Kulturforvaltningen,Nørregade 36-38,5000,Odense C,01/01 - 1993,,321
35209115,Odense Kommune,"5 - Dagtilbud, Honningkrukken Børnehus",Rismarksvej 105,5210,Odense NV,01/01 - 1993,,14
35209115,Odense Kommune,"5 - Skole, Hjalleseskolen",Solbærvej 5,5260,Odense S,01/01 - 1993,,73
35209115,Odense Kommune,"5 - Dagtilbud, Louisegården Børnehus",Louisevænget 9,5270,Odense N,01/01 - 1993,,18
35209115,Odense Kommune,"5 - Dagtilbud, Bolden Børnehus",Godhedsmindevej 20,5260,Odense S,01/01 - 1993,,12
35209115,Odense Kommune,"5 - Dagtilbud, Bifrost Børnehus",Korsløkkehaven 87,5220,Odense SØ,01/01 - 1993,,22
35209115,Odense Kommune,"5 - Skole, Agedrup Skole",Brolandvej 16,5320,Agedrup,01/01 - 1993,,58
35209115,Odense Kommune,"5 - Dagtilbud, Skatteøen Børnehus",Schacksgade 41,5000,Odense C,01/01 - 1993,,38
35209115,Odense Kommune,"5 - Dagtilbud, Dalum Børnehus",Dalumgårds Allé 1B,5250,Odense SV,01/01 - 1993,,13
35209115,Odense Kommune,"5 - Skole, Hunderupskolen",Solfaldsvej 11,5000,Odense C,01/01 - 1993,,70
35209115,Odense Kommune,"5 - Familie og Forebyggelse, Børn og Familierådgivningen","Tolderlundsvej 3B, 1",5000,Odense C,01/01 - 1993,,162
35209115,Odense Kommune,"2 - Kultur og Fritid, Hoved- og Lokalbiblioteker","Østre Stationsvej 15, 1",5000,Odense C,01/01 - 1993,,46
35209115,Odense Kommune,"5 - Skole, Højmeskolen",Højmevænget 3,5250,Odense SV,01/01 - 1993,,89
35209115,Odense Kommune,3 - Plejehjemmet Hvenekilden,Fridasholmvej 10,5240,Odense NØ,01/01 - 1993,,43
35209115,Odense Kommune,"5 - Skole, Munkebjergskolen",Fengersvej 6,5230,Odense M,01/01 - 1993,,87
35209115,Odense Kommune,3 - Plejehjemmet Enrum,Pomosavej 17,5270,Odense N,01/01 - 1993,,45
35209115,Odense Kommune,3 - Flådestyring og Værksted,Kildemosevej 8,5000,Odense C,01/01 - 1993,,19
35209115,Odense Kommune,3 - Plejehjemmet Marienlund,Drejøgade 1A,5000,Odense C,01/01 - 1993,,84
35209115,Odense Kommune,"5 - Dagtilbud, Mælkebøtten Børnehus",Landbrugsvej 45,5260,Odense S,01/01 - 1993,,14
35209115,Odense Kommune,"5 - Dagtilbud, Hjertegården Børnehus",Christmas Møllers Vej 23,5200,Odense V,01/01 - 1993,,16
35209115,Odense Kommune,"2 - Kultur og Fritid, Fritid",Israels Plads 3,5200,Odense V,01/01 - 1993,,118
35209115,Odense Kommune,"5 - Dagtilbud, Solskrænten Børnehus",Rasmus Nielsens Vej 2,5000,Odense C,01/01 - 1993,,8
35209115,Odense Kommune,"5 - Skole, Dalumskolen",Demantsvej 30,5260,Odense S,01/01 - 1993,,136
35209115,Odense Kommune,"5 - Skole, Korup Skole",Præstevej 2,5210,Odense NV,01/01 - 1993,,131
35209115,Odense Kommune,3 - Støttecentret Herluf Trolle,Otte Ruds Vej 337,5220,Odense SØ,01/01 - 1993,,4
35209115,Odense Kommune,"5 - Dagtilbud, Willeruplund Børnehus",Jeppe Aakjærs Allé 19,5210,Odense NV,01/01 - 1993,,22
35209115,Odense Kommune,"5 - Dagtilbud, Lærkereden Børnehus",Fuglebakken 26,5210,Odense NV,01/01 - 1993,,15
35209115,Odense Kommune,3 - Støttecentret Præstegårdshaven,Præstegårdsvænget 80,5210,Odense NV,01/01 - 1993,,10
35209115,Odense Kommune,3 - Botilbuddet Rydsåvej,Rydsåvej 66,5210,Odense NV,01/01 - 1993,,49
35209115,Odense Kommune,"5 - Dagtilbud, Elsdyrløkken Børnehus",Elsdyrløkken 87,5210,Odense NV,01/01 - 1993,,9
35209115,Odense Kommune,"5 - Dagtilbud, Stige Børnehus",Skippervej 9B,5270,Odense N,01/01 - 1993,,12
35209115,Odense Kommune,"5 - Skole, Højby Skole",Nørrelunden 20,5260,Odense S,01/01 - 1993,,64
35209115,Odense Kommune,"5 - Dagtilbud, Lillelund Børnehus",Kirkegyden 23,5270,Odense N,01/01 - 1993,,14
35209115,Odense Kommune,"5 - Dagtilbud, Tryllefløjten Børnehus",Palnatokesvej 47,5000,Odense C,01/01 - 1993,,27
35209115,Odense Kommune,"5 - Dagtilbud, Evigglad Børnehus",Slåenhaven 12,5240,Odense NØ,01/01 - 1993,,14
35209115,Odense Kommune,"5 - Dagtilbud, Haustruphave Børnehus",Beravænget 22,5210,Odense NV,01/01 - 1993,,14
35209115,Odense Kommune,"5 - Dagtilbud, Dyrup Børnehus",Højmevænget 44,5250,Odense SV,01/01 - 1993,,10
35209115,Odense Kommune,"5 - Dagtilbud, Jernbanegade Børnehus",Slotsgade 11,5000,Odense C,01/01 - 1993,,9
35209115,Odense Kommune,"5 - Skole, Paarup Skole",Paarupvej 19,5210,Odense NV,01/01 - 1993,,143
35209115,Odense Kommune,"5 - Skole, Rasmus Rask-Skolen",Brændekildevej 30,5250,Odense SV,01/01 - 1993,,84
35209115,Odense Kommune,"5 - Familie og Forebyggelse, Center for Tandpleje",Grønløkkevej 28A,5000,Odense C,01/01 - 1993,,15
35209115,Odense Kommune,3 - Plejehjemmet Østerbæk,Østerbæksvej 83,5230,Odense M,01/01 - 1993,,71
35209115,Odense Kommune,3 - Plejehjemmet Frederiksbroen,Georgsgade 61B,5000,Odense C,01/01 - 1993,,50
35209115,Odense Kommune,"5 - Dagtilbud, Vandtårnet Børnehus",Hjallesevej 3,5000,Odense C,01/01 - 1993,,13
35209115,Odense Kommune,"5 - Skole, Kroggårdsskolen",Smedebakken 22,5270,Odense N,01/01 - 1993,,71
35209115,Odense Kommune,"5 - Dagtilbud, Grævlingeløkken Børnehus",Grævlingløkken 101,5210,Odense NV,01/01 - 1993,,14
35209115,Odense Kommune,3 - Fællesboligerne Lille Glasvej,Kanslergade 8,5000,Odense C,01/01 - 1993,,55
35209115,Odense Kommune,"5 - Dagtilbud, Ådalen Børnehus",Sdr. Boulevard 180,5000,Odense C,01/01 - 1993,,19
35209115,Odense Kommune,"5 - Skole, Ejerslykkeskolen",Rødegårdsvej 164,5230,Odense M,01/01 - 1993,,108
35209115,Odense Kommune,"5 - Dagtilbud, Stjernen Børnehus",Prins Haralds Allé 103,5250,Odense SV,01/01 - 1993,,21
35209115,Odense Kommune,"1 - Borgmesterforvaltningen, Rådhuset",Flakhaven 2,5000,Odense C,01/01 - 1993,,830
35209115,Odense Kommune,"5 - Dagtilbud, Søhus Børnehus",Bispeengen 1,5270,Odense N,01/01 - 1993,,19
35209115,Odense Kommune,"5 - Dagtilbud, Tænkehatten Børnehus",Mågebakken 150,5250,Odense SV,01/01 - 1993,,25
35209115,Odense Kommune,"5 - Skole, Holluf Pile Skole",Nøglens Kvarter 10,5220,Odense SØ,01/01 - 1993,,99
35209115,Odense Kommune,"5 - Skole, Provstegårdskolen",Middelfartvej 180,5200,Odense V,01/01 - 1993,,103
35209115,Odense Kommune,"5 - Dagtilbud, Hjulet Børnehus",Hjulets Kvarter 199,5220,Odense SØ,01/01 - 1993,,17
35209115,Odense Kommune,3 - Hjælpemiddelservice og Kommunikationscenter Odense,Landbrugsvej 12,5260,Odense S,01/01 - 1993,,31
35209115,Odense Kommune,"5 - Dagtilbud, Skovspiren Børnehus",Kløvereng 175,5240,Odense NØ,01/01 - 1993,,20
35209115,Odense Kommune,"5 - Dagtilbud, Dalumgård Børnehus",Heliosvænget 18,5250,Odense SV,01/01 - 1993,,15
35209115,Odense Kommune,"5 - Skole, Tingløkkeskolen",Bergendals Allé 25,5250,Odense SV,01/01 - 1993,,102
35209115,Odense Kommune,"5 - Skole, Risingskolen",Risingsvej 25,5000,Odense C,01/01 - 1993,,144
35209115,Odense Kommune,"5 - Dagtilbud, Skovløkken Børnehus",Klaus Berntsens Vej 15,5260,Odense S,01/01 - 1993,,17
35209115,Odense Kommune,"5 - Skole, Vestre Skole",Roersvej 10,5000,Odense C,01/01 - 1993,,62
35209115,Odense Kommune,"5 - Skole, Lumby Skole",Harlekinvej 74,5270,Odense N,01/01 - 1993,,84
35209115,Odense Kommune,"5 - Dagtilbud, Pilebækken Børnehus",Brolandvænget 4,5320,Agedrup,01/01 - 1993,,10
35209115,Odense Kommune,"5 - Dagtilbud, Ejerslykke Vug. Børnehus",Carl Blochs Vej 12,5230,Odense M,01/01 - 1993,,21
35209115,Odense Kommune,"5 - Skole, Skt. Klemensskolen",Dahlsvej 1,5260,Odense S,01/01 - 1993,,74
35209115,Odense Kommune,"5 - Dagtilbud, Holluf Pile Børnehus",Klokkens Kvarter 19,5220,Odense SØ,01/01 - 1993,,14
35209115,Odense Kommune,3 - Støttecentret Klostervej,Klostervej 18,5000,Odense C,01/01 - 1993,,12
35209115,Odense Kommune,"1 - Borgmesterforvaltningen, Teknologi, Data og Forretnings-IT","Egeparken 2A, 8",5240,Odense NØ,01/01 - 1993,,147
35209115,Odense Kommune,"5 - Dagtilbud, Lille Højstrup Børnehus",Regner Lodbrogs Vej 80,5200,Odense V,01/01 - 1993,,18
35209115,Odense Kommune,"5 - Skole, Seden Skole",Bullerupvej 30,5240,Odense NØ,01/01 - 1993,,94
35209115,Odense Kommune,"4 - Skulkenborg, Beskæftigelses- og Socialforvaltningen",Skulkenborg 1,5000,Odense C,01/01 - 1993,,150
35209115,Odense Kommune,"5 - Dagtilbud, Storkereden Børnehus",Langelandsgade 4,5000,Odense C,01/01 - 1993,,15
35209115,Odense Kommune,"5 - Skole, Søhusskolen",Bispeengen 3,5270,Odense N,01/01 - 1993,,44
35209115,Odense Kommune,5 - Administration BUF,"Ørbækvej 100A, st",5220,Odense SØ,01/01 - 1993,,309
35209115,Odense Kommune,"5 - Dagtilbud, Tingvallagården Børnehus",Tingvallavej 69,5210,Odense NV,01/01 - 1993,,12
35209115,Odense Kommune,"5 - Dagtilbud, Brobækken Børnehus",Brobæklunden 50,5260,Odense S,01/01 - 1993,,18
35209115,Odense Kommune,"5 - Dagtilbud, Tolderlunden Børnehus",Tolderlundsvej 31,5000,Odense C,01/01 - 1993,,11
35209115,Odense Kommune,"5 - Dagtilbud, Tranehøjen Børnehus",Tranehøjen 342,5250,Odense SV,01/01 - 1993,,12
35209115,Odense Kommune,"5 - Skole, Sanderumskolen",Væddeløbsvej 4,5250,Odense SV,01/01 - 1993,,132
35209115,Odense Kommune,"5 - Dagtilbud, Viben Børnehus",Væbnerhatten 32,5220,Odense SØ,01/01 - 1993,,14
35209115,Odense Kommune,3 - Plejehjemmet Skt. Hans Parken,Sprogøvej 4,5000,Odense C,01/01 - 1993,,49
35209115,Odense Kommune,"5 - Skole, Tarup skole",Tarupgårdsvej 1,5210,Odense NV,01/01 - 1993,,93
35209115,Odense Kommune,"5 - Skole, Spurvelundskolen",Spurvelundsvej 16,5270,Odense N,01/01 - 1993,,28
35209115,Odense Kommune,"5 - Dagtilbud, Asgård Børnehus",Zachariasvænget 2,5260,Odense S,01/01 - 1993,,14
35209115,Odense Kommune,"5 - Skole, Tingkærskolen",Ørbækvej 701,5220,Odense SØ,01/01 - 1993,,62
35209115,Odense Kommune,"5 - Dagtilbud, Ærtebjerggård Børnehus",Ærtebjerggårdvej 88,5270,Odense N,01/01 - 1993,,12
35209115,Odense Kommune,"5 - Dagtilbud, Kærsgård Børnehus",Sædekildegårdvej 2,5250,Odense SV,01/01 - 1993,,27
35209115,Odense Kommune,"4 - Beskæftigelse, Beskæftigelses- og Socialforvaltningen",Tolderlundsvej 2,5000,Odense C,01/01 - 1993,,342
35209115,Odense Kommune,3 - Plejehjemmet Villestofte,Tyrsbjergvej 4A,5210,Odense NV,01/01 - 1993,,83
35209115,Odense Kommune,3 - Støttecentret Emilieparken,"Skt. Hans Gade 79, 2. i.",5000,Odense C,01/01 - 1993,,6
35209115,Odense Kommune,"5 - Dagtilbud, Torpegården Børnehus",Sommerfuglevej 27,5260,Odense S,01/01 - 1993,,17
35209115,Odense Kommune,3 - Plejehjemmet Blomsterdalen,"Risingsvej 90A, st",5240,Odense NØ,01/01 - 1993,,119
35209115,Odense Kommune,"5 - Dagtilbud, Blangstedgård Børnehus",Stammen 2,5220,Odense SØ,01/01 - 1993,,32
35209115,Odense Kommune,"5 - Skole, Rosengårdskolen",Stærmosegårdsvej 51,5230,Odense M,01/01 - 1993,,148
35209115,Odense Kommune,"5 - Skole, Ubberud skole",Ubberudvej 30,5491,Blommenslyst,01/01 - 1993,,49
35209115,Odense Kommune,"5 - Dagtilbud, Svenstrup Børnehus",Østerdalen 6,5260,Odense S,01/01 - 1993,,20
35209115,Odense Kommune,"5 - Dagtilbud, Stærekassen Børnehus",Ærtebjerggårdvej 3,5270,Odense N,01/01 - 1994,,11
35209115,Odense Kommune,"5 - Dagtilbud, Midgård Børnehus",Bøgedals Allé 37,5250,Odense SV,01/01 - 1994,,37
35209115,Odense Kommune,"5 - Dagtilbud, Svanen Børnehus",Væbnerhatten 196,5220,Odense SØ,01/01 - 1994,,16
35209115,Odense Kommune,3 - Fællesskabet Kochsgade,Kochsgade 31A,5000,Odense C,01/01 - 1994,,36
35209115,Odense Kommune,"5 - Dagtilbud, Bjørnemosen Børnehus",Bjørnemosevej 215,5260,Odense S,01/01 - 1994,,25
35209115,Odense Kommune,"5 - Dagtilbud, Åløkke Børnehus",Kong Georgs Vej 27,5000,Odense C,01/01 - 1994,,22
35209115,Odense Kommune,"5 - Dagtilbud, Unsgård Børnehus",Unsgaardsgade 1A,5000,Odense C,01/01 - 1994,,16
14268235,OK-FONDEN,Bostedet Jelling Have,Bethaniavej 5,7300,Jelling,13/01 - 2011,13/01 - 2011,
14268235,OK-FONDEN,OK-Centret Enghaven,Søvangen 1,8700,Horsens,13/01 - 2011,13/01 - 2011,
14268235,OK-FONDEN,A/B Rathloushus,Rosensgade 126,8300,Odder,25/09 - 2007,31/12 - 2008,
14268235,OK-FONDEN,Klubhuset Jellinggård,Fårupvej 34,7300,Jelling,24/11 - 2008,31/12 - 2010,
14268235,OK-FONDEN,OK-Fonden,"Frederiksberg Alle 104, 1",1820,Frederiksberg C,25/09 - 2007,25/09 - 2007,
14268235,OK-FONDEN,S/I Rosenhaven,Rosenhaven 2,3070,Snekkersten,25/09 - 2007,31/12 - 2008,
14268235,OK-FONDEN,S/I Grethe,Sjællandsgade 2-4,8900,Randers C,25/09 - 2007,30/12 - 2007,1
14268235,OK-FONDEN,A/B Trekroner,Isafjordvej 19,4000,Roskilde,25/09 - 2007,30/12 - 2007,0
14268235,OK-FONDEN,S/I Egely,Skovvejen 46,8850,Bjerringbro,25/09 - 2007,31/12 - 2008,1
14268235,OK-FONDEN,S/I Enghaverne,Enghaverne 2-12,5300,Kerteminde,25/09 - 2007,30/12 - 2007,1
14268235,OK-FONDEN,Bostedet Jelling Have,Bethaniavej 5,7300,Jelling,24/11 - 2008,30/12 - 2010,20-49
14268235,OK-FONDEN,OK-Centret Enghaven,Søvangen 1,8700,Horsens,18/12 - 2007,30/12 - 2010,100-199
14268235,OK-FONDEN,S/I Stensluncentret,Stenslund 9,8300,Odder,25/09 - 2007,30/12 - 2007,1
14268235,OK-FONDEN,S/I Kamillianergården,Kastetvej 3,9000,Aalborg,25/09 - 2007,30/12 - 2007,1
14268235,OK-FONDEN,OK-Hjemmet Lotte,Kochsvej 30,1812,Frederiksberg C,18/12 - 2007,31/03 - 2015,0
14268235,OK-FONDEN,Christiansminde,Christiansmindevej 6,5700,Svendborg,25/09 - 2007,30/12 - 2007,1
14268235,OK-FONDEN,OK Centret Dreyershus,Agtrupvej 22,6000,Kolding,01/08 - 2000,31/12 - 2016,0
14268235,OK-FONDEN,S/I Ribisvej 7,Ribisvej 7,2820,Gentofte,25/09 - 2007,30/12 - 2007,0
14268235,OK-FONDEN,OK-Hjemmet Helenes Minde,Allegade 2,2000,Frederiksberg,18/12 - 2007,28/02 - 2013,20-49
14268235,OK-FONDEN,OK Centret Betty Sørensen Parken,Betty Sørensen Parken 14,7100,Vejle,01/04 - 2006,31/07 - 2014,0
14268235,OK-FONDEN,S/I Højvanggård,Højvanggård 1-13,4000,Roskilde,25/09 - 2007,31/12 - 2008,
14268235,OK-FONDEN,S/I Rørvig Mølle,Ved Møllen 2-26,4581,Rørvig,25/09 - 2007,31/12 - 2008,
14268235,OK-FONDEN,S/I Ved Dyrup Kirke,Faaborgvej 355-361,5250,Odense SV,26/09 - 2007,31/12 - 2008,
14268235,OK-FONDEN,S/I Præstegårdshaven,Himmelev Sognevej 126,4000,Roskilde,25/09 - 2007,01/09 - 2023,1
14268235,OK-FONDEN,S/I Frederiksberg Alle 16,Frederiksberg Alle 16,1820,Frederiksberg C,25/09 - 2007,01/09 - 2023,
14268235,OK-FONDEN,OK-Huset Horsens,Søvangen 1,8700,Horsens,01/10 - 2015,01/09 - 2023,
14268235,OK-FONDEN,Kong Frederik IX´s hjem,Kirstinedalsvej 11,2000,Frederiksberg,01/10 - 2015,28/05 - 2025,1
14268235,OK-FONDEN,OK Centret Baeshøjgård,Baeshøjgårdsvej 2-4,4560,Vig,01/03 - 2004,02/06 - 2025,65
14268235,OK-FONDEN,S/I Helsingør,"Lersø Parkallé 112, 2",2100,København Ø,25/09 - 2007,,1
14268235,OK-FONDEN,Hospice Søndergård,Tueholmen 6,2760,Måløv,04/02 - 2010,,65
14268235,OK-FONDEN,OK-Centret Dronning Anne Marie,Solbjerg Have 7,2000,Frederiksberg,01/10 - 2015,,141
14268235,OK-FONDEN,Hansted Kloster,Egebjergvej 100,8700,Horsens,01/01 - 2018,,54
14268235,OK-FONDEN,Sct. Jørgens Gård,Levysgade 6,8700,Horsens,01/01 - 2018,,28
14268235,OK-FONDEN,Jellinggård,Fårupvej 34,7300,Jelling,01/01 - 2018,,10
14268235,OK-FONDEN,Kollegiet,Hærvejen 147,7323,Give,01/01 - 2018,,11
14268235,OK-FONDEN,Ravnebjerg,Ravnebjerget 9,8700,Horsens,01/01 - 2018,,19
14268235,OK-FONDEN,OK-Fonden Enghaven,Søvangen 1,8700,Horsens,01/01 - 2018,,136
14268235,OK-FONDEN,Bostedet Jelling Have,Bethaniavej 5,7300,Jelling,01/01 - 2018,,74
14268235,OK-FONDEN,OK-Fonden Helenes Minde,Lersø Parkallé 30,2100,København Ø,01/01 - 2018,,101
14268235,OK-FONDEN,OK-Fonden Thea,Mariendalsvej 30,2000,Frederiksberg,01/01 - 2018,,64
14268235,OK-FONDEN,Arresødal Slot,Arresødalvej 100,3300,Frederiksværk,01/12 - 2018,,42
14268235,OK-FONDEN,OK-Fonden Bavne Ager,Bavne Ager 1A,3250,Gilleleje,15/03 - 2019,,122
14268235,OK-FONDEN,OK-Fonden Vostrup Højskole,Tarmvej 73,6880,Tarm,01/02 - 2021,,61
14268235,OK-FONDEN,Fabrikvej,Fabrikvej 11A,8700,Horsens,22/10 - 2024,,21
14268235,OK-FONDEN,OK-Huset Horsens,Levysgade 6,8700,Horsens,06/07 - 2011,,1
14268235,OK-FONDEN,Cafe Himmelblå,Vejlevej 10,8700,Horsens,01/05 - 2015,,1
14268235,OK-FONDEN,Danas Have,Danas Have 1,4200,Slagelse,19/09 - 2025,,
14268235,OK-FONDEN,Harresø Kro og STU,Hærvejen 147,7323,Give,01/07 - 2017,,2
14268235,OK-FONDEN,OK-Fonden Høng Erhvervsskole,Kulbyvej 9,4270,Høng,22/12 - 2021,,
14268235,OK-FONDEN,OK-Fonden Vonsildhave,Hjarupvej 10,6000,Kolding,01/07 - 2024,,
14268235,OK-FONDEN,OK-Hjemmet Arendse,Lersø Parkallé 30,2100,København Ø,18/12 - 2007,,22
14268235,OK-FONDEN,OK-FONDEN,"Lersø Parkallé 112, 2",2100,København Ø,01/01 - 1985,,65
31326699,OPERATE TECHNOLOGY A/S,OPERATE TECHNOLOGY A/S,Jesper Brochmands Gade 10,2200,København N,11/03 - 2008,,10
42334219,OTICON A/S,OTICON A/S, 58,9999,Ukendt,30/12 - 1957,13/10 - 1964,
42334219,OTICON A/S,DGS Denmark A/S,Tilstedvej 73,7700,Thisted,22/11 - 1976,31/12 - 2018,5-9
42334219,OTICON A/S,OTICON A/S,Sundbyvej 19 1.,7752,Snedsted,01/05 - 2019,,3
42334219,OTICON A/S,Oticon A/S,Audiometer Alle 1,5500,Middelfart,01/07 - 2020,,7
42334219,OTICON A/S,Oticon A/S,Industriparken 27,2750,Ballerup,01/07 - 2020,,1
42334219,OTICON A/S,Demant Enterprise A/S,Tempovej 15,2750,Ballerup,01/01 - 2021,,124
42334219,OTICON A/S,DGS Denmark A/S,Tempovej 15,2750,Ballerup,01/07 - 1991,,145
42334219,OTICON A/S,Oticon A/S,Niels Jernes Vej 10,9220,Aalborg Øst,01/05 - 2021,,6
42334219,OTICON A/S,Eriksholm Research Centre,Rørtangvej 20,3070,Snekkersten,01/01 - 1981,,41
42334219,OTICON A/S,OTICON A/S,Kongebakken 9,2765,Smørum,14/10 - 1964,,1567
13594376,"PFA PENSION, FORSIKRINGSAKTIESELSKAB.","PFA PENSION, FORSIKRINGSAKTIESELSKAB.",Sundkrogsgade 4,2100,København Ø,19/12 - 1988,01/01 - 2003,
13594376,"PFA PENSION, FORSIKRINGSAKTIESELSKAB.","PFA PENSION, FORSIKRINGSAKTIESELSKAB.",Kongensgade 27,5000,Odense C,20/10 - 1980,31/12 - 2003,5-9
13594376,"PFA PENSION, FORSIKRINGSAKTIESELSKAB.","PFA PENSION, FORSIKRINGSAKTIESELSKAB.","Gammel Gugvej 17B, 2",9000,Aalborg,20/10 - 1980,06/03 - 2011,2-4
13594376,"PFA PENSION, FORSIKRINGSAKTIESELSKAB.","PFA PENSION, FORSIKRINGSAKTIESELSKAB.",Bredgade 57,7400,Herning,01/01 - 1983,31/12 - 2003,5-9
13594376,"PFA PENSION, FORSIKRINGSAKTIESELSKAB.","PFA PENSION, FORSIKRINGSAKTIESELSKAB.",Petersbjerggård 10,6000,Kolding,20/10 - 1980,30/12 - 2009,10-19
13594376,"PFA PENSION, FORSIKRINGSAKTIESELSKAB.","PFA PENSION, FORSIKRINGSAKTIESELSKAB.",Herlev Hovedgade 119A,2730,Herlev,01/01 - 1986,06/03 - 2011,0
13594376,"PFA PENSION, FORSIKRINGSAKTIESELSKAB.","PFA PENSION, FORSIKRINGSAKTIESELSKAB.",Kongevejs-Centret 6,2970,Hørsholm,21/06 - 1984,31/12 - 2003,1
13594376,"PFA PENSION, FORSIKRINGSAKTIESELSKAB.","PFA PENSION, FORSIKRINGSAKTIESELSKAB.",Farvergade 9,4700,Næstved,20/10 - 1980,31/12 - 2003,5-9
13594376,"PFA PENSION, FORSIKRINGSAKTIESELSKAB.","PFA PENSION, FORSIKRINGSAKTIESELSKAB.",Jyllandsgade 54,8700,Horsens,01/01 - 1997,31/12 - 2003,2-4
13594376,"PFA PENSION, FORSIKRINGSAKTIESELSKAB.","PFA PENSION, FORSIKRINGSAKTIESELSKAB","Horsensvej 72B, 1",7100,Vejle,19/11 - 2009,,17
13594376,"PFA PENSION, FORSIKRINGSAKTIESELSKAB.","PFA PENSION, FORSIKRINGSAKTIESELSKAB.","Mariane Thomsens Gade 4B, 1. 1.",8000,Aarhus C,20/10 - 1980,,24
13594376,"PFA PENSION, FORSIKRINGSAKTIESELSKAB.","PFA PENSION, FORSIKRINGSAKTIESELSKAB.",Sundkrogsgade 4,2100,København Ø,20/10 - 1980,,1482
69720919,PHARMACOSMOS HOLDING A/S,PHARMACOSMOS HOLDING A/S, 27,9999,Ukendt,12/10 - 1965,27/02 - 1966,
69720919,PHARMACOSMOS HOLDING A/S,PHARMACOSMOS HOLDING A/S,Rørvangsvej 30,4300,Holbæk,28/02 - 1966,,1
28505116,Pandora A/S,Pandora IIlums,Østergade 52,1100,København K,24/09 - 2010,23/07 - 2014,0
28505116,Pandora A/S,Pandora A/S - Egegårdsvej,Egegårdsvej 32,2610,Rødovre,13/03 - 2012,31/10 - 2014,100-199
28505116,Pandora A/S,Pandora Magasin Odense,Vestergade 20,5000,Odense C,01/08 - 2011,12/02 - 2014,0
28505116,Pandora A/S,Pandora FRIIS Plan O,Nytorv 27,9000,Aalborg,24/09 - 2010,23/07 - 2014,0
28505116,Pandora A/S,Pandora A/S Bryggen,Søndertorv 4,7100,Vejle,24/09 - 2010,23/07 - 2014,0
28505116,Pandora A/S,Pandora Jewelry Norden,Søndre Ringvej 49,2605,Brøndby,15/11 - 2010,31/12 - 2011,5-9
28505116,Pandora A/S,Pandora Københavns Lufthavn,Lufthavnsboulevarden 6,2770,Kastrup,24/09 - 2010,23/07 - 2014,0
28505116,Pandora A/S,Pandora A/S Vimmelskaftet,Vimmelskaftet 42,1161,København K,24/09 - 2010,12/02 - 2014,0
28505116,Pandora A/S,Pandora A/S Magasin Kgs. Nytorv,Kongens Nytorv 13,1050,København K,01/01 - 2012,12/02 - 2014,0
28505116,Pandora A/S,Pandora A/S Magasin Århus,Immervad 2-8,8000,Aarhus C,01/08 - 2011,30/08 - 2013,5-9
28505116,Pandora A/S,Pandora A/S,Havneholmen 17-19,1561,København V,09/03 - 2005,,1208
26663903,POST DANMARK A/S,"Københavns Postcenter, Videokodningen",Bernstorffsgade 34,1577,København V,11/06 - 2007,28/02 - 2010,
26663903,POST DANMARK A/S,Post Danmark Facility Service,Hallas Alle 1,4400,Kalundborg,18/12 - 2009,02/03 - 2010,
26663903,POST DANMARK A/S,Post Danmark B7200 Grindsted,Østergade 21,7200,Grindsted,01/01 - 2018,31/05 - 2018,
26663903,POST DANMARK A/S,PostNord Danmark,Banegårdspladsen 8,9700,Brønderslev,04/09 - 2017,01/09 - 2018,
26663903,POST DANMARK A/S,Haarby Posthus,Akkerupvej 1,5683,Haarby,01/01 - 2008,28/02 - 2010,
26663903,POST DANMARK A/S,POST DANMARK A/S Nordhavn Posthus,Århusgade 126,2150,Nordhavn,01/01 - 2005,01/01 - 2005,
26663903,POST DANMARK A/S,POST DANMARK Midtbyen Omdelingscenter,Adelgade,9000,Aalborg,01/01 - 2004,01/01 - 2004,
26663903,POST DANMARK A/S,"Post Danmark, Farum omdelingscenter",Gammelgårdsvej 100,3520,Farum,25/05 - 2004,25/05 - 2004,
26663903,POST DANMARK A/S,POST DANMARK A/S,Ellemosen 7,8680,Ry,03/09 - 2002,03/09 - 2002,
26663903,POST DANMARK A/S,POST DANMARK Smidstrup Postbutik,Torpsgade 17,7000,Fredericia,01/07 - 2002,31/12 - 2003,
26663903,POST DANMARK A/S,POST DANMARK Korsør Posthus,Jernbanegade 4,4200,Slagelse,01/01 - 2005,01/01 - 2005,
26663903,POST DANMARK A/S,"Post Danmark, Hornbæk Postkontor",Engholmvej 6,3100,Hornbæk,25/05 - 2004,25/05 - 2004,
26663903,POST DANMARK A/S,"Post Danmark, Taastrup posthus, Distributionen",Selsmosevej 25,2630,Taastrup,30/06 - 2004,30/06 - 2004,
26663903,POST DANMARK A/S,Erhvervssalg,Oliefabriksvej 49,2770,Kastrup,24/04 - 2009,28/02 - 2010,
26663903,POST DANMARK A/S,"Post Danmark, Hedehusene posthus, Distributionen",Hotelvej 11,2640,Hedehusene,30/06 - 2004,30/06 - 2004,
26663903,POST DANMARK A/S,POST DANMARK Tranekær Distribution,Slotsgade 54,5953,Tranekær,01/01 - 2005,23/02 - 2010,
26663903,POST DANMARK A/S,POST DANMARK Hovedgaden Postbutik,Hovedgaden 39,8220,Brabrand,06/01 - 2003,11/05 - 2004,
26663903,POST DANMARK A/S,Post danmark distributionscenter,Elmegårdsvej 10,8361,Hasselager,12/01 - 2005,12/01 - 2005,
26663903,POST DANMARK A/S,POST DANMARK Hjallerup Postbutik,Hjallerup Centret 3,9320,Hjallerup,01/01 - 2004,31/12 - 2004,
26663903,POST DANMARK A/S,POST DANMARK ØSTBIRK POSTBUTIK,Ydingvej 10,8752,Østbirk,01/07 - 2002,31/12 - 2004,
26663903,POST DANMARK A/S,POST DANMARK Randal-Centrets Posthus,Thorvaldsensvej 1,7000,Fredericia,19/08 - 2002,19/08 - 2002,
26663903,POST DANMARK A/S,POST DANMARK A/S,Tietgensgade 37,1566,København V,28/06 - 2002,28/06 - 2002,
26663903,POST DANMARK A/S,Post Danmark,Egå Havvej 2A,8250,Egå,10/08 - 2004,10/08 - 2004,
26663903,POST DANMARK A/S,Post Danmark A/S Skjern Distributionscenter (B6901),Farverivej 1,6900,Skjern,12/11 - 2013,08/01 - 2014,
26663903,POST DANMARK A/S,Hårlev distributionscenter,Postvej 1,4652,Hårlev,02/03 - 2004,02/03 - 2004,
26663903,POST DANMARK A/S,POST DANMARK SØNDERBORG POSTOMDELINGSCENTER,Kærvej 92,6400,Sønderborg,04/03 - 2004,04/03 - 2004,
26663903,POST DANMARK A/S,POST DANMARK Sundparken,Chr M Østergaards Vej 1A,8700,Horsens,01/10 - 2006,30/08 - 2010,
26663903,POST DANMARK A/S,POST DANMARK LØGUMKLOSTER POSTKONTOR,Dravedvej 2B,6240,Løgumkloster,15/06 - 2004,15/06 - 2004,
26663903,POST DANMARK A/S,"PostNord Danmark, Vestjyllands Postcenter (B7401)",Godsbanevej 7,7400,Herning,01/07 - 2017,01/04 - 2019,
26663903,POST DANMARK A/S,POST DANMARK Østermarie Postbutik,Godthåbsvej 35,3751,Østermarie,01/01 - 2004,31/01 - 2004,
26663903,POST DANMARK A/S,Post Danmark,Norgesvej 3,8450,Hammel,10/08 - 2004,10/08 - 2004,
26663903,POST DANMARK A/S,Screeningscenter Øst,Bernstorffsgade 34B,1577,København V,24/01 - 2014,31/12 - 2016,
26663903,POST DANMARK A/S,POST Danmark Hjørring Postkontor,Sct Cathrine Vej 25,9800,Hjørring,01/01 - 2004,01/01 - 2004,
26663903,POST DANMARK A/S,Hvalsø Distributionscenter,Tølløsevej 1,4330,Hvalsø,02/03 - 2004,02/03 - 2004,
26663903,POST DANMARK A/S,POST DANMARK Støvring Posthus,Mercurvej 12C,9530,Støvring,01/01 - 2004,01/01 - 2004,
26663903,POST DANMARK A/S,Post Danmark A/S,Carsten Niebuhrs Gade 4,1577,København V,17/02 - 2012,31/07 - 2017,
26663903,POST DANMARK A/S,Post Danmark A/S,Bernstorffsgade 36,1577,København V,17/02 - 2012,31/07 - 2017,
26663903,POST DANMARK A/S,POST DANMARK Hans Broges Posthus,Hans Broges Gade 22,8000,Århus C,01/01 - 2005,23/02 - 2010,
26663903,POST DANMARK A/S,Post Danmark A/S (B2405),Gørtlervej 3,2400,København NV,08/02 - 2012,30/12 - 2013,
26663903,POST DANMARK A/S,Post Danmark Jyderup Distributionscenter,Lynggårdsvej 45,4450,Jyderup,19/11 - 2007,31/12 - 2010,
26663903,POST DANMARK A/S,Post Danmark Facility Service,"Laurentsvej 46, 8. L.",2880,Bagsværd,18/12 - 2009,28/02 - 2010,
26663903,POST DANMARK A/S,Post Danmark Servicedistribution,Hallas Alle 1,4400,Kalundborg,19/12 - 2013,31/12 - 2017,
26663903,POST DANMARK A/S,POST DANMARK Svenstrup Posthus,Fabriksparken 13,9230,Svenstrup J,01/01 - 2004,01/01 - 2004,
26663903,POST DANMARK A/S,POST DANMARK DISTRIBUTIONSCENTER,Skovalleen 46,4800,Nykøbing F,20/10 - 2004,20/10 - 2004,
26663903,POST DANMARK A/S,Post Danmark A/S Venø post,Sønderskovvej 26,7600,Struer,01/05 - 2018,18/02 - 2021,
26663903,POST DANMARK A/S,Post Danmark A/S Tunø post,Tunø Hovedgade 1,8799,Tunø,01/05 - 2018,18/02 - 2021,
26663903,POST DANMARK A/S,POST DANMARK ISLANDS BRYGGE POSTHUS,Islands Brygge 1A,2300,København S,01/01 - 1993,28/02 - 2015,0
26663903,POST DANMARK A/S,POST DANMARK ISHØJ POSTHUS,Ishøj Nørregade 16,2635,Ishøj,01/01 - 1993,30/06 - 2015,0
26663903,POST DANMARK A/S,POST DANMARK HUMLEBÆK POSTHUS,Humlebæk Center 44,3050,Humlebæk,01/01 - 1993,30/09 - 2015,0
26663903,POST DANMARK A/S,POST DANMARK Hadsund Posthus,Himmerlandsgade 10,9560,Hadsund,01/01 - 1993,31/08 - 2015,0
26663903,POST DANMARK A/S,POST DANMARK A/S Service Center Regnskab Øst,Løvstræde 3,1152,København K,26/02 - 2004,30/06 - 2015,0
26663903,POST DANMARK A/S,Post Danmark Servicedistribution,Brennum Park 20H,3400,Hillerød,19/12 - 2013,31/12 - 2017,0
26663903,POST DANMARK A/S,POST DANMARK Hovedbanegården Posthus 0821,Banegårdspladsen 7,1570,København V,01/01 - 1993,30/09 - 2015,1
26663903,POST DANMARK A/S,POST DANMARK HELSINGE POSTKONTOR,Frederiksborgvej 6,3200,Helsinge,01/01 - 1993,30/06 - 2015,0
26663903,POST DANMARK A/S,POST DANMARK SØBORG POSTHUS,Søborg Hovedgade 116,2860,Søborg,01/01 - 1993,31/12 - 2015,2-4
26663903,POST DANMARK A/S,POST DANMARK Asnæs Posthus,Asnæs Centret 49,4550,Asnæs,01/01 - 2004,29/06 - 2010,1
26663903,POST DANMARK A/S,Post Danmark A/S (B4640),Rønnedevej 4,4640,Faxe,08/02 - 2012,31/10 - 2015,0
26663903,POST DANMARK A/S,POST DANMARK Falkoner Posthus,Falkoner Alle 21,2000,Frederiksberg,01/01 - 2005,31/05 - 2015,0
26663903,POST DANMARK A/S,POST DANMARK ASSENS POSTHUS,Østergade 53,5610,Assens,01/01 - 2005,28/02 - 2010,5-9
26663903,POST DANMARK A/S,Post Danmark Pakke City,"Bernstorffsgade 34, kl",1577,København V,23/01 - 2014,31/12 - 2016,0
26663903,POST DANMARK A/S,Post Danmark Henne Strand Posthus,Strandvejen 425,6854,Henne,01/01 - 2001,31/12 - 2002,0
26663903,POST DANMARK A/S,POST DANMARK GEFIONSCENTRET POSTHUS,Fenrisvej 15,3000,Helsingør,01/01 - 1993,06/05 - 2009,2-4
26663903,POST DANMARK A/S,POST DANMARK HARLEV J Distribution,Gammel Stillingvej 427,8462,Harlev J,01/01 - 1993,03/09 - 2009,5-9
26663903,POST DANMARK A/S,POST DANMARK ØLSTYKKE POSTHUS,Ørnebjergvej 2,3650,Ølstykke,01/01 - 1993,14/12 - 2013,5-9
26663903,POST DANMARK A/S,POST DANMARK KRISTRUP POSTHUS,Valdemarsvej 1,8960,Randers SØ,01/01 - 1993,28/02 - 2010,1
26663903,POST DANMARK A/S,POST DANMARK Børkop Distributionscenter,Industrivej 49,7080,Børkop,01/01 - 1993,30/05 - 2013,0
26663903,POST DANMARK A/S,POST DANMARK NØRREVOLD POSTHUS,Nørre Voldgade 56,1358,København K,01/01 - 1993,30/06 - 2010,5-9
26663903,POST DANMARK A/S,POST DANMARK KLØVERMARKEN POSTHUS,Kløvermarken 2A,6400,Sønderborg,01/01 - 1993,23/02 - 2010,2-4
26663903,POST DANMARK A/S,POST DANMARK VEJGAARD POSTHUS,Hadsundvej 33,9000,Aalborg,01/01 - 1993,07/04 - 2011,0
26663903,POST DANMARK A/S,POST DANMARK ØLBY LYNG POSTHUS,Ølbycenter 55,4600,Køge,01/01 - 1993,29/09 - 2012,0
26663903,POST DANMARK A/S,POST DANMARK BOULEVARDEN POSTHUS,Rådmands Boulevard 3,8900,Randers C,01/01 - 1993,09/05 - 2010,2-4
26663903,POST DANMARK A/S,POST DANMARK Hårlev Dristributionscenter,Postvej 1,4652,Hårlev,01/01 - 1993,31/05 - 2012,0
26663903,POST DANMARK A/S,POST DANMARK Bjæverskov Distributionscenter,Ejbovej 29,4632,Bjæverskov,01/01 - 1993,30/01 - 2011,0
26663903,POST DANMARK A/S,POST DANMARK KORSØR POSTHUS,Havnearkaderne 23,4220,Korsør,01/01 - 1993,30/12 - 2012,1
26663903,POST DANMARK A/S,POST DANMARK Klarup Distributionscenter,Postvej 7,9270,Klarup,01/01 - 1993,22/03 - 2010,2-4
26663903,POST DANMARK A/S,POST DANMARK ÅBYHØJ POSTHUS,Silkeborgvej 244,8230,Åbyhøj,01/01 - 1993,31/12 - 2014,0
26663903,POST DANMARK A/S,POST DANMARK Hornbæk Posthus,Hornbæk Stationsvej 6,3100,Hornbæk,01/01 - 1993,30/03 - 2010,2-4
26663903,POST DANMARK A/S,POST DANMARK HEDEHUSENE POSTHUS,Hotelvej 11,2640,Hedehusene,01/01 - 1993,03/11 - 2012,10-19
26663903,POST DANMARK A/S,POST DANMARK CITY 2 POSTHUS,Hveen Boulevard 11,2630,Taastrup,01/01 - 1993,06/05 - 2009,1
26663903,POST DANMARK A/S,POST DANMARK BRØNDBY STRAND POSTHUS,Brøndby Strand Centrum 50,2660,Brøndby Strand,01/01 - 1993,25/04 - 2010,20-49
26663903,POST DANMARK A/S,POST DANMARK Ærøvej Distributionscenter,Ærøvej 5,4700,Næstved,01/01 - 1993,31/10 - 2014,0
26663903,POST DANMARK A/S,POST DANMARK DALUM POSTHUS,Dalumvej 54B,5250,Odense SV,01/01 - 1993,29/09 - 2010,50-99
26663903,POST DANMARK A/S,POST DANMARK KOKKEDAL POSTHUS,Højengen 3,2980,Kokkedal,01/01 - 1993,28/02 - 2010,2-4
26663903,POST DANMARK A/S,POST DANMARK Tørring Distributionscenter,Torvegade 10,7160,Tørring,01/01 - 1993,07/08 - 2013,0
26663903,POST DANMARK A/S,POST DANMARK VEDBÆK POSTHUS,Vedbæk Stationsvej 18,2950,Vedbæk,01/01 - 1993,30/10 - 2011,2-4
26663903,POST DANMARK A/S,POST DANMARK Gug Omdelingscenter,Gugvej 148,9210,Aalborg SØ,01/01 - 2003,23/02 - 2010,20-49
26663903,POST DANMARK A/S,POST DANMARK Hvidovre Posthus,Hvidovre Stationscenter 11,2650,Hvidovre,01/01 - 1993,29/06 - 2013,0
26663903,POST DANMARK A/S,POST DANMARK HERLEV POSTKONTOR,Herlev Ringvej 4,2730,Herlev,01/01 - 1993,05/11 - 2013,10-19
26663903,POST DANMARK A/S,POST DANMARK Spentrup Distribution,Skelvej 2,8981,Spentrup,01/01 - 1993,30/03 - 2011,0
26663903,POST DANMARK A/S,POST DANMARK HADSTEN POSTKONTOR,Østergade 6,8370,Hadsten,01/01 - 1993,29/09 - 2013,10-19
26663903,POST DANMARK A/S,POST DANMARK Næstved Posthus,Banegårdspladsen 1,4700,Næstved,01/01 - 1993,30/07 - 2012,0
26663903,POST DANMARK A/S,POST DANMARK Vrå Distributionscenter,Jernbanegade 11,9760,Vrå,01/01 - 1993,30/12 - 2010,10-19
26663903,POST DANMARK A/S,POST DANMARK Kongerslev Distributionscenter,Danmarksgade 23,9293,Kongerslev,01/01 - 1993,29/06 - 2010,2-4
26663903,POST DANMARK A/S,POST DANMARK Højbjerg Posthus,Rundhøjtorvet 2,8270,Højbjerg,01/01 - 1993,27/02 - 2013,0
26663903,POST DANMARK A/S,POST DANMARK Gjesing Centret Posthus,Gl Vardevej 230,6715,Esbjerg N,01/01 - 1993,06/05 - 2009,2-4
26663903,POST DANMARK A/S,POST DANMARK Vildbjerg Distributionscenter,Nylandsvej 9B,7480,Vildbjerg,01/01 - 1993,26/02 - 2014,0
26663903,POST DANMARK A/S,POST DANMARK NØRRESUNDBY POSTKONTOR,Torvet 5,9400,Nørresundby,01/01 - 1993,30/03 - 2013,0
26663903,POST DANMARK A/S,POST DANMARK KALUNDBORG POSTHUS,Elmegade 11E,4400,Kalundborg,01/01 - 1993,30/03 - 2010,10-19
26663903,POST DANMARK A/S,POST DANMARK VORUP POSTHUS,Løgstørvej 1,8940,Randers SV,01/01 - 1993,28/02 - 2010,1
26663903,POST DANMARK A/S,POST DANMARK Lystrup Distribution,Møgelgårdsvej 14B,8520,Lystrup,01/01 - 1993,30/01 - 2013,0
26663903,POST DANMARK A/S,POST DANMARK Elmegårdsvej Distribution,Elmegårdsvej 10,8361,Hasselager,01/01 - 1993,31/01 - 2015,0
26663903,POST DANMARK A/S,POST DANMARK Stoholm Jylland Distributionscente,Stadionvej 2,7850,Stoholm Jyll,01/01 - 1993,29/06 - 2010,10-19
26663903,POST DANMARK A/S,POST DANMARK FRIMÆRKER,Telegrafvej 7,2750,Ballerup,01/01 - 1993,30/06 - 2012,0
26663903,POST DANMARK A/S,POST DANMARK DRAGØR Basisposthus,Kirkevej 177-179,2791,Dragør,01/01 - 1993,29/01 - 2014,1
26663903,POST DANMARK A/S,POST DANMARK STORCENTER NORD POSTHUS,Finlandsgade 17,8200,Aarhus N,01/01 - 1993,30/06 - 2014,0
26663903,POST DANMARK A/S,POST DANMARK Rødby Distributionscenter,Fruegade 9,4970,Rødby,01/01 - 1993,27/02 - 2011,0
26663903,POST DANMARK A/S,POST DANMARK SVINGET POSTHUS,Svinget 1A,2300,København S,01/01 - 1993,06/05 - 2009,5-9
26663903,POST DANMARK A/S,POST DANMARK Herlufmagle distributionscenter,Nyvangsvej 5,4160,Herlufmagle,01/01 - 1993,07/04 - 2011,0
26663903,POST DANMARK A/S,POST DANMARK Bjerringbro Posthus,Rossensgade 1,8850,Bjerringbro,01/01 - 1993,15/11 - 2014,0
26663903,POST DANMARK A/S,POST DANMARK FRIHEDEN POSTHUS,Strandmarksvej 18,2650,Hvidovre,01/01 - 1993,30/10 - 2013,1
26663903,POST DANMARK A/S,POST DANMARK GRÅSTEN POSTHUS,Ahlefeldvej 1,6300,Gråsten,01/01 - 1993,30/12 - 2012,1
26663903,POST DANMARK A/S,POST DANMARK RØDEKRO POSTHUS,Jernbanegade 5,6230,Rødekro,01/01 - 1993,30/10 - 2010,20-49
26663903,POST DANMARK A/S,POST DANMARK BILLUND POSTHUS,Hovedgaden 32A,7190,Billund,01/01 - 1993,30/10 - 2012,0
26663903,POST DANMARK A/S,POST DANMARK Ansager Distributionscenter,Stationsvej 3,6823,Ansager,01/01 - 1993,30/11 - 2010,5-9
26663903,POST DANMARK A/S,POST DANMARK Egtved Distributionscenter,Dalgade 27,6040,Egtved,01/01 - 1993,27/02 - 2013,0
26663903,POST DANMARK A/S,Post Danmark Posthuset Haderslev City,Gravene 8,6100,Haderslev,01/01 - 1994,22/12 - 2009,2-4
26663903,POST DANMARK A/S,POST DANMARK Nysted Distributionscenter,Jernbanegade 22,4880,Nysted,01/01 - 1993,31/10 - 2010,10-19
26663903,POST DANMARK A/S,POST DANMARK SULDRUP DISTRIBUTIONSCENTER,Hjedsbækvej 317,9541,Suldrup,01/01 - 1993,27/04 - 2010,5-9
26663903,POST DANMARK A/S,POST DANMARK Nordborg Posthus,Røde Plads 3,6430,Nordborg,01/01 - 1993,07/08 - 2013,0
26663903,POST DANMARK A/S,POST DANMARK ROSENGÅRD POSTHUS,Ørbækvej 75,5220,Odense SØ,01/01 - 1993,27/11 - 2011,20-49
26663903,POST DANMARK A/S,POST DANMARK Gistrup Distrikt,Hadsundvej 343,9260,Gistrup,01/01 - 1993,28/02 - 2010,2-4
26663903,POST DANMARK A/S,POST DANMARK Glostrup Nord Distributionscenter,Smedeland 1C,2600,Glostrup,01/01 - 1993,30/06 - 2011,0
26663903,POST DANMARK A/S,POST DANMARK Fanø Distributionscenter,Strandvejen 21,6720,Fanø,01/01 - 1993,23/02 - 2010,5-9
26663903,POST DANMARK A/S,POST DANMARK Sæby Posthus,Stationsvej 7,9300,Sæby,01/01 - 1993,28/09 - 2013,1
26663903,POST DANMARK A/S,POST DANMARK Fakse Posthus,Rønnedevej 4,4640,Faxe,01/01 - 1993,23/02 - 2010,20-49
26663903,POST DANMARK A/S,POST DANMARK Agerbæk Distributionscenter,Jernbanegade 9,6753,Agerbæk,01/01 - 1993,30/11 - 2010,10-19
26663903,POST DANMARK A/S,POST DANMARK Nørre-Nebel Distributionscenter,Stationsvej 3,6830,Nørre Nebel,01/01 - 1993,29/02 - 2012,0
26663903,POST DANMARK A/S,POST DANMARK DIANALUND POSTHUS,Torvet 28,4293,Dianalund,01/01 - 1993,30/09 - 2014,0
26663903,POST DANMARK A/S,POST DANMARK GREVE OMDELINGSCENTER,Håndværkerbyen 21,2670,Greve,01/01 - 1993,30/08 - 2013,0
26663903,POST DANMARK A/S,POST DANMARK JERNE POSTHUS,Jagtvej 45,6705,Esbjerg Ø,01/01 - 1993,31/12 - 2010,5-9
26663903,POST DANMARK A/S,POST DANMARK HIMMELEV POSTHUS,Himmelev Sognevej 105,4000,Roskilde,01/01 - 1995,15/03 - 2009,2-4
26663903,POST DANMARK A/S,POST DANMARK Greve Pakkeomdeling,Håndværkerbyen 13,2670,Greve,04/05 - 2009,27/02 - 2011,0
26663903,POST DANMARK A/S,POST DANMARK Tranebjerg Samsø Distribution,Møllebakkevej 1,8305,Samsø,01/01 - 1993,06/03 - 2010,10-19
26663903,POST DANMARK A/S,POST DANMARK Marskvej Omdelingscenter,Marskvej 5,4700,Næstved,10/11 - 2008,29/04 - 2012,0
26663903,POST DANMARK A/S,POST DANMARK Ikast Distributionscenter,Ll Torv 9,7430,Ikast,01/01 - 1993,30/03 - 2012,0
26663903,POST DANMARK A/S,POST DANMARK HELSINGØR POSTKONTOR,Jernbanevej 7,3000,Helsingør,01/01 - 1993,23/02 - 2010,50-99
26663903,POST DANMARK A/S,POST DANMARK TØLLØSE POSTHUS,Jernbanevej 20,4340,Tølløse,01/01 - 1993,11/01 - 2012,0
26663903,POST DANMARK A/S,POST DANMARK Egå Distribution,Egå Havvej 2A,8250,Egå,01/01 - 1993,30/01 - 2013,0
26663903,POST DANMARK A/S,POST DANMARK RØNNE POSTKONTOR,Lille Torv 18,3700,Rønne,01/01 - 1993,29/04 - 2013,0
26663903,POST DANMARK A/S,POST DANMARK Hanstholm Distributionscenter,Bytorvet 10,7730,Hanstholm,01/01 - 1993,29/09 - 2012,0
26663903,POST DANMARK A/S,POST DANMARK Hjortshøj Distribution,Hundkærvej 9,8530,Hjortshøj,01/01 - 1993,03/09 - 2009,5-9
26663903,POST DANMARK A/S,POST DANMARK Bogense Distributionscenter,Vestergade 18,5400,Bogense,01/01 - 1993,28/02 - 2010,2-4
26663903,POST DANMARK A/S,POST DANMARK Brovst Distributionscenter,Stationsvej 10,9460,Brovst,01/01 - 1993,30/03 - 2012,0
26663903,POST DANMARK A/S,POST DANMARK JELLING POSTHUS,Jernbanevej 1,7300,Jelling,01/01 - 1993,31/01 - 2011,0
26663903,POST DANMARK A/S,POST DANMARK Frøstrup Distributionscenter,Torvevej 5,7741,Frøstrup,01/01 - 1993,05/06 - 2011,0
26663903,POST DANMARK A/S,POST DANMARK Hvide Sande Distributionscenter,Kirkevej 9,6960,Hvide Sande,01/01 - 1993,30/04 - 2011,0
26663903,POST DANMARK A/S,POST DANMARK Aulum Distributionscenter,Jernbanegade 2,7490,Aulum,01/01 - 1993,30/08 - 2011,0
26663903,POST DANMARK A/S,POST DANMARK Salg Østerbro,Øster Allé 3,2100,København Ø,01/11 - 2006,31/01 - 2013,0
26663903,POST DANMARK A/S,Post Danmark Randers posthus filial,Nørregade 1,8900,Randers C,22/10 - 2008,30/05 - 2012,0
26663903,POST DANMARK A/S,Post Danmark A/S Vestegnens Pakkedistribution,Priorparken 385,2605,Brøndby,08/07 - 2011,31/12 - 2017,0
26663903,POST DANMARK A/S,POST DANMARK MIDDELFART POSTKONTOR,Stationsvej 36,5500,Middelfart,01/01 - 1993,28/09 - 2013,2-4
26663903,POST DANMARK A/S,POST DANMARK RANDERS POSTKONTOR,Suderholmen 16,8960,Randers SØ,01/01 - 1993,31/01 - 2013,0
26663903,POST DANMARK A/S,POST DANMARK Tilst Posthus,Anelystparken 16,8381,Tilst,01/01 - 1993,30/10 - 2010,20-49
26663903,POST DANMARK A/S,POST DANMARK Svinninge Distributionscenter,Stationen 1,4520,Svinninge,01/01 - 1993,15/03 - 2009,1
26663903,POST DANMARK A/S,POST DANMARK Aarup Distributionscenter,Søndergade 1,5560,Aarup,01/01 - 1993,30/10 - 2011,2-4
26663903,POST DANMARK A/S,POST DANMARK Rødovre Distributionscenter,Egegårdsvej 43,2610,Rødovre,01/01 - 1993,30/09 - 2014,0
26663903,POST DANMARK A/S,POST DANMARK CHARLOTTENLUND POSTKONTOR,Rådhusvej 13,2920,Charlottenlund,01/01 - 1993,01/05 - 2010,100-199
26663903,POST DANMARK A/S,POST DANMARK Service,Vangsbovej 10,8361,Hasselager,01/01 - 2006,30/07 - 2012,0
26663903,POST DANMARK A/S,POST DANMARK Hornslet Distributionscenter,Holmagervej 1B,8543,Hornslet,01/01 - 1993,05/04 - 2011,0
26663903,POST DANMARK A/S,POST DANMARK KARLSLUNDE POSTHUS,Egedal 3,2690,Karlslunde,01/01 - 1993,22/03 - 2010,5-9
26663903,POST DANMARK A/S,POST DANMARK BEDER POSTHUS,Kirkebakken 4,8330,Beder,01/01 - 1993,30/03 - 2011,0
26663903,POST DANMARK A/S,POST DANMARK Viby Centret Posthus,Viby Ringvej 10,8260,Viby J,01/01 - 1993,29/09 - 2013,2-4
26663903,POST DANMARK A/S,POST DANMARK LANGESKOV DISTRIBUTIONSCENTER,Langeskov Centret 27,5550,Langeskov,01/01 - 1993,29/04 - 2012,0
26663903,POST DANMARK A/S,POST DANMARK Rønne Distributionscenter,Fabriksvej 31,3700,Rønne,01/01 - 1993,06/01 - 2011,0
26663903,POST DANMARK A/S,POST DANMARK Ejby Distributionscenter,Jernbanevej 2,5592,Ejby,01/01 - 1993,27/02 - 2012,0
26663903,POST DANMARK A/S,POST DANMARK Glamsbjerg Distributionscenter,Søndergade 1,5620,Glamsbjerg,01/01 - 1993,30/12 - 2010,5-9
26663903,POST DANMARK A/S,POST DANMARK HOLTE POSTHUS,Holte Stationsvej 34,2840,Holte,01/01 - 1993,28/02 - 2012,0
26663903,POST DANMARK A/S,POST DANMARK Nørre-Snede Distributionscenter,Rosengade 12,8766,Nørre Snede,01/01 - 1993,01/01 - 2011,20-49
26663903,POST DANMARK A/S,POST DANMARK Stenlille Postbutik,Stationsvej 2,4295,Stenlille,01/01 - 1993,15/07 - 2009,5-9
26663903,POST DANMARK A/S,POST DANMARK MATHIASGADE POSTHUS,Sct. Mathias Gade 19,8800,Viborg,01/01 - 1993,30/01 - 2013,0
26663903,POST DANMARK A/S,POST DANMARK Ulstrup Distributionscenter,Hovedgaden 22,8860,Ulstrup,01/01 - 1993,28/02 - 2010,5-9
26663903,POST DANMARK A/S,POST DANMARK Sunds Distributionscenter,Sunds Hovedgade 77,7451,Sunds,01/01 - 1993,05/01 - 2015,0
26663903,POST DANMARK A/S,POST DANMARK VESTERBRO TORV POSTHUS,Vesterbro Torv 1A,8000,Århus C,01/01 - 1997,30/01 - 2013,0
26663903,POST DANMARK A/S,POST DANMARK Svendborg Posthus,Toldbodvej 13A,5700,Svendborg,01/01 - 1993,30/08 - 2013,0
26663903,POST DANMARK A/S,POST DANMARK Årslev Distributionscenter,Stationsvej 104,5792,Årslev,01/01 - 1993,12/08 - 2010,10-19
26663903,POST DANMARK A/S,POST DANMARK ODENSE CITY POSTHUS,Lille Gråbrødrestræde 1,5000,Odense C,01/01 - 1993,17/10 - 2010,10-19
26663903,POST DANMARK A/S,POST DANMARK Rødding Distributionscenter,Østergade 20,6630,Rødding,01/01 - 1993,28/09 - 2013,0
26663903,POST DANMARK A/S,POST DANMARK NØRRETORV POSTHUS,Nørretorv 13,8700,Horsens,01/01 - 1993,31/10 - 2009,1
26663903,POST DANMARK A/S,POST DANMARK MUNKEBO POSTHUS,Palmealle 2,6000,Kolding,01/01 - 1993,29/09 - 2012,0
26663903,POST DANMARK A/S,POST DANMARK Vamdrup Distributionscenter,Pantonevej 4,6580,Vamdrup,01/01 - 1993,28/09 - 2013,20-49
26663903,POST DANMARK A/S,POST DANMARK,Suderholmen 10,8900,Randers C,22/04 - 2002,25/02 - 2005,20-49
26663903,POST DANMARK A/S,POST DANMARK Bredsten Distributionscenter,Steen Blicher Vej 23,7182,Bredsten,01/07 - 2002,23/02 - 2010,5-9
26663903,POST DANMARK A/S,POST DANMARK Storvorde Distributionscenter,Stationsvej 5B,9280,Storvorde,01/01 - 1993,30/04 - 2014,0
26663903,POST DANMARK A/S,POST DANMARK SKIVE POSTKONTOR,Posthustorvet 1,7800,Skive,01/01 - 1993,29/06 - 2013,10-19
26663903,POST DANMARK A/S,POST DANMARK ALGADE POSTHUS,Algade 42,9000,Aalborg,01/01 - 1993,22/03 - 2010,10-19
26663903,POST DANMARK A/S,POST DANMARK SØNDERBRO POSTHUS,Lyongade 23,2300,København S,01/01 - 1993,31/10 - 2014,5-9
26663903,POST DANMARK A/S,POST DANMARK NØRREBRO POSTHUS,Jagtvej 64,2200,København N,01/01 - 1993,30/08 - 2013,0
26663903,POST DANMARK A/S,POST DANMARK MIMERSGADE POSTHUS,Mimersgade 118,2200,København N,01/01 - 1993,22/12 - 2009,5-9
26663903,POST DANMARK A/S,POST DANMARK VOJENS POSTKONTOR,Odinsplads 1,6500,Vojens,01/01 - 1993,30/09 - 2014,0
26663903,POST DANMARK A/S,POST DANMARK NØRRE LYNDELSE POSTHUS,Albanivej 26,5792,Årslev,01/01 - 1993,28/02 - 2010,1
26663903,POST DANMARK A/S,POST DANMARK BORUPS ALLE POSTHUS,Borups Alle 121,2000,Frederiksberg,01/01 - 1993,22/12 - 2009,5-9
26663903,POST DANMARK A/S,POST DANMARK STENLØSE POSTHUS,Rådhustorvet 23,3660,Stenløse,01/01 - 1993,06/01 - 2011,0
26663903,POST DANMARK A/S,POST DANMARK Pandrup Distributionscenter,Bredgade 47,9490,Pandrup,01/01 - 1993,30/03 - 2012,0
26663903,POST DANMARK A/S,POST DANMARK VERI CENTER POSTHUS,Frijsenborgvej 5,8240,Risskov,01/01 - 1993,23/02 - 2010,2-4
26663903,POST DANMARK A/S,POST DANMARK Hals Distributionscenter,Østergade 22,9370,Hals,01/01 - 1993,31/08 - 2014,2-4
26663903,POST DANMARK A/S,POST DANMARK Spøttrup Distributionscenter,Posthusvej 6,7860,Spøttrup,01/01 - 1993,28/09 - 2013,0
26663903,POST DANMARK A/S,POST DANMARK SKÆLSKØR POSTHUS,Stationsvej 7,4230,Skælskør,01/01 - 1993,29/04 - 2013,0
26663903,POST DANMARK A/S,POST DANMARK VANGEDE POSTHUS,Vangede Bygade 50,2820,Gentofte,01/01 - 1993,06/05 - 2009,2-4
26663903,POST DANMARK A/S,POST DANMARK Amager Distributionscenter,Oliefabriksvej 51,2770,Kastrup,28/11 - 2007,31/10 - 2011,10-19
26663903,POST DANMARK A/S,Gistrup Distribution,Hadsundvej 343,9260,Gistrup,09/05 - 2008,23/02 - 2010,0
26663903,POST DANMARK A/S,POST DANMARK Horslunde Distributionscenter,Hovedgaden 61,4913,Horslunde,01/01 - 1993,30/05 - 2010,5-9
26663903,POST DANMARK A/S,POST DANMARK SYDVESTKVARTERET POSTHUS,Borgbjergsvej 26,2450,København SV,01/01 - 1993,30/09 - 2015,1
26663903,POST DANMARK A/S,POST DANMARK NYBODER POSTHUS,Dronningens Tværgade 21,1302,København K,01/01 - 1993,30/09 - 2015,0
26663903,POST DANMARK A/S,POST DANMARK RØNNEDE POSTHUS,Butikstorvet 11,4683,Rønnede,01/01 - 1993,15/01 - 2012,0
26663903,POST DANMARK A/S,POST DANMARK GLESBORG POSTHUS,Glesborg Bygade 60,8585,Glesborg,01/01 - 1993,05/04 - 2011,0
26663903,POST DANMARK A/S,POST DANMARK HINNERUP POSTHUS,Banegårdsplads 6,8382,Hinnerup,01/01 - 1993,31/08 - 2014,0
26663903,POST DANMARK A/S,POST DANMARK Mariager Distribution,Fjordgade 3,9550,Mariager,01/01 - 1993,07/04 - 2011,0
26663903,POST DANMARK A/S,POST DANMARK DREWSENSVEJ POSTHUS,Drewsensvej 1A,8600,Silkeborg,01/01 - 1993,27/02 - 2010,2-4
26663903,POST DANMARK A/S,POST DANMARK HAMMEL POSTHUS,Norgesvej 3,8450,Hammel,01/01 - 1993,31/05 - 2014,0
26663903,POST DANMARK A/S,POST DANMARK Herning Posthus,Banegårdspladsen 6A,7400,Herning,01/01 - 1993,30/10 - 2013,5-9
26663903,POST DANMARK A/S,POST DANMARK SKOVLUNDE POSTHUS,Skovlunde Torv 6,2740,Skovlunde,01/01 - 1993,31/07 - 2013,0
26663903,POST DANMARK A/S,POST DANMARK ALLERØD POSTKONTOR,M D Madsensvej 2,3450,Allerød,01/01 - 1993,30/07 - 2013,10-19
26663903,POST DANMARK A/S,POST DANMARK TÅRNBY POSTHUS,Sneserevej 10,2770,Kastrup,01/01 - 1993,30/05 - 2010,2-4
26663903,POST DANMARK A/S,POST DANMARK Allingåbro Distributionscenter,Industriparken 24,8961,Allingåbro,01/01 - 1993,15/11 - 2014,0
26663903,POST DANMARK A/S,POST DANMARK HUNDIGE POSTHUS,Over Bølgen 2A,2670,Greve,01/01 - 1993,30/08 - 2010,2-4
26663903,POST DANMARK A/S,POST DANMARK Jyllinge Distribution,Møllehaven 2,4040,Jyllinge,01/01 - 1993,30/06 - 2011,0
26663903,POST DANMARK A/S,POST DANMARK Svenstrup J Posthus,Godthåbsvej 12-14,9230,Svenstrup J,01/01 - 2005,06/03 - 2010,5-9
26663903,POST DANMARK A/S,POST DANMARK Lundehuset Distributionscenter,Tisvildevej 28,3210,Vejby,01/01 - 1998,30/05 - 2010,10-19
26663903,POST DANMARK A/S,POST DANMARK Tranbjerg J Distrikt,Orholt Allé 10,8310,Tranbjerg J,01/01 - 1993,03/09 - 2009,5-9
26663903,POST DANMARK A/S,POST DANMARK Havdrup Distrikt,Stationspladsen 3,4622,Havdrup,01/01 - 1997,30/03 - 2013,0
26663903,POST DANMARK A/S,POST DANMARK Ålbæk Distributionscenter,Stationsvej 19,9982,Ålbæk,01/01 - 1993,30/10 - 2013,0
26663903,POST DANMARK A/S,POST DANMARK Uddannelse,Herlev Ringvej 4,2730,Herlev,26/02 - 2004,21/03 - 2010,10-19
26663903,POST DANMARK A/S,POST DANMARK Engtoften Distributionscenter,Engtoften 28,8260,Viby J,01/01 - 1997,29/06 - 2013,0
26663903,POST DANMARK A/S,POST DANMARK Nyborg Posthus,Dronningensvej 7,5800,Nyborg,02/01 - 1995,30/10 - 2010,50-99
26663903,POST DANMARK A/S,POST DANMARK FM-support,Priorparken 386,2605,Brøndby,01/01 - 2006,19/01 - 2013,1
26663903,POST DANMARK A/S,POST DANMARK Thyholm Distributionscenter,Bredgade 2,7790,Thyholm,01/01 - 1993,29/06 - 2012,0
26663903,POST DANMARK A/S,POST DANMARK Knebel Distrikt,Knebel Bygade 40E,8420,Knebel,01/01 - 1993,07/04 - 2011,10-19
26663903,POST DANMARK A/S,POST DANMARK Vinderup Distributionscenter,Stationsvej 2,7830,Vinderup,01/01 - 1993,31/05 - 2012,0
26663903,POST DANMARK A/S,POST DANMARK Råby Distribution,Udbyhøjvej 630,8970,Havndal,01/01 - 1993,29/06 - 2012,0
26663903,POST DANMARK A/S,POST DANMARK TOMMERUP POSTHUS,Skolevej 1B,5690,Tommerup,01/01 - 1994,11/07 - 2010,10-19
26663903,POST DANMARK A/S,POST DANMARK Videbæk Distributionscenter,Stationsvej 8,6920,Videbæk,01/01 - 1993,26/02 - 2014,0
26663903,POST DANMARK A/S,POST DANMARK Allinge Distributionscenter,Pilegade 37B,3770,Allinge,01/01 - 1993,30/06 - 2013,5-9
26663903,POST DANMARK A/S,POST DANMARK HIRTSHALS POSTHUS,Banegårdspladsen 3,9850,Hirtshals,01/01 - 1993,26/02 - 2014,0
26663903,POST DANMARK A/S,POST DANMARK Skørping Distributionscenter,Skørping Center 18,9520,Skørping,01/01 - 1993,26/02 - 2014,0
26663903,POST DANMARK A/S,POST DANMARK Otterup Distributionscenter,Nørregade 4,5450,Otterup,01/01 - 1993,28/02 - 2012,0
26663903,POST DANMARK A/S,POST DANMARK Midtbyens Distributionscenter,Adelgade 20,9000,Aalborg,20/08 - 2009,30/09 - 2010,2-4
26663903,POST DANMARK A/S,POST DANMARK A/S Service Center Kunde,Thistedgade 10,2630,Taastrup,01/07 - 2002,29/11 - 2011,100-199
26663903,POST DANMARK A/S,POST DANMARK SAKSKØBING POSTHUS,Jernbanegade 2,4990,Sakskøbing,01/01 - 1993,29/06 - 2011,0
26663903,POST DANMARK A/S,POST DANMARK A/S Randers Distributionscenter,Suderholmen 10,8960,Randers SØ,01/07 - 2002,30/09 - 2014,0
26663903,POST DANMARK A/S,POST DANMARK NIVÅ POSTHUS,Nivå Center 40,2990,Nivå,01/01 - 1993,28/02 - 2010,2-4
26663903,POST DANMARK A/S,POST DANMARK Asnæs Distributionscenter,Håndværkervangen 4,4550,Asnæs,01/01 - 1993,29/11 - 2013,0
26663903,POST DANMARK A/S,POST DANMARK BRÆDSTRUP POSTHUS,Jernbanegade 1,8740,Brædstrup,01/01 - 1993,30/03 - 2013,0
26663903,POST DANMARK A/S,POST DANMARK HERFØLGE POSTHUS,Billesborgvej 36,4681,Herfølge,01/01 - 1993,30/08 - 2012,0
26663903,POST DANMARK A/S,POST DANMARK Thorsø Distribtionscenter,Jernbanegade 11,8881,Thorsø,01/01 - 1993,28/02 - 2010,5-9
26663903,POST DANMARK A/S,POST DANMARK Farum Posthus,Farum Bytorv 1,3520,Farum,01/01 - 2005,30/07 - 2010,2-4
26663903,POST DANMARK A/S,POST DANMARK CHRISTIANSMINDEVEJ POSTHUS,Christiansmindevej 2,2100,København Ø,01/01 - 1993,30/09 - 2011,1
26663903,POST DANMARK A/S,POST DANMARK TARUP POSTHUS,Rugvang 40,5210,Odense NV,01/01 - 1995,31/12 - 2010,50-99
26663903,POST DANMARK A/S,POST DANMARK Auning Postbutik,Centervej 6,8963,Auning,01/01 - 1993,15/07 - 2009,1
26663903,POST DANMARK A/S,POST DANMARK SØNDERBORG POSTHUS,Rådhustorvet 3,6400,Sønderborg,01/01 - 2005,08/01 - 2014,0
26663903,POST DANMARK A/S,POST DANMARK TINGLEV POSTHUS,Stationsvej 35,6360,Tinglev,01/01 - 1993,30/12 - 2012,1
26663903,POST DANMARK A/S,POST DANMARK Nørre Aaby Distributionscenter,Rønnevej 2,5580,Nørre Aaby,01/01 - 1993,31/10 - 2010,10-19
26663903,POST DANMARK A/S,POST DANMARK Vissenbjerg Distributionscenter,Østergade 15,5492,Vissenbjerg,01/01 - 1993,28/02 - 2010,2-4
26663903,POST DANMARK A/S,POST DANMARK RYHAVEVEJ DISTRIBUTION,Ryhavevej 7,8210,Århus V,01/01 - 1993,29/04 - 2012,0
26663903,POST DANMARK A/S,POST DANMARK Holsted Distributionscenter,Østergade 2,6670,Holsted,01/01 - 1993,30/07 - 2012,1
26663903,POST DANMARK A/S,POST DANMARK Informationsteknologi,Bernstorffsgade 36,1577,København V,01/01 - 2005,31/10 - 2011,100-199
26663903,POST DANMARK A/S,POST DANMARK Brøndbyøster Posthus,Nygårds Plads 5,2605,Brøndby,01/01 - 2005,28/02 - 2010,2-4
26663903,POST DANMARK A/S,Svinninge Basisposthus,Hovedgaden 59,4520,Svinninge,14/10 - 2008,21/08 - 2012,0
26663903,POST DANMARK A/S,POST DANMARK Fredericia Filial,Jernbanegade 2A,7000,Fredericia,01/01 - 1998,30/07 - 2013,5-9
26663903,POST DANMARK A/S,POST DANMARK Bredebro Distributionscenter,Søndergade 1,6261,Bredebro,01/01 - 1993,23/02 - 2010,2-4
26663903,POST DANMARK A/S,POST DANMARK ÅLHOLM POSTHUS,Valby Langgade 209,2500,Valby,01/01 - 1993,06/05 - 2009,2-4
26663903,POST DANMARK A/S,POST DANMARK Otterup Filial,Bredgade 2,5450,Otterup,01/01 - 2005,28/02 - 2010,2-4
26663903,POST DANMARK A/S,POST DANMARK DALGAS POSTHUS,Dalgas Boulevard 59,2000,Frederiksberg,01/01 - 1993,28/02 - 2010,2-4
26663903,POST DANMARK A/S,POST DANMARK NORDVEST POSTHUS,Glasvej 3,2400,København NV,01/01 - 1993,22/10 - 2014,1
26663903,POST DANMARK A/S,POST DANMARK Rekrutteringscenteret,Carl Gustavs Gade 3,2630,Taastrup,01/01 - 2005,29/11 - 2011,10-19
26663903,POST DANMARK A/S,POST DANMARK KASTRUP POSTHUS,Kastruplundgade 24B,2770,Kastrup,01/01 - 2005,29/11 - 2013,2-4
26663903,POST DANMARK A/S,Søborg Pakkedistribution,Gladsaxevej 311,2860,Søborg,04/05 - 2009,30/03 - 2011,0
26663903,POST DANMARK A/S,POST DANMARK Roslev Distributionscenter,Nørregade 6A,7870,Roslev,01/01 - 1993,30/04 - 2016,0
26663903,POST DANMARK A/S,POST DANMARK Gistrup Distributionscenter,Lundeborgvej 3,9220,Aalborg Øst,01/01 - 1993,29/09 - 2013,1
26663903,POST DANMARK A/S,POST DANMARK PLATAN POSTHUS,Vesterbrogade 162,1800,Frederiksberg C,01/01 - 1993,29/09 - 2010,5-9
26663903,POST DANMARK A/S,POST DANMARK Sindal Distributionscenter,Torvegade 2,9870,Sindal,01/01 - 1993,30/03 - 2012,0
26663903,POST DANMARK A/S,POST DANMARK Vestbjerg Distribution,Vang Mark 14,9380,Vestbjerg,01/01 - 1993,15/11 - 2014,1
26663903,POST DANMARK A/S,POST DANMARK B40,Carsten Niebuhrs Gade 4,1577,København V,01/01 - 1993,31/10 - 2011,200-499
26663903,POST DANMARK A/S,POST DANMARK Tingbjerg Posthus,Ruten 14,2700,Brønshøj,01/01 - 2004,28/02 - 2010,1
26663903,POST DANMARK A/S,POST DANMARK Solbjerg Distrikt,Solbjerg Hovedgade 92B,8355,Solbjerg,01/01 - 1993,15/03 - 2009,5-9
26663903,POST DANMARK A/S,POST DANMARK GRØNDAL POSTHUS,Hillerødgade 179,2400,København NV,01/01 - 1993,22/12 - 2009,2-4
26663903,POST DANMARK A/S,POST DANMARK Marstal Distributionscenter,Havnegade 1,5960,Marstal,01/01 - 1993,03/05 - 2009,5-9
26663903,POST DANMARK A/S,Post Danmark Høje Taastrup Erhvervssalg,"Høje Taastrup Boulevard 23, 1",2630,Taastrup,19/09 - 2008,30/03 - 2012,0
26663903,POST DANMARK A/S,POST DANMARK Service,Bernstorffsgade 32,1577,København V,01/01 - 2006,02/11 - 2011,0
26663903,POST DANMARK A/S,POST DANMARK Ejendomme og FM,Priorparken 860,2605,Brøndby,01/01 - 1998,03/11 - 2012,10-19
26663903,POST DANMARK A/S,POST DANMARK Hedensted Filial,Vesterbrogade 5,8722,Hedensted,01/01 - 1993,30/11 - 2014,1
26663903,POST DANMARK A/S,POST DANMARK KIRKESTRÆDE POSTHUS,Kirkestræde 1,7500,Holstebro,01/01 - 1993,01/01 - 2011,5-9
26663903,POST DANMARK A/S,POST DANMARK NÆRUM POSTHUS,Rundforbivej 295,2850,Nærum,01/01 - 1993,30/03 - 2013,0
26663903,POST DANMARK A/S,POST DANMARK BRANDE POSTHUS,Stationsvej 3,7330,Brande,01/01 - 1993,01/08 - 2010,20-49
26663903,POST DANMARK A/S,POST DANMARK VIRUM POSTKONTOR,Skovridergårdsvej 60,2830,Virum,01/01 - 1993,29/11 - 2012,5-9
26663903,POST DANMARK A/S,POST DANMARK Vestbyen Posthus,Kastetvej 32,9000,Aalborg,01/01 - 1993,06/10 - 2010,1
26663903,POST DANMARK A/S,POST DANMARK Stubbekøbing Distributionscenter,Torvet 10,4850,Stubbekøbing,01/01 - 1993,28/02 - 2010,10-19
26663903,POST DANMARK A/S,POST DANMARK Kibæk Distributionscenter,Jernbanegade 1,6933,Kibæk,01/01 - 1993,28/02 - 2012,0
26663903,POST DANMARK A/S,POST DANMARK GREVE POSTHUS,Centerholmen 8A,2670,Greve,01/01 - 1993,30/11 - 2014,2-4
26663903,POST DANMARK A/S,POST DANMARK MARIBO POSTHUS,Banegårdspladsen 2,4930,Maribo,01/01 - 2005,28/02 - 2010,2-4
26663903,POST DANMARK A/S,POST DANMARK ekommunikation,Lautrupparken 40-42,2750,Ballerup,01/11 - 2006,29/11 - 2011,5-9
26663903,POST DANMARK A/S,POST DANMARK THISTED POSTHUS,Jernbanegade 27,7700,Thisted,01/01 - 2005,31/07 - 2011,0
26663903,POST DANMARK A/S,POST DANMARK BRØNSHØJ OMDELINGSCENTER,Gadelandet 20,2700,Brønshøj,01/01 - 1993,30/11 - 2015,0
26663903,POST DANMARK A/S,POST DANMARK SMØRUM POSTHUS,Flodvej 75M,2765,Smørum,01/01 - 1994,31/03 - 2015,0
26663903,POST DANMARK A/S,POST DANMARK Nykøbing F Posthus,Banegårdspladsen 4,4800,Nykøbing F,01/01 - 2005,30/03 - 2013,0
26663903,POST DANMARK A/S,POST DANMARK Nybrovej Distributionscenter,Nybrovej 112,2800,Kgs.Lyngby,03/04 - 2009,30/11 - 2015,2-4
26663903,POST DANMARK A/S,POST DANMARK BRØNSHØJ POSTHUS,Frederikssundsvej 188,2700,Brønshøj,01/01 - 2005,30/01 - 2013,0
26663903,POST DANMARK A/S,POST DANMARK Ikast Posthus,Østergade 11,7430,Ikast,01/01 - 2003,07/04 - 2011,0
26663903,POST DANMARK A/S,POST DANMARK KASTRUP POSTHUS,Amager Landevej 71,2770,Kastrup,01/01 - 1993,31/12 - 2009,50-99
26663903,POST DANMARK A/S,POST DANMARK Haarby Distributionscenter,Postvænget 2,5683,Haarby,01/01 - 1993,31/12 - 2014,0
26663903,POST DANMARK A/S,POST DANMARK ODENSE NORD POSTHUS,Tarupvej 51,5210,Odense NV,01/01 - 1993,17/10 - 2010,20-49
26663903,POST DANMARK A/S,POST DANMARK Charlottenlund Filial,Rådhusvej 8,2920,Charlottenlund,21/08 - 2009,30/09 - 2016,0
26663903,POST DANMARK A/S,POST DANMARK HØRSHOLM POSTKONTOR,Kærvej 12,2970,Hørsholm,01/01 - 1993,30/11 - 2016,0
26663903,POST DANMARK A/S,POST DANMARK Løkken Distributionscenter,Harald Fischers Vej 8,9480,Løkken,01/01 - 1993,31/10 - 2016,0
26663903,POST DANMARK A/S,POST DANMARK RUDKØBING Distribution,Dunsbjergvej 2,5900,Rudkøbing,01/01 - 1993,31/08 - 2016,0
26663903,POST DANMARK A/S,POST DANMARK Farsø Distributionscenter,Stationsvej 9,9640,Farsø,01/01 - 1993,31/03 - 2016,0
26663903,POST DANMARK A/S,POST DANMARK FREDERIKSBJERG TORV POSTHUS,Frederiksbjerg Torv 2A,8000,Århus C,01/01 - 1993,23/02 - 2010,2-4
26663903,POST DANMARK A/S,POST DANMARK TRØJBORG POSTHUS,Otte Ruds Gade 98-100,8200,Århus N,01/01 - 1993,03/09 - 2009,5-9
26663903,POST DANMARK A/S,POST DANMARK VANLØSE POSTHUS,Jyllingevej 48,2720,Vanløse,01/01 - 1993,11/01 - 2012,0
26663903,POST DANMARK A/S,POST DANMARK Arden Distributionscenter,Jernbanegade 4,9510,Arden,01/01 - 1993,28/02 - 2012,0
26663903,POST DANMARK A/S,POST DANMARK AALESTRUP POSTHUS,Busgade 12,9620,Aalestrup,01/01 - 1993,30/04 - 2012,0
26663903,POST DANMARK A/S,Post Danmark A/S (B8544),Holmagervej 1B,8543,Hornslet,08/02 - 2012,31/10 - 2016,0
26663903,POST DANMARK A/S,POST DANMARK NAKSKOV POSTKONTOR,Nørrevold 29A,4900,Nakskov,01/01 - 1993,25/02 - 2016,0
26663903,POST DANMARK A/S,POST DANMARK Nexø Distributionscenter,Torvet 8,3730,Nexø,01/01 - 1993,31/03 - 2016,0
26663903,POST DANMARK A/S,POST DANMARK BRAMMING POSTHUS,Jernbanegade 3,6740,Bramming,01/01 - 1993,17/01 - 2016,0
26663903,POST DANMARK A/S,POST DANMARK Støvring Distributionscenter,Mercurvej 12C,9530,Støvring,01/01 - 1993,31/10 - 2016,0
26663903,POST DANMARK A/S,POST DANMARK Rudkøbing Posthus,Østerport 2,5900,Rudkøbing,20/08 - 2009,28/02 - 2015,0
26663903,POST DANMARK A/S,POST DANMARK Borup Distributionscenter,Hovedgaden 15,4140,Borup,01/01 - 1993,30/10 - 2010,10-19
26663903,POST DANMARK A/S,POST DANMARK Fuglebjerg Distributionscenter,Korsørvej 17,4250,Fuglebjerg,01/01 - 1993,15/03 - 2009,1
26663903,POST DANMARK A/S,POST DANMARK Korsør Posthus,Gl. Banegårdsplads 4,4220,Korsør,01/12 - 2006,30/04 - 2016,0
26663903,POST DANMARK A/S,POST DANMARK Hornbæk Distributionscenter,Engholmvej 6,3100,Hornbæk,01/01 - 2004,30/01 - 2011,0
26663903,POST DANMARK A/S,POST DANMARK Ejendomme,Fredens Torv 1C,8000,Århus C,01/01 - 2004,06/05 - 2009,2-4
26663903,POST DANMARK A/S,POST DANMARK Skalborg Storcenter Posthus,Hobrovej 452,9200,Aalborg SV,01/01 - 2005,07/04 - 2011,0
26663903,POST DANMARK A/S,POST DANMARK Salgsområde København og Bornholm,Købmagergade 37,1150,København K,01/01 - 2005,31/10 - 2011,20-49
26663903,POST DANMARK A/S,POST DANMARK Kjellerup Posthus,Bryggerstræde 9,8620,Kjellerup,01/01 - 2004,27/02 - 2010,1
26663903,POST DANMARK A/S,POST DANMARK Stjernegade Posthus,Stjernegade 15,3000,Helsingør,01/01 - 2005,24/05 - 2011,0
26663903,POST DANMARK A/S,POST DANMARK TAASTRUP POSTHUSET,Taastrup Hovedgade 90,2630,Taastrup,01/10 - 2006,08/01 - 2014,2-4
26663903,POST DANMARK A/S,POST DANMARK PERSONALECENTER ØST,Banegårdspladsen 9,2600,Glostrup,01/01 - 1993,30/04 - 2015,0
26663903,POST DANMARK A/S,POST DANMARK Esbjerg Banegård Posthus,Jernbanegade 1,6700,Esbjerg,01/01 - 1996,01/03 - 2016,0
26663903,POST DANMARK A/S,POST DANMARK GRØNLANDS TORV POSTHUS,Grønlands Torv 20,9210,Aalborg SØ,01/01 - 1993,28/02 - 2010,5-9
26663903,POST DANMARK A/S,POST DANMARK VÆRLØSE POSTHUS,Bymidten 70,3500,Værløse,01/01 - 1993,29/09 - 2013,5-9
26663903,POST DANMARK A/S,POST DANMARK HUSUM POSTHUS,Frederikssundsvej 282,2700,Brønshøj,01/01 - 1993,06/05 - 2009,2-4
26663903,POST DANMARK A/S,POST DANMARK Lystrup Posthus,Bystævnet 1,8520,Lystrup,01/01 - 2005,06/03 - 2010,1
26663903,POST DANMARK A/S,POST DANMARK A/S Ringsted Posthus,Thorsvej 16,4100,Ringsted,03/12 - 2003,29/01 - 2014,0
26663903,POST DANMARK A/S,POST DANMARK VIBORG POSTKONTOR,Morvillesvej 6,8800,Viborg,01/01 - 1993,25/06 - 2012,100-199
26663903,POST DANMARK A/S,POST DANMARK Tjele Distributionscenter,Rådhus Alle 3,8830,Tjele,01/01 - 1993,30/09 - 2013,2-4
26663903,POST DANMARK A/S,Post Danmark Svendborg Distribution,Frederiksgade 6,5700,Svendborg,01/01 - 1993,29/06 - 2012,0
26663903,POST DANMARK A/S,POST DANMARK CITY VEST POSTHUS,Gudrunsvej 7,8220,Brabrand,01/01 - 1993,30/01 - 2012,0
26663903,POST DANMARK A/S,POST DANMARK INDKØB,Oliefabriksvej 47B,2770,Kastrup,01/01 - 1993,02/11 - 2011,20-49
26663903,POST DANMARK A/S,POST DANMARK BAGSVÆRD POSTHUS,Bagsværd Torv 8,2880,Bagsværd,01/01 - 1993,30/10 - 2010,20-49
26663903,POST DANMARK A/S,POST DANMARK ALBERTSLUND POSTKONTOR,Bytorvet 4,2620,Albertslund,01/01 - 1993,30/08 - 2013,0
26663903,POST DANMARK A/S,POST DANMARK SØERNE POSTHUS,Nørrebrogade 10,2200,København N,01/01 - 1993,29/02 - 2012,0
26663903,POST DANMARK A/S,POST DANMARK HAMMERUM POSTHUS,Jernbanegade 9,7400,Herning,01/01 - 1993,23/02 - 2010,1
26663903,POST DANMARK A/S,POST DANMARK Skjern Posthus,Bredgade 49,6900,Skjern,01/01 - 1993,06/10 - 2013,10-19
26663903,POST DANMARK A/S,POST DANMARK HØRNING POSTBUTIK,Nørre Alle 27,8362,Hørning,01/01 - 1993,15/07 - 2009,10-19
26663903,POST DANMARK A/S,POST DANMARK BORDING DISTRIBUTIONSCENTER,Jernbanevej 2,7441,Bording,01/01 - 1993,30/01 - 2012,0
26663903,POST DANMARK A/S,POST DANMARK Brenderup Distributionscenter,Stationsvej 25,5464,Brenderup Fyn,01/01 - 1993,31/10 - 2010,10-19
26663903,POST DANMARK A/S,Post Danmark A/S (B5231) Privatkundeområde Vest,Rødegårdsvej 182,5230,Odense M,24/08 - 2011,31/01 - 2015,0
26663903,POST DANMARK A/S,POST DANMARK Ørbæk Distributionscenter,Tjørnevej 6,5853,Ørbæk,01/01 - 1993,11/03 - 2010,10-19
26663903,POST DANMARK A/S,POST DANMARK Ry Distribution,Ellemosen 8,8680,Ry,01/01 - 1993,29/11 - 2011,1
26663903,POST DANMARK A/S,POST DANMARK Møller Meyers Vej Omdelingscenter,Møller Meyers Vej 16,8240,Risskov,01/01 - 1993,30/01 - 2013,0
26663903,POST DANMARK A/S,POST DANMARK Karup J Distributionscenter,Viborgvej 34,7470,Karup J,01/01 - 1993,30/07 - 2013,1
26663903,POST DANMARK A/S,POST DANMARK Løgstør Distributionscenter,Bornholmsvej 5,9670,Løgstør,01/01 - 1993,30/11 - 2015,1
26663903,POST DANMARK A/S,POST DANMARK ÅLSGÅRDE POSTHUS,Ålsgårde Stationsvej 1,3140,Ålsgårde,01/01 - 1993,30/04 - 2015,0
26663903,POST DANMARK A/S,POST DANMARK Hvalsø Distribution,Åsen 1,4330,Hvalsø,01/01 - 1993,31/10 - 2015,0
26663903,POST DANMARK A/S,POST DANMARK Odense City Postkontor,Brandts Passage 31B,5000,Odense C,01/01 - 2005,30/06 - 2013,5-9
26663903,POST DANMARK A/S,"Post Danmark A/S, Fyn & Sydjylland Distribution",Danmarksgade 6,7000,Fredericia,24/08 - 2011,30/09 - 2015,0
26663903,POST DANMARK A/S,POST DANMARK SPJALD DISTRIBUTIONSCENTER,Engvang 3,6971,Spjald,01/01 - 1993,30/04 - 2011,0
26663903,POST DANMARK A/S,POST DANMARK Hjallerup Distributionscenter,Jernbanegade 4,9320,Hjallerup,01/01 - 1993,30/12 - 2010,10-19
26663903,POST DANMARK A/S,POST DANMARK Svenstrup J Distributionscenter,Fabriksparken 13,9230,Svenstrup J,01/01 - 1993,30/10 - 2013,2-4
26663903,POST DANMARK A/S,POST DANMARK BISPEBJERG POSTHUS,Tagensvej 257,2400,København NV,01/01 - 1993,12/08 - 2010,2-4
26663903,POST DANMARK A/S,POST DANMARK ESPERGÆRDE POSTHUS,Nørremarken 3,3060,Espergærde,01/01 - 1993,31/08 - 2015,0
26663903,POST DANMARK A/S,POST DANMARK ANHOLT POSTHUS,Nordstrandvej 3,8592,Anholt,01/01 - 1993,01/04 - 2019,0
26663903,POST DANMARK A/S,POST DANMARK HELLERUP POSTKONTOR,Ryvangs Allé 81,2900,Hellerup,01/01 - 1993,30/09 - 2015,1
26663903,POST DANMARK A/S,POST DANMARK STUDSGAARDSGADE POSTHUS,Studsgaardsgade 1,2100,København Ø,01/01 - 1993,01/04 - 2015,0
26663903,POST DANMARK A/S,POST DANMARK CHRISTIANSHAVN POSTHUS,Overgaden Oven Vandet 40,1415,København K,01/01 - 1993,07/09 - 2015,0
26663903,POST DANMARK A/S,POST DANMARK TINGSTEDET POSTHUS,Valby Langgade 79,2500,Valby,01/01 - 1993,31/12 - 2015,0
26663903,POST DANMARK A/S,POST DANMARK Aars Posthus,Banegårdsvej 2,9600,Aars,01/01 - 1993,31/10 - 2015,1
26663903,POST DANMARK A/S,Post Danmark A/S,Tune Parkvej 4,4030,Tune,01/01 - 2008,28/02 - 2010,0
26663903,POST DANMARK A/S,Post Danmark Trørød Postbutik,Trørødvej 66,2950,Vedbæk,01/01 - 2001,31/12 - 2002,1
26663903,POST DANMARK A/S,POST DANMARK VESTCENTRETS POSTHUS,Venusvej 10,7000,Fredericia,01/01 - 1998,30/08 - 2010,1
26663903,POST DANMARK A/S,POST DANMARK MARIBO DISTRIBUTION,C E Christiansens V 29,4930,Maribo,14/11 - 2001,25/02 - 2004,10-19
26663903,POST DANMARK A/S,POST DANMARK Erritsø Posthus,Snaremosevej 182,7000,Fredericia,01/01 - 1998,23/02 - 2010,1
26663903,POST DANMARK A/S,POST DANMARK KORUP POSTHUS,Åbakkevej 69,5210,Odense NV,01/01 - 1993,28/02 - 2010,1
26663903,POST DANMARK A/S,POST DANMARK HEDEPARKEN POSTHUS,Hedeparken 9,2750,Ballerup,01/01 - 1993,06/05 - 2009,1
26663903,POST DANMARK A/S,POST DANMARK Svebølle Distribution,Jernbanevej 14,4470,Svebølle,01/07 - 2002,30/03 - 2008,10-19
26663903,POST DANMARK A/S,POST DANMARK Skødstrup Distribution,Rosenbakken 1,8541,Skødstrup,01/01 - 1993,27/04 - 2010,10-19
26663903,POST DANMARK A/S,POST DANMARK Aakirkeby Distributionscenter,Brovangen 7,3720,Aakirkeby,01/01 - 1993,30/04 - 2011,0
26663903,POST DANMARK A/S,POST DANMARK SKALS POSTHUS,Hovedgaden 14,8832,Skals,01/01 - 1993,07/04 - 2011,0
26663903,POST DANMARK A/S,POST DANMARK Vester Skerninge Distributions- center,Fåborgvej 48,5762,Vester Skerninge,01/01 - 1993,31/10 - 2011,10-19
26663903,POST DANMARK A/S,POST DANMARK SORØ POSTHUS,Rådhusvej 6,4180,Sorø,01/01 - 1993,31/12 - 2014,0
26663903,POST DANMARK A/S,POST DANMARK SKANSEVEJ POSTHUS,Skansevej 8,3400,Hillerød,01/01 - 1993,28/02 - 2010,0
26663903,POST DANMARK A/S,POST DANMARK STEGE POSTKONTOR,Storegade 1,4780,Stege,01/01 - 1993,29/04 - 2013,0
26663903,POST DANMARK A/S,POST DANMARK THYBORØN POSTHUS,Svanegade 9,7680,Thyborøn,01/01 - 1993,31/05 - 2011,1
26663903,POST DANMARK A/S,Post Danmark Auto Jylland og Fyn,Østergade 3,6230,Rødekro,01/01 - 2001,31/12 - 2001,0
26663903,POST DANMARK A/S,POST DANMARK FREDENSBORG POSTKONTOR,Helsingørsvej 2,3480,Fredensborg,01/01 - 1993,30/10 - 2013,1
26663903,POST DANMARK A/S,POST DANMARK GRÆSTED POSTHUS,Centervejen 3,3230,Græsted,01/01 - 1993,17/03 - 2010,5-9
26663903,POST DANMARK A/S,POST DANMARK ENDELAVE POSTHUS,Kongevejen 57,8700,Horsens,01/01 - 1993,31/10 - 2009,1
26663903,POST DANMARK A/S,POST DANMARK Give Posthus,Allegade 14,7323,Give,01/01 - 1993,30/10 - 2013,2-4
26663903,POST DANMARK A/S,POST DANMARK HØJBY POSTHUS,Højbyvej 48,5260,Odense S,01/01 - 1993,28/02 - 2010,1
26663903,POST DANMARK A/S,POST DANMARK Løgumkloster Posthus,Dravedvej 2B,6240,Løgumkloster,01/01 - 1993,15/11 - 2014,0
26663903,POST DANMARK A/S,POST DANMARK Esbjerg Posthus,Torvet 20,6700,Esbjerg,01/01 - 1993,29/09 - 2013,20-49
26663903,POST DANMARK A/S,POST DANMARK MÅLØV OMDELINGSCENTER,Stationsvej 7,2760,Måløv,01/01 - 1993,14/08 - 2010,20-49
26663903,POST DANMARK A/S,POST DANMARK GENTOFTE POSTHUS,Brogårdsvej 12,2820,Gentofte,01/01 - 1993,30/07 - 2011,0
26663903,POST DANMARK A/S,POST DANMARK RUNGSTED KYST POSTHUS,Vestre Stationsvej 7,2960,Rungsted Kyst,01/01 - 1993,28/02 - 2010,2-4
26663903,POST DANMARK A/S,POST DANMARK Hedensted og Løsning Distributionscenter,Mosetoften 14,8722,Hedensted,01/01 - 1993,30/10 - 2012,1
26663903,POST DANMARK A/S,POST DANMARK DREYERSVEJ POSTHUS,Dreyersvej 35,6000,Kolding,01/01 - 1993,23/02 - 2010,2-4
26663903,POST DANMARK A/S,POST DANMARK Ulfborg Distributioncenter,Skovgaardvej 3,6990,Ulfborg,01/01 - 1993,14/05 - 2012,0
26663903,POST DANMARK A/S,POST DANMARK BRAMDRUPDAM POSTHUS,Centervej 5,6000,Kolding,01/01 - 1993,23/02 - 2010,1
26663903,POST DANMARK A/S,POST DANMARK Ryomgård Distribution,Nordre Ringvej 7,8550,Ryomgård,01/01 - 1993,30/03 - 2013,0
26663903,POST DANMARK A/S,POST DANMARK A/S Intern Revision,Vester Farimagsgade 31,1606,København V,28/06 - 2002,31/12 - 2004,20-49
26663903,POST DANMARK A/S,POST DANMARK LØGSTRUP POSTHUS,Borgergade 4,8831,Løgstrup,01/01 - 1993,28/02 - 2010,1
26663903,POST DANMARK A/S,POST DANMARK Gudme Distributionscenter,Poppelvej 6,5884,Gudme,24/08 - 2009,29/11 - 2011,2-4
26663903,POST DANMARK A/S,Post Danmark,Laplandsgade 4A,2300,København S,01/01 - 2008,20/03 - 2010,50-99
26663903,POST DANMARK A/S,POST DANMARK Mørkøv Distribution,Jernbanevej 1,4440,Mørkøv,01/01 - 2003,15/03 - 2009,5-9
26663903,POST DANMARK A/S,POST DANMARK Tilst Distributionscenter,Anelystparken 37B,8381,Tilst,27/08 - 2009,31/07 - 2014,0
26663903,POST DANMARK A/S,POST DANMARK Øgade Omdelingscenter,Hadsundvej 88,9000,Aalborg,01/01 - 2004,28/02 - 2010,0
26663903,POST DANMARK A/S,POST DANMARK Kjellerup Distributionsventer,Grønningen 13,8620,Kjellerup,01/01 - 1993,28/09 - 2013,1
26663903,POST DANMARK A/S,POST DANMARK Nørager Distributionscenter,Jernbanegade 9,9610,Nørager,01/01 - 1993,30/09 - 2010,10-19
26663903,POST DANMARK A/S,POST DANMARK TUNE POSTBUTIK,Tune Center 4,4030,Tune,01/01 - 1993,28/02 - 2010,10-19
26663903,POST DANMARK A/S,POST DANMARK Hyrdehøj Posthus,Hyrdehøj Bygade 6H,4000,Roskilde,01/01 - 1993,15/03 - 2009,2-4
26663903,POST DANMARK A/S,POST DANMARK Hjørring Posthus,Banegårdspladsen 5,9800,Hjørring,01/01 - 2005,29/11 - 2010,5-9
26663903,POST DANMARK A/S,POST DANMARK RØNDE POSTHUS,Hovedgaden 40,8410,Rønde,01/01 - 1993,29/06 - 2012,0
26663903,POST DANMARK A/S,POST DANMARK HUNDESTED POSTHUS,Jernbanegade 6,3390,Hundested,01/01 - 1993,30/07 - 2013,1
26663903,POST DANMARK A/S,POST DANMARK Langå Distribution,Kærsangervej 2,8870,Langå,01/01 - 1993,29/09 - 2013,0
26663903,POST DANMARK A/S,POST DANMARK Rungstedvej Posthus,Rungstedvej 1,2970,Hørsholm,01/01 - 2005,30/07 - 2010,5-9
26663903,POST DANMARK A/S,POST DANMARK Ringsted Pakkedistribution,Huginsvej 13,4100,Ringsted,01/01 - 1993,30/01 - 2014,0
26663903,POST DANMARK A/S,POST DANMARK HØNG POSTHUS,Centervej 2,4270,Høng,01/01 - 1993,30/11 - 2011,1
26663903,POST DANMARK A/S,POST DANMARK NORDHAVNEN POSTHUS,Århusgade 126,2150,Nordhavn,01/01 - 1993,30/01 - 2011,0
26663903,POST DANMARK A/S,POST DANMARK ASSENS POSTKONTOR,Vagtelvænget 20,5610,Assens,01/01 - 1993,28/09 - 2013,2-4
26663903,POST DANMARK A/S,POST DANMARK ROSKILDE POSTHUS,Jernbanegade 3A,4000,Roskilde,01/01 - 1993,29/03 - 2014,0
26663903,POST DANMARK A/S,POST DANMARK MIDTSJÆLLANDS POSTCENTER,Dyssegårdsvej 21,4100,Ringsted,01/01 - 1993,14/08 - 2010,200-499
26663903,POST DANMARK A/S,POST DANMARK SKIBBY POSTHUS,Rosenvænget 60,4050,Skibby,01/01 - 1993,30/11 - 2013,2-4
26663903,POST DANMARK A/S,POST DANMARK HILLERØD VEST POSTHUS,Hillerødsholmsalle 10,3400,Hillerød,01/01 - 1993,24/08 - 2010,10-19
26663903,POST DANMARK A/S,POST DANMARK DISTRIBUTIONSOMR. ODENSE SYD,Dalumvej 32D,5250,Odense SV,01/01 - 1993,09/08 - 2012,0
26663903,POST DANMARK A/S,POST DANMARK Nørre Alslev Distributionscenter,Cargovej 18,4840,Nørre Alslev,01/01 - 1993,30/05 - 2012,0
26663903,POST DANMARK A/S,POST DANMARK SLAGELSE POSTHUS,Sdr.Stationsvej 26,4200,Slagelse,01/01 - 1993,27/02 - 2013,0
26663903,POST DANMARK A/S,POST DANMARK SKÆRBÆK POSTHUS,Nørre Skærbækvej 6,6780,Skærbæk,01/01 - 1993,30/10 - 2012,0
26663903,POST DANMARK A/S,POST DANMARK Oksbøl Posthus,Industrivej 19,6840,Oksbøl,01/01 - 1993,30/01 - 2012,0
26663903,POST DANMARK A/S,POST DANMARK VODSKOV POSTHUS,Vodskovvej 18,9310,Vodskov,01/01 - 1993,30/12 - 2010,10-19
26663903,POST DANMARK A/S,POST DANMARK CENTER ØST POSTHUS,Vollsmose Allé 10,5240,Odense NØ,01/01 - 1993,11/07 - 2010,20-49
26663903,POST DANMARK A/S,POST DANMARK GÅBENSEVEJ POSTHUS,Gaabensevej 61,4800,Nykøbing F,01/01 - 1993,23/02 - 2010,2-4
26663903,POST DANMARK A/S,Post Danmark Laplandsgades Distributionscenter,Laplandsgade 2-4A,2300,København S,28/11 - 2007,29/09 - 2013,0
26663903,POST DANMARK A/S,POST DANMARK TÅRS DISTRIBUTIONSCENTER,Butikstorvet 3,9830,Tårs,01/01 - 1993,30/09 - 2011,10-19
26663903,POST DANMARK A/S,POST DANMARK JÆGERSPRIS POSTHUS,Egeparken 4,3630,Jægerspris,01/01 - 1993,31/03 - 2012,0
26663903,POST DANMARK A/S,POST DANMARK Vejle Øst Distributionscenter,Håndværkervej 1,7120,Vejle Øst,01/01 - 1993,30/11 - 2010,20-49
26663903,POST DANMARK A/S,POST DANMARK BRØRUP POSTHUS,Stadionvej 2,6650,Brørup,01/01 - 1993,29/09 - 2010,20-49
26663903,POST DANMARK A/S,POST DANMARK Ølgod Distributionscenter,Jernbanegade 7,6870,Ølgod,01/01 - 1993,29/09 - 2011,10-19
26663903,POST DANMARK A/S,POST DANMARK SOLRØD STRAND POSTHUS,Solrød Center 3,2680,Solrød Strand,01/01 - 1993,27/02 - 2013,0
26663903,POST DANMARK A/S,POST DANMARK GRAM POSTHUS,Torvet 9,6510,Gram,01/01 - 1993,29/11 - 2010,10-19
26663903,POST DANMARK A/S,POST DANMARK Kirke Såby Distribution,Egevej 1,4060,Kirke Såby,01/01 - 1993,22/12 - 2009,5-9
26663903,POST DANMARK A/S,POST DANMARK Viby Sjælland Distributionscenter,Vestergade 1,4130,Viby Sjælland,01/01 - 1993,06/05 - 2009,5-9
26663903,POST DANMARK A/S,POST DANMARK Frederiksberg C,Holger Danskes Vej 91,2000,Frederiksberg,01/01 - 2003,29/06 - 2010,50-99
26663903,POST DANMARK A/S,POST DANMARK Skalborg Distributionscenter,Bisgårdsvej 4,9200,Aalborg SV,01/01 - 1993,29/06 - 2011,0
26663903,POST DANMARK A/S,POST DANMARK KVÆRNDRUP POSTHUS,Svendborgvej 11,5772,Kværndrup,01/01 - 1993,28/02 - 2010,1
26663903,POST DANMARK A/S,POST DANMARK Grønvej omdelingscenter,Grønvej 5,4700,Næstved,01/01 - 1993,06/01 - 2011,0
26663903,POST DANMARK A/S,POST DANMARK SLANGERUP POSTHUS,Brobæksgade 12B,3550,Slangerup,01/01 - 1993,30/07 - 2012,0
26663903,POST DANMARK A/S,POST DANMARK CHRISTIANSFELD POSTHUS,Jernbanegade 1,6070,Christiansfeld,01/01 - 1993,30/06 - 2013,2-4
26663903,POST DANMARK A/S,POST DANMARK STRANDKÆRVEJ POSTHUS,Strandkærvej 34,8700,Horsens,01/01 - 1993,28/02 - 2010,2-4
26663903,POST DANMARK A/S,Post Danmark Algade 44 Filial,Algade 44,9000,Aalborg,01/01 - 2001,31/03 - 2014,0
26663903,POST DANMARK A/S,POST DANMARK Væggerløse Distributionscenter,Væggerløsevej 13,4873,Væggerløse,01/01 - 1993,07/04 - 2011,0
26663903,POST DANMARK A/S,POST DANMARK Jyllinge Distribution,Jyllingecentret 43,4040,Jyllinge,01/01 - 2005,17/03 - 2010,2-4
26663903,POST DANMARK A/S,POST DANMARK RØDOVRE POSTHUS,Rødovre Centrum 151,2610,Rødovre,01/01 - 2004,31/07 - 2016,0
26663903,POST DANMARK A/S,POST DANMARK Næstved Distributionscenter,Øverup Erhvervsvej 1,4700,Næstved,01/10 - 2004,22/03 - 2014,0
26663903,POST DANMARK A/S,POST DANMARK Dalmose Posthus,Industrivej 7,4261,Dalmose,01/01 - 2004,14/03 - 2007,1
26663903,POST DANMARK A/S,Post Danmark A/S (B6701),Torvet 20,6700,Esbjerg,01/10 - 2013,01/07 - 2015,0
26663903,POST DANMARK A/S,Postnord Danmark,Bækvej 10,4690,Haslev,01/01 - 2014,01/05 - 2017,20-49
26663903,POST DANMARK A/S,POST DANMARK H.C. ØRSTEDSVEJ POSTHUS,H.C. Ørsteds Vej 54,1879,Frederiksberg C,01/01 - 1993,31/05 - 2016,0
26663903,POST DANMARK A/S,POST DANMARK HURUP THY POSTHUS,Bredgade 165,7760,Hurup Thy,01/01 - 1993,31/10 - 2016,0
26663903,POST DANMARK A/S,POST DANMARK Skagen Posthus,Chr. Xs Vej 8,9990,Skagen,01/01 - 1993,31/08 - 2016,0
26663903,POST DANMARK A/S,POST DANMARK GILLELEJE POSTHUS,Fiskerengen 12,3250,Gilleleje,01/01 - 1993,31/05 - 2016,0
26663903,POST DANMARK A/S,POST DANMARK VESTERPORT POSTHUS,Vesterbrogade 8,1620,København V,01/01 - 1993,31/12 - 2014,0
26663903,POST DANMARK A/S,POST DANMARK HAMMEL POSTHUS,Banealle 6,8450,Hammel,01/01 - 2005,27/02 - 2010,2-4
26663903,POST DANMARK A/S,POST DANMARK Gl. Færgevej Posthus,Gl Færgevej 22,6700,Esbjerg,01/01 - 1998,06/05 - 2009,2-4
26663903,POST DANMARK A/S,POST DANMARK A/S Ringsted Salg,Tinggade 20,4100,Ringsted,01/01 - 2001,30/09 - 2016,0
26663903,POST DANMARK A/S,POST DANMARK KERTEMINDE POSTHUS,Strandvejen 4,5300,Kerteminde,01/01 - 1993,29/09 - 2013,10-19
26663903,POST DANMARK A/S,POST DANMARK VALBY POSTHUS,Gammel Køge Landevej 39,2500,Valby,01/01 - 1993,30/12 - 2013,2-4
26663903,POST DANMARK A/S,POST DANMARK KØBMAGERGADE POSTKONTOR,Købmagergade 33,1150,København K,01/01 - 1993,30/06 - 2015,0
26663903,POST DANMARK A/S,POST DANMARK LYNGBY POSTHUS,Jernbanepladsen 10,2800,Kgs. Lyngby,01/01 - 1993,29/03 - 2014,0
26663903,POST DANMARK A/S,POST DANMARK Hvidovre Postkontor,Hvidovrevej 272,2650,Hvidovre,13/03 - 2006,30/08 - 2011,0
26663903,POST DANMARK A/S,POST DANMARK RIBE POSTKONTOR,Sct Nicolaj Gade 12,6760,Ribe,01/01 - 1993,30/09 - 2016,0
26663903,POST DANMARK A/S,POST DANMARK BIRKERØD POSTKONTOR,Stationsvej 40,3460,Birkerød,01/01 - 1993,29/02 - 2016,0
26663903,POST DANMARK A/S,POST DANMARK ESBJERG V POSTHUS,Ådalsparken 45,6710,Esbjerg V,01/01 - 1993,29/02 - 2016,0
26663903,POST DANMARK A/S,POST DANMARK HOVEDKONTORET,Tietgensgade 37,1704,København V,01/01 - 1993,31/12 - 2016,0
26663903,POST DANMARK A/S,POST DANMARK NORDVEST POSTHUS,Glasvej 3,2400,København NV,01/01 - 2005,31/01 - 2013,0
26663903,POST DANMARK A/S,Lagerhotel (Madudbringningen),Oliefabriksvej 47,2770,Kastrup,01/09 - 2015,31/12 - 2017,0
26663903,POST DANMARK A/S,POST DANMARK GRINDSTED POSTKONTOR,Østergade 21,7200,Grindsted,01/01 - 1993,31/12 - 2017,2-4
26663903,POST DANMARK A/S,POST DANMARK Haslev Posthus,Stationspladsen 3,4690,Haslev,01/01 - 1993,31/12 - 2017,0
26663903,POST DANMARK A/S,Post Danmark Kalundborg Distributionscenter,Sydhavnsvej 5,4400,Kalundborg,20/10 - 2004,30/04 - 2016,0
26663903,POST DANMARK A/S,POST DANMARK ØSTERBRO POSTHUS,Øster Allé 1,2100,København Ø,01/01 - 1993,30/06 - 2017,0
26663903,POST DANMARK A/S,POST DANMARK GALTEN POSTHUS,Torvet 5,8464,Galten,01/01 - 1993,17/01 - 2018,0
26663903,POST DANMARK A/S,POST DANMARK FREDERIKSVÆRK POSTKONTOR,Posthustorvet 1,3300,Frederiksværk,01/01 - 1993,31/08 - 2017,0
26663903,POST DANMARK A/S,POST DANMARK VORDINGBORG POSTKONTOR,Aarsleffsgade 1,4760,Vordingborg,01/01 - 1993,31/01 - 2017,0
26663903,POST DANMARK A/S,Post Danmark A/S Orø Distribution,Bygaden 32,4300,Holbæk,14/02 - 2013,31/03 - 2017,0
26663903,POST DANMARK A/S,POST DANMARK Brande Distributionscenter,Borupvej 1E,7330,Brande,04/05 - 2009,06/06 - 2017,0
26663903,POST DANMARK A/S,POST DANMARK KØGE POSTKONTOR,Jernstøbervænget 2,4600,Køge,01/01 - 1993,30/04 - 2018,200-499
26663903,POST DANMARK A/S,POST DANMARK MARIBO POSTKONTOR,C. E. Christiansens Vej 29,4930,Maribo,01/01 - 1993,31/05 - 2018,0
26663903,POST DANMARK A/S,POST DANMARK FAABORG POSTKONTOR,Banegårdspladsen 4,5600,Faaborg,01/01 - 1993,01/04 - 2019,10-19
26663903,POST DANMARK A/S,POST DANMARK HOBRO POSTKONTOR,Adelgade 8,9500,Hobro,01/01 - 1993,31/05 - 2019,1
26663903,POST DANMARK A/S,POST DANMARK EBELTOFT POSTKONTOR,S. A. Jensen Vej 1,8400,Ebeltoft,01/01 - 1993,05/01 - 2018,0
26663903,POST DANMARK A/S,POST DANMARK RINGKØBING POSTKONTOR,Nørredige 1,6950,Ringkøbing,01/01 - 1993,31/05 - 2019,0
26663903,POST DANMARK A/S,POST DANMARK AABYBRO POSTHUS,Rolighedsvej 2,9440,Aabybro,01/01 - 1993,28/02 - 2018,0
26663903,POST DANMARK A/S,POST DANMARK Nyborg Distributionscenter,Frisengårdsvej 13,5800,Nyborg,04/05 - 2009,28/02 - 2018,0
26663903,POST DANMARK A/S,POST DANMARK Brønderslev Posthus,Banegårdspladsen 8,9700,Brønderslev,01/01 - 1993,04/09 - 2017,0
26663903,POST DANMARK A/S,POST DANMARK Store Heddinge Distributionscenter,Højerupvej 9A,4660,Store Heddinge,01/01 - 1993,30/06 - 2018,0
26663903,POST DANMARK A/S,POST DANMARK JUELSMINDE DISTRIBUTIONSCENTER,Gammelgårdsvej 13,7130,Juelsminde,01/01 - 1993,10/02 - 2018,0
26663903,POST DANMARK A/S,POST DANMARK Ringe Posthus,Stationsvej 8,5750,Ringe,01/01 - 1993,28/02 - 2018,0
26663903,POST DANMARK A/S,POST DANMARK Horsens B Pakkedistribution,Løvenørnsgade 97,8700,Horsens,01/01 - 1998,31/12 - 2020,5-9
26663903,POST DANMARK A/S,POST DANMARK FJERRITSLEV POSTHUS,Jernbanegade 7,9690,Fjerritslev,01/01 - 1993,31/05 - 2018,0
26663903,POST DANMARK A/S,POST DANMARK NYKØBING SJÆLLAND POSTKONTOR,Jernbanevej 10,4500,Nykøbing Sj,01/01 - 1993,01/04 - 2019,0
26663903,POST DANMARK A/S,POST DANMARK POSTOMRÅDE FYN & SYDJYLLAND,Indre Ringvej 25,7000,Fredericia,01/01 - 1993,28/02 - 2018,0
26663903,POST DANMARK A/S,POST DANMARK PADBORG POSTKONTOR,Jernbanegade 11,6330,Padborg,01/01 - 1993,01/04 - 2019,1
26663903,POST DANMARK A/S,POST DANMARK BALLERUP POSTKONTOR,Banegårdspladsen 7,2750,Ballerup,01/01 - 1993,30/06 - 2018,0
26663903,POST DANMARK A/S,POST DANMARK Vestjyllands Postcenter Brevproduktionsområde Fredericia,Godsbanevej 7,7400,Herning,01/01 - 1993,30/06 - 2017,0
26663903,POST DANMARK A/S,POST DANMARK Skanderborg Posthus,Jernbanevej 9,8660,Skanderborg,01/01 - 1993,01/04 - 2019,5-9
26663903,POST DANMARK A/S,POST DANMARK STRUER POSTKONTOR,Tegltorvet 1,7600,Struer,01/01 - 1993,28/02 - 2018,0
26663903,POST DANMARK A/S,Post Danmark Servicedistribution,Brudelysvej 17 7G.,2880,Bagsværd,19/12 - 2013,31/12 - 2017,0
26663903,POST DANMARK A/S,POST DANMARK A/S (B0900),Bernstorffsgade 38,1577,København V,01/01 - 1993,30/09 - 2017,0
26663903,POST DANMARK A/S,PostNord Danmark A/S Transportgruppen,Kirkebjerg Søpark 2,2605,Brøndby,01/11 - 2015,31/03 - 2018,0
26663903,POST DANMARK A/S,Post Danmark A/S (B5011),Tarupvej 51,5210,Odense NV,08/02 - 2012,31/01 - 2018,0
26663903,POST DANMARK A/S,POST DANMARK FREDERIKSBERG POSTHUS,Finsensvej 12,2000,Frederiksberg,01/01 - 1993,30/06 - 2018,0
26663903,POST DANMARK A/S,POST DANMARK Ærøskøbing Distributionscenter,Statene 6,5970,Ærøskøbing,01/01 - 1993,30/04 - 2018,0
26663903,POST DANMARK A/S,POST DANMARK Søndersø Distributionscenter,Vesterled 7,5471,Søndersø,01/01 - 1993,28/02 - 2018,0
26663903,POST DANMARK A/S,POST DANMARK Nibe Distributionscenter,Østerlandsvej 1,9240,Nibe,01/01 - 1993,30/06 - 2019,0
26663903,POST DANMARK A/S,Kirkebjerg Søpark,Kirkebjerg Søpark 2,2605,Brøndby,01/09 - 2016,31/03 - 2018,0
26663903,POST DANMARK A/S,POST DANMARK PRÆSTØ distributionscenter,Rosagervej 15,4720,Præstø,01/01 - 1993,30/06 - 2019,2-4
26663903,POST DANMARK A/S,POST DANMARK Sejerø Distribution,Brovej 22,4592,Sejerø,01/01 - 1993,31/01 - 2018,0
26663903,POST DANMARK A/S,POST DANMARK Toftlund Distributionscenter,Toldbodgade 12,6520,Toftlund,01/01 - 1993,14/06 - 2021,1
26663903,POST DANMARK A/S,POST DANMARK TAASTRUP POSTKONTOR,Selsmosevej 25,2630,Taastrup,01/01 - 1993,14/06 - 2021,0
26663903,POST DANMARK A/S,POST DANMARK VEJEN POSTKONTOR,Jyllandsgade 6,6600,Vejen,01/01 - 1993,14/06 - 2021,0
26663903,POST DANMARK A/S,POST DANMARK Odder Posthus,Nørregade 12,8300,Odder,01/01 - 1993,31/12 - 2020,2
26663903,POST DANMARK A/S,POST DANMARK NYKØBING MORS POSTKONTOR,Jernbanevej 16,7900,Nykøbing M,01/01 - 1993,31/12 - 2019,1
26663903,POST DANMARK A/S,POST DANMARK Farum Distributionscenter,Gammelgårdsvej 100,3520,Farum,01/01 - 1993,31/12 - 2020,1
26663903,POST DANMARK A/S,POST DANMARK DRONNINGLUND POSTHUS,Stationsvej 4,9330,Dronninglund,01/01 - 1993,01/03 - 2021,1
26663903,POST DANMARK A/S,POST DANMARK FREDERIKSSUND POSTHUS,Kocksvej 2,3600,Frederikssund,01/01 - 1993,31/12 - 2020,2
26663903,POST DANMARK A/S,Post Fleet Management A/S,Stamholmen 99,2650,Hvidovre,01/10 - 2014,31/12 - 2020,1
26663903,POST DANMARK A/S,POST DANMARK GRENAA POSTKONTOR,Stationsplads 2,8500,Grenaa,01/01 - 1993,31/12 - 2020,1
26663903,POST DANMARK A/S,POST DANMARK LEMVIG Distributionscenter,Navervej 11,7620,Lemvig,01/01 - 1993,31/12 - 2020,2
26663903,POST DANMARK A/S,"PostNord Danmark, Nakskov Cykeldepot (B4901)",Perlestikkergade 23A,4900,Nakskov,02/04 - 2018,14/06 - 2021,1
26663903,POST DANMARK A/S,POST DANMARK FREDERIKSHAVN POSTKONTOR,Skippergade 27,9900,Frederikshavn,01/01 - 1993,15/03 - 2021,14
26663903,POST DANMARK A/S,POST DANMARK HILLERØD POSTHUS,Søndre Jernbanevej 28,3400,Hillerød,01/01 - 1993,14/06 - 2021,3
26663903,POST DANMARK A/S,POST DANMARK VEJLE POSTKONTOR,Gammelhavn 2,7100,Vejle,01/01 - 1993,03/02 - 2022,1
26663903,POST DANMARK A/S,POST DANMARK KOLDING POSTKONTOR,Banegårdspladsen 8,6000,Kolding,01/01 - 1993,03/02 - 2022,1
26663903,POST DANMARK A/S,POST DANMARK HORSENS POSTKONTOR,Lichtenbergsgade 1,8700,Horsens,01/01 - 1993,08/07 - 2021,1
26663903,POST DANMARK A/S,POST DANMARK PRØVESTENEN,Prøvestensvej 4,3000,Helsingør,01/01 - 1998,14/06 - 2021,1
26663903,POST DANMARK A/S,Post Danmark A/S (B6002),Venusvej 30,6000,Kolding,27/06 - 2012,01/03 - 2021,1
26663903,POST DANMARK A/S,POST DANMARK NORDSJÆLLANDS POSTCENTER,Roskildevej 325A,2630,Taastrup,01/01 - 1993,01/01 - 2004,0
26663903,POST DANMARK A/S,POST DANMARK AHLMANNS ALLE POSTHUS,Ahlmanns Alle 2,2900,Hellerup,01/01 - 1993,07/07 - 2002,2-4
26663903,POST DANMARK A/S,POST DANMARK LUFTHAVNEN POSTHUS,Lufthavnen,2770,Kastrup,01/01 - 1993,13/12 - 2005,1
26663903,POST DANMARK A/S,POST DANMARK Fisketorvet Posthus,Kalvebod Brygge 59,1560,København V,01/01 - 1993,01/04 - 2008,2-4
26663903,POST DANMARK A/S,Post Danmark Lynge Posthus,Lynghøjvej 10A,3540,Lynge,01/01 - 1993,31/12 - 2002,1
26663903,POST DANMARK A/S,POST DANMARK SERVICE,Amagerfælledvej 42,2300,København S,01/01 - 1993,31/12 - 1999,50-99
26663903,POST DANMARK A/S,POST DANMARK GAMMEL KONGEVEJ POSTHUS,Gammel Kongevej 121,1850,Frederiksberg C,01/01 - 1993,31/12 - 2005,5-9
26663903,POST DANMARK A/S,POST DANMARK International Post,Tietgensgade 37,1704,København V,01/01 - 1993,01/01 - 2003,10-19
26663903,POST DANMARK A/S,POST DANMARK Blåkilde Postbutik,Blåkildevej 2,2630,Taastrup,01/01 - 1993,31/12 - 2003,0
26663903,POST DANMARK A/S,POST DANMARK HJORTESPRING POSTBUTIK,Dildhaven 65,2730,Herlev,01/01 - 1993,31/12 - 2003,1
26663903,POST DANMARK A/S,POST DANMARK KLAMPENBORG POSTBUTIK,Dyrehavevej 4-6,2930,Klampenborg,01/01 - 1993,14/10 - 2003,0
26663903,POST DANMARK A/S,POST DANMARK GAMMELHOLM POSTHUS,Holbergsgade 23,1057,København K,01/01 - 1993,14/02 - 2003,0
26663903,POST DANMARK A/S,POST DANMARK UTTERSLEV POSTHUS,Utterslevvej 11,2400,København NV,01/01 - 1993,13/12 - 2005,2-4
26663903,POST DANMARK A/S,POST DANMARK BUDDINGE POSTHUS,Søborg Hovedgade 201,2860,Søborg,01/01 - 1993,13/12 - 2005,1
26663903,POST DANMARK A/S,POST DANMARK ORDRUP POSTHUS,Hyldegårds Tværvej 47,2920,Charlottenlund,01/01 - 1993,31/12 - 2003,2-4
26663903,POST DANMARK A/S,POST DANMARK BRØNDBYØSTER POSTHUS,Nygårds Plads 5,2605,Brøndby,01/01 - 1993,12/03 - 2006,2-4
26663903,POST DANMARK A/S,POST DANMARK ØSTERPORT POSTHUS,Oslo Plads 10,2100,København Ø,01/01 - 1993,31/12 - 2005,5-9
26663903,POST DANMARK A/S,POST DANMARK POSTENS MAIL BUREAU,Bernstorffsgade 40,1577,København V,01/01 - 1993,31/12 - 1998,0
26663903,POST DANMARK A/S,POST DANMARK POST- OG TELE MUSEUM,Tietgensgade 37,1704,København V,01/01 - 1993,31/12 - 2002,2-4
26663903,POST DANMARK A/S,POST DANMARK EMDRUPVEJ POSTHUS,Emdrupvej 22,2100,København Ø,01/01 - 1993,13/12 - 2005,2-4
26663903,POST DANMARK A/S,"POST DANMARK INTERN REVISION, FA",Oldenborggade 1C,7000,Fredericia,01/01 - 1993,31/12 - 2000,2-4
26663903,POST DANMARK A/S,POST DANMARK HOLMBLADSGADE POSTHUS,Holmbladsgade 92,2300,København S,01/01 - 1993,01/04 - 2008,2-4
26663903,POST DANMARK A/S,POST DANMARK NYHAVN POSTHUS,Store Strandstræde 21,1255,København K,01/01 - 1993,14/02 - 2003,1
26663903,POST DANMARK A/S,POST DANMARK ENGHAVE POSTHUS,Lyrskovgade 10,1758,København V,01/01 - 1993,04/06 - 2003,5-9
26663903,POST DANMARK A/S,POST DANMARK VESTAMAGER POSTBUTIK,Ugandavej 111,2770,Kastrup,01/01 - 1993,31/12 - 2003,10-19
26663903,POST DANMARK A/S,POST DANMARK RÅDHUSSTRÆDE POSTHUS,Rådhusstræde 1,1466,København K,01/01 - 1993,13/12 - 2005,20-49
26663903,POST DANMARK A/S,POST DANMARK HYLTEBJERG POSTHUS,Ålekistevej 87,2720,Vanløse,01/01 - 1993,13/12 - 2005,2-4
26663903,POST DANMARK A/S,POST DANMARK FREDERIKSBERG ALLE POSTHUS,Frederiksberg Alle 6,1820,Frederiksberg C,01/01 - 1993,31/12 - 2002,5-9
26663903,POST DANMARK A/S,POST DANMARK ABILDKÆR POSTHUS,Rødovre Stationscenter 3,2610,Rødovre,01/01 - 1993,13/12 - 2005,1
26663903,POST DANMARK A/S,POST DANMARK VALLENSBÆK POSTHUS,Vallensbæk Nærcenter 1,2665,Vallensbæk Strand,01/01 - 1993,13/12 - 2005,2-4
26663903,POST DANMARK A/S,POST DANMARK MELCHIORS PLADS POSTHUS,Melchiors Plads 3,2100,København Ø,01/01 - 1993,29/06 - 2003,0
26663903,POST DANMARK A/S,POST DANMARK HOSTRUPS HAVE POSTHUS,Rolighedsvej 6,1958,Frederiksberg C,01/01 - 1993,13/12 - 2005,5-9
26663903,POST DANMARK A/S,POST DANMARK SMALLEGADE POSTHUS,Smallegade 6,2000,Frederiksberg,01/01 - 1993,13/12 - 2005,2-4
26663903,POST DANMARK A/S,POST DANMARK REMISEVÆNGET POSTHUS,Remisevej 15,2300,København S,01/01 - 1993,31/12 - 2001,2-4
26663903,POST DANMARK A/S,POST DANMARK HØJE GLADSAXE POSTHUS,Høje Gladsaxe Torv 2,2860,Søborg,01/01 - 1993,14/10 - 2002,1
26663903,POST DANMARK A/S,POST DANMARK Ungdomsbyens Posthus,Islevgård Alle 5,2610,Rødovre,01/01 - 1993,19/10 - 2006,2-4
26663903,POST DANMARK A/S,POST DANMARK AMSTERDAMVEJ POSTHUS,Amsterdamvej 2,2300,København S,01/01 - 1993,13/12 - 2005,5-9
26663903,POST DANMARK A/S,POST DANMARK AVEDØRE HOLME POSTHUS,Stamholmen 145,2650,Hvidovre,01/01 - 1993,18/11 - 2002,2-4
26663903,POST DANMARK A/S,POST DANMARK KILDEGÅRDS PLADS POSTHUS,Kildegårds Plads 5,2820,Gentofte,01/01 - 1993,31/12 - 2002,0
26663903,POST DANMARK A/S,POST DANMARK SLOTSHERRENSVEJ POSTBUTIK,Tybjergvej 115,2720,Vanløse,01/01 - 1993,29/06 - 2003,1
26663903,POST DANMARK A/S,POST DANMARK BRØNDBYVESTER POSTBUTIK,Glentemosen 13,2605,Brøndby,01/01 - 1993,31/12 - 2004,2-4
26663903,POST DANMARK A/S,POST DANMARK BYGGERÅDGIVNING,"Havnegade 39, 3",1058,København K,01/01 - 1993,31/12 - 1999,2-4
26663903,POST DANMARK A/S,POST DANMARK HVIDOVRE TORV POSTHUS,Hvidovre Torv 4,2650,Hvidovre,01/01 - 1993,13/12 - 2005,2-4
26663903,POST DANMARK A/S,POST DANMARK STRØBY EGEDE POSTHUS,Stevnsvej 69,4600,Køge,01/01 - 1993,25/02 - 2004,1
26663903,POST DANMARK A/S,POST DANMARK FEJØ POSTHUS,Herredsvej 58,4944,Fejø,01/01 - 1993,31/12 - 2003,2-4
26663903,POST DANMARK A/S,POST DANMARK GLUMSØ POSTHUS,Stationsvej 9,4171,Glumsø,01/01 - 1993,31/12 - 2002,0
26663903,POST DANMARK A/S,POST DANMARK KONGEVEJS-CENTRET POSTBUTIK,Kongevejs-Centret 6,2970,Hørsholm,01/01 - 1993,31/12 - 2003,0
26663903,POST DANMARK A/S,POST DANMARK Gedser Distribution,Stationsvejen 1,4874,Gedser,01/01 - 1993,31/12 - 2002,0
26663903,POST DANMARK A/S,POST DANMARK Gørlev Postbutik,Algade 31B,4281,Gørlev,01/01 - 1993,31/12 - 2004,1
26663903,POST DANMARK A/S,POST DANMARK RØDBY HAVN POSTBUTIK,Havnegade 13,4970,Rødby,01/01 - 1993,30/09 - 2004,1
26663903,POST DANMARK A/S,POST DANMARK DANNEMARE POSTBUTIK,Bygaden 53,4983,Dannemare,01/01 - 1993,31/12 - 2003,0
26663903,POST DANMARK A/S,POST DANMARK HOLEBY POSTHUS,Østervej 15,4960,Holeby,01/01 - 1993,28/02 - 2002,1
26663903,POST DANMARK A/S,POST DANMARK BENLØSE POSTBUTIK,Roskildevej 151,4100,Ringsted,01/01 - 1993,31/12 - 2004,1
26663903,POST DANMARK A/S,POST DANMARK Kirke Hyllinge Postbutik,Bygaden 11,4070,Kirke Hyllinge,01/01 - 1993,31/12 - 2004,0
26663903,POST DANMARK A/S,POST DANMARK ÅGERUP POSTHUS,Højgårdsvej 6,4000,Roskilde,01/01 - 1993,31/12 - 1999,0
26663903,POST DANMARK A/S,POST DANMARK MOGENSTRUP POSTBUTIK,Pederstrupvej 23,4700,Næstved,01/01 - 1993,31/12 - 2003,2-4
26663903,POST DANMARK A/S,POST DANMARK GANLØSE POSTBUTIK,Østergade 10,3660,Stenløse,01/01 - 1993,31/12 - 2004,5-9
26663903,POST DANMARK A/S,POST DANMARK Svogerslev Postbutik,Svogerslev Hovedgade 78A,4000,Roskilde,01/01 - 1993,31/12 - 2004,1
26663903,POST DANMARK A/S,POST DANMARK ENIGHEDSVEJ POSTHUS,Enighedsvej 57,4800,Nykøbing F,01/01 - 1993,30/06 - 2003,1
26663903,POST DANMARK A/S,POST DANMARK Lundby Distribution,Kaj Lykkes Vej 28,4750,Lundby,01/01 - 1993,25/02 - 2004,1
26663903,POST DANMARK A/S,POST DANMARK EJBY POSTBUTIK,Gemsevej 19,4623,Lille Skensved,01/01 - 1993,31/12 - 2003,1
26663903,POST DANMARK A/S,POST DANMARK Tappernøje Distribution,Sandagervej 3,4733,Tappernøje,01/01 - 1993,31/12 - 2003,0
26663903,POST DANMARK A/S,POST DANMARK TOREBY L POSTBUTIK,Åmarksvej 5,4891,Toreby L,01/01 - 1993,31/12 - 2003,0
26663903,POST DANMARK A/S,POST DANMARK Karise Distribution,Syrenvænget 20,4653,Karise,01/01 - 1993,30/06 - 2004,2-4
26663903,POST DANMARK A/S,POST DANMARK KØGEVEJ POSTHUS,Køgevej 108C,4000,Roskilde,01/01 - 1993,25/02 - 2004,2-4
26663903,POST DANMARK A/S,POST DANMARK STENSVED Distribution,Lindevej 2,4773,Stensved,01/01 - 1993,25/02 - 2004,0
26663903,POST DANMARK A/S,POST DANMARK Femø Postbutik,Damstrædet 51,4930,Maribo,01/01 - 1993,31/12 - 2003,1
26663903,POST DANMARK A/S,POST DANMARK HYLLINGE POSTBUTIK,Søndergade 31,4700,Næstved,01/01 - 1993,31/12 - 2003,2-4
26663903,POST DANMARK A/S,POST DANMARK Rømø Postbutik,Havnebyvej 211,6792,Rømø,01/01 - 1993,31/12 - 2002,1
26663903,POST DANMARK A/S,POST DANMARK BILLUM POSTBUTIK,Kirkebyvej 5,6852,Billum,01/01 - 1993,31/12 - 2003,1
26663903,POST DANMARK A/S,POST DANMARK VINDINGGÅRD CENTER POSTBUTIK,Vindinggård Center 31A,7100,Vejle,01/01 - 1993,31/12 - 2003,1
26663903,POST DANMARK A/S,POST DANMARK ØDSTED POSTBUTIK,Ribevej 31,7100,Vejle,01/01 - 1993,08/09 - 2003,0
26663903,POST DANMARK A/S,POST DANMARK VORBASSE POSTBUTIK,Vestergade 11,6623,Vorbasse,01/01 - 1993,31/12 - 2003,1
26663903,POST DANMARK A/S,POST DANMARK VANDEL POSTHUS,Grindstedvej 13,7184,Vandel,01/01 - 1993,15/11 - 2002,0
26663903,POST DANMARK A/S,POST DANMARK Oksbøl Distribution,Strandvejen 7,6840,Oksbøl,01/01 - 1993,31/12 - 2003,5-9
26663903,POST DANMARK A/S,POST DANMARK KRUSÅ POSTHUS,Flensborgvej 22,6340,Kruså,01/01 - 1993,31/12 - 2003,0
26663903,POST DANMARK A/S,POST DANMARK Højer Postbutik,Kovej 2,6280,Højer,01/01 - 1993,31/12 - 2002,0
26663903,POST DANMARK A/S,POST DANMARK Hoptrup Distribution,Hoptrup Hovedgade 35,6100,Haderslev,01/01 - 1993,31/12 - 2002,1
26663903,POST DANMARK A/S,POST DANMARK Ullerslev Distribution,Ullerslev-Centret 26,5540,Ullerslev,01/01 - 1993,30/09 - 2004,0
26663903,POST DANMARK A/S,POST DANMARK SJØLUND POSTBUTIK,Sjølund Gade 1,6093,Sjølund,01/01 - 1993,31/12 - 2003,0
26663903,POST DANMARK A/S,POST DANMARK SØNDERMARKEN POSTBUTIK,Koldingvej 142,7100,Vejle,01/01 - 1993,31/12 - 2002,0
26663903,POST DANMARK A/S,POST DANMARK Ollerup Postbutik,Højskolevej 1,5762,Vester Skerninge,01/01 - 1993,31/12 - 2003,1
26663903,POST DANMARK A/S,POST DANMARK SKÅRUP FYN POSTBUTIK,Skårup Stationsvej 12,5881,Skårup Fyn,01/01 - 1993,31/12 - 2003,1
26663903,POST DANMARK A/S,POST DANMARK Agerskov Postbutik,Hovedgaden 14,6534,Agerskov,01/01 - 1993,31/12 - 2004,1
26663903,POST DANMARK A/S,POST DANMARK BULLERUP POSTHUS,Lunden 62,5320,Agedrup,01/01 - 1993,31/12 - 2003,1
26663903,POST DANMARK A/S,POST DANMARK AUGUSTENBORG POSTHUS,Storegade 14,6440,Augustenborg,01/01 - 1993,31/12 - 2003,2-4
26663903,POST DANMARK A/S,POST DANMARK Broby Distribution,Byvænget 24,5672,Broby,01/01 - 1993,01/01 - 2004,2-4
26663903,POST DANMARK A/S,POST DANMARK LYØ POSTHUS,Lyø Bygade 2,5600,Faaborg,01/01 - 1993,31/12 - 2000,0
26663903,POST DANMARK A/S,POST DANMARK HOVBORG POSTBUTIK,Holmeåvej 15,6682,Hovborg,01/01 - 1993,31/12 - 2003,1
26663903,POST DANMARK A/S,POST DANMARK CHRISTIANSØ POSTHUS,Frennebakken,3760,Gudhjem,01/01 - 1993,31/12 - 2003,1
26663903,POST DANMARK A/S,POST DANMARK Sommersted Postbutik,Storegade 25,6560,Sommersted,01/01 - 1993,31/12 - 2003,1
26663903,POST DANMARK A/S,POST DANMARK GUDHJEM Distribution,Brøddegade 14,3760,Gudhjem,01/01 - 1993,25/02 - 2004,10-19
26663903,POST DANMARK A/S,"POST DANMARK Auto, Jylland og Fyn",Østergade 46,5000,Odense C,01/01 - 1993,31/12 - 2002,0
26663903,POST DANMARK A/S,POST DANMARK Glejbjerg Postbutik,Grenevej 21,6752,Glejbjerg,01/01 - 1993,31/12 - 2003,1
26663903,POST DANMARK A/S,"POST DANMARK BYGGERÅDGIVNING, AABENRAA",Sct. Nicolai Gade 1,6200,Aabenraa,01/01 - 1993,31/12 - 2002,5-9
26663903,POST DANMARK A/S,POST DANMARK AARØSUND POSTBUTIK,Aarøsund Havn 2B,6100,Haderslev,01/01 - 1993,31/12 - 2002,1
26663903,POST DANMARK A/S,POST DANMARK NØRRE-BJERT POSTBUTIK,Nr. Bjertvej 66,6000,Kolding,01/01 - 1993,31/12 - 2002,0
26663903,POST DANMARK A/S,POST DANMARK RASK MØLLE POSTBUTIK,Gl Jernbanevej 5,8763,Rask Mølle,01/01 - 1993,31/12 - 2003,1
26663903,POST DANMARK A/S,POST DANMARK Næsby Postbutik,Bogensevej 49,5270,Odense N,01/01 - 1993,31/12 - 2003,2-4
26663903,POST DANMARK A/S,POST DANMARK THYREGOD POSTBUTIK,Borgergade 26,7323,Give,01/01 - 1993,31/12 - 2003,1
26663903,POST DANMARK A/S,POST DANMARK JELS POSTHUS,Jels Torvet 6,6630,Rødding,01/01 - 1993,31/12 - 2000,1
26663903,POST DANMARK A/S,POST DANMARK Korinth Postbutik,Lykkevalg 3,5600,Faaborg,01/01 - 1993,31/12 - 2003,1
26663903,POST DANMARK A/S,POST DANMARK HERNING POSTKONTOR,Godsbanevej 1,7400,Herning,01/01 - 1993,31/10 - 2005,20-49
26663903,POST DANMARK A/S,POST DANMARK GUDERUP POSTBUTIK,Nørregade 1,6430,Nordborg,01/01 - 1993,31/12 - 2003,0
26663903,POST DANMARK A/S,POST DANMARK Skodborg Postbutik,Skodborg Nørregade 1,6630,Rødding,01/01 - 1993,31/12 - 2003,1
26663903,POST DANMARK A/S,POST DANMARK Dybbøl Postbutik,Hørtoftvej 1,6400,Sønderborg,01/01 - 1993,31/12 - 2003,0
26663903,POST DANMARK A/S,POST DANMARK Gudme Distributionscenter,Vestergade 1,5884,Gudme,01/01 - 1993,11/10 - 2007,10-19
26663903,POST DANMARK A/S,POST DANMARK MUNKEBO POSTBUTIK,Bycentret 103,5330,Munkebo,01/01 - 1993,31/12 - 2004,1
26663903,POST DANMARK A/S,POST DANMARK Tarm Postbutik,Storegade 16-18,6880,Tarm,01/01 - 1993,31/12 - 2003,1
26663903,POST DANMARK A/S,POST DANMARK THURØ POSTBUTIK,Bergmannsvej 82,5700,Svendborg,01/01 - 1993,31/12 - 2001,1
26663903,POST DANMARK A/S,POST DANMARK Humble Distribution,Ristingevej 27,5932,Humble,01/01 - 1993,31/12 - 2003,0
26663903,POST DANMARK A/S,POST DANMARK Søby Ærø Postbutik,Langebro 13,5985,Søby Ærø,01/01 - 1993,31/12 - 2003,0
26663903,POST DANMARK A/S,POST DANMARK STENSTRUP POSTHUS,Jernbanevej 1,5771,Stenstrup,01/01 - 1993,31/12 - 2001,1
26663903,POST DANMARK A/S,POST DANMARK Hejnsvig Postbutik,Bredgade 63,7250,Hejnsvig,01/01 - 1993,31/12 - 2003,1
26663903,POST DANMARK A/S,POST DANMARK HASLE POSTBUTIK,Storegade 61,3790,Hasle,01/01 - 1993,31/03 - 2002,2-4
26663903,POST DANMARK A/S,POST DANMARK Ferritslev Fyn Postbutik,Ørbækvej 134,5863,Ferritslev Fyn,01/01 - 1993,31/12 - 2002,1
26663903,POST DANMARK A/S,POST DANMARK ULDUM POSTBUTIK,I P Hansens Vej 16,7171,Uldum,01/01 - 1993,03/02 - 2004,1
26663903,POST DANMARK A/S,POST DANMARK BROAGER POSTBUTIK,Storegade 23,6310,Broager,01/01 - 1993,31/12 - 2003,1
26663903,POST DANMARK A/S,POST DANMARK GISLEV POSTHUS,Faaborgvej 5A,5854,Gislev,01/01 - 1993,31/12 - 2003,1
26663903,POST DANMARK A/S,POST DANMARK SKOLEGADE POSTBUTIK,Skolegade 32,7100,Vejle,01/01 - 1993,31/12 - 2003,0
26663903,POST DANMARK A/S,POST DANMARK HJERTING POSTHUS,Gl Guldagervej 25,6710,Esbjerg V,01/01 - 1993,31/12 - 2003,1
26663903,POST DANMARK A/S,POST DANMARK BALLUM POSTBUTIK,Byvej 70,6261,Bredebro,01/01 - 1993,31/12 - 2002,0
26663903,POST DANMARK A/S,POST DANMARK ØRBÆKVEJ POSTHUS,Ørbækvej 5,5700,Svendborg,01/01 - 1993,11/10 - 2007,2-4
26663903,POST DANMARK A/S,POST DANMARK Hornsyld Posthus,Møllevej 2,8783,Hornsyld,01/01 - 1993,31/12 - 2002,0
26663903,POST DANMARK A/S,POST DANMARK Nørremarken Postbuik,Stadion Alle 1,7100,Vejle,01/01 - 1993,31/12 - 2004,0
26663903,POST DANMARK A/S,POST DANMARK Lunderskov Distribution,Vestergade 2,6640,Lunderskov,01/01 - 1993,25/02 - 2004,0
26663903,POST DANMARK A/S,POST DANMARK STRANDHUSE POSTHUS,Skolebakken 38,6000,Kolding,01/01 - 1993,31/12 - 2002,1
26663903,POST DANMARK A/S,POST DANMARK TISTRUP POSTBUTIK,Storegade 15,6862,Tistrup,01/01 - 1993,31/12 - 2003,1
26663903,POST DANMARK A/S,POST DANMARK Tranekær Distribution,Slotsgade 54,5953,Tranekær,01/01 - 1993,31/12 - 2003,0
26663903,POST DANMARK A/S,POST DANMARK SKIBHUS POSTBUTIK,Skibhusvej 158,5000,Odense C,01/01 - 1993,31/12 - 2003,2-4
26663903,POST DANMARK A/S,POST DANMARK Ejstrupholm Postbutik,Østergade 1,7361,Ejstrupholm,01/01 - 1993,31/12 - 2003,1
26663903,POST DANMARK A/S,POST DANMARK BEDSTED THY POSTHUS,Vestervigvej 63,7755,Bedsted Thy,01/01 - 1993,31/12 - 2003,0
26663903,POST DANMARK A/S,POST DANMARK BISPENSGADE POSTHUS,Bispensgade 127,9800,Hjørring,01/01 - 1993,31/12 - 2003,1
26663903,POST DANMARK A/S,POST DANMARK DURUP POSTBUTIK,Hovedgaden 15,7870,Roslev,01/01 - 1993,31/12 - 2003,1
26663903,POST DANMARK A/S,POST DANMARK YDBY POSTBUTIK,Ydby Stationsvej 1,7760,Hurup Thy,01/01 - 1993,31/12 - 2002,0
26663903,POST DANMARK A/S,POST DANMARK HAMMERSHØJ POSTHUS,Jernbanegade 27,8830,Tjele,01/01 - 1993,31/12 - 2003,1
26663903,POST DANMARK A/S,POST DANMARK Erslev Distribution,Præstbrovej 333,7950,Erslev,01/01 - 1993,31/12 - 2003,1
26663903,POST DANMARK A/S,POST DANMARK ANS BY POSTHUS,Søgade 1B,8643,Ans By,01/01 - 1993,30/06 - 2005,1
26663903,POST DANMARK A/S,POST DANMARK VESTERVANG AFD. POSTHUS,Vestervangsvej 16,8800,Viborg,01/01 - 1993,31/12 - 2003,1
26663903,POST DANMARK A/S,POST DANMARK HOLME POSTHUS,Nygårdsvej 95,8270,Højbjerg,01/01 - 1993,23/12 - 2004,1
26663903,POST DANMARK A/S,POST DANMARK HANS BROGES GADE POSTHUS,Hans Broges Gade 22,8000,Århus C,01/01 - 1993,23/12 - 2004,1
26663903,POST DANMARK A/S,POST DANMARK STRANDBY POSTBUTIK,Havnevej 25,9970,Strandby,01/01 - 1993,31/12 - 2004,2-4
26663903,POST DANMARK A/S,POST DANMARK Them Distribution,Silkeborgvej 66,8653,Them,01/01 - 1993,25/02 - 2005,1
26663903,POST DANMARK A/S,POST DANMARK Fårup Postbutik,Storegade 14,8990,Fårup,01/01 - 1993,08/06 - 2004,0
26663903,POST DANMARK A/S,POST DANMARK Rødkærsbro Postbutik,Jernbanegade 1,8840,Rødkærsbro,01/01 - 1993,31/12 - 2003,0
26663903,POST DANMARK A/S,POST DANMARK Sabro Postbutik,Vistoftvej 38,8471,Sabro,01/01 - 1993,24/05 - 2005,5-9
26663903,POST DANMARK A/S,POST DANMARK Assentoft Postbutik,Storegade 51,8900,Randers C,01/01 - 1993,31/12 - 2003,5-9
26663903,POST DANMARK A/S,POST DANMARK FÅRVANG POSTBUTIK,Lærkevej 15,8882,Fårvang,01/01 - 1993,31/12 - 2003,10-19
26663903,POST DANMARK A/S,POST DANMARK GJERN POSTBUTIK,Østergade 1,8883,Gjern,01/01 - 1993,31/12 - 2002,1
26663903,POST DANMARK A/S,POST DANMARK SKEJBYCENTRET POSTHUS,Skelagervej 7-9,8200,Århus N,01/01 - 1993,01/03 - 2005,1
26663903,POST DANMARK A/S,POST DANMARK KANNIKEGADE POSTHUS,Kannikegade 16,8000,Århus C,01/01 - 1993,23/12 - 2004,2-4
26663903,POST DANMARK A/S,POST DANMARK Vestervig Postbutik,Klostergade 33,7770,Vestervig,01/01 - 1993,31/12 - 2002,0
26663903,POST DANMARK A/S,POST DANMARK Gandrup Postbutik,Ålborgvej 326,9362,Gandrup,01/01 - 1993,31/12 - 2003,1
26663903,POST DANMARK A/S,POST DANMARK ØSTER-BRØNDERSLEV POSTBUTIK,Elmevej 50,9700,Brønderslev,01/01 - 1993,31/12 - 2002,0
26663903,POST DANMARK A/S,POST DANMARK MØLDRUP POSTBUTIK,Jernbanegade 3,9632,Møldrup,01/01 - 1993,31/12 - 2002,1
26663903,POST DANMARK A/S,POST DANMARK Snedsted Distribution,Hovedgaden 40,7752,Snedsted,01/01 - 1993,31/12 - 2003,0
26663903,POST DANMARK A/S,POST DANMARK SØNDERGADE POSTHUS,Søndergade 65,9900,Frederikshavn,01/01 - 1993,31/12 - 2002,0
26663903,POST DANMARK A/S,POST DANMARK Klejtrup Postbutik,Viborgvej 3,9500,Hobro,01/01 - 1993,31/12 - 2003,1
26663903,POST DANMARK A/S,POST DANMARK NØRRE ALLE POSTHUS,Nørre Allé 30,8000,Århus C,01/01 - 1993,01/06 - 1999,2-4
26663903,POST DANMARK A/S,POST DANMARK DRONNINGBORG POSTBUTIK,Udbyhøjvej 79,8900,Randers C,01/01 - 1993,31/12 - 2003,1
26663903,POST DANMARK A/S,POST DANMARK Bindslev Postbutik,Vesterbro 9,9881,Bindslev,01/01 - 1993,31/12 - 2004,0
26663903,POST DANMARK A/S,POST DANMARK SØNDER-FELDING POSTBUTIK,Bredgade 22,7280,Sønder Felding,01/01 - 1993,31/12 - 2003,0
26663903,POST DANMARK A/S,POST DANMARK TERNDRUP POSTBUTIK,Terndrup Center 1,9575,Terndrup,01/01 - 1993,31/12 - 2003,1
26663903,POST DANMARK A/S,POST DANMARK NORDBY SAMSØ POSTBUTIK,Nordby Hovedgade 27,8305,Samsø,01/01 - 1993,31/12 - 2003,0
26663903,POST DANMARK A/S,"Post Danmark Auto, Jylland og Fyn",Ankersgade 12,8000,Århus C,01/01 - 1993,31/12 - 2001,0
26663903,POST DANMARK A/S,POST DANMARK BLOKHUS POSTBUTIK,Strandvejen 5B,9492,Blokhus,01/01 - 1993,31/12 - 2003,0
26663903,POST DANMARK A/S,POST DANMARK Ørsted Distributionscenter,Rougsøvej 73B,8950,Ørsted,01/01 - 1993,31/12 - 2003,5-9
26663903,POST DANMARK A/S,POST DANMARK VEMB POSTBUTIK,Nørregade 23,7570,Vemb,01/01 - 1993,31/12 - 2003,1
26663903,POST DANMARK A/S,POST DANMARK Øster-Vrå Distribution,Bredgade 2,9750,Østervrå,01/01 - 1993,31/12 - 2003,1
26663903,POST DANMARK A/S,POST DANMARK KOLIND POSTBUTIK,Bugtrupvej 1,8560,Kolind,01/01 - 1993,31/12 - 2003,0
26663903,POST DANMARK A/S,POST DANMARK ALS POSTBUTIK,Hadsundvej 1,9510,Arden,01/01 - 1993,31/12 - 2003,
26663903,POST DANMARK A/S,POST DANMARK HASSERIS POSTBUTIK,Hasseris Bymidte 29,9000,Aalborg,01/01 - 1993,31/01 - 2007,100-199
26663903,POST DANMARK A/S,POST DANMARK Vadum Postbutik,Ellehammersvej 43,9430,Vadum,01/01 - 1993,31/12 - 2004,1
26663903,POST DANMARK A/S,POST DANMARK FREJLEV POSTBUTIK,Nibevej 317,9200,Aalborg SV,01/01 - 1993,31/12 - 2003,0
26663903,POST DANMARK A/S,POST DANMARK PLANETCENTRET POSTBUTIK,Saltumvej 3,9220,Aalborg Øst,01/01 - 1993,31/12 - 2003,2-4
26663903,POST DANMARK A/S,POST DANMARK GUG POSTHUS,Sønder Tranders Vej 16,9210,Aalborg SØ,01/01 - 1993,31/12 - 2002,2-4
26663903,POST DANMARK A/S,POST DANMARK VINDEBY POSTBUTIK,Bregningevej 8,5700,Svendborg,01/01 - 1994,31/12 - 2003,0
26663903,POST DANMARK A/S,POST DANMARK BISTRUP POSTBUTIK,Abildgårdsparken 2,3460,Birkerød,01/01 - 1994,31/12 - 2003,0
26663903,POST DANMARK A/S,POST DANMARK GAMMELMOSE POSTHUS,Gammelmosevej 123,2800,Kgs.Lyngby,01/01 - 1994,31/12 - 1999,0
26663903,POST DANMARK A/S,POST DANMARK LAUTRUP POSTHUS,Borupvang 2,2750,Ballerup,01/01 - 1994,31/12 - 2002,2-4
26663903,POST DANMARK A/S,POST DANMARK MUNKEBJERG POSTHUS,Hjallesevej 126,5230,Odense M,01/01 - 1995,30/11 - 2005,10-19
26663903,POST DANMARK A/S,POST DANMARK BELLINGE POSTBUTIK,Brogårdsvej 3,5250,Odense SV,01/01 - 1995,31/12 - 2003,1
26663903,POST DANMARK A/S,POST DANMARK HUNDSLUND POSTBUTIK,Landevejen 8,8350,Hundslund,01/01 - 1995,31/12 - 2003,0
26663903,POST DANMARK A/S,POST DANMARK Felsted Postbutik,Sønderborgvej 129,6200,Aabenraa,01/01 - 1995,31/12 - 2003,1
26663903,POST DANMARK A/S,POST DANMARK,Bernstorffsgade 23,1577,København V,01/01 - 1995,31/12 - 1998,0
26663903,POST DANMARK A/S,POST DANMARK KRAGSBJERG POSTBUTIK,Hjallesevej 6,5000,Odense C,01/01 - 1995,31/12 - 1999,0
26663903,POST DANMARK A/S,POST DANMARK DYRUP POSTHUS,Magnoliavej 12C,5250,Odense SV,01/01 - 1995,31/12 - 2003,1
26663903,POST DANMARK A/S,POST DANMARK BOLBRO POSTHUS,Middelfartvej 115,5200,Odense V,01/01 - 1995,08/12 - 2004,2-4
26663903,POST DANMARK A/S,POST DANMARK Løvvangcentret Postbutik,Nørre Uttrup Torv 15,9400,Nørresundby,01/01 - 1996,31/12 - 2004,0
26663903,POST DANMARK A/S,POST DANMARK OMDELINGSCENTER,Viborgvej 1D,8900,Randers C,01/01 - 1996,31/12 - 1999,10-19
26663903,POST DANMARK A/S,POST DANMARK TRANSPORT,Njalsgade 101,2300,København S,01/01 - 1996,31/12 - 2002,0
26663903,POST DANMARK A/S,POST DANMARK GUNDORFSLUND POSTHUS,Gundorfslund 32A,9000,Aalborg,01/01 - 1996,31/12 - 1998,0
26663903,POST DANMARK A/S,POST DANMARK Orø Distribution,Bygaden 32,4300,Holbæk,01/01 - 1996,31/12 - 2003,2-4
26663903,POST DANMARK A/S,POST DANMARK ALLESTED POSTBUTIK,Vejlegårdsvej 6,5672,Broby,01/01 - 1997,31/12 - 2003,1
26663903,POST DANMARK A/S,POST DANMARK BREJNING POSTBUTIK,Brejning Søndergade 38,7080,Børkop,01/01 - 1998,31/12 - 2003,0
26663903,POST DANMARK A/S,POST DANMARK KIRKE SÅBY POSTBUTIK,Rømøvej 3,4060,Kirke Såby,01/01 - 1998,31/12 - 2002,2-4
26663903,POST DANMARK A/S,POST DANMARK Lyngby Storcenter Posthus,Lyngby Storcenter 16,2800,Kgs. Lyngby,01/01 - 1998,12/12 - 2005,1
26663903,POST DANMARK A/S,POST DANMARK IKAST POSTBUTIK,Østergade 11,7430,Ikast,01/01 - 1998,31/12 - 2000,1
26663903,POST DANMARK A/S,POST DANMARK SERVICE FYN/JYLLAND,Bergensvej 3,6230,Rødekro,01/01 - 1998,31/12 - 2002,1
26663903,POST DANMARK A/S,POST DANMARK Tjæreborg Postbutik,Vestre Strandvej 7,6731,Tjæreborg,01/01 - 1998,31/12 - 2003,0
26663903,POST DANMARK A/S,POST DANMARK AUTO,Stamholmen 99,2650,Hvidovre,01/01 - 1998,05/09 - 2001,0
26663903,POST DANMARK A/S,POST DANMARK JYLLINGE OMDELINGSCENTER,Møllehaven 16,4040,Jyllinge,01/01 - 1998,31/12 - 2000,5-9
26663903,POST DANMARK A/S,POST DANMARK SUNDS POSTBUTIK,Sunds Hovedgade 77,7451,Sunds,01/01 - 1998,31/12 - 2001,1
26663903,POST DANMARK A/S,Post Danmark Vejby Postbutik,Stationsvej 30,3210,Vejby,01/01 - 1998,31/12 - 2003,10-19
26663903,POST DANMARK A/S,Post Danmark Mailhouse,Industriparken 4,6360,Tinglev,01/01 - 1999,31/12 - 2002,0
26663903,POST DANMARK A/S,B5002 Pakkeshop,"Skibhusvej 52C, 3",5000,Odense C,15/02 - 2021,01/09 - 2022,1
26663903,POST DANMARK A/S,POST DANMARK HOLBÆK POSTKONTOR,Jernbaneplads 1,4300,Holbæk,01/01 - 1993,01/07 - 2022,7
26663903,POST DANMARK A/S,POST DANMARK Charlottenlund Omdelingscenter,Lundtoftegårdsvej 97,2800,Kongens Lyngby,23/04 - 2009,17/01 - 2023,2
26663903,POST DANMARK A/S,POST DANMARK Regnskabscenter Vest,Indre Ringvej 29,7000,Fredericia,01/09 - 2001,17/01 - 2023,1
26663903,POST DANMARK A/S,POST DANMARK Odense C Distributionscenter,Dannebrogsgade 2,5000,Odense C,01/01 - 1996,17/01 - 2023,6
26663903,POST DANMARK A/S,Post Danmark Ankersgade Distributionscenter,Ankersgade 12,8000,Aarhus C,01/01 - 1993,17/01 - 2023,1
26663903,POST DANMARK A/S,POST DANMARK HOLSTEBRO POSTKONTOR,Stationsvej 9,7500,Holstebro,01/01 - 1993,17/01 - 2023,2
26663903,POST DANMARK A/S,Post Danmark A/S (B5590),Industribuen 10,5592,Ejby,20/08 - 2012,21/02 - 2023,1
26663903,POST DANMARK A/S,POST DANMARK Brøndby Distributionscenter,Priorparken 852,2605,Brøndby,01/01 - 2004,30/07 - 2024,1
26663903,POST DANMARK A/S,POST DANMARK HADERSLEV POSTKONTOR,Jomfrustien 29,6100,Haderslev,01/01 - 1993,11/11 - 2024,1
26663903,POST DANMARK A/S,Depot Grindsted,Odinsvej 18,7200,Grindsted,09/07 - 2021,14/11 - 2024,2
26663903,POST DANMARK A/S,B9504 Depot Hobro,Adelgade 8,9500,Hobro,04/02 - 2020,01/04 - 2025,
26663903,POST DANMARK A/S,B6201-Aabenraa cykeldepot,Vestvejen 167,6200,Aabenraa,25/08 - 2023,19/08 - 2025,
26663903,POST DANMARK A/S,POST DANMARK ROSKILDE ØST POSTHUS,Industrivej 28,4000,Roskilde,01/01 - 1993,11/11 - 2024,1
26663903,POST DANMARK A/S,POST DANMARK Aabenraa Distribution,Jernbanegade 15,6200,Aabenraa,01/01 - 1993,11/11 - 2024,1
26663903,POST DANMARK A/S,POST DANMARK Brevproduktionsområde Fredericia,Snaremosevej 65,7000,Fredericia,01/01 - 1993,11/11 - 2024,1
26663903,POST DANMARK A/S,POST DANMARK A/S Stenløse Postkontor,Knud Bro Alle 1,3660,Stenløse,25/05 - 2004,01/04 - 2025,1
26663903,POST DANMARK A/S,POST DANMARK Svendborg Pakkedist,Gotlandsvej 1,5700,Svendborg,01/09 - 2007,04/04 - 2025,1
26663903,POST DANMARK A/S,Post Danmark A/S (B6721),Strandvejen 21,6720,Fanø,08/02 - 2012,19/08 - 2025,1
26663903,POST DANMARK A/S,Post Danmark A/S (B8801),Industrivej 21,8800,Viborg,26/06 - 2012,11/11 - 2024,8
26663903,POST DANMARK A/S,Post Nord Danmark Pilestræde Filial (B1002),Pilestræde 58,1112,København K,01/04 - 2015,01/04 - 2025,12
26663903,POST DANMARK A/S,PostNord Danmark (B2452),Vestre Teglgade 15,2450,København SV,01/09 - 2017,11/11 - 2024,1
26663903,POST DANMARK A/S,"PostNord Danmark, Servicedistribution",Brudelysvej 17,2880,Bagsværd,15/02 - 2018,14/10 - 2024,1
26663903,POST DANMARK A/S,B2617 Rødovre Cykeldepot,Højnæsvej 62,2610,Rødovre,01/05 - 2019,11/11 - 2024,11
26663903,POST DANMARK A/S,Depot Hvidovre,Hvidovrevej 178,2650,Hvidovre,11/05 - 2020,11/11 - 2024,1
26663903,POST DANMARK A/S,Servicedistribution,Smørmosevej 9,2880,Bagsværd,01/08 - 2020,14/10 - 2024,5
26663903,POST DANMARK A/S,B3601 Cykeldepot Frederikssund,Færgevej 68,3600,Frederikssund,01/12 - 2020,19/08 - 2025,1
26663903,POST DANMARK A/S,DO9220,Vardevej 1,9220,Aalborg Øst,01/01 - 2021,01/04 - 2025,1
26663903,POST DANMARK A/S,B9901 Frederikshavn Cykeldepot,Hjørringvej 134,9900,Frederikshavn,01/01 - 2021,01/04 - 2025,2
26663903,POST DANMARK A/S,B7006 Depot Fredericia,Snaremosevej 63,7000,Fredericia,25/04 - 2023,11/11 - 2024,2
26663903,POST DANMARK A/S,POST DANMARK MØRKHØJ POSTHUS,Mørkhøjvej 111,2730,Herlev,01/01 - 1993,31/12 - 2003,2-4
26663903,POST DANMARK A/S,Post Danmark A/S (B4104) Midtsjællands Postcenter,Dyssegårdsvej 21,4100,Ringsted,04/12 - 2013,01/04 - 2025,3
26663903,POST DANMARK A/S,Post Nord Danmark DIS Postcenter (B3201),Skovgårdsvej 23,3200,Helsinge,01/03 - 2015,19/06 - 2025,19
26663903,POST DANMARK A/S,POST DANMARK JYDERUP POSTHUS,Lynggårdsvej 45,4450,Jyderup,01/01 - 1993,01/04 - 2025,1
26663903,POST DANMARK A/S,POST DANMARK Transport,Priorparken 385,2605,Brøndby,01/01 - 1997,,737
26663903,POST DANMARK A/S,Taulov Pakkecenter (B7010),Stakkesvang 15,7000,Fredericia,08/07 - 2004,,395
26663903,POST DANMARK A/S,POST DANMARK SLAGELSE POSTKONTOR,Nordvej 12,4200,Slagelse,01/01 - 2004,,43
26663903,POST DANMARK A/S,Post Danmark A/S (B2771),Oliefabriksvej 47,2770,Kastrup,01/01 - 2005,,46
26663903,POST DANMARK A/S,Post Danmark Samsø Distribution,Langgade 30,8305,Samsø,04/05 - 2009,,3
26663903,POST DANMARK A/S,Post Danmark Christiansø posthus,Christiansø 1,3760,Gudhjem,08/02 - 2013,,1
26663903,POST DANMARK A/S,Post Danmark Skive Distributionscenter (B7801),Norgesvej 3,7800,Skive,18/07 - 2013,,39
26663903,POST DANMARK A/S,Post Danmark A/S (B6901),Farverivej 10,6900,Skjern,22/07 - 2013,,30
26663903,POST DANMARK A/S,Post Danmark Randers Distributionscenter,Suderholmen 16,8960,Randers SØ,24/03 - 2014,,12
26663903,POST DANMARK A/S,Post Danmark Næstved Distributionscenter (B4701),Øverup Erhvervsvej 1,4700,Næstved,23/03 - 2014,,8
26663903,POST DANMARK A/S,Post Danmark Elmegårdsvej Distribution (B8363),Elmegårdsvej 10,8361,Hasselager,01/02 - 2015,,2
26663903,POST DANMARK A/S,Post Nord Danmark Landekontor (B2301),Hedegaardsvej 88,2300,København S,01/07 - 2015,,398
26663903,POST DANMARK A/S,Post Nord Danmrk Aars Light HUB (B9601),Markedsvej 30,9600,Aars,01/05 - 2015,,39
26663903,POST DANMARK A/S,Post Nord Danmark Gladsaxe HUB (B2861),Tobaksvejen 4,2860,Søborg,01/07 - 2015,,30
26663903,POST DANMARK A/S,PostNord Danmark (B6706) Esbjerg Ø HUB,Kvaglundvej 85,6705,Esbjerg Ø,01/11 - 2015,,94
26663903,POST DANMARK A/S,Post Danmark Brevproduktion Øst (B2631),Bohus Boulevard 1,2630,Taastrup,01/10 - 2015,,125
26663903,POST DANMARK A/S,Herning HUB B7403,Transportcenter Alle 14,7400,Herning,01/02 - 2017,,178
26663903,POST DANMARK A/S,"PostNord Danmark, Køge Terminal (B4601)",Ullsvej 1,4600,Køge,20/09 - 2017,,331
26663903,POST DANMARK A/S,Post Danmark A/S (B2753) Ballerup Cykeldepot,"Telegrafvej 5, st",2750,Ballerup,01/06 - 2018,,9
26663903,POST DANMARK A/S,"PostNord Danmark, Servicedistribution",Hallas Alle 1,4400,Kalundborg,16/02 - 2018,,5
26663903,POST DANMARK A/S,B2634 Taastrup Cykeldepot,Helgeshøj Alle 20,2630,Taastrup,01/08 - 2018,,6
26663903,POST DANMARK A/S,B8701 Horsens HUB,Kometvej 17,8700,Horsens,01/05 - 2019,,73
26663903,POST DANMARK A/S,B2202 Borups Allé Depot (cykler),Borups Allé 43,2200,København N,01/03 - 2019,,18
26663903,POST DANMARK A/S,B3401 Hillerød HUB,Lokesvej 18,3400,Hillerød,01/05 - 2019,,211
26663903,POST DANMARK A/S,B2677 Greve Cykeldepot,Håndværkerbyen 11,2670,Greve,01/05 - 2019,,6
26663903,POST DANMARK A/S,B7011 Distributionsdepot Taulov,Stakkesvang 35,7000,Fredericia,01/02 - 2020,,118
26663903,POST DANMARK A/S,B5222 Distributionsdepot Odense,M.P. Allerups Vej 61,5220,Odense SØ,01/02 - 2020,,216
26663903,POST DANMARK A/S,B8401 DEPOT Djursland,Århusvej 6,8400,Ebeltoft,09/03 - 2020,,28
26663903,POST DANMARK A/S,B3003 Cykeldepot Helsingør,Fabriksvej 10,3000,Helsingør,01/08 - 2020,,4
26663903,POST DANMARK A/S,B2607 Cykeldepot /Erhvervsindlevering,Priorparken 311,2605,Brøndby,01/10 - 2020,,11
26663903,POST DANMARK A/S,B2952 Depot Trørød,Staktoften 8,2950,Vedbæk,15/10 - 2020,,3
26663903,POST DANMARK A/S,B2974 Depot Hørsholm,Savsvinget 4,2970,Hørsholm,01/05 - 2021,,3
26663903,POST DANMARK A/S,B7502,Mads Bjerres Vej 5B,7500,Holstebro,01/06 - 2021,,45
26663903,POST DANMARK A/S,B3524 Farum Depot,Hørmarken 1,3520,Farum,01/05 - 2021,,1
26663903,POST DANMARK A/S,B6501 Depot Haderslev,Solbakken 30,6500,Vojens,01/06 - 2021,,42
26663903,POST DANMARK A/S,Depot Give,Allegade 14,7323,Give,09/07 - 2021,,5
26663903,POST DANMARK A/S,B4302 Holbæk Depot,Ved Faurgården 5A,4300,Holbæk,01/02 - 2022,,107
26663903,POST DANMARK A/S,B2609 Brøndby,Priorparken 775,2605,Brøndby,07/10 - 2022,,16
26663903,POST DANMARK A/S,PDK - Pharma & HealthCare,Laurentsvej 55,2880,Bagsværd,01/07 - 2024,,35
26663903,POST DANMARK A/S,Cykeldepot Sæby,Ålborgvej 93A,9300,Sæby,24/09 - 2024,,4
26663903,POST DANMARK A/S,B4713 Depot Næstved,Fiskerhusvej 29,4700,Næstved,01/09 - 2025,,60
26663903,POST DANMARK A/S,B3723 Depot Aakirkeby,Brovangen 7,3720,Aakirkeby,01/09 - 2025,,28
26663903,POST DANMARK A/S,"B2618 Terminal Brøndby, Priorparken 359",Priorparken 359,2605,Brøndby,01/10 - 2025,,113
26663903,POST DANMARK A/S,Post Danmark Århus Pakkedistribution,Norddigesvej 1,8240,Risskov,20/05 - 2005,,2
26663903,POST DANMARK A/S,Rønne Distributionscenter (B3701),Sandemandsvej 13,3700,Rønne,20/08 - 2012,,13
26663903,POST DANMARK A/S,"PostNord Danmark, Servicedistribution Kalundborg",Hareskovvej 13,4400,Kalundborg,01/09 - 2025,,
26663903,POST DANMARK A/S,"PostNord Danmark, Servicedistribution",Novo Nordisk Park 1,2760,Måløv,15/02 - 2018,,1
26663903,POST DANMARK A/S,PostNord Danmark Faaborg Depot,L. Frandsensvej 2,5600,Faaborg,01/10 - 2018,,2
26663903,POST DANMARK A/S,Depot Grindsted,Slagterivej 3,7200,Grindsted,14/11 - 2024,,
26663903,POST DANMARK A/S,B8362 Depot Hasselager,Bøgekildevej 30D,8361,Hasselager,01/08 - 2025,,
26663903,POST DANMARK A/S,B6202 Aabenraa Depot,Vestvejen 167,6200,Aabenraa,20/08 - 2025,,
26663903,POST DANMARK A/S,B9561 Hadsund Bildepot,Fabriksvej 2,9560,Hadsund,01/03 - 2019,,9
26663903,POST DANMARK A/S,B5706 Svendborg Cykeldepot,Rødeledsvej 70,5700,Svendborg,01/08 - 2024,,
26663903,POST DANMARK A/S,"B7009 Børupvej 42,",Børupvej 42,7000,Fredericia,15/06 - 2023,,
26663903,POST DANMARK A/S,Depot Ringkøbing,V Strandsbjerg 25,6950,Ringkøbing,09/07 - 2021,,1
26663903,POST DANMARK A/S,B7101 Vejle Depot,"Ibæk Strandvej 11A, kl",7100,Vejle,01/10 - 2021,,
26663903,POST DANMARK A/S,B4003 Roskilde - Cykeldepot,"Langebjergvænget 6, st",4000,Roskilde,01/06 - 2024,,
26663903,POST DANMARK A/S,B8804 Viborg - Depot,Gørtlervej 8,8800,Viborg,01/06 - 2024,,
26663903,POST DANMARK A/S,B7014 Fredericia - Strålfors,Tonne Kjærsvej 20,7000,Fredericia,01/07 - 2024,,
26663903,POST DANMARK A/S,B6711 Esbjerg Depot,Stenhuggervej 13,6710,Esbjerg V,01/06 - 2026,,
26663903,POST DANMARK A/S,POST DANMARK Læsø Distributionscenter,Byrum Hovedgade 40,9940,Læsø,01/01 - 1993,,1
26663903,POST DANMARK A/S,POST DANMARK VARDE POSTKONTOR,Stationspladsen 5,6800,Varde,01/01 - 1993,,0
26663903,POST DANMARK A/S,POST DANMARK TØNDER POSTKONTOR,Vestergade 83,6270,Tønder,01/01 - 1993,,12
26663903,POST DANMARK A/S,POST DANMARK SØNDERBORG POSTKONTOR,Kærvej 92,6400,Sønderborg,01/01 - 1993,,56
26663903,POST DANMARK A/S,POST DANMARK BANEGÅRDSPLADSEN 1A ÅRHUS POSTHUS,Banegårdspladsen 1A,8000,Aarhus C,01/01 - 1993,,12
26663903,POST DANMARK A/S,POST DANMARK Nykøbing F Distributionscenter,Skovalleen 46,4800,Nykøbing F,01/01 - 1993,,53
26663903,POST DANMARK A/S,POST DANMARK HJØRRING POSTKONTOR,Sct Cathrine Vej 25,9800,Hjørring,01/01 - 1993,,39
26663903,POST DANMARK A/S,POST DANMARK SILKEBORG POSTKONTOR,Kejlstrupvej 34,8600,Silkeborg,01/01 - 1993,,60
26663903,POST DANMARK A/S,POST DANMARK NORDJYLLANDS POSTCENTER,Postmestervej 1,9000,Aalborg,01/01 - 1993,,272
26663903,POST DANMARK A/S,POST DANMARK THISTED POSTKONTOR,Thyparken 8,7700,Thisted,01/01 - 1993,,24
26663903,POST DANMARK A/S,POST DANMARK INTERNATIONALT POSTCENTER,Kystvejen 26,2770,Kastrup,01/01 - 1993,,116
26663903,POST DANMARK A/S,POST DANMARK Brevproduktionsområde Århus,Stokagervej 10,8240,Risskov,01/01 - 1993,,452
35128417,RAMBØLL DANMARK A/S,RAMBØLL DANMARK A/S,"Østergade 18, 1",4700,Næstved,01/01 - 2008,01/01 - 2008,
35128417,RAMBØLL DANMARK A/S,RAMBØLL DANMARK A/S,"Vesterbrogade 5, 1",7200,Grindsted,01/01 - 2008,01/01 - 2008,
35128417,RAMBØLL DANMARK A/S,RAMBØLL. HANNEMANN & HØJLUND A/S, 2,9999,Ukendt,04/03 - 1971,31/12 - 1980,
35128417,RAMBØLL DANMARK A/S,RAMBØLL DANMARK A/S Projekt Kontor,Nupark 51,7500,Holstebro,01/01 - 2008,01/01 - 2008,
35128417,RAMBØLL DANMARK A/S,"RAMBØLL DANMARK A/S, Haderslev",Bygnaf 15,6100,Haderslev,01/12 - 1989,16/04 - 2015,0
35128417,RAMBØLL DANMARK A/S,"RAMBØLL DANMARK A/S, Sønderborg",Agtoftsvej 2,6400,Sønderborg,01/01 - 1988,03/11 - 2013,20-49
35128417,RAMBØLL DANMARK A/S,"RAMBØLL DANMARK A/S, Esbjert",Vesterhavsgade 44,6700,Esbjerg,16/12 - 2011,10/03 - 2015,2-4
35128417,RAMBØLL DANMARK A/S,"RAMBØLL DANMARK A/S, Virum",Hannemanns Allé 53,2300,København S,01/01 - 1989,31/07 - 2012,0
35128417,RAMBØLL DANMARK A/S,"RAMBØLL DANMARK A/S, Aabenraa","Vestvejen 170, 1. tv.",6200,Aabenraa,01/01 - 1996,31/10 - 2013,0
35128417,RAMBØLL DANMARK A/S,"RAMBØLL DANMARK A/S, Næstved","Østergade 18, 1",4700,Næstved,01/01 - 2008,17/12 - 2013,0
35128417,RAMBØLL DANMARK A/S,"RAMBØLL DANMARK A/S, Tønder",Skibbroen 4,6270,Tønder,01/06 - 1988,31/12 - 2010,2-4
35128417,RAMBØLL DANMARK A/S,"RAMBØLL DANMARK A/S, Svendborg","Kullinggade 31E, 3",5700,Svendborg,01/01 - 2008,31/07 - 2012,0
35128417,RAMBØLL DANMARK A/S,"RAMBØLL DANMARK A/S, Projekt kontor Holsterbro",Nupark 51,7500,Holstebro,28/01 - 2008,04/11 - 2015,0
35128417,RAMBØLL DANMARK A/S,"Rambøll Danmark A/S, Hillerød",Krakasvej 7C,3400,Hillerød,19/09 - 2008,17/12 - 2013,0
35128417,RAMBØLL DANMARK A/S,Rambøll Danmark A/S - tilsynskontor,"Bagsværd Hovedgade 172, 2",2880,Bagsværd,23/01 - 2013,31/12 - 2015,0
35128417,RAMBØLL DANMARK A/S,RAMBØLL DANMARK A/S,"Vesterbrogade 5, 1",7200,Grindsted,01/01 - 2008,31/05 - 2008,2-4
35128417,RAMBØLL DANMARK A/S,"Rambøll Danmark A/S,",Hovedgårdsvej 3,8600,Silkeborg,01/04 - 2008,30/11 - 2010,5-9
35128417,RAMBØLL DANMARK A/S,"RAMBØLL DANMARK A/S, Svendborg",Toldbodvej 13A,5700,Svendborg,01/01 - 1987,31/12 - 2005,5-9
35128417,RAMBØLL DANMARK A/S,"RAMBØLL, HANNEMANN & HØJLUND A/S",Gaabensevej 1,4800,Nykøbing F,01/01 - 1988,31/12 - 1999,0
35128417,RAMBØLL DANMARK A/S,"RAMBØLL, HANNEMANN & HØJLUND A/S",Havnegade 2,5800,Nyborg,01/01 - 1987,31/12 - 2000,0
35128417,RAMBØLL DANMARK A/S,"RAMBØLL, HANNEMANN & HØJLUND A/S",Burschesgade 12,8900,Randers C,01/01 - 1987,31/12 - 1999,0
35128417,RAMBØLL DANMARK A/S,UDLANDSANSATTE RAMBØLL & HANNEMANN RÅDG ING A/S,UKENDT,,,01/01 - 1981,21/11 - 2001,0
35128417,RAMBØLL DANMARK A/S,"RAMBØLL, HANNEMANN & HØJLUND A/S",Tordenskjoldsgade 8,9900,Frederikshavn,01/01 - 1988,31/12 - 1999,0
35128417,RAMBØLL DANMARK A/S,"RAMBØLL, HANNEMANN & HØJLUND A/S",Nørregade 50,7500,Holstebro,01/01 - 1983,31/12 - 1999,0
35128417,RAMBØLL DANMARK A/S,"RAMBØLL DANMARK A/S, Esbjerg","Dokken 10, 3",6700,Esbjerg,01/01 - 2005,16/10 - 2014,0
35128417,RAMBØLL DANMARK A/S,"RAMBØLL DANMARK A/S, Højbjerg",Michael Drewsens Vej 23,8270,Højbjerg,01/01 - 2002,31/12 - 2005,2-4
35128417,RAMBØLL DANMARK A/S,"RAMBØLL DANMARK A/S, Horsens",Åboulevarden 52,8700,Horsens,01/01 - 1995,10/03 - 2015,0
35128417,RAMBØLL DANMARK A/S,"RAMBØLL DANMARK A/S, Esbjerg","Skolegade 81, 1",6700,Esbjerg,22/03 - 2012,31/05 - 2012,0
35128417,RAMBØLL DANMARK A/S,"RAMBØLL DANMARK A/S, Køge",Bag Haverne 32,4600,Køge,01/01 - 1988,10/03 - 2015,0
35128417,RAMBØLL DANMARK A/S,"RAMBØLL DANMARK A/S, Slagelse",Jernbanegade 7,4200,Slagelse,01/01 - 1982,17/12 - 2013,0
35128417,RAMBØLL DANMARK A/S,RAMBØLL DANMARK A/S,Hannemanns Allé 53,2300,København S,01/01 - 1988,31/05 - 2012,2-4
35128417,RAMBØLL DANMARK A/S,"RAMBØLL DANMARK A/S, Skive",Ågade 16,7800,Skive,01/01 - 1988,31/01 - 2012,0
35128417,RAMBØLL DANMARK A/S,"RAMBØLL DANMARK A/S, Esbjerg",Adgangsvejen 3,6700,Esbjerg,27/04 - 2012,04/09 - 2017,0
35128417,RAMBØLL DANMARK A/S,"RAMBØLL DANMARK A/S, Viborg",Lundborgvej 16,8800,Viborg,01/01 - 2005,,32
35128417,RAMBØLL DANMARK A/S,RAMBØLL DANMARK A/S,Hannemanns Allé 53,2300,København S,26/05 - 2010,,1924
35128417,RAMBØLL DANMARK A/S,"RAMBØLL DANMARK A/S, Sønderborg","Nørre Havnegade 43, 3",6400,Sønderborg,05/11 - 2013,,15
35128417,RAMBØLL DANMARK A/S,"RAMBØLL DANMARK A/S, Roskilde",Ny Østergade 7,4000,Roskilde,01/06 - 2014,,43
35128417,RAMBØLL DANMARK A/S,"Rambøll Danmark A/S, Haderslev",Norgesvej 49B,6100,Haderslev,01/01 - 2016,,4
35128417,RAMBØLL DANMARK A/S,Rambøll Danmark A/S,Vesterbrogade 76,1620,København V,01/01 - 2022,,4
35128417,RAMBØLL DANMARK A/S,"Rambøll Danmark A/S, Aarhus C","Hveensgade 1, 4",8000,Aarhus C,01/05 - 2022,,1
35128417,RAMBØLL DANMARK A/S,"RAMBØLL DANMARK A/S, Vejle",Lysholt Allé 11,7100,Vejle,01/01 - 1988,,11
35128417,RAMBØLL DANMARK A/S,"RAMBØLL DANMARK A/S, Herning",Birk Centerpark 40,7400,Herning,01/09 - 1988,,10
35128417,RAMBØLL DANMARK A/S,"RAMBØLL DANMARK A/S, Aalborg",Prinsensgade 11,9000,Aalborg,01/01 - 1988,,139
35128417,RAMBØLL DANMARK A/S,"RAMBØLL DANMARK A/S, Århus N",Olof Palmes Allé 22,8200,Aarhus N,01/01 - 1988,,494
35128417,RAMBØLL DANMARK A/S,"RAMBØLL DANMARK A/S, Vejle",Lysholt Allé 6,7100,Vejle,01/01 - 1994,,175
35128417,RAMBØLL DANMARK A/S,"RAMBØLL DANMARK A/S, Odense",Sverigesgade 3 tv.,5000,Odense C,01/01 - 1988,,145
35128417,RAMBØLL DANMARK A/S,"RAMBØLL DANMARK A/S, Esbjerg",Bavnehøjvej 5,6700,Esbjerg,01/01 - 1981,,234
35128417,RAMBØLL DANMARK A/S,"RAMBØLL DANMARK A/S, Fredericia",Danmarksgade 2A,7000,Fredericia,01/04 - 1989,,18
29190925,Region Midtjylland,"Region Midtjylland Hørskoven Trænings-,Bo- og Aktivitetshus",Damagervej 26,8260,Viby J,01/01 - 2007,01/01 - 2007,
29190925,Region Midtjylland,Askegården,Nedergårdsvej 12,8960,Randers SØ,03/06 - 2014,17/06 - 2015,
29190925,Region Midtjylland,Region Midtjylland Synscentralen,Barthsgade 1,8200,Århus N,01/01 - 2008,01/01 - 2008,
29190925,Region Midtjylland,Engvejen Skole,Lottrupvej 10,7130,Juelsminde,01/07 - 2011,04/07 - 2013,
29190925,Region Midtjylland,Region Midtjylland Tangkærcentret,Sygehusvej 31,8950,Ørsted,01/01 - 2007,01/01 - 2007,
29190925,Region Midtjylland,Region Midtjylland Holmstrupgård,Holmstrupgårdvej 39,8220,Brabrand,01/01 - 2007,01/01 - 2007,
29190925,Region Midtjylland,Dusines hus,Robert Holms Vej 4,8700,Horsens,12/01 - 2011,31/05 - 2015,
29190925,Region Midtjylland,Region Midtjylland Rådgivningscenter,Sct. Laurentii Vej 14,8800,Viborg,01/01 - 2007,30/12 - 2008,
29190925,Region Midtjylland,Møllebækken Granbo,Granbakkevej 22,8961,Allingåbro,21/02 - 2014,23/06 - 2016,
29190925,Region Midtjylland,Afd. Fogedvænget,Fogedvænget 25,8722,Hedensted,05/12 - 2013,31/12 - 2015,
29190925,Region Midtjylland,Afd. Fogedvænget,Fogedvænget 25,8722,Hedensted,05/12 - 2013,31/12 - 2015,
29190925,Region Midtjylland,"Aarhus Universitetshospital, Risskov",Skovagervej 2,8240,Risskov,27/02 - 2012,31/05 - 2016,
29190925,Region Midtjylland,Region Midtjylland Rådgivningscentret,Langenæs Allé 18,8000,Århus C,01/01 - 2007,01/01 - 2007,
29190925,Region Midtjylland,Region Midtjylland Ungdomscenter Midtjylland,Bygholms Allé 2,8260,Viby J,01/01 - 2007,01/01 - 2007,
29190925,Region Midtjylland,SAU Botilbud Bækktetoften 2C,"Bækketoften 2C, st. 1.",8722,Hedensted,01/06 - 2017,01/06 - 2017,
29190925,Region Midtjylland,Region Midtjylland Synscentralen,Barthsgade 1,8200,Århus N,01/01 - 2008,01/01 - 2008,
29190925,Region Midtjylland,Region Midtjylland Himmelbjergets Børn og Unge Center,Himmelbjergvej 11,8680,Ry,01/01 - 2007,01/01 - 2007,
29190925,Region Midtjylland,Region Midtjylland,Skottenborg 26,8800,Viborg,01/01 - 2007,31/01 - 2007,
29190925,Region Midtjylland,Boligerne Svalevej Grund,Grundvej 34,8961,Allingåbro,13/07 - 2011,09/06 - 2020,
29190925,Region Midtjylland,Regionspsykiatrien Herning,Gl. Landevej 49,7400,Herning,25/01 - 2014,01/11 - 2020,
29190925,Region Midtjylland,Engvejen Lottrupgård,Lottrupvej 8,7130,Juelsminde,01/07 - 2011,04/07 - 2013,0
29190925,Region Midtjylland,Hvilstedhus,Hvilstedvej 16,8355,Solbjerg,30/10 - 2007,30/12 - 2009,2-4
29190925,Region Midtjylland,Rusmiddelcenter Midtjylland,Skanderborgvej 213,8260,Viby J,01/01 - 2005,05/08 - 2012,5-9
29190925,Region Midtjylland,Solbjerg Bofællesskab,Kirkebyen 3C,7950,Erslev,01/02 - 2004,31/03 - 2015,0
29190925,Region Midtjylland,Grenen - Grenaa,Mogensgade 1A,8500,Grenaa,01/03 - 2001,19/01 - 2012,1
29190925,Region Midtjylland,Projektafdelingen for Det Nye Universitetshospital,Hedeager 3,8200,Aarhus N,19/08 - 2008,31/12 - 2019,1
29190925,Region Midtjylland,Oustruplund Skovhusene,Bøgildgårdvej 7,8620,Kjellerup,01/07 - 2011,11/03 - 2014,0
29190925,Region Midtjylland,Skole- og Socialområdet SKOLE- OG SOCIALOMRÅDET,Østergade 48,6950,Ringkøbing,01/01 - 1993,30/12 - 2009,2-4
29190925,Region Midtjylland,Idavang,H C Ørsteds Vej 1,7800,Skive,01/01 - 1993,05/02 - 2012,0
29190925,Region Midtjylland,Møllebækken Kløvhøj,Kløvhøjvej 35,8500,Grenaa,30/06 - 2011,04/07 - 2013,2-4
29190925,Region Midtjylland,Region Midtjylland Sønderparken Botilbud,Kildegade 50-54,8700,Horsens,01/01 - 2007,30/12 - 2009,5-9
29190925,Region Midtjylland,Aktivits- og Udviklingscentret Bofællesskabet Lyksborgvej,Lyksborgvej 11,7500,Holstebro,01/01 - 1998,30/12 - 2008,10-19
29190925,Region Midtjylland,Engvejen Monmartre,Vejlevej 2,7130,Juelsminde,01/07 - 2011,04/07 - 2013,0
29190925,Region Midtjylland,Lokalpsykiatri Center Århus Vest,Hermodsvej 5B,8230,Åbyhøj,01/01 - 2005,21/11 - 2011,20-49
29190925,Region Midtjylland,Daghospital Skive,Rådhuspladsen 4,7800,Skive,01/01 - 1993,21/11 - 2011,20-49
29190925,Region Midtjylland,"Mentor, afd. Kastanievænget 80",Kastanievænget 80,7800,Skive,01/01 - 1993,30/12 - 2009,20-49
29190925,Region Midtjylland,Regionspsykiatrien Silkeborg,"Papirfabrikken 24, 1. th.",8600,Silkeborg,30/06 - 2011,26/03 - 2012,0
29190925,Region Midtjylland,BAKKEHUSET,Fuglemosevej 13,8620,Kjellerup,01/01 - 1993,30/12 - 2009,20-49
29190925,Region Midtjylland,Aktivtets- og Udviklingscentret HLT- Værkstedet,Gartnerivej 3,7500,Holstebro,01/01 - 1993,05/02 - 2012,10-19
29190925,Region Midtjylland,Ølæge Endelave,Kongevejen 48,8700,Horsens,17/09 - 2009,13/10 - 2014,0
29190925,Region Midtjylland,Gårdhaven,Møgelkjærvej 6H,8800,Viborg,01/01 - 1993,01/01 - 2015,20-49
29190925,Region Midtjylland,Psykiatrien i Ringkøbing Brahmsvænget,Brahmsvej 8,7400,Herning,01/01 - 1993,30/12 - 2009,1
29190925,Region Midtjylland,REHABILITERINGSCENTER FOR FLYGTNINGE,Skejbygårdsvej 13,8240,Risskov,25/08 - 2008,31/12 - 2015,0
29190925,Region Midtjylland,Lokalpsykiatrien i Randers,Gl. Stationsvej 9,8940,Randers SV,01/01 - 2006,06/02 - 2013,0
29190925,Region Midtjylland,Boligerne Svalevej Boligerne Himmelbovej,Himmelbovej 27,8920,Randers NV,01/01 - 2007,01/03 - 2020,10-19
29190925,Region Midtjylland,CENTRALVASKERIET I BRÆDSTRUP,Sygehusvej 16,8740,Brædstrup,01/01 - 1993,25/06 - 2014,10-19
29190925,Region Midtjylland,"Mentor, afd. Gefionsvej 24-40",Gefionsvej 24-40,7800,Skive,01/01 - 1993,30/12 - 2009,20-49
29190925,Region Midtjylland,HJÆLPEMIDDELCENTRALEN,Norgesvej 4,7800,Skive,01/01 - 1993,04/03 - 2012,1
29190925,Region Midtjylland,Team Midt,Øster Fælled Vej 5,7800,Skive,01/01 - 1993,09/09 - 2012,0
29190925,Region Midtjylland,Teknik- og Miljøområdet,Damstrædet 2,6950,Ringkøbing,01/01 - 1993,24/11 - 2010,10-19
29190925,Region Midtjylland,Ambulant Psykoseenhed,Skanderborgvej 156,8260,Viby J,01/01 - 2005,01/08 - 2013,0
29190925,Region Midtjylland,Kildebjerget Tørring,Aalevej 50,7160,Tørring,01/07 - 2011,29/07 - 2013,0
29190925,Region Midtjylland,Center for beskæftigelse,"Amaliegade 5, 1. th.",8700,Horsens,01/06 - 2000,30/12 - 2009,5-9
29190925,Region Midtjylland,"Børne- og Ungdomspsykiatrisk Regionscenter, Viborg",Søndersøparken 23,8800,Viborg,01/01 - 2003,30/04 - 2012,10-19
29190925,Region Midtjylland,Kildebjerget Tørring,Aalevej 50,7160,Tørring,30/07 - 2013,12/04 - 2014,2-4
29190925,Region Midtjylland,Region Midtjylland,Lyseng Allé 1,8270,Højbjerg,01/01 - 1993,13/04 - 2011,200-499
29190925,Region Midtjylland,Enghuset,Torupvej 32,8722,Hedensted,01/01 - 1993,30/12 - 2011,0
29190925,Region Midtjylland,Møllebækken,Brændtvadvej 12,8586,Ørum Djurs,30/06 - 2011,04/07 - 2013,0
29190925,Region Midtjylland,Regionshospitalet Tarm,Kirkegade 3,6880,Tarm,01/01 - 1993,26/06 - 2013,0
29190925,Region Midtjylland,DØGNHUS VIBORG,Dannebrogsgade 14,8800,Viborg,01/01 - 1995,31/12 - 2009,20-49
29190925,Region Midtjylland,DØGNHUS KJELLERUP,Vestergade 42C,8620,Kjellerup,01/01 - 1997,30/12 - 2009,20-49
29190925,Region Midtjylland,Engvejen Lucernevej,Lucernevej 8,7130,Juelsminde,01/07 - 2011,04/07 - 2013,0
29190925,Region Midtjylland,Arbejdsmiljøafdelingen,Stenvej 21A,8270,Højbjerg,01/01 - 1995,27/06 - 2011,2-4
29190925,Region Midtjylland,SKOVHUSET,Skovstien 2,6990,Ulfborg,22/04 - 2008,10/11 - 2016,0
29190925,Region Midtjylland,FAMILIEVÆRKET,Agerskellet 3,8920,Randers NV,01/01 - 1993,15/05 - 2012,20-49
29190925,Region Midtjylland,Karup-Udryknings-ordning,N.O.Hansens Vej 4,7470,Karup J,16/06 - 2009,31/12 - 2015,0
29190925,Region Midtjylland,Region Midtjylland Kildebjerget Kostskole,Sanatorievej 1,7140,Stouby,01/01 - 2007,29/07 - 2013,20-49
29190925,Region Midtjylland,Mentor - Gyden 6,Gyden 6,7800,Skive,01/01 - 2003,30/12 - 2009,10-19
29190925,Region Midtjylland,Uddannelsesafdelingen i Århus,Bjørnholms Allé 20,8260,Viby J,01/01 - 1993,13/04 - 2011,20-49
29190925,Region Midtjylland,Region Midtjylland Botilbuddet,Barthsgade 1,8200,Århus N,01/01 - 2007,30/12 - 2009,5-9
29190925,Region Midtjylland,Lokalpsykiatri Århus Nord,Børglumvej 5,8240,Risskov,01/01 - 2005,31/12 - 2015,0
29190925,Region Midtjylland,Hinnerup kollegiet - Dagtilbudet,"Vestervold 37, 1. tv.",8900,Randers C,30/10 - 2007,08/04 - 2010,0
29190925,Region Midtjylland,Mosetoft,Kvædevej 29,8800,Viborg,13/07 - 2011,31/12 - 2012,0
29190925,Region Midtjylland,"Koglen, Afd. Koglely",Grønbjergvej 26,6971,Spjald,11/07 - 2008,12/09 - 2016,0
29190925,Region Midtjylland,Mosetoft projekt Strandet Hovedgård,Strandetvej 47-49,7840,Højslev,22/09 - 2010,31/12 - 2012,1
29190925,Region Midtjylland,Holmstrupgård Fiskehuset,Grovebakkevej 11,8920,Randers NV,01/07 - 2011,04/06 - 2015,0
29190925,Region Midtjylland,Region Midtjylland Atriumhuset,Gøteborg Allé 8,8200,Århus N,01/01 - 2007,30/12 - 2008,0
29190925,Region Midtjylland,Mobilteam Silkeborg,Falkevej 1-3,8600,Silkeborg,28/09 - 2004,26/03 - 2012,0
29190925,Region Midtjylland,Behandlingspsykiatri Kjellerup,Fuglemosevej 1A,8620,Kjellerup,01/01 - 2002,26/03 - 2012,0
29190925,Region Midtjylland,Ambulant Psykoseenhed,Kannikegade 10,8000,Aarhus C,01/01 - 2005,01/08 - 2013,0
29190925,Region Midtjylland,Hospice Djursland,Strandbakken 1,8410,Rønde,15/05 - 2008,10/06 - 2012,0
29190925,Region Midtjylland,Lokalpsykiatri Center Silkeborg,Papirfabrikken 38,8600,Silkeborg,01/01 - 2005,26/03 - 2012,50-99
29190925,Region Midtjylland,"BO HORSENS, DUSINES HUS",Robert Holms Vej 4,8700,Horsens,01/01 - 1993,30/12 - 2009,20-49
29190925,Region Midtjylland,Socialpsykiatrien Region Randers,Paderuplundvej 2-4,8960,Randers SØ,01/01 - 1993,30/12 - 2009,200-499
29190925,Region Midtjylland,JORDEMODERCENTRET I HOLSTEBRO,Lægårdvej 12,7500,Holstebro,01/01 - 1993,30/12 - 2013,20-49
29190925,Region Midtjylland,"Bo Horsens, administrationskontor","J Chr Juliussens Vej 5, 3",8700,Horsens,30/10 - 2007,30/12 - 2009,5-9
29190925,Region Midtjylland,Holmstrupgård,Nedergårdsvej 26,8960,Randers SØ,13/07 - 2011,04/06 - 2015,0
29190925,Region Midtjylland,Bo-Horsens,J Chr Juliussens Vej 5,8700,Horsens,01/01 - 1994,30/12 - 2009,100-199
29190925,Region Midtjylland,Region Midtjylland Elbæk Højskole,Skovhøjvej 10A,8752,Østbirk,01/01 - 2007,31/01 - 2014,0
29190925,Region Midtjylland,Oustruplund,Oustrupvej 14,8620,Kjellerup,01/01 - 1993,01/03 - 2016,0
29190925,Region Midtjylland,Det rummelige arbejdsmarked,Posthustorvet 4,7800,Skive,01/01 - 2003,04/03 - 2012,5-9
29190925,Region Midtjylland,Region Midtjylland Børn og Unge Centret afd. Ry,Tippethøj 1,8680,Ry,01/01 - 2007,26/11 - 2012,0
29190925,Region Midtjylland,DNU,Hedeager 3,8200,Aarhus N,11/11 - 2008,12/09 - 2016,0
29190925,Region Midtjylland,Regionshuset,Bjørnholms Allé 20,8260,Viby J,31/10 - 2007,20/03 - 2018,0
29190925,Region Midtjylland,"BO HORSENS, EGEBJERGKOLLEGIET",Gl Kirkevej 47,8700,Horsens,01/01 - 1993,30/12 - 2009,20-49
29190925,Region Midtjylland,MELLERUP SKOLEHJEM,Støvringgårdvej 43,8930,Randers NØ,19/01 - 2000,22/01 - 2014,0
29190925,Region Midtjylland,Aarhus Universitetshospital,Nørrebrogade 44,8000,Aarhus C,12/03 - 2010,22/08 - 2017,0
29190925,Region Midtjylland,SKOVVANG FORSORGSHJEM,Herningvej 74,7500,Holstebro,01/01 - 1993,30/12 - 2008,100-199
29190925,Region Midtjylland,"Børne- og Ungdomspsykiatrisk Regionsafdeling, Skejby","Palle Juul-Jensens Boulevard 175, st",8200,Aarhus N,01/01 - 1993,01/08 - 2020,0
29190925,Region Midtjylland,Regionshospitalet Odder,Randlevvej 2,8300,Odder,01/01 - 1993,04/11 - 2009,50-99
29190925,Region Midtjylland,Region Midtjylland Børn og Ungecentret afd Randers,Gl. Stationsvej 3,8940,Randers SV,01/01 - 2007,12/04 - 2014,0
29190925,Region Midtjylland,"IKH, Specialrådgivningen Børn, Viborg afd.",Ll. Sct. Mikkels Gade 18,8800,Viborg,05/04 - 2011,12/01 - 2016,2-4
29190925,Region Midtjylland,"Mentor, afd. Bilstrupvej 28",Bilstrupvej 28,7800,Skive,01/01 - 1999,30/12 - 2009,10-19
29190925,Region Midtjylland,"BO HORSENS, HANSTEDHOLM",Højballevej 10,8700,Horsens,01/01 - 1993,30/12 - 2009,10-19
29190925,Region Midtjylland,Boligerne Svalevej Boligerne Himmelbovej,Himmelbovej 29,8920,Randers NV,01/01 - 2013,23/02 - 2016,0
29190925,Region Midtjylland,Nørholm kollegiet,Bøgildparken 51,7430,Ikast,13/07 - 2011,17/06 - 2015,0
29190925,Region Midtjylland,Region Midtjylland Tuesten Huse,Tuestensvej 2,8381,Tilst,01/01 - 2007,30/12 - 2008,20-49
29190925,Region Midtjylland,Mosetoft Lærkenborg,Lærkenborgvej 15,7840,Højslev,07/09 - 2010,12/02 - 2014,5-9
29190925,Region Midtjylland,Holmstrupgård,Agerskellet 3,8920,Randers NV,30/06 - 2011,19/12 - 2014,20-49
29190925,Region Midtjylland,Bo- og aktivitetscenter Tøjhusgave,Lene Bredahls Gade 9,8900,Randers C,01/11 - 2005,20/04 - 2014,0
29190925,Region Midtjylland,Regionspsykiatrien Silkeborg Team Misbrug og Psykiatri,Fuglemosevej 1A,8620,Kjellerup,30/06 - 2011,26/03 - 2012,0
29190925,Region Midtjylland,MidtVask Service THG,Tage-Hansens Gade 2,8000,Aarhus C,22/04 - 2008,01/09 - 2020,0
29190925,Region Midtjylland,Aktivtets- og Udviklingscentret Botræningen Sportsvej,Sportsvej 6-8,7500,Holstebro,15/03 - 1995,25/06 - 2014,0
29190925,Region Midtjylland,IKH Engtoften,Engtoften 5,8260,Viby J,05/04 - 2011,25/07 - 2014,0
29190925,Region Midtjylland,Holmstrupgård Hinge,Stegsdalvej 21,8620,Kjellerup,01/07 - 2011,31/05 - 2013,0
29190925,Region Midtjylland,Region midtjylland Kildebjerg Kostskole,Sanatorievej 1,7140,Stouby,30/07 - 2013,12/04 - 2014,5-9
29190925,Region Midtjylland,BO HORSENS DET FLEKSIBLE PENSIONAT,Amaliegade 2A,8700,Horsens,01/01 - 1993,30/12 - 2009,10-19
29190925,Region Midtjylland,Misbrugscenter Syd,Skanderborgvej 213,8260,Viby J,01/01 - 1996,30/12 - 2009,10-19
29190925,Region Midtjylland,Region Midtjylland Hinnerup Kollegiet,Stavangervej 13A,8600,Silkeborg,01/01 - 2007,19/02 - 2015,0
29190925,Region Midtjylland,Hospice Søholm,Bispevej 70,8260,Viby J,18/05 - 2010,29/11 - 2012,20-49
29190925,Region Midtjylland,"Mentor, afd. Højlundsvej 131",Højlundsvej 131,7800,Skive,01/01 - 1993,30/12 - 2009,10-19
29190925,Region Midtjylland,Specialområde Børn og Unge Himmelbjerggården,Himmelbjergvej 11,8680,Ry,01/01 - 1993,10/04 - 2017,5-9
29190925,Region Midtjylland,Center for Syn og Kommunikation,Michael Drewsens Vej 1,8270,Højbjerg,01/01 - 2003,30/12 - 2008,2-4
29190925,Region Midtjylland,Fogedvænget,Fogedvænget 25,8722,Hedensted,01/05 - 2001,03/12 - 2013,20-49
29190925,Region Midtjylland,Grandbakken St Sjørup,Estruplundvej 32,8950,Ørsted,01/01 - 2002,21/11 - 2010,20-49
29190925,Region Midtjylland,Institution for Kommunikation og Handicap Psykolog,skovmærkevej 5,8240,Risskov,01/03 - 2016,31/12 - 2017,1
29190925,Region Midtjylland,Søhuset,Søndersøparken 9E,8800,Viborg,01/02 - 2008,30/12 - 2010,20-49
29190925,Region Midtjylland,Regionshospitalet Kjellerup,Vestergade 23,8620,Kjellerup,01/01 - 1993,23/06 - 2010,50-99
29190925,Region Midtjylland,Specialområde Børn og Unge Afd. Engvej,Engvej 5,7130,Juelsminde,01/01 - 1993,13/09 - 2016,0
29190925,Region Midtjylland,Region Midtjylland Elbæk Højskole Odder Bostøtte,Randlevvej 4D,8300,Odder,01/01 - 2007,30/06 - 2020,0
29190925,Region Midtjylland,Programkontoret,Nørrebrogade 44,8000,Aarhus C,08/07 - 2008,16/02 - 2016,0
29190925,Region Midtjylland,"IKH, Høreafdelingen",Peter Sabroes Gade 10,8000,Aarhus C,01/01 - 1993,31/12 - 2017,2-4
29190925,Region Midtjylland,Institution for Kommunikation og Handicap CAA,Stationsgade 7,8240,Risskov,01/03 - 2016,31/12 - 2017,1
29190925,Region Midtjylland,Institution for Kommunikation og Handicap Læse-IKT,Krathusvej 3,8240,Risskov,01/03 - 2016,31/12 - 2017,2-4
29190925,Region Midtjylland,Institution for Kommunikation og Handicap Senhjerneskade,Krathusvej 7,8240,Risskov,01/03 - 2016,31/12 - 2017,2-4
29190925,Region Midtjylland,"Århus Universitetshospital, Århus Sygehus, Geriatrisk afdeling G",P.P. Ørums Gade 11,8000,Aarhus C,11/12 - 2007,25/09 - 2017,0
29190925,Region Midtjylland,PENSIONAT SAUSTRUP,Grønnevang 12,7500,Holstebro,01/01 - 1993,01/01 - 2019,0
29190925,Region Midtjylland,BOSTEDET BLÅKÆRGÅRD,Røddingvej 11A,8800,Viborg,01/01 - 1993,30/06 - 2020,1
29190925,Region Midtjylland,"Specialområde Børn og Unge, afd. Strandhuset",Rolighedsvej 16,8240,Risskov,15/05 - 2013,14/03 - 2019,1
29190925,Region Midtjylland,Børne og ungdomspsykiatrisk Center,Skovagervej 2,8240,Risskov,11/04 - 2013,01/03 - 2019,0
29190925,Region Midtjylland,Århus Sygehus,Tage-Hansens Gade 2,8000,Aarhus C,01/01 - 1993,01/01 - 2020,0
29190925,Region Midtjylland,Regionshuset Horsens,Emil Møllers Gade 41,8700,Horsens,25/05 - 2007,31/10 - 2018,0
29190925,Region Midtjylland,Paderuphus,Paderuplundvej 2-4,8960,Randers SØ,30/10 - 2007,30/12 - 2008,
29190925,Region Midtjylland,Klinik for PTSD og Transkulturel Psykiatri,Sønder Allé 33,8000,Aarhus C,05/12 - 2011,31/12 - 2013,
29190925,Region Midtjylland,Klinik for PTSD og Transkulturel psykiatri,Skejbygårdsvej 13-17,8240,Risskov,27/02 - 2012,18/11 - 2013,
29190925,Region Midtjylland,Autisme Flex,Skovvej 39,8620,Kjellerup,01/01 - 2007,15/06 - 2016,0
29190925,Region Midtjylland,"Specialområde Børn og Unge , afd. Regensen",Dalstrupvej 28,8500,Grenaa,30/06 - 2011,31/01 - 2021,1
29190925,Region Midtjylland,Specialområde Autisme,Højskolebakken 23,8832,Skals,13/07 - 2011,01/06 - 2022,1
29190925,Region Midtjylland,Region Midtjylland,Østergade 41,6950,Ringkøbing,01/01 - 1993,30/10 - 2007,20-49
29190925,Region Midtjylland,Vælg Klogt,Hedeager 3,8200,Aarhus N,01/05 - 2020,31/08 - 2022,4
29190925,Region Midtjylland,"HR, Fysisk Arbejdsmiljø","Olof Palmes Allé 32, 1",8200,Aarhus N,01/01 - 2007,31/08 - 2022,19
29190925,Region Midtjylland,"Specialområde Børn og Unge, afd. Kløvhøj","Kløvhøjvej 41, st",8500,Grenaa,14/10 - 2011,01/01 - 2023,4
29190925,Region Midtjylland,MidtVask Service Skejby,Palle Juul-Jensens Boulevard 99,8200,Aarhus N,22/04 - 2008,20/10 - 2023,0
29190925,Region Midtjylland,Psykiatrien Gødstrup,Hospitalsparken 15,7400,Herning,01/07 - 2021,10/10 - 2023,15
29190925,Region Midtjylland,IKH Koordinering af Specialrådgivning (KaS) Aarhus,Evald Krogs Gade 14A,8000,Aarhus C,01/01 - 2017,22/05 - 2023,30
29190925,Region Midtjylland,Horsens Sygehusapotek,Sundvej 32,8700,Horsens,27/07 - 2005,20/06 - 2024,20-49
29190925,Region Midtjylland,Holmstrupgård Fyrretoppen,Holmstrupgårdvej 39K,8220,Brabrand,08/11 - 2016,26/08 - 2024,21
29190925,Region Midtjylland,Specialområde Børn og Unge Overgangen,"Søndersøparken 15, 1",8800,Viborg,01/01 - 2017,01/03 - 2024,24
29190925,Region Midtjylland,Skolen ved Ulfborghus,Skovstien 2,6990,Ulfborg,26/06 - 2024,03/10 - 2024,
29190925,Region Midtjylland,Præhospitalet Base Juelsminde,Gammelgårdsvej 6,7130,Juelsminde,01/07 - 2022,28/02 - 2025,
29190925,Region Midtjylland,Præhospitalet Base Hadsten,Ginneruplundvej 1,8370,Hadsten,01/07 - 2022,28/02 - 2025,
29190925,Region Midtjylland,Præhospitalet Base Virklund,Korshøjvej 2,8600,Silkeborg,01/07 - 2022,28/02 - 2025,
29190925,Region Midtjylland,Præhospitalet Base Ringkøbing V Leverandørbase,V Strandsbjerg 25,6950,Ringkøbing,01/07 - 2022,28/02 - 2025,
29190925,Region Midtjylland,Præhospitalet Base Gjerlev J,Hadsundvej 551,8983,Gjerlev J,01/07 - 2022,28/02 - 2025,
29190925,Region Midtjylland,Præhospital Base Karup Leverandørbase,Gl. Banevej 19,7470,Karup J,01/01 - 2023,28/02 - 2025,
29190925,Region Midtjylland,Præhospital Base Hvide Sande Leverandørbase,Nørregade 84,6960,Hvide Sande,01/01 - 2023,28/02 - 2025,
29190925,Region Midtjylland,Præhospitalet Lager/uddannelse Tilst,"Anelystparken 35, st. tv.",8381,Tilst,01/01 - 2023,31/03 - 2025,
29190925,Region Midtjylland,Aktivtets- og Udviklingscentret Rehabiliteringen,Thorsvej 63,7500,Holstebro,01/01 - 1994,31/08 - 2025,10-19
29190925,Region Midtjylland,Århus Hospital Dermato-Venerologisk afdeling,P.P. Ørums Gade 11,8000,Aarhus C,01/01 - 2005,20/11 - 2024,14
29190925,Region Midtjylland,Testcenter Viborg,Vinkelvej 20,8800,Viborg,19/08 - 2020,01/05 - 2024,1
29190925,Region Midtjylland,Testcenter Silkeborg,Ansvej 98,8600,Silkeborg,01/09 - 2020,01/05 - 2024,4
29190925,Region Midtjylland,"Hospitalsapoteket, Aarhus",Universitetsbyen 30,8000,Aarhus C,01/12 - 2018,31/12 - 2025,1
29190925,Region Midtjylland,Region Midtjylland - Socialstaben,"Tingvej 15B, 1",8800,Viborg,01/07 - 2022,01/12 - 2025,1
29190925,Region Midtjylland,Region Midtjylland Digitalisering og IT - Holstebro,Lægårdvej 10,7500,Holstebro,01/10 - 2024,05/03 - 2026,2
29190925,Region Midtjylland,"Specialområde Hjerneskade, Handi-Ka",Engtoften 7,8260,Viby J,01/01 - 1995,,14
29190925,Region Midtjylland,"Specialområde Hjerneskade, Høskoven",Damagervej 26,8260,Viby J,17/10 - 1999,,134
29190925,Region Midtjylland,Mosetoft,Liseborgvej 61,8800,Viborg,01/02 - 2000,,84
29190925,Region Midtjylland,Hammel Neurocenter,Voldbyvej 15,8450,Hammel,01/01 - 1998,,573
29190925,Region Midtjylland,"Specialområde Børn og Unge, afd. Hald Ege",Videbechs Alle 11,8800,Viborg,01/10 - 2000,,48
29190925,Region Midtjylland,Psykiatrisk afdeling i Randers,Dronningborg Boulevard 15,8930,Randers NØ,23/11 - 2001,,279
29190925,Region Midtjylland,"Børne- og Ungdomspsykiatrisk Regionscenter, Viborg",Søndersøparken 15,8800,Viborg,01/01 - 2003,,67
29190925,Region Midtjylland,"Specialområde Hjerneskade, Svalevej",Svalevej 6,8960,Randers SØ,01/01 - 2003,,133
29190925,Region Midtjylland,Sct. Mikkel -Psyk. bosted,Søndersøparken 3,8800,Viborg,01/02 - 2005,,88
29190925,Region Midtjylland,Lokalpsykiatri Center Djursland,Hovedgaden 61-63,8410,Rønde,01/01 - 2005,,33
29190925,Region Midtjylland,SAU Bostøtten Søren Møllers Gade,Søren Møllers Gade 45,8900,Randers C,01/09 - 2005,,40
29190925,Region Midtjylland,Grenen-Glesborg,Hemmedvej 1,8585,Glesborg,01/01 - 2005,,146
29190925,Region Midtjylland,Bækketoften,Bækketoften 2B,8722,Hedensted,01/01 - 2007,,111
29190925,Region Midtjylland,Region Midtjylland Gården Paderup,Nedergårdsvej 8,8960,Randers SØ,01/01 - 2007,,46
29190925,Region Midtjylland,"Specialområde Hjerneskade, Josiassens Vej",N P Josiassens Vej 8,8500,Grenaa,01/01 - 2007,,30
29190925,Region Midtjylland,Specialområde Hjerneskade,Tagdækkervej 10,8450,Hammel,01/10 - 2006,,120
29190925,Region Midtjylland,Regionshuset Aarhus - Olof Palmes Allé 15,Olof Palmes Allé 15,8200,Aarhus N,01/01 - 2007,,258
29190925,Region Midtjylland,Regionshuset Holstebro,Frøken Kruses Vej 8,7500,Holstebro,07/06 - 2007,,1
29190925,Region Midtjylland,Grankoglen 3,Ådalsvej 5,8961,Allingåbro,30/10 - 2007,,23
29190925,Region Midtjylland,Region Midtjylland - Psykiatristaben,Tingvej 15A,8800,Viborg,31/10 - 2007,,2
29190925,Region Midtjylland,Marselisborgcentret,Evald Krogs Gade 16A,8000,Aarhus C,31/10 - 2007,,14
29190925,Region Midtjylland,"Gudenåkollegiet, Overbygård",Overbygård 16,7160,Tørring,30/10 - 2007,,11
29190925,Region Midtjylland,"Nørholm Kollegiet, Afdeling A4",Hvidkildevej 12,7400,Herning,01/11 - 2007,,9
29190925,Region Midtjylland,"Region Midtjylland, Lægerne på Samsø",Sygehusvej 24,8305,Samsø,31/10 - 2007,,10
29190925,Region Midtjylland,"Specialområde Børn og Unge Granbo,","Kløvhøjvej 41, st",8500,Grenaa,23/04 - 2008,,47
29190925,Region Midtjylland,Specialområde Udviklingshæmning og ADHD - Bygmarken,Rugmarken 7,8722,Hedensted,28/05 - 2008,,59
29190925,Region Midtjylland,Psykiatrisk afdeling i Horsens,Strandpromenaden 35K,8700,Horsens,28/07 - 2008,,9
29190925,Region Midtjylland,Regionsklinikken Lemvig,Vænget 3,7620,Lemvig,08/12 - 2009,,3
29190925,Region Midtjylland,"IKH, Ganespalteafdelingen",Peter Sabroes Gade 4,8000,Aarhus C,05/04 - 2011,,32
29190925,Region Midtjylland,Nørholm Kollegiet,Allingevej 2,7400,Herning,07/06 - 2011,,24
29190925,Region Midtjylland,Granbakken Askegården,Nedergårdsvej 12,8960,Randers SØ,06/06 - 2011,,18
29190925,Region Midtjylland,Specialområde Autisme Gødvad,Stavangervej 13C,8600,Silkeborg,20/06 - 2011,,19
29190925,Region Midtjylland,Regionspsykiatrien Gødstrup,Hospitalsparken 15,7400,Herning,29/06 - 2011,,133
29190925,Region Midtjylland,Specialområde Autisme,Provstegade 10,8900,Randers C,29/06 - 2011,,9
29190925,Region Midtjylland,Specialområde Autisme,Dannebrogsgade 16,8800,Viborg,06/07 - 2011,,39
29190925,Region Midtjylland,"Specialområde Børn og Unge, afd. Ulfborghus",Skovstien 2,6990,Ulfborg,01/07 - 2011,,32
29190925,Region Midtjylland,"Specialområde Hjerneskade, Fogedvænget",Fogedvænget 23 1.,8722,Hedensted,12/07 - 2011,,43
29190925,Region Midtjylland,Regionspsykiatrien Midt,Kompagnigade 11B,7800,Skive,14/10 - 2011,,22
29190925,Region Midtjylland,Regionspsykiatrien Midt,Falkevej 5,8600,Silkeborg,27/03 - 2012,,102
29190925,Region Midtjylland,Gårdhaven,Liseborgvej 63,8800,Viborg,18/07 - 2012,,76
29190925,Region Midtjylland,Hinnerup Kollegiet Vilhelm Ehlerts Alle,Vilhelm Ehlerts Alle 10,8800,Viborg,14/09 - 2012,,38
29190925,Region Midtjylland,MultifunC Midtjylland,Damagervej 26A,8260,Viby J,17/09 - 2012,,58
29190925,Region Midtjylland,Holmstrupgård Daghuset Enggården,"Holmstrupgårdvej 1C, 1",8220,Brabrand,06/11 - 2012,,10
29190925,Region Midtjylland,Holmstrupgård Æblevangen,Abildgade 78,8200,Aarhus N,08/11 - 2012,,22
29190925,Region Midtjylland,Specialområde Hjerneskade,Engtoften 5,8260,Viby J,04/01 - 2013,,34
29190925,Region Midtjylland,Specialområde for Socialpsykiatri,Kejlstrupvej 99D,8600,Silkeborg,14/01 - 2013,,34
29190925,Region Midtjylland,"Specialområde Børn og Unge, afd. Fogedvænget",Fogedvænget 25,8722,Hedensted,05/12 - 2013,,52
29190925,Region Midtjylland,Specialområde Autisme Ålevej,Nordre Fælledvej 2,7160,Tørring,05/02 - 2014,,42
29190925,Region Midtjylland,Specialområde Autisme,Kejlstrupvej 99D,8600,Silkeborg,07/03 - 2014,,80
29190925,Region Midtjylland,Egegården,Nedergårdsvej 10,8960,Randers SØ,03/06 - 2014,,12
29190925,Region Midtjylland,Præhospitalet,Olof Palmes Allé 34,8200,Aarhus N,12/11 - 2014,,105
29190925,Region Midtjylland,Specialområde Autisme Kildegade,Kildegade 23,8700,horsens,01/01 - 2015,,27
29190925,Region Midtjylland,"Specialområde Børn og Unge, Administrationen",Samsøvej 21,8382,Hinnerup,01/06 - 2014,,26
29190925,Region Midtjylland,SAU Botilbud Bækketoften 2C,"Bækketoften 2C, st. 1.",8722,Hedensted,01/06 - 2015,,37
29190925,Region Midtjylland,Uddannelseslæger i Region Midtjylland,Hospitalsparken 15,7400,Herning,01/01 - 2015,,328
29190925,Region Midtjylland,Specialområde Autisme Ådalen,"Stadionalle 5, st. 1.",8382,Hinnerup,01/10 - 2015,,30
29190925,Region Midtjylland,IKH Koordinering af Specialrådgivning (KaS) Høje Tåstrup,"Banestrøget 19, 1. th.",2630,Taastrup,01/01 - 2017,,14
29190925,Region Midtjylland,Gødvad Beskæftigelse og Uddannelse,Stavangervej 13C,8600,Silkeborg,01/07 - 2017,,4
29190925,Region Midtjylland,SAU Toruplund,Rugmarken 1 1.,8722,Hedensted,01/10 - 2017,,33
29190925,Region Midtjylland,Specialområde SAU Gødvad Botilbud,Stavangervej 13A,8600,Silkeborg,01/01 - 2018,,23
29190925,Region Midtjylland,Regionspsykiatrien Gødstrup AAT,Stationsvej 35,7500,Holstebro,01/06 - 2018,,14
29190925,Region Midtjylland,AUH Psykiatriens Hus,Evald Krogs Gade 13A,8000,Aarhus C,21/06 - 2018,,50
29190925,Region Midtjylland,Regionshospitalet Gødstrup,Hospitalsparken 15,7400,Herning,01/01 - 2019,,4401
29190925,Region Midtjylland,Retspsykiatrisk Afdeling AUH,Tyge Søndergaards Vej 26,8200,Aarhus N,01/10 - 2018,,7
29190925,Region Midtjylland,Specialområde Udviklingshæmning og ADHD - sekretariat,Samsøvej 10,8382,Hinnerup,30/11 - 2018,,28
29190925,Region Midtjylland,Indkøb & Medicoteknik,Olof Palmes Allé 15,8200,Aarhus N,01/11 - 2018,,186
29190925,Region Midtjylland,"Regionsapoteket, Horsens","Sundvej 30A, st",8700,Horsens,01/12 - 2018,,26
29190925,Region Midtjylland,"Regionsapoteket, Skejby",Palle Juul-Jensens Boulevard 99,8200,Aarhus N,01/12 - 2018,,59
29190925,Region Midtjylland,Regionsapoteket Gødstrup,Kapelvej 5,7400,Herning,01/12 - 2018,,58
29190925,Region Midtjylland,"Regionsapoteket, Randers",Dronningborg Boulevard 16D,8930,Randers NØ,01/12 - 2018,,27
29190925,Region Midtjylland,Regionsapoteket i Viborg,Heibergs Alle 4A,8800,Viborg,01/12 - 2018,,33
29190925,Region Midtjylland,Regionshuset Aarhus - Service Desk og 24/7,"Olof Palmes Allé 36, st",8200,Aarhus N,01/04 - 2019,,44
29190925,Region Midtjylland,Digitalisering og It i Region Midtjylland,"Olof Palmes Allé 34, 3",8200,Aarhus N,06/03 - 2020,,124
29190925,Region Midtjylland,"Sundhedsvæsenets Kvalitetsinstitut, SundK",Hedeager 3,8200,Aarhus N,01/05 - 2020,,175
29190925,Region Midtjylland,Metodecentret,Olof Palmes Allé 15,8200,Aarhus N,01/05 - 2020,,20
29190925,Region Midtjylland,Præhospitalet Akutlægehelikopter,"Brendstrupgårdsvej 7, 2. th.",8200,Aarhus N,01/05 - 2020,,74
29190925,Region Midtjylland,"Holmstrupgård, ambulant familiebehandling",Runetoften 14B,8210,Aarhus V,01/08 - 2020,,11
29190925,Region Midtjylland,IKH Sygehusindsats Høre,"Østervangsvej 70, st. 2.",8930,Randers NØ,01/01 - 2021,,5
29190925,Region Midtjylland,IKH Sygehusindsats Tale og Kommunikation,Nattergalevej 1,8600,Silkeborg,01/01 - 2021,,14
29190925,Region Midtjylland,Hamarhus Skole,Spættevej 7,8800,Viborg,01/01 - 2021,,11
29190925,Region Midtjylland,Præhospitalet Base Ebeltoft,Falcksvej 1,8400,Ebeltoft,01/12 - 2021,,6
29190925,Region Midtjylland,Præhospitalet Base Herning,Knudsvej 2,7400,Herning,01/02 - 2022,,25
29190925,Region Midtjylland,Præhospitalet Base Aarhus C,Ny Munkegade 15,8000,Aarhus C,01/03 - 2022,,12
29190925,Region Midtjylland,Præhospitalet Base Aarhus V,Bautavej 5,8210,Aarhus V,01/03 - 2022,,60
29190925,Region Midtjylland,Præhospitalet AMK-Vagtcentral,"Olof Palmes Allé 32, 2",8200,Aarhus N,01/03 - 2022,,102
29190925,Region Midtjylland,Regionshuset Aarhus - Olof Palmes Allé 25,Olof Palmes Allé 25,8200,Aarhus N,01/03 - 2022,,314
29190925,Region Midtjylland,Præhospitalet AMK-Vagtcentral Kørselskontoret,Frøken Kruses Vej 8,7500,Holstebro,01/03 - 2022,,23
29190925,Region Midtjylland,Regionshuset Aarhus - Olof Palmes Allé 26,Olof Palmes Allé 26,8200,Aarhus N,01/03 - 2022,,159
29190925,Region Midtjylland,Regionshuset Aarhus - Olof Palmes Allé 19,Olof Palmes Allé 19,8200,Aarhus N,01/03 - 2022,,40
29190925,Region Midtjylland,Hinge. Specialområde Autisme.,Tingskrivervej 37A,8620,Kjellerup,01/03 - 2022,,51
29190925,Region Midtjylland,Regionshuset Viborg - Hospitalsparken Gødstrup,Hospitalsparken 15,7400,Herning,01/03 - 2022,,16
29190925,Region Midtjylland,Præhospitalet Base Holstebro,Stationsvej 31,7500,Holstebro,01/07 - 2022,,21
29190925,Region Midtjylland,Præhospitalet Base Rønde,Bækkelundsvej 2,8410,Rønde,01/07 - 2022,,12
29190925,Region Midtjylland,Præhospitalet Base Kolind,Romlehøjvej 5,8560,Kolind,01/07 - 2022,,10
29190925,Region Midtjylland,Præhospitalet Base Nørre Snede,Falkevej 2,8766,Nørre Snede,01/07 - 2022,,8
29190925,Region Midtjylland,Præhospitalet Base Horsens,Sverigesvej 17C,8700,Horsens,01/07 - 2022,,72
29190925,Region Midtjylland,Præhospitalet Base Brædstrup,Vestervangen 5G,8740,Brædstrup,01/07 - 2022,,7
29190925,Region Midtjylland,Præhospitalet Base Odder,Rønhøjvej 7,8300,Odder,01/07 - 2022,,10
29190925,Region Midtjylland,Præhospitalet Base Randers S,Ribevej 3,8940,Randers SV,01/07 - 2022,,68
29190925,Region Midtjylland,Præhospitalet Base Hornsyld,Søndergade 18,8783,Hornsyld,01/07 - 2022,,9
29190925,Region Midtjylland,Præhospitalet Base Grenå,"Kløvervang 71, st",8500,Grenaa,01/07 - 2022,,24
29190925,Region Midtjylland,Præhospitalet Base Hinnerup,Samsøvej 2,8382,Hinnerup,01/07 - 2022,,13
29190925,Region Midtjylland,Præhospitalet Base Skanderborg,Vestergade 131,8660,Skanderborg,01/07 - 2022,,20
29190925,Region Midtjylland,Præhospitalet Base Hammel,Ny Tilemannsvej 2,8450,Hammel,01/07 - 2022,,10
29190925,Region Midtjylland,Præhospitalet Base Galten,Marktoften 1,8464,Galten,01/07 - 2022,,9
29190925,Region Midtjylland,Præhospitalet Base Kjellerup,Søndergade 69,8620,Kjellerup,01/07 - 2022,,15
29190925,Region Midtjylland,Præhospitalet Base Silkeborg,Kejlstrupvej 99D,8600,Silkeborg,01/07 - 2022,,56
29190925,Region Midtjylland,Præhospitalet Base Hedensted,Lundagervej 16,8722,Hedensted,01/07 - 2022,,8
29190925,Region Midtjylland,Præhospitalet Base Aarhus S,Søren Nymarks Vej 4H,8270,Højbjerg,01/07 - 2022,,14
29190925,Region Midtjylland,"Koncern HR, Arbejdsmiljø","Brendstrupgårdsvej 7, 2. tv.",8200,Aarhus N,01/07 - 2022,,17
29190925,Region Midtjylland,Præhospitalet AMB/ALB Ambulancepersonale,"Olof Palmes Allé 32, 1",8200,Aarhus N,01/07 - 2022,,103
29190925,Region Midtjylland,"Region Midtjylland - Koncern HR, MidtSim",Hedeager 5,8200,Aarhus N,01/10 - 2022,,39
29190925,Region Midtjylland,Holmstrupgård Telos,"Jernaldervej 265A, 2. 3811.",8210,Aarhus V,01/11 - 2022,,12
29190925,Region Midtjylland,Præhospitalet Base Randers N,Skovlyvej 15,8930,Randers NØ,01/01 - 2023,,11
29190925,Region Midtjylland,Regionsklinikken i Skjern,Tinghusvej 4,6900,Skjern,01/06 - 2023,,20
29190925,Region Midtjylland,Regionsapoteket Midtjylland,Palle Juul-Jensens Boulevard 240,8200,Aarhus N,20/06 - 2023,,269
29190925,Region Midtjylland,Regionsklinikken Thyholm,Sønderlandsgade 5,7790,Thyholm,01/09 - 2024,,2
29190925,Region Midtjylland,Regionsklinikken Skive,Kompagnigade 7,7800,Skive,01/11 - 2024,,7
29190925,Region Midtjylland,Hjælpemiddelcentralen,Kirkegade 3,6880,Tarm,01/01 - 2001,,0
29190925,Region Midtjylland,Bo- og aktivitetscenter Elbækvej,Elbækvej 47,8700,Horsens,01/09 - 2001,,1
29190925,Region Midtjylland,Tandplejen,Søndersøparken 14,8800,Viborg,01/01 - 2003,,0
29190925,Region Midtjylland,"Børne- og Ungdomspsykiatrisk Regionscenter, Herning",Skolegade 75,7400,Herning,01/01 - 2003,,104
29190925,Region Midtjylland,Hinnerup Beskæftigelse og Uddannelse,Storegade 5G,8382,Hinnerup,01/11 - 2024,,
29190925,Region Midtjylland,Tørring Beskæftigelse og uddannelse,"Skolevænget 5, 1. 8.",7160,Tørring,26/03 - 2026,,
29190925,Region Midtjylland,"Specialområde Børn og Unge, afd. Specialbørnehaven Fenrishus",Fenrisvej 37,8210,Aarhus V,01/01 - 2003,,0
29190925,Region Midtjylland,"Arbejdsmedicinsk Klinik, Herning Sygehus",Gl. Landevej 61,7400,Herning,28/02 - 2005,,0
29190925,Region Midtjylland,Lokalpsykiatri Center Skanderborg/Odder,Sygehusvej 7,8660,Skanderborg,01/01 - 2005,,0
29190925,Region Midtjylland,"Børn og Unge Centret, rehabilitering - Afd. Viborg",Heibergs Alle 4,8800,Viborg,01/01 - 2007,,0
29190925,Region Midtjylland,Region Midtjylland Gødvad,Stavangervej 11,8600,Silkeborg,01/01 - 2007,,1
29190925,Region Midtjylland,Rådgivningscentret,Himmelbjergvej 11,8680,Ry,01/01 - 2007,,0
29190925,Region Midtjylland,Vidensteamet,Engtoften 5,8260,Viby J,01/01 - 2007,,0
29190925,Region Midtjylland,Præhospitalet Base Hornslet,Falcksvej 2,8543,Hornslet,01/12 - 2021,,
29190925,Region Midtjylland,Skanderborg Sundhedshus,Sygehusvej 7,8660,Skanderborg,01/01 - 2007,,0
29190925,Region Midtjylland,Specialområde Autisme,"Søren Møllers Gade 10A, kl",8900,Randers C,30/10 - 2007,,16
29190925,Region Midtjylland,"Århus Universitetshospital, Ældresygdomme",Palle Juul-Jensens Boulevard 167,8200,Aarhus N,11/12 - 2007,,0
29190925,Region Midtjylland,MidtVask,Carl Krebs' Vej 44,8200,Aarhus N,22/04 - 2008,,0
29190925,Region Midtjylland,IT-drift Århus - Forskerparken,Brendstrupvej 102,8200,Aarhus N,11/07 - 2008,,1
29190925,Region Midtjylland,Kunderelationer,Lyseng Allé 1,8270,Højbjerg,08/07 - 2008,,0
29190925,Region Midtjylland,Lokalpsykiatrisk Center Skive,Øster Fælled Vej 5,7800,Skive,23/02 - 2010,,
29190925,Region Midtjylland,Specialområde Autisme,Østervold 3B lejl.,8900,Randers C,05/07 - 2010,,0
29190925,Region Midtjylland,"Specialområde Børn og Unge, Skolen ved Ulfborghus",Harbogade 53,6990,Ulfborg,22/09 - 2010,,0
29190925,Region Midtjylland,Lægeteam for stoftmisbrugsbehandling,"Michael Drewsens Vej 23, 1",8270,Højbjerg,20/06 - 2011,,2-4
29190925,Region Midtjylland,Regionspsykiatrien Vest,Lægårdvej 12,7500,Holstebro,29/06 - 2011,,1
29190925,Region Midtjylland,Holmstrupgård,Jernaldervænget 10,8220,Brabrand,12/07 - 2011,,0
29190925,Region Midtjylland,"Specialområde Børn og Unge, afd. Fundamentet",Solbakken 11,8240,Risskov,13/07 - 2011,,1
29190925,Region Midtjylland,Midttransport,Ålandsvej 7,8800,Viborg,05/03 - 2013,,
29190925,Region Midtjylland,Klinik for PTSD og Angst,"Palle Juul-Jensens Boulevard 175, st",8200,Aarhus N,24/06 - 2013,,1
29190925,Region Midtjylland,D.A.B. Region Midtjylland,Skibbrogade 3,9000,Aalborg,15/08 - 2013,,
29190925,Region Midtjylland,SAU Højskolebakken thorning,Skovvej 39,8620,Kjellerup,28/03 - 2014,,1
29190925,Region Midtjylland,Regionshospitalet Ringkøbing,Nørreport 9,6950,Ringkøbing,01/01 - 1993,,1
29190925,Region Midtjylland,Vestdansk Center for Rygmarvsskade – Hospitalsenhed Midt,Søndersøparken 11-13,8800,Viborg,13/11 - 2014,,
29190925,Region Midtjylland,Specialområde Autisme,Fabersvej 1,8900,Randers C,15/12 - 2014,,
29190925,Region Midtjylland,Steno Diabetes Center Aarhus,Palle Juul-Jensens Boulevard 11,8200,Aarhus N,28/05 - 2018,,
29190925,Region Midtjylland,Børne- og Ungdomspsykiatrisk Friklinik,"Børglumvej 5, 1. sal.",8240,Risskov,03/03 - 2015,,10-19
29190925,Region Midtjylland,SAU Gl. Aalborgvej,Gl. Aalborgvej 8,8800,Viborg,01/01 - 2016,,0
29190925,Region Midtjylland,"Regional Udvikling, Jordforurening",Havnen 8,7620,Lemvig,01/10 - 2016,,
29190925,Region Midtjylland,Afdeling for Depression og Angst,"Palle Juul-Jensens Boulevard 175, st",8200,Aarhus N,01/01 - 2017,,
29190925,Region Midtjylland,Viborg Patienthotel,Ll. Sct. Mikkels Gade 2B,8800,Viborg,15/03 - 2017,,0
29190925,Region Midtjylland,DNV-Gødstrup,Gødstrupvej 43,7400,Herning,05/07 - 2017,,
29190925,Region Midtjylland,Familier og spiseforstyrrelser,Runetoften 14A,8210,Aarhus V,01/03 - 2018,,
29190925,Region Midtjylland,Skolen ved Kløvhøj,Kløvhøjvej 35,8500,Grenaa,01/05 - 2018,,1
29190925,Region Midtjylland,Akutlægehelikopterbasen i Aalborg,Ny Lufthavnsvej 130,9400,Nørresundby,01/10 - 2018,,
29190925,Region Midtjylland,Holmstrupgård Bjergtoppen,Kalmargade 56,8200,Aarhus N,01/10 - 2018,,2
29190925,Region Midtjylland,Klinik for Personlighedsforstyrrelser og Sexologisk Enhed,"Palle Juul-Jensens Boulevard 175, st",8200,Aarhus N,18/12 - 2018,,
29190925,Region Midtjylland,Koncern Kvalitet,Olof Palmes Allé 17,8200,Aarhus N,26/09 - 2018,,
29190925,Region Midtjylland,SAU Autismefokus Sjælland,"Banestrøget 19, st",2630,Taastrup,01/01 - 2019,,1
29190925,Region Midtjylland,Klinik for Almen Medicin,Østergade 30,7620,Lemvig,01/07 - 2019,,
29190925,Region Midtjylland,Medicoteknisk værksted HE Vest (Regionshospitalet Gødstrup),Hospitalsparken 15,7400,Herning,19/08 - 2019,,
29190925,Region Midtjylland,Medicoteknisk værksted - AUH,Palle Juul-Jensens Boulevard 99,8200,Aarhus N,19/08 - 2019,,
29190925,Region Midtjylland,Medicoteknisk værksted - HE Midt,Heibergs Alle 4A,8800,Viborg,19/08 - 2019,,
29190925,Region Midtjylland,"Specialområde Børn og Unge, Granbo",Kløvhøjvej 33,8500,Grenaa,14/10 - 2011,,1
29190925,Region Midtjylland,"Specialområde Børn og Unge Granbo,",Kløvhøjvej 35,8500,Grenaa,01/04 - 2025,,
29190925,Region Midtjylland,Lægehuset i Thyborøn,Ærøvej 1B,7680,Thyborøn,01/01 - 2020,,
29190925,Region Midtjylland,Præhospitalet Base Risskov,Stokagervej 8A,8240,Risskov,01/03 - 2022,,
29190925,Region Midtjylland,Præhospitalet Base Langå,Væthvej 1B,8870,Langå,01/07 - 2022,,
29190925,Region Midtjylland,Præhospitalet Base Gjesing,Gammel Horsensvej 403,8660,Skanderborg,01/07 - 2022,,
29190925,Region Midtjylland,Præhospitalet Base Ringkøbing ALB,Nørreport 18,6950,Ringkøbing,01/07 - 2022,,
29190925,Region Midtjylland,Præhospitalet Base Allingåbro,A L Pedersens Vej 3,8961,Allingåbro,01/07 - 2022,,
29190925,Region Midtjylland,Præhospitalet Base Aarhus OPA 32,"Olof Palmes Allé 34, st",8200,Aarhus N,01/07 - 2022,,
29190925,Region Midtjylland,"Regionshuset Aarhus - Olof Palmes Allé 34, st.","Olof Palmes Allé 34, st",8200,Aarhus N,01/07 - 2022,,
29190925,Region Midtjylland,Regionshuset Aarhus - Olof Palmes Allé 36,Olof Palmes Allé 36,8200,Aarhus N,01/07 - 2022,,
29190925,Region Midtjylland,Vælg Klogt,Hedeager 3,8200,Aarhus N,01/07 - 2022,,
29190925,Region Midtjylland,Internationale sekretariater - Nordsøprogrammets Sekretariat - Interact,Toldboden 3,8800,Viborg,01/10 - 2022,,
29190925,Region Midtjylland,"Molekylær Medicinsk Afdeling, AUH",Olof Palmes Allé 49,8200,Aarhus N,08/11 - 2022,,
29190925,Region Midtjylland,Præhospitalet Base Lemvig ALB,Østergade 30,7620,Lemvig,01/01 - 2023,,
29190925,Region Midtjylland,Præhospital Base Århus N Leverandørbase,Jens Olsens Vej 5,8200,Aarhus N,01/01 - 2023,,
29190925,Region Midtjylland,Præhospitalet Base Viborg ALB,Heibergs Alle 4A,8800,Viborg,01/01 - 2023,,
29190925,Region Midtjylland,Præhospitalet Base Ry,Brunhøjvej 13,8680,Ry,01/01 - 2023,,
29190925,Region Midtjylland,Præhospitalet Base Glesborg,Laenvej 29,8585,Glesborg,01/01 - 2023,,
29190925,Region Midtjylland,SBU Skolen ved Fogedvænget,Fogedvænget 25,8722,Hedensted,01/06 - 2024,,
29190925,Region Midtjylland,SundK - Aalborg,Niels Jernes Vej 6A,9220,Aalborg Øst,01/01 - 2025,,
29190925,Region Midtjylland,SundK - København,"Ryesgade 53B, 3",2100,København Ø,01/01 - 2025,,
29190925,Region Midtjylland,SundK - Odense,Forskerparken 10,5230,Odense M,01/01 - 2025,,
29190925,Region Midtjylland,HERNING JORDMODERCENTER,Gl. Landevej 53G,7400,Herning,01/01 - 1993,,0
29190925,Region Midtjylland,JORDEMODERCENTRET I LEMVIG,Østergade 7,7620,Lemvig,01/01 - 1993,,5-9
29190925,Region Midtjylland,Jordemodercenter Viborg,Dumpen 5,8800,Viborg,01/01 - 1993,,0
29190925,Region Midtjylland,VOKSENPSYKOLOGISK KONTOR,Engtoften 7B,8260,Viby J,01/01 - 1995,,0
29190925,Region Midtjylland,"IKH, Specialrådgivningen Børn",P.P. Ørums Gade 9,8000,Aarhus C,01/01 - 1998,,1
29190925,Region Midtjylland,Specialområde Autisme Engstien,Stadionalle 3,8382,Hinnerup,01/10 - 2015,,7
29190925,Region Midtjylland,IKH Sygehusindsats Høre Holstebro,Lægårdvej 12,7500,Holstebro,01/01 - 2016,,1
29190925,Region Midtjylland,Specialområde SAU Seniorhuset,Stadionalle 3A,8382,Hinnerup,01/01 - 2018,,3
29190925,Region Midtjylland,SAU Kildebo,Skolevænget 5,7160,Tørring,01/01 - 1993,,70
29190925,Region Midtjylland,"SØNDERPARKEN, CENTER FOR SOCIALPSYKIATRI",Søndergade 21,8783,Hornsyld,01/01 - 1993,,117
29190925,Region Midtjylland,Regionshospitalet Horsens,Strandpromenaden 35A,8700,Horsens,01/01 - 1993,,2301
29190925,Region Midtjylland,Livsstilcenter Brædstrup,Sygehusvej 20,8740,Brædstrup,01/01 - 1993,,18
29190925,Region Midtjylland,Regionshospitalet Herning,Møllegade 16,7400,Herning,01/01 - 1993,,45
29190925,Region Midtjylland,DØGNINSTITUTIONEN KOGLEN,Timlundvej 44B,7270,Stakroge,01/01 - 1993,,55
29190925,Region Midtjylland,NØRHOLM KOLLEGIET,Allingevej 6,7400,Herning,01/01 - 1993,,92
29190925,Region Midtjylland,Lemvig Sundhedshus,Østergade 30,7620,Lemvig,01/01 - 1993,,45
29190925,Region Midtjylland,Regionshospitalet Holstebro,Lægårdvej 12,7500,Holstebro,01/01 - 1993,,21
29190925,Region Midtjylland,Bo- og aktivitetscenter Granbakken,Granbakkevej 22,8961,Allingåbro,01/01 - 1993,,53
29190925,Region Midtjylland,Institut for Kommunikation og Handicap (IKH),Evald Krogs Gade 6A,8000,Aarhus C,01/01 - 1993,,83
29190925,Region Midtjylland,Regionshospitalet Grenaa,Sygehusvej 6,8500,Grenaa,01/01 - 1993,,6
29190925,Region Midtjylland,TANGKÆR,Sygehusvej 31,8950,Ørsted,01/01 - 1993,,126
29190925,Region Midtjylland,Århus Universitetshospital,Nørrebrogade 44,8000,Aarhus C,01/01 - 1993,,52
29190925,Region Midtjylland,Aarhus Universitetshospital Psykiatrien,"Palle Juul-Jensens Boulevard 175, st",8200,Aarhus N,01/01 - 1993,,65
29190925,Region Midtjylland,Holmstrupgård,Holmstrupgårdvej 39,8220,Brabrand,01/01 - 1993,,205
29190925,Region Midtjylland,Århus Universitetshospital,Palle Juul-Jensens Boulevard 99,8200,Aarhus N,01/01 - 1993,,13932
29190925,Region Midtjylland,PILEBAKKEN,Pilevej 4,8653,Them,01/01 - 1993,,92
29190925,Region Midtjylland,Specialområde Autisme - Hinnerup,"Stadionalle 1, 1",8382,Hinnerup,01/01 - 1993,,48
29190925,Region Midtjylland,Specialområde Børn og Unge Fenrishus,Fenrisvej 37,8210,Aarhus V,01/01 - 1993,,157
29190925,Region Midtjylland,Grenen-Dalstrup,Dalstrupvej 30,8500,Grenaa,01/01 - 1993,,100
29190925,Region Midtjylland,Samsø Sundheds- og Akuthus,Sygehusvej 26,8305,Samsø,01/01 - 1993,,33
29190925,Region Midtjylland,Regionshospitalet Randers,Skovlyvej 15,8930,Randers NØ,01/01 - 1993,,2177
29190925,Region Midtjylland,Regionshospitalet Silkeborg,Falkevej 1,8600,Silkeborg,01/01 - 1993,,747
29190925,Region Midtjylland,"Specialområde Børn og Unge, Hamarhus",Hamarvej 1,8800,Viborg,01/01 - 1993,,48
29190925,Region Midtjylland,Regionshospital Viborg,Heibergs Alle 5A,8800,Viborg,01/01 - 1993,,3323
29190925,Region Midtjylland,Region Midtjylland - Regionshuset Viborg,Skottenborg 26,8800,Viborg,01/01 - 1993,,880
29190925,Region Midtjylland,Regionspsykiatrien Viborg,Søndersøparken 1,8800,Viborg,01/01 - 1993,,522
29190925,Region Midtjylland,Regionshospitalet Skive,Resenvej 25,7800,Skive,01/01 - 1993,,114
29190925,Region Midtjylland,"Specialområde Børn og Unge, afd. Møllebækken",Strandvejen 24,8585,Glesborg,01/01 - 1994,,60
29190941,Region Nordjylland,Aalborg Universitetshospital Dronninglund,Nørregade 19,9330,Dronninglund,01/11 - 2017,01/11 - 2017,
29190941,Region Nordjylland,Bostedet Aars,Kimbrerparken 42,9600,Aars,01/04 - 2018,01/04 - 2018,
29190941,Region Nordjylland,Regionsklinik Frederikshavn,Vestergade 47A,9900,Frederikshavn,01/07 - 2018,01/07 - 2018,
29190941,Region Nordjylland,Regionsklinik Frederikshavn,Vestergade 47A,9900,Frederikshavn,01/07 - 2018,01/07 - 2018,
29190941,Region Nordjylland,Børnehjemmet Søhuset,Gl Skolevej 3,9600,Aars,10/02 - 2009,10/02 - 2009,
29190941,Region Nordjylland,Boformen Aas,Åsvej 39,7700,Thisted,20/01 - 2009,29/01 - 2009,
29190941,Region Nordjylland,"Socialpsykiatrisk Boform Solsiden, Afd. Teglgårdshaven",Teglgårdshaven 17,9870,Sindal,17/12 - 2008,09/10 - 2011,
29190941,Region Nordjylland,Hjerneskadecentret,Borgmester Jørgensens Vej 2,9000,Aalborg,29/02 - 2008,09/10 - 2011,
29190941,Region Nordjylland,Fyrbo - DCBH,Godfred Hansens Vej 34,9210,Aalborg SØ,11/03 - 2010,11/03 - 2010,
29190941,Region Nordjylland,Sygehus Apotek,Porsvej 1,9000,Aalborg,30/01 - 2009,30/01 - 2009,
29190941,Region Nordjylland,Nordjyllands Trafikselskab,"John F. Kennedys Plads 1R, 3",9000,Aalborg,09/01 - 2009,09/07 - 2012,
29190941,Region Nordjylland,Regionsklinik Brønderslev,Nørregade 77,9700,Brønderslev,01/07 - 2014,01/02 - 2015,
29190941,Region Nordjylland,Regionsklinik Hjørring,Bispensgade 37,9800,Hjørring,01/12 - 2014,31/12 - 2015,
29190941,Region Nordjylland,Regionsklinik Frederikshavn,Barfredsvej 83,9900,Frederikshavn,01/01 - 2015,31/12 - 2015,
29190941,Region Nordjylland,Regionsklinik Dronninglund,Nørregade 19,9330,Dronninglund,01/01 - 2015,31/12 - 2015,
29190941,Region Nordjylland,Regionsklinik Sydthy,Idrætsvej 5A,7760,Hurup,01/09 - 2013,31/12 - 2015,
29190941,Region Nordjylland,Regionsklinik Nordthy,Højtoftevej 10,7700,Thisted,01/09 - 2013,31/12 - 2015,
29190941,Region Nordjylland,Boformen Aas,Åsvej 39,7700,Thisted,20/01 - 2009,29/01 - 2009,
29190941,Region Nordjylland,"Specialbørnehjemmene, Afd. Højbjerghus, Kvisten",Højdedraget 5,9530,Støvring,27/03 - 2008,14/05 - 2009,
29190941,Region Nordjylland,Team Nord Hjørring,Strømgade 6,9800,Hjørring,24/01 - 2007,09/10 - 2011,
29190941,Region Nordjylland,JORDEMODERCENTRET NORD,Skolegade 8A,7700,Thisted,01/01 - 1993,16/10 - 2011,
29190941,Region Nordjylland,Team Nord Hjørring,Strømgade 6,9800,Hjørring,24/01 - 2007,24/01 - 2007,
29190941,Region Nordjylland,Solsiden,Odinsvej 25,9870,Sindal,05/12 - 2008,28/08 - 2012,
29190941,Region Nordjylland,Solsiden Afd. Teglgårdshaven,Teglgårdshaven 17,9870,Sindal,17/12 - 2008,09/10 - 2011,
29190941,Region Nordjylland,Team Nord Hjørring,Strømgade 6,9800,Hjørring,24/01 - 2007,24/01 - 2007,
29190941,Region Nordjylland,Foldbjerg Centret Team Syd,Fortunavej 1,9500,Hobro,01/01 - 2007,02/04 - 2009,
29190941,Region Nordjylland,"Rehab.Strandgården,",Fyrvejen 65,7900,Nykøbing M,04/12 - 2008,26/01 - 2009,
29190941,Region Nordjylland,Region Nordjylland,Niels Bohrs Vej 30,9220,Aalborg Øst,01/01 - 2007,01/01 - 2007,
29190941,Region Nordjylland,"Depot, Vendsyssel",Bispensgade 37,9800,Hjørring,28/11 - 2008,01/07 - 2015,0
29190941,Region Nordjylland,Regionsklinik Aalborg,Stengade 10,9000,Aalborg,08/07 - 2015,31/12 - 2015,0
29190941,Region Nordjylland,Nordjysk Center for Erhvervet Hjerneskade,Teglgårdshaven 15A,9870,Sindal,27/11 - 2008,09/02 - 2012,0
29190941,Region Nordjylland,Foldbjergcentret Halvvejshuset,Kongensgade 9,9800,Hjørring,01/01 - 1999,09/07 - 2012,2-4
29190941,Region Nordjylland,ALKO-AMBULATORIET I FREDERIKSHAVN,Vestergade 49,9900,Frederikshavn,01/01 - 1993,09/10 - 2011,10-19
29190941,Region Nordjylland,BØRNEHJEMMET AAHAVEN,Gasværksvej 20,9300,Sæby,01/01 - 1993,14/12 - 2011,2-4
29190941,Region Nordjylland,Rehabiliterings- og Revaliderings Center for Flygtninge,Badehusvej 1,9000,Aalborg,01/01 - 1993,09/10 - 2011,0
29190941,Region Nordjylland,Daghus Morsø,Grønnegade 1,7900,Nykøbing M,01/01 - 1994,29/04 - 2013,0
29190941,Region Nordjylland,Teknologicentret for handicappede,"Sofiendalsvej 92A, 1",9200,Aalborg SV,01/06 - 1999,29/01 - 2009,5-9
29190941,Region Nordjylland,Høreinstituttet Hørehæmmedes hus,Algade 38,9000,Aalborg,01/01 - 1999,09/10 - 2011,10-19
29190941,Region Nordjylland,Sygehus Thy-Mors,Strandparken 48,7900,Nykøbing M,01/01 - 1993,24/06 - 2012,0
29190941,Region Nordjylland,Institut for Syn og Hørelse,Sofiendalsvej 91,9200,Aalborg SV,01/01 - 1993,23/04 - 2012,0
29190941,Region Nordjylland,Det midlertidige tilbud Nordens Allé,Nordens Alle 65,9700,Brønderslev,14/08 - 2007,14/11 - 2013,0
29190941,Region Nordjylland,Jordemodercenteret Vendsyssel,Bispensgade 37 2.,9800,Hjørring,01/01 - 1993,30/08 - 2012,0
29190941,Region Nordjylland,ALKO-AMBULATORIET FOLDBJERGCENTRET,Sønder Alle 3,9500,Hobro,01/01 - 1993,09/10 - 2011,1
29190941,Region Nordjylland,"Aalborg Sygehus, Patienthotellet (Chagall)",Vesterbro 36-38,9000,Aalborg,12/11 - 2009,30/11 - 2012,10-19
29190941,Region Nordjylland,HOBRO-TERNDRUP SYGEHUS,Hadsundvej 32,9575,Terndrup,01/01 - 1994,31/07 - 2009,20-49
29190941,Region Nordjylland,Aalborg Universitetshospital Brovst,Sygehusvej 6,9460,Brovst,01/01 - 1993,31/12 - 2015,2-4
29190941,Region Nordjylland,Bofællesskabet,"Hobrovej 68, st",8900,Randers C,12/04 - 2007,06/01 - 2013,1
29190941,Region Nordjylland,Regionsklinikken,Hobrovej 42C,9000,Aalborg,24/11 - 2011,11/01 - 2014,0
29190941,Region Nordjylland,Elevhjem Diskovej,Diskovej 4-8,9210,Aalborg SØ,01/01 - 2000,25/08 - 2010,5-9
29190941,Region Nordjylland,"Elevhjem Planetbo, CDBH",Blåkildevej 78-80,9220,Aalborg Øst,01/01 - 2000,01/01 - 2015,5-9
29190941,Region Nordjylland,Boligkontoret Nordjylland,Niels Bohrs Vej 30,9220,Aalborg Øst,01/10 - 2001,09/10 - 2011,1
29190941,Region Nordjylland,Rehabiliteringscenter Strandgården,Fyrvejen 65,7900,Nykøbing M,01/01 - 1993,09/10 - 2011,0
29190941,Region Nordjylland,JORDEMODERCENTRET THISTED,Højtoftevej 8A,7700,Thisted,01/01 - 1998,16/10 - 2011,0
29190941,Region Nordjylland,BØRNEHJEMMET SØHUSET,Gl Skolevej 3,9600,Aars,01/01 - 1996,14/11 - 2010,10-19
29190941,Region Nordjylland,Kragskovhede,Sindalvej 81,9981,Jerup,17/03 - 2009,06/01 - 2013,0
29190941,Region Nordjylland,INSTITUTIONEN MINIBO,Kornblomstvej 91,9000,Aalborg,01/01 - 1993,01/05 - 2015,20-49
29190941,Region Nordjylland,Daghus Thisted,Munkevej 3,7700,Thisted,01/01 - 1993,29/04 - 2013,5-9
29190941,Region Nordjylland,Regionsklinik Brovst,Poppelvej 3,9460,Brovst,26/11 - 2013,01/01 - 2016,0
29190941,Region Nordjylland,Regionsklinik Pandrup,Bredgade 130,9490,Pandrup,19/10 - 2011,31/12 - 2015,10-19
29190941,Region Nordjylland,"Misbrugscentret, Døgninsitutionen i Vrå",Foldbjergvej 16,9760,Vrå,01/01 - 1993,09/10 - 2011,20-49
29190941,Region Nordjylland,Team Nord,Strømgade 6,9800,Hjørring,27/11 - 2008,09/10 - 2011,0
29190941,Region Nordjylland,Regionsklinik Frøstrup,Visdomsvej 1,7741,Frøstrup,01/06 - 2015,01/01 - 2016,0
29190941,Region Nordjylland,Anæstesisektor Nordjylland,Hobrovej 22,9000,Aalborg,10/09 - 2003,18/11 - 2012,2-4
29190941,Region Nordjylland,Region Nordjyllands Misbrugscenter,"Østerågade 25, 1",9000,Aalborg,01/01 - 2001,19/12 - 2011,1
29190941,Region Nordjylland,Astmaskolen,Urbansgade 32,9000,Aalborg,01/01 - 2001,01/07 - 2015,2-4
29190941,Region Nordjylland,Sundhedsfagligt Videncenter,Østre Alle 91,9000,Aalborg,01/01 - 2002,09/10 - 2011,10-19
29190941,Region Nordjylland,JORDMODERCENTRET I FREDERIKSHAVN,Rebslagerstien 8,9900,Frederikshavn,01/01 - 1993,30/08 - 2012,5-9
29190941,Region Nordjylland,Kronikerenheden,Havrevangen 1,9000,Aalborg,24/06 - 2010,09/07 - 2012,0
29190941,Region Nordjylland,Specialbørnehjemmene Fællesfunktionen,Østre Alle 6,9530,Støvring,06/11 - 2009,01/05 - 2014,10-19
29190941,Region Nordjylland,Bøgehuset,Kollegievej 5A,9000,Aalborg,01/01 - 2000,10/06 - 2010,20-49
29190941,Region Nordjylland,Plejeafdelingen,Bøgevej 11,9670,Løgstør,01/01 - 2008,09/10 - 2011,50-99
29190941,Region Nordjylland,Jordmodercenter Nordjylland,Urbansgade 32,9000,Aalborg,01/01 - 1993,01/07 - 2015,0
29190941,Region Nordjylland,"Sødisbakke, Fælledvej",Fælledvej 1,9550,Mariager,04/12 - 2009,20/06 - 2017,0
29190941,Region Nordjylland,Team Syd,Fortunavej 1,9500,Hobro,01/12 - 2008,09/10 - 2011,0
29190941,Region Nordjylland,Midlertidig lægetilbud i Hjørring,"Bistrupvej 3, 1. sal.",9800,Hjørring,01/12 - 2015,01/10 - 2016,0
29190941,Region Nordjylland,NORD-KAP,Havrevangen 1,9000,Aalborg,18/06 - 2010,09/07 - 2012,0
29190941,Region Nordjylland,MARIAGERCENTRET,Vestergade 7,9550,Mariager,01/01 - 1993,25/11 - 2012,0
29190941,Region Nordjylland,Døgninstitution Vrå,Foldbjergvej 16,9760,Vrå,28/11 - 2008,31/12 - 2015,0
29190941,Region Nordjylland,Nordjyllands hjælpemiddelcentral,Lyngvej 1,9000,Aalborg,01/01 - 1995,30/08 - 2010,5-9
29190941,Region Nordjylland,Taleinstituttet,"Østerågade 25, 1",9000,Aalborg,01/01 - 2007,06/01 - 2013,0
29190941,Region Nordjylland,"Døvblindecentret, Projekt Godtfred Hansens Vej",Godfred Hansens Vej 34-36,9210,Aalborg SØ,30/06 - 2008,25/08 - 2010,0
29190941,Region Nordjylland,IT-afdelingen,Hadsundvej 184,9000,Aalborg,10/06 - 2010,12/04 - 2011,0
29190941,Region Nordjylland,Kvisten,Højdedraget 5,9530,Støvring,19/01 - 2009,14/05 - 2009,0
29190941,Region Nordjylland,JORDEMODERCENTRET I HOBRO,Stolbjergvej 8,9500,Hobro,01/01 - 1993,30/08 - 2012,2-4
29190941,Region Nordjylland,Taleinstituttet Nordjylland,Borgmester Jørgensens Vej 2B,9000,Aalborg,01/01 - 1993,30/12 - 2013,50-99
29190941,Region Nordjylland,Foldbjergcenteret / Halvvejshuset,Kongensgade 9,9800,Hjørring,24/08 - 2009,09/07 - 2012,0
29190941,Region Nordjylland,Instituttet for Syn og Teknologi,Sofiendalsvej 92A,9200,Aalborg SV,01/01 - 1998,09/10 - 2011,0
29190941,Region Nordjylland,Ortopædkirurgi Nordjylland,"Søndre Skovvej 11, 2",9000,Aalborg,10/09 - 2003,18/11 - 2012,1
29190941,Region Nordjylland,Socialpsykiatrisk Boform Visborggaård,Visborggaard Alle 39,9560,Hadsund,01/01 - 1993,01/11 - 2017,1
29190941,Region Nordjylland,Regionsklinik Nørresundby,Lille Borgergade 19,9400,Nørresundby,01/03 - 2017,01/09 - 2017,1
29190941,Region Nordjylland,Aalborg Universitetshospital Dronninglund,Nørregade 19,9330,Dronninglund,01/01 - 1993,01/07 - 2017,0
29190941,Region Nordjylland,Alkohol og Trafik,Sofiendalsvej 91,9200,Aalborg SV,22/01 - 2009,31/03 - 2016,0
29190941,Region Nordjylland,Regional friklinik for børne-og ungdomspsyk.,Mølleparkvej 12,9000,Aalborg,11/11 - 2011,19/08 - 2017,0
29190941,Region Nordjylland,Midlertidig lægetilbud,Solgårdsvej 12,7700,Thisted,01/01 - 2016,17/04 - 2017,0
29190941,Region Nordjylland,"Regionshospital Nordjylland, Thisted",Strandparken 48,7900,Nykøbing M,05/02 - 2013,14/06 - 2017,0
29190941,Region Nordjylland,Regionsklinik Hadsund,Vestergade 26,9560,Hadsund,01/06 - 2015,04/06 - 2017,0
29190941,Region Nordjylland,"Aalborg Universitetshospital, Klinik Kvinde-Barn & Urinvejskirurgi, Klinikledelse",Stengade 10,9000,Aalborg,01/02 - 2015,01/04 - 2018,0
29190941,Region Nordjylland,Regionsklinik Gedsted,Østergade 13B,9631,Gedsted,01/01 - 2018,31/12 - 2019,2-4
29190941,Region Nordjylland,Bostedet Solsiden,Teglgårdshaven 17,9870,Sindal,22/12 - 2008,11/12 - 2018,10-19
29190941,Region Nordjylland,Regionsklinik Storvorde,Stationsvej 9,9280,Storvorde,01/06 - 2016,01/03 - 2018,0
29190941,Region Nordjylland,"Hospitalsledelsen, Thisted",Højtoftevej 6,7700,Thisted,01/01 - 2016,01/10 - 2018,0
29190941,Region Nordjylland,Bostedet Solsiden,Teglgårdshaven 15A,9870,Sindal,10/02 - 2012,11/12 - 2018,0
29190941,Region Nordjylland,Sundhedshuset i Hurup,Idrætsvej 5A,7760,Hurup Thy,18/02 - 2014,01/08 - 2018,2-4
29190941,Region Nordjylland,"Nordjysk Mad, Brandevej",Brandevej 5,9220,Aalborg Øst,17/06 - 2021,17/06 - 2021,
29190941,Region Nordjylland,Nordjysk Mad,Mølleparkvej 10,9000,Aalborg,17/06 - 2021,17/06 - 2021,
29190941,Region Nordjylland,Regionsklinikken Storvorde,Stationsvej 9,9280,Storvorde,01/03 - 2019,31/12 - 2019,5-9
29190941,Region Nordjylland,Regionsklinik Hjørring 5,Aage Holms Vej 5,9800,Hjørring,01/03 - 2019,01/09 - 2023,1
29190941,Region Nordjylland,Regionsklinik Nykøbing Mors,Strandparken 48,7900,Nykøbing M,06/09 - 2017,31/12 - 2023,1
29190941,Region Nordjylland,Regionsklinik Nørager,Jernbanegade 3,9610,Nørager,01/03 - 2024,01/03 - 2024,
29190941,Region Nordjylland,Servicehuset,Hospitalsbyen 22,9260,Gistrup,29/10 - 2024,01/04 - 2026,161
29190941,Region Nordjylland,"Regionshospital Nordjylland, Brønderslev",Nørregade 77,9700,Brønderslev,01/01 - 1993,,93
29190941,Region Nordjylland,Bostedet Brovst,Stationsvej 12,9460,Brovst,01/01 - 1999,,31
29190941,Region Nordjylland,Forsorgshjemmet Aas,Åsvej 39,7700,Thisted,01/01 - 1999,,19
29190941,Region Nordjylland,Planethuset,Kollegievej 5B,9000,Aalborg,01/01 - 2000,,14
29190941,Region Nordjylland,Psykiatrisk Sengeafsnit Frederikshavn,Rebslagerstien 2,9900,Frederikshavn,01/01 - 2002,,29
29190941,Region Nordjylland,Botilbud Danalien,Danalien 4,9000,Aalborg,01/05 - 2002,,37
29190941,Region Nordjylland,"Bostedet Kærvang, Midtbyen",Asylgade 23,7900,Nykøbing M,05/08 - 2008,,23
29190941,Region Nordjylland,Aalborg Universitetshospital Nord,Reberbansgade 15,9000,Aalborg,19/08 - 2008,,1495
29190941,Region Nordjylland,"Bostedet Kærvang, Fjorden",Strandparken 82,7900,Nykøbing M,01/01 - 2008,,60
29190941,Region Nordjylland,Neurocenter Østerskoven,Amerikavej 46,9500,Hobro,04/12 - 2008,,2
29190941,Region Nordjylland,Botilbuddet Vestergade 18,Vestergade 18,9500,Hobro,29/04 - 2009,,3
29190941,Region Nordjylland,"Aalborg Universitetshospital Nord, Stengade",Stengade 10,9000,Aalborg,12/11 - 2009,,24
29190941,Region Nordjylland,"Aalborg Universitetshospital, Arbejdsmedicinsk Afdeling og Socialmedicinsk Afdeling",Havrevangen 1,9000,Aalborg,12/11 - 2009,,53
29190941,Region Nordjylland,"Aalborg Universitetshospital, Team for Lindrende behandling",Studievej 25,9400,Nørresundby,20/11 - 2009,,7
29190941,Region Nordjylland,"Region Nordjylland, Røntgenfysik",Merkurvej 13,9700,Brønderslev,20/11 - 2009,,8
29190941,Region Nordjylland,Tandpinevagten,Filstedvej 10,9000,Aalborg,07/05 - 2010,,17
29190941,Region Nordjylland,Region Nordjylland - Digitalisering og IT,Hadsundvej 190,9000,Aalborg,10/06 - 2010,,343
29190941,Region Nordjylland,"Psykiatrien, Brandevej",Brandevej 5,9220,Aalborg Øst,31/05 - 2011,,147
29190941,Region Nordjylland,Den Præhospitale Virksomhed,Hjulmagervej 20,9000,Aalborg,01/07 - 2011,,162
29190941,Region Nordjylland,Tværfagligt Smertecenter,Nybrogade 16,9000,Aalborg,11/07 - 2011,,19
29190941,Region Nordjylland,Center for Sansenedsættelse,Sofiendalsvej 91,9200,Aalborg SV,06/09 - 2011,,88
29190941,Region Nordjylland,Rehabiliteringscenter for Flygtninge,Havrevangen 1,9000,Aalborg,19/10 - 2011,,22
29190941,Region Nordjylland,Den sikrede institution Kompasset,Saturnvej 2,9700,Brønderslev,20/01 - 2012,,39
29190941,Region Nordjylland,"Psykiatrisk Ambulatorium, Frederikshavn",Skelvej 24,9900,Frederikshavn,05/03 - 2013,,21
29190941,Region Nordjylland,Specialbørnehjemmene Fjordhuset,Studievej 17,9400,Nørresundby,28/06 - 2013,,64
29190941,Region Nordjylland,"Botilbud for Døvblindhed, Kloden",Borgmester Jørgensens Vej 2,9000,Aalborg,01/07 - 2013,,66
29190941,Region Nordjylland,Hospitalsbyen,Hospitalsbyen 1,9260,Gistrup,01/06 - 2014,,1682
29190941,Region Nordjylland,Aktivitetshuset,Danalien 6,9000,Aalborg,01/09 - 2014,,34
29190941,Region Nordjylland,Forskningens Hus,Søndre Skovvej 15,9000,Aalborg,01/01 - 2015,,97
29190941,Region Nordjylland,Bøgehuset,Kollegievej 5A,9000,Aalborg,01/01 - 2015,,17
29190941,Region Nordjylland,Uddannelseslæger,Niels Bohrs Vej 30,9220,Aalborg Øst,01/02 - 2015,,228
29190941,Region Nordjylland,Klinisk Farmakologisk Enhed,Mølleparkvej 8A,9000,Aalborg,01/07 - 2016,,18
29190941,Region Nordjylland,Fertilitetsenhed,Søndre Skovvej 3,9000,Aalborg,19/09 - 2016,,30
29190941,Region Nordjylland,Regionsklinik Læsø,Kirkestien 2,9940,Læsø,01/04 - 2017,,5
29190941,Region Nordjylland,Bostedet Hadsund,Kjeld H. Jensens Vej 2A,9560,Hadsund,01/04 - 2017,,77
29190941,Region Nordjylland,Bostedet Aars,Kimbrerparken 42,9600,Aars,01/04 - 2018,,61
29190941,Region Nordjylland,Regionsklinik Frederikshavn 2,Vestergade 47A,9900,Frederikshavn,01/07 - 2018,,19
29190941,Region Nordjylland,Regionsklinik Hurup,Idrætsvej 5A,7760,Hurup Thy,01/08 - 2018,,9
29190941,Region Nordjylland,"Bostedet Solsiden, Teglhaven",Teglgårdshaven 15A,9870,Sindal,12/12 - 2018,,20
29190941,Region Nordjylland,"Bostedet Solsiden, Teglgården",Teglgårdshaven 17K,9870,Sindal,12/12 - 2018,,13
29190941,Region Nordjylland,"Hospitalsledelse og Administration, Aalborg Universitetshospital",Hobrovej 42A,9000,Aalborg,01/01 - 2019,,155
29190941,Region Nordjylland,"Aalborg Universitetshospital Nord, Ladegårdsgade",Ladegårdsgade 3,9000,Aalborg,01/01 - 2019,,122
29190941,Region Nordjylland,Området for Socialpsykiatri,Mølleparkvej 12,9000,Aalborg,01/11 - 2020,,8
29190941,Region Nordjylland,Kontraktenheden Aalborg UH,"Søndre Skovvej 9, 1. 1.",9000,Aalborg,01/02 - 2021,,19
29190941,Region Nordjylland,Testcenter Danmark SPV,Håndværkervej 24C,9000,Aalborg,01/03 - 2021,,10
29190941,Region Nordjylland,"Ambulancetjenesten, Læsø",Byrum Hovedgade 7,9940,Læsø,01/01 - 2022,,8
29190941,Region Nordjylland,"Ambulancetjenesten, Hjørring",Frederikshavnsvej 33,9800,Hjørring,01/01 - 2022,,42
29190941,Region Nordjylland,"Ambulancetjenesten, Frederikshavn",H.C. Ørsteds Vej 35,9900,Frederikshavn,01/01 - 2022,,27
29190941,Region Nordjylland,"Ambulancetjenesten, Skagen",Kattegatvej 3,9990,Skagen,01/01 - 2022,,7
29190941,Region Nordjylland,"Ambulancetjenesten, Brønderslev",Sdr Omfartsvej 1,9700,Brønderslev,01/01 - 2022,,19
29190941,Region Nordjylland,"Ambulancetjenesten, Pandrup",Stormgade 4,9490,Pandrup,01/01 - 2022,,9
29190941,Region Nordjylland,"Ambulancetjenesten, Nørresundby",Bouet Møllevej 16,9400,Nørresundby,01/01 - 2022,,34
29190941,Region Nordjylland,"Ambulancetjenesten, Dronninglund",Slotsgade 38,9330,Dronninglund,01/01 - 2022,,11
29190941,Region Nordjylland,"Ambulancetjenesten, Aalborg",Håndværkervej 27,9000,Aalborg,01/01 - 2022,,140
29190941,Region Nordjylland,Psykiatriens Hus,Saxogade 14B,9000,Aalborg,01/01 - 2026,,
29190941,Region Nordjylland,"SUND, Hospitalsbyen",Selma Lagerløfs Vej 249,9260,Gistrup,01/11 - 2023,,44
29190941,Region Nordjylland,Regionsklinik Skelund,Skelund Hovedgade 20,9560,Hadsund,01/05 - 2024,,9
29190941,Region Nordjylland,Byg Hospitalsbyen,Hospitalsbyen 20,9260,Gistrup,01/01 - 2024,,21
29190941,Region Nordjylland,Diabeteshuset,Hospitalsbyen 4,9260,Gistrup,05/06 - 2024,,73
29190941,Region Nordjylland,Ungehjemmet Bifrost,Brandevej 1,9220,Aalborg Øst,01/09 - 2024,,1
29190941,Region Nordjylland,Midlertidigt Lægetilbud Frederikshavn,Rådhus Alle 52,9900,Frederikshavn,01/11 - 2024,,1
29190941,Region Nordjylland,Midlertidigt Lægetilbud Brovst,Sygehusvej 6,9460,Brovst,01/01 - 2025,,4
29190941,Region Nordjylland,Lægeklinikken Frøstrup,Søndergade 36B,7741,Frøstrup,01/01 - 2025,,2
29190941,Region Nordjylland,"Aalborg Universitetshospital, Audiologisk Afsnit",Havrevangen 1,9000,Aalborg,01/02 - 2025,,44
29190941,Region Nordjylland,Regionsklinik Fjerritslev,Aggersundvej 3,9690,Fjerritslev,13/06 - 2025,,13
29190941,Region Nordjylland,"Team Nordvendsyssel, psykiatri",Aage Holms Vej 12,9800,Hjørring,01/01 - 2006,,0
29190941,Region Nordjylland,Aalborg Jordemodercenter,Dag Hammarskjølds Gade 4,9000,Aalborg,14/05 - 2009,,1
29190941,Region Nordjylland,Rehabiliteringscenter Strandgården,Fyrvejen 65,7900,Nykøbing M,11/07 - 2008,,2
29190941,Region Nordjylland,Ambulatorium for almen psykiatri Hjørring,Aage Holms Vej 5,9800,Hjørring,05/03 - 2013,,0
29190941,Region Nordjylland,COVID-19 Vaccinationscenter Hobro,Amerikavej 22,9500,Hobro,01/01 - 2021,,
29190941,Region Nordjylland,Regionsklinik Øster Jølby,Doktor Lunds Vej 2,7950,Erslev,01/01 - 2016,,1
29190941,Region Nordjylland,Regionsklinik Aalborg,Stengade 10,9000,Aalborg,29/03 - 2016,,1
29190941,Region Nordjylland,Aalborg Universitetshospital Dronninglund,Nørregade 19,9330,Dronninglund,01/11 - 2017,,1
29190941,Region Nordjylland,Specialbørnehjemmene Fællesfunktionen,Kollegievej 1,9000,Aalborg,14/05 - 2018,,1
29190941,Region Nordjylland,"NordiQC, Patologisk Universitet",Niels Bohrs Vej 30,9220,Aalborg Øst,15/08 - 2018,,0
29190941,Region Nordjylland,"Præhospital Enhed, Brovst","Sygehusvej 5, st. 209.",9460,Brovst,01/03 - 2019,,4
29190941,Region Nordjylland,"Præhospital Enhed, Hals",Bygmestervej 2,9370,Hals,01/03 - 2019,,
29190941,Region Nordjylland,Regionsklinik Ranum,Rønnevej 5A,9681,Ranum,01/06 - 2019,,1
29190941,Region Nordjylland,"Testcenter Danmark, Hjørring",Arsenalvej 21,9800,Hjørring,01/04 - 2020,,
29190941,Region Nordjylland,"Testcenter Danmark, Nørresundby",Hjørringvej 136,9400,Nørresundby,01/04 - 2020,,498
29190941,Region Nordjylland,"Testcenter Danmark, Thisted",Havnen 31,7700,Thisted,01/04 - 2020,,
29190941,Region Nordjylland,Midlertidigt lægetilbud. Brønderslev,"Bredgade 13, 1",9700,Brønderslev,01/02 - 2022,,1
29190941,Region Nordjylland,Biomedicinsk Forskningslaboratorium (Dyrestald),Vester Vase 30,9280,Storvorde,01/03 - 2026,,
29190941,Region Nordjylland,c/o Praksis- og Patientafregning (Luna),Niels Bohrs Vej 30,9220,Aalborg Øst,01/04 - 2021,,
29190941,Region Nordjylland,COVID-19 Vaccinationscenter Hjørring,Fuglsigvej 23,9800,,01/01 - 2021,,
29190941,Region Nordjylland,COVID-19 Testcenter og Vaccinationscenter Aars,Messevej 1,9600,Aars,01/07 - 2020,,
29190941,Region Nordjylland,COVID-19 Vaccinationscenter Thisted,Munkevej 9E,7700,,01/07 - 2021,,
29190941,Region Nordjylland,COVID-19 Vaccinationscenter Frederikshavn,Harald Nielsens Plads 9,9900,,01/01 - 2021,,
29190941,Region Nordjylland,COVID-19 Testcenter Frederikshavn,Skippergade 23,9900,,01/07 - 2020,,
29190941,Region Nordjylland,COVID-19 Testcenter Hjørring,Læsøvej 10,9800,,01/07 - 2020,,
29190941,Region Nordjylland,COVID-19 Testcenter Aalborg Centrum,Europa Plads 4,9000,,01/07 - 2020,,
29190941,Region Nordjylland,COVID-19 Testcenter Thisted,Højtoftevej 2,7700,,01/07 - 2020,,
29190941,Region Nordjylland,COVID-19 Testcenter Aalborg Øst,Niels Jernes Vej 6B,9220,,01/07 - 2020,,
29190941,Region Nordjylland,Biomedicinsk Forskningslaboratorium (Gnaverstald),Fredrik Bajers Vej 7H,9220,Aalborg Øst,01/01 - 2026,,
29190941,Region Nordjylland,"Ambulancetjenesten, Ålestrup",Otto Jørgensens Vej 1 1.,9620,Aalestrup,01/09 - 2022,,
29190941,Region Nordjylland,Sygehusapotekssatellit,Mølleparkvej 4,9000,Aalborg,07/11 - 2005,,0
29190941,Region Nordjylland,Regionsklinik Sindal,Torvegade 6,9870,Sindal,01/12 - 2016,,2
29190941,Region Nordjylland,Regionsklinik Pandrup 2,Bredgade 130,9490,Pandrup,01/01 - 2022,,1
29190941,Region Nordjylland,COVID-19 Vaccinationscenter Aalborg,Håndværkervej 24D,9000,Aalborg,01/01 - 2021,,
29190941,Region Nordjylland,Skovvænget,Otto Jørgensens Vej 5,9620,Aalestrup,01/01 - 1993,,1
29190941,Region Nordjylland,Bostedet Vestervang,Bøgevej 11,9670,Løgstør,01/01 - 1993,,4
29190941,Region Nordjylland,Skovhuset Dagcenter,Bodil Hjorths Vej 4,9310,Vodskov,01/01 - 1993,,1
29190941,Region Nordjylland,Nære Sundhedstilbud,Fyrkildevej 7,9220,Aalborg Øst,23/08 - 2012,,14
29190941,Region Nordjylland,"Psykiatrihuset, Hospitalsbyen",Hospitalsbyen 7,9260,Gistrup,01/03 - 2026,,
29190941,Region Nordjylland,"Psykiatrisk Sengeafsnit, Thisted",Korsgade 18,7700,Thisted,01/01 - 1993,,21
29190941,Region Nordjylland,Centrallageret,Fåborgvej 19,9220,Aalborg Øst,28/11 - 2008,,32
29190941,Region Nordjylland,Aktiv patientstøtte,Bredgade 130,9490,Pandrup,01/08 - 2017,,2
29190941,Region Nordjylland,Sødisbakke,Havndalvej 7-9,9550,Mariager,01/01 - 1993,,487
29190941,Region Nordjylland,"Aalborg Universitetshospital, Thisted",Højtoftevej 2,7700,Thisted,01/01 - 1993,,680
29190941,Region Nordjylland,"Regionshospital Nordjylland, Frederikshavn",Barfredsvej 83,9900,Frederikshavn,01/01 - 1993,,268
29190941,Region Nordjylland,"Regionshospital Nordjylland, Hjørring",Bispensgade 37,9800,Hjørring,01/01 - 1993,,1732
29190941,Region Nordjylland,Aalborg Universitetshospital Syd,Hobrovej 18-22,9000,Aalborg,01/01 - 1993,,4751
29190941,Region Nordjylland,Specialbørnehjemmene Søhuset,Dyrskuevej 4,9600,Aars,01/01 - 1993,,34
29190941,Region Nordjylland,"Aalborg Universitetshospital, Farsø",Højgårdsvej 11,9640,Farsø,01/01 - 1993,,237
29190941,Region Nordjylland,Tilbud for Døvblindhed og Høretab,Kollegievej 1,9000,Aalborg,01/01 - 1993,,94
29190941,Region Nordjylland,"Aalborg Universitetshospital, Hobro",Stolbjergvej 8,9500,Hobro,01/01 - 1993,,242
29190941,Region Nordjylland,Specialbørnehjemmene Nygården,Nygårdsvej 13,9700,Brønderslev,01/01 - 1993,,31
29190941,Region Nordjylland,"Psykiatrien, Brønderslev",Hjørringvej 180,9700,Brønderslev,01/01 - 1993,,434
29190941,Region Nordjylland,Bostedet Solsiden,Odinsvej 25,9870,Sindal,01/01 - 1993,,48
29190941,Region Nordjylland,Specialbørnehjemmene Kvisten,Højdedraget 5,9530,Støvring,01/01 - 1993,,40
29190941,Region Nordjylland,Skagen Gigt- og Rygcenter,Hans Baghs Vej 25,9990,Skagen,01/01 - 1993,,22
29190941,Region Nordjylland,"Psykiatrien, Mølleparkvej",Mølleparkvej 10,9000,Aalborg,01/01 - 1993,,867
29190941,Region Nordjylland,"Ungdomshjemmet, CDBH",Sohngårdsholmsvej 59,9000,Aalborg,01/01 - 1993,,53
29190941,Region Nordjylland,Region Nordjylland,Niels Bohrs Vej 30,9220,Aalborg Øst,01/01 - 1993,,2040
29190941,Region Nordjylland,"Psykiatrien, Thisted",Thylandsvej 37,7700,Thisted,01/01 - 1994,,50
29190941,Region Nordjylland,Sygehusapoteket,Porsvej 1,9000,Aalborg,01/01 - 1994,,227
29190909,Region Syddanmark,Region Sønderjylland - Schleswig,Lyren 1,6330,Padborg,20/02 - 2007,20/02 - 2007,
29190909,Region Syddanmark,"Engbo, Kerteminde",Strandgårds Alle 3,5300,Kerteminde,05/11 - 2012,24/10 - 2013,
29190909,Region Syddanmark,"Engbo, Nyborg",Skaboeshusevej 92,5800,Nyborg,19/11 - 2012,24/10 - 2013,
29190909,Region Syddanmark,IT.Drif/Udvikling-Odense,Kløvervænget 28,5000,Odense C,31/10 - 2007,11/06 - 2008,
29190909,Region Syddanmark,Centrumhuset Afd. Søvej,Søvej 2A,5750,Ringe,01/01 - 2002,29/10 - 2012,
29190909,Region Syddanmark,Hospice Sydfyn,Skovsbovej 100,5700,Svendborg,27/02 - 2012,20/03 - 2012,
29190909,Region Syddanmark,"Indkøb og Logistik, Logistiksektionen",Sdr. Boulevard 29,5000,Odense C,12/02 - 2013,05/03 - 2013,
29190909,Region Syddanmark,Region Syddanmark,Damhaven 12,7100,Vejle,01/01 - 2007,01/01 - 2007,
29190909,Region Syddanmark,Jordmoderkonsulation i Toftlund,Danavej 15,6520,Toftlund,16/03 - 2010,24/09 - 2014,
29190909,Region Syddanmark,"Autismecenter, Holmehøj",Holmehøjvej 2 A.,5750,Ringe,21/12 - 2012,13/01 - 2013,
29190909,Region Syddanmark,Center for Misbrug og Socialpsykiatri,Elbækvej 1,7080,Børkop,21/12 - 2012,22/05 - 2013,
29190909,Region Syddanmark,Teglgårdsparken Særforanstalining,Teglgårdsparken 10,5500,Middelfart,01/01 - 2005,25/10 - 2007,
29190909,Region Syddanmark,IT.Drif/Udvikling-Odense,Kløvervænget 28,5000,Odense C,31/10 - 2007,11/06 - 2008,
29190909,Region Syddanmark,IT.Drif/Udvikling-Odense,Kløvervænget 28,5000,Odense C,01/11 - 2007,11/06 - 2008,
29190909,Region Syddanmark,Børne- og ungdomspsyk. ambulatorium,Kresten Philipsens Vej 4C,6200,Aabenraa,22/06 - 2012,10/06 - 2014,
29190909,Region Syddanmark,Klinik for selvmordstruede unge,Vandværksvej 30,5000,Odense C,27/06 - 2012,21/03 - 2013,
29190909,Region Syddanmark,Jordmoderkonsulation i Jels,Jels Vestergade 17,6630,Rødding,16/03 - 2010,24/09 - 2014,
29190909,Region Syddanmark,Trindvold Bofællessakb,Rytterskolevej 15,6000,Kolding,02/06 - 2009,16/06 - 2009,
29190909,Region Syddanmark,"Engbo, Borgmester Hansensvej 10B",Borgmester Hansensvej 10B,5300,Kerteminde,01/12 - 2009,18/09 - 2013,
29190909,Region Syddanmark,IT.Drif/Udvikling-Odense,Kløvervænget 28,5000,Odense C,31/10 - 2007,11/06 - 2008,
29190909,Region Syddanmark,IT.Drif/Udvikling-Odense,Kløvervænget 28,5000,Odense C,31/10 - 2007,11/06 - 2008,
29190909,Region Syddanmark,IT.Drif/Udvikling-Odense,Kløvervænget 28,5000,Odense C,30/10 - 2007,11/06 - 2008,
29190909,Region Syddanmark,Kastaniely - Pugsøhus,Pugesøvej 20,5600,Faaborg,01/06 - 2011,04/09 - 2013,
29190909,Region Syddanmark,Kastaniely - Sønderhus,Sønderdam 8,5600,Faaborg,01/06 - 2011,04/09 - 2013,
29190909,Region Syddanmark,Børne- og ungdomspsykiatri,"Dannebrogsgade 2, 1",5000,Odense C,17/07 - 2012,23/09 - 2015,
29190909,Region Syddanmark,IT.Drif/Udvikling-Odense,Kløvervænget 28,5000,Odense C,31/10 - 2007,11/06 - 2008,
29190909,Region Syddanmark,Støttecenter Vejle,Ulvehavevej 38B,7100,Vejle,26/10 - 2007,30/04 - 2008,
29190909,Region Syddanmark,IT.Drif/Udvikling-Odense,Kløvervænget 28,5000,Odense C,01/11 - 2007,11/06 - 2008,
29190909,Region Syddanmark,IT.Drif/Udvikling-Odense,Kløvervænget 28,5000,Odense C,30/10 - 2007,11/06 - 2008,
29190909,Region Syddanmark,Jordmoderkonsulation i Tinglev,Hovedgaden 82,6360,Tinglev,16/03 - 2010,24/09 - 2014,
29190909,Region Syddanmark,Autismecenter Holmehøj,Holmehøjvej 2A,5750,Ringe,14/01 - 2013,31/12 - 2015,
29190909,Region Syddanmark,IT.Drif/Udvikling-Odense,Kløvervænget 28,5000,Odense C,31/10 - 2007,11/06 - 2008,
29190909,Region Syddanmark,Interreg-Sekretariatet,Damhaven 12,7100,Vejle,16/10 - 2007,12/02 - 2009,
29190909,Region Syddanmark,IT.Drif/Udvikling-Odense,Kløvervænget 28,5000,Odense C,31/10 - 2007,11/06 - 2008,
29190909,Region Syddanmark,IT.Drif/Udvikling-Odense,Kløvervænget 28,5000,Odense C,31/10 - 2007,11/06 - 2008,
29190909,Region Syddanmark,IT.Drif/Udvikling-Odense,Kløvervænget 28,5000,Odense C,31/10 - 2007,11/06 - 2008,
29190909,Region Syddanmark,Autismecenter Holmehøj,Holmehøjvej 2,5750,Ringe,10/12 - 2008,04/11 - 2010,
29190909,Region Syddanmark,"Center for Børn og Unge, Projektafdeling, Stavnbogård",Orte Byvej 30,5560,Aarup,20/12 - 2013,12/09 - 2014,5-9
29190909,Region Syddanmark,"Handicapcenter Sydøstfyn, Sydbo, Egebjerghus",Assensvej 129,5771,Stenstrup,27/11 - 2012,27/01 - 2015,5-9
29190909,Region Syddanmark,Centrumhuset Humlehaven,Sommersgyde 18,5631,Ebberup,29/10 - 2008,04/11 - 2010,0
29190909,Region Syddanmark,Skovhuse,"Skaboeshusevej 110, 1",5800,Nyborg,01/12 - 2009,07/10 - 2013,100-199
29190909,Region Syddanmark,SYGEHUS FYN,Vilhelmskildevej 1E,5700,Svendborg,01/01 - 1994,26/04 - 2012,0
29190909,Region Syddanmark,"Handicapcenter Sydøstfyn, Annekserne","Skaboeshusevej 110, 1",5800,Nyborg,27/11 - 2012,10/06 - 2015,20-49
29190909,Region Syddanmark,"Specialcenter for Voksne med Handicap, Bøge Allé 16",Bøge Alle 16,6760,Ribe,12/12 - 2012,10/07 - 2014,5-9
29190909,Region Syddanmark,"Specialcenter for Voksne med Handicap, Engvej",Rødding Engvej 10,6630,Rødding,12/12 - 2012,20/03 - 2015,0
29190909,Region Syddanmark,Specialinstitutionen Kastaniely,Brahesvej 14,5600,Faaborg,01/01 - 2002,04/09 - 2013,0
29190909,Region Syddanmark,Centrumhuset Humlehaven,Sommersgyde 18,5631,Ebberup,23/05 - 2008,12/03 - 2014,0
29190909,Region Syddanmark,"Bihuset, Aflastning/Jagtvej",Bjerregaardsvej 12,5000,Odense C,01/01 - 2008,02/10 - 2011,1
29190909,Region Syddanmark,BOFÆLLESSKAB I BRAMDRUPDAM,Centervej 7,6000,Kolding,01/01 - 1993,17/11 - 2010,100-199
29190909,Region Syddanmark,"Handicapcenter Nordøstfyn, Skovhuse","Skaboeshusevej 110, 2",5800,Nyborg,08/01 - 2013,10/06 - 2015,0
29190909,Region Syddanmark,Dansk Røde Kors Bo og Dagcenter,Sjællandsvej 3,6000,Kolding,24/10 - 2011,12/05 - 2014,0
29190909,Region Syddanmark,Hørgyden (Fuglekær),Hørgyden 17,7080,Børkop,26/10 - 2007,14/11 - 2010,0
29190909,Region Syddanmark,Lilleskov,"Skaboeshusevej 110, 3",5800,Nyborg,01/12 - 2009,07/10 - 2013,20-49
29190909,Region Syddanmark,ÆBLEHAVEN,Fjordvej 160,6000,Kolding,01/01 - 1993,13/10 - 2013,0
29190909,Region Syddanmark,Trindvold Bofællesskab,Rytterskolevej 15,6000,Kolding,01/01 - 2008,24/05 - 2011,50-99
29190909,Region Syddanmark,Autismecenter Holmehøj,Holmehøjvej 2B,5750,Ringe,01/01 - 1994,15/12 - 2013,0
29190909,Region Syddanmark,Sydbo Forstanderkontor,Ørbækvej 49,5700,Svendborg,01/12 - 2005,22/09 - 2013,2-4
29190909,Region Syddanmark,Tornehuset Elmelundhaven,Elmelundhaven 15,5200,Odense V,01/01 - 1993,18/03 - 2010,10-19
29190909,Region Syddanmark,"Handicapcenter Sydøstfyn, Sydbo, Eskebjergvej",Eskebjergvej 7,5762,Vester Skerninge,27/11 - 2012,10/06 - 2015,20-49
29190909,Region Syddanmark,"Tornhuset, Tornbjergvej",Tornbjergvej 1,5220,Odense SØ,01/01 - 1993,07/04 - 2010,20-49
29190909,Region Syddanmark,NYBORGSKOLEN,Merkurvænget 2,7000,Fredericia,01/01 - 1993,22/09 - 2013,0
29190909,Region Syddanmark,"Sydbo, Egebjerghus",Assensvej 129,5771,Stenstrup,01/01 - 1993,12/05 - 2014,10-19
29190909,Region Syddanmark,Støttecenter Horsens,Ternevej 52B,8700,Horsens,26/10 - 2007,30/04 - 2008,0
29190909,Region Syddanmark,Center for Sundhedstelematik,"Rugårdsvej 15, 2",5000,Odense C,01/01 - 1998,01/05 - 2011,1
29190909,Region Syddanmark,BIHUSET,Roesskovsvej 127,5200,Odense V,01/01 - 1993,13/10 - 2013,0
29190909,Region Syddanmark,Center for Høretab,Merkurvænget 2,7000,Fredericia,01/01 - 1993,12/05 - 2014,50-99
29190909,Region Syddanmark,SPECIALBØRNEHAVEN,Jagtvej 80,5000,Odense C,01/01 - 1993,02/10 - 2011,20-49
29190909,Region Syddanmark,Bøgeallé 16,Bøge Alle 16,6760,Ribe,01/01 - 1995,14/10 - 2013,20-49
29190909,Region Syddanmark,TORNHUSET HOLLUF PILE,Hollufgårdsvej 209-211,5220,Odense SØ,01/01 - 1993,18/03 - 2010,10-19
29190909,Region Syddanmark,HOLTEGÅRDEN,Gammelengvej 6A,6630,Rødding,01/01 - 1993,13/10 - 2013,20-49
29190909,Region Syddanmark,Botilbudet Skovsbovej,Skovsbovej 111,5700,Svendborg,01/01 - 1993,17/11 - 2010,50-99
29190909,Region Syddanmark,DISTRIKTSPSYKIATRISK TEAM BRØRUP/VEJEN/HOLSTED,Fredensvej 3B,6650,Brørup,01/01 - 1993,26/06 - 2012,0
29190909,Region Syddanmark,Center for misbrug og socialpsykiatri,Ørderup Kirkevej 50,6520,Toftlund,04/11 - 2010,13/10 - 2013,0
29190909,Region Syddanmark,Østerhuse,Borgmester Hansensvej 10B,5300,Kerteminde,01/01 - 2007,18/09 - 2013,0
29190909,Region Syddanmark,Nymarkskollegiet Afd. Kaalundsvej,Kaalundsvej 2,7000,Fredericia,01/01 - 1993,17/11 - 2010,2-4
29190909,Region Syddanmark,Jordmoderkonsulation i Gråsten,Ulsnæs 4,6300,Gråsten,16/03 - 2010,24/09 - 2014,0
29190909,Region Syddanmark,"Engbo, Borgmester Hansensvej 10A",Borgmester Hansensvej 10A,5300,Kerteminde,01/12 - 2009,18/09 - 2013,0
29190909,Region Syddanmark,"Tornhuset, Engholm",Ternevej 41,5690,Tommerup,01/01 - 1993,03/05 - 2010,5-9
29190909,Region Syddanmark,Center for misbrug og socialpsykiatri,Vester Voldgade 19,7000,Fredericia,01/01 - 1993,13/10 - 2013,20-49
29190909,Region Syddanmark,Støttecentret for Senhjerneskadede,"Agtrupvej 111, st",6000,Kolding,01/01 - 2007,17/11 - 2010,20-49
29190909,Region Syddanmark,"Østerhuse, Påfuglen",Skaboeshusevej 122D,5800,Nyborg,01/12 - 2009,24/10 - 2013,0
29190909,Region Syddanmark,IT:Drift/Udvikling-Odense,Kløvervænget 28,5000,Odense C,02/11 - 2007,11/06 - 2008,20-49
29190909,Region Syddanmark,Rehab Sydvestjysk Sygehus,Frisvadvej 35,6800,Varde,01/01 - 2006,17/09 - 2014,0
29190909,Region Syddanmark,Egely - Sikret Afdeling Bobjergvej,Bobjergvej 29,5771,Stenstrup,20/09 - 2010,23/03 - 2014,0
29190909,Region Syddanmark,Døgninstitution Frørupvej,Frørupvej 34A,5853,Ørbæk,01/10 - 2004,02/10 - 2011,0
29190909,Region Syddanmark,Kollegiet Rømersvej,Rømersvej 1A,5200,Odense V,01/01 - 1999,31/05 - 2010,20-49
29190909,Region Syddanmark,ØSTRUPLUND,Klintebjergvej 75,5450,Otterup,01/01 - 1993,16/12 - 2013,50-99
29190909,Region Syddanmark,BOFÆLLESSKABET JUPITERVEJ,Jupitervej 30,7000,Fredericia,01/01 - 1993,24/11 - 2010,50-99
29190909,Region Syddanmark,Vejle Sygehus Klinisk Cellebiologi,Tysklandsvej 7,7100,Vejle,31/10 - 2007,13/12 - 2012,0
29190909,Region Syddanmark,Region Syddanmark,Ørbækvej 100,5220,Odense SØ,01/01 - 1993,03/02 - 2014,0
29190909,Region Syddanmark,Region Sønderjylland - Schleswig,Lyren 1,6330,Padborg,20/02 - 2007,20/02 - 2007,5-9
29190909,Region Syddanmark,Østerhuse PW-værksted,Askvej 22,5300,Kerteminde,01/01 - 1993,18/09 - 2013,2-4
29190909,Region Syddanmark,Region Syddanmark,Skelbækvej 2,6200,Aabenraa,01/01 - 1993,03/02 - 2014,1
29190909,Region Syddanmark,Børnehusene afd Odense,Platanvej 15B,5230,Odense M,01/01 - 2004,24/09 - 2013,20-49
29190909,Region Syddanmark,"Center for Børn og Unge, Specialskolen Storebælt",Skaboeshusevej 118,5800,Nyborg,21/12 - 2012,12/09 - 2014,0
29190909,Region Syddanmark,Autismecenter Holmehøj,Holmehøjvej 2,5750,Ringe,01/01 - 1993,24/05 - 2011,0
29190909,Region Syddanmark,Bobjerg skovgård,Bobjergvej 29,5771,Stenstrup,01/01 - 2008,29/09 - 2011,0
29190909,Region Syddanmark,HR Uddannelse og Udvikling,Soldalen 8,7100,Vejle,01/01 - 1993,22/04 - 2012,1
29190909,Region Syddanmark,Center for kommunikation og hjælpemidler i Vejle,Vestre Engvej 56,7100,Vejle,01/01 - 1993,24/10 - 2013,0
29190909,Region Syddanmark,Kastaniely - Sønderdam,Åbylundvej 4,5600,Faaborg,01/01 - 2008,04/09 - 2013,0
29190909,Region Syddanmark,Egely Sikret afdeling,Søndergaardsvej 9,5580,Nørre Aaby,01/01 - 1993,31/10 - 2013,0
29190909,Region Syddanmark,SUS EPJ-sekretariatet,Sdr. Boulevard 29,5000,Odense C,01/01 - 2005,29/10 - 2007,10-19
29190909,Region Syddanmark,Autismecenter Holmehøj,Kirkevej 14,5772,Kværndrup,17/02 - 2011,13/10 - 2013,2-4
29190909,Region Syddanmark,Bihuset/Jagtvej,Roesskovsvej 127,5200,Odense V,01/01 - 2008,02/10 - 2011,20-49
29190909,Region Syddanmark,Bihuset Aflastning,Bjerregaardsvej 12,5000,Odense C,01/01 - 1997,13/10 - 2013,0
29190909,Region Syddanmark,Børnehusene afd Nyborg,Strandvænget 4,5800,Nyborg,01/12 - 2004,31/10 - 2013,0
29190909,Region Syddanmark,Pomonahuset,Pomonavej 11,7100,Vejle,01/01 - 2007,18/09 - 2013,0
29190909,Region Syddanmark,Kastaniely - Nyløkke,Nyløkke 23,5600,Faaborg,10/02 - 2009,04/09 - 2013,0
29190909,Region Syddanmark,Autismecenter Holmehøj,Holmehøjvej 2C,5750,Ringe,16/07 - 2010,15/12 - 2013,20-49
29190909,Region Syddanmark,Teglgårdshuset,Teglgårdsparken 44,5500,Middelfart,01/01 - 2001,14/10 - 2013,0
29190909,Region Syddanmark,Syrenparken - Elbækvej,Elbækvej 1,7080,Børkop,11/08 - 2009,16/05 - 2013,2-4
29190909,Region Syddanmark,IT.Drif/Udvikling-Odense,Kløvervænget 28,5000,Odense C,31/10 - 2007,11/06 - 2008,0
29190909,Region Syddanmark,SPECIALHJEMMET BOGNÆS,Vestergade 30,5400,Bogense,01/01 - 1993,31/10 - 2013,20-49
29190909,Region Syddanmark,"Sydbo, Eskebjergvej",Eskebjergvej 7,5762,Vester Skerninge,01/01 - 1993,31/10 - 2013,20-49
29190909,Region Syddanmark,Den Videnskabsetiske Komité for Region Syddanmark,Heden 16,5000,Odense C,31/10 - 2007,28/10 - 2008,5-9
29190909,Region Syddanmark,Grønnebæk skole,Mosevej 1,6630,Rødding,01/01 - 1993,24/10 - 2013,10-19
29190909,Region Syddanmark,"Handicapcenter Nordøstfyn, Askvej",Askvej 22,5300,Kerteminde,21/12 - 2012,05/06 - 2014,2-4
29190909,Region Syddanmark,Ungdomskollegiet,Nymarksvej 215,7000,Fredericia,01/01 - 1993,17/11 - 2010,50-99
29190909,Region Syddanmark,"Engbo, Skaboeshusevej",Skaboeshusevej 92,5800,Nyborg,01/12 - 2009,24/10 - 2013,100-199
29190909,Region Syddanmark,Egely Projektafdeling,Frørupvej 34A,5853,Ørbæk,15/11 - 2011,24/09 - 2013,10-19
29190909,Region Syddanmark,"Center for Børn og Unge, Administration",Lavsenvænget 2,5200,Odense V,21/12 - 2012,01/02 - 2015,5-9
29190909,Region Syddanmark,Autismecenter Holmehøj,Holmehøjvej 2B,5750,Ringe,14/01 - 2013,07/09 - 2017,20-49
29190909,Region Syddanmark,DET SØNDERJYSKE KØKKEN,Skallebækvej 7,6100,Haderslev,01/01 - 2001,01/08 - 2019,0
29190909,Region Syddanmark,Lokalpsykiatri Aabenraa,"Opnørplads 1-3, 3",6200,Aabenraa,01/06 - 2001,26/06 - 2012,20-49
29190909,Region Syddanmark,Lægerne Langlihuset,Havborgvej 8,6710,Esbjerg V,17/10 - 2016,02/01 - 2017,2-4
29190909,Region Syddanmark,"Center for Misbrug og Socialpsykiatri, Holtegården",Gammelengvej 6A,6630,Rødding,21/12 - 2012,20/02 - 2017,0
29190909,Region Syddanmark,"Center for Misbrug og Socialpsykiatri, Flydedokken",Vester Voldgade 19,7000,Fredericia,21/12 - 2012,10/11 - 2016,0
29190909,Region Syddanmark,"Center for Misbrug og Socialpsykiatri, Syrenparken",Syrenvej 18C,7080,Børkop,21/12 - 2012,15/08 - 2017,50-99
29190909,Region Syddanmark,SYGEHUS FYN CENTER VEST,P V Tuxens Vej 3,5500,Middelfart,14/02 - 2002,18/08 - 2017,0
29190909,Region Syddanmark,"Specialcenter for Voksne med Handicap, Midgaardshus",Kastanie Alle 16,6760,Ribe,02/04 - 2014,31/07 - 2017,0
29190909,Region Syddanmark,"Handicapcenter Sydøstfyn, Sydbo",Stationsvej 74,5771,Stenstrup,01/09 - 2014,20/02 - 2017,0
29190909,Region Syddanmark,Specialbørnehaven Jagtvej/Bihuset,Jagtvej 80,5000,Odense C,01/01 - 2008,02/10 - 2011,0
29190909,Region Syddanmark,"Handicapcenter Sydøstfyn, Låddenhøj",Helgetoftevej 1,5800,Nyborg,27/11 - 2012,17/01 - 2018,20-49
29190909,Region Syddanmark,"Kommunikation og Velfærdsteknologi, Nyborgskolen",Merkurvænget 2,7000,Fredericia,21/12 - 2012,01/06 - 2018,0
29190909,Region Syddanmark,"Center for Børn og Unge, Børnehusene, Middelfart",Billeshavevej 49,5500,Middelfart,21/12 - 2012,16/05 - 2017,20-49
29190909,Region Syddanmark,"Autismecenter, Bihuset, Aflastning",Bjerregaardsvej 12,5000,Odense C,04/01 - 2013,10/10 - 2017,20-49
29190909,Region Syddanmark,Region Syddanmark,Skelbækvej 2,6200,Aabenraa,30/10 - 2007,31/10 - 2007,1
29190909,Region Syddanmark,Børnehuset Middelfart,Billeshavevej 49,5500,Middelfart,01/01 - 1993,31/10 - 2013,0
29190909,Region Syddanmark,Sygehus Fyn Fåborg,Odensevej 51,5600,Faaborg,01/01 - 1993,26/04 - 2012,0
29190909,Region Syddanmark,"Handicapcenter Sydøstfyn, Lilleskov","Skaboeshusevej 110, 3",5800,Nyborg,27/11 - 2012,10/11 - 2016,0
29190909,Region Syddanmark,DISTRIKTSPSYKIATRISK TEAM GRINDSTED/ØLGOD/BILLUND,Solvej 9A,7200,Grindsted,01/01 - 1993,03/06 - 2013,0
29190909,Region Syddanmark,Autismecenter Holmehøj,Holmehøjvej 2A,5750,Ringe,01/01 - 1994,13/10 - 2013,0
29190909,Region Syddanmark,"Specialcenter for Voksne med Handicap, ØstruplundL",Lindevej 9,5450,Otterup,12/12 - 2012,05/06 - 2014,0
29190909,Region Syddanmark,"Østruplund, Lindevej",Lindevej 9,5450,Otterup,01/01 - 1994,24/09 - 2013,5-9
29190909,Region Syddanmark,Bofællesskabet Engvej,Rødding Engvej 10,6630,Rødding,01/01 - 1996,01/01 - 2014,5-9
29190909,Region Syddanmark,WorkLiveStay,Lysholt Allé 6,7100,Vejle,04/09 - 2013,01/01 - 2017,5-9
29190909,Region Syddanmark,Børnehusenes administration,Lavsenvænget 2,5200,Odense V,01/01 - 2005,24/09 - 2013,0
29190909,Region Syddanmark,"Kastaniely, Nørremarken",Nørremarksvej 28,5762,Vester Skerninge,01/01 - 1998,04/09 - 2013,10-19
29190909,Region Syddanmark,Psykiatrisk afdeling Ribe,Ribevej 27,6760,Ribe,01/01 - 1993,20/11 - 2015,0
29190909,Region Syddanmark,Kingstrup Bo- og beskæftigelsestilbud,Fredehjemsvej 2,5591,Gelsted,01/01 - 1999,14/10 - 2013,2-4
29190909,Region Syddanmark,Læringscenter for sundhedsfremme,Jyllandsgade 79C,6700,Esbjerg,01/01 - 2003,30/10 - 2007,10-19
29190909,Region Syddanmark,"Center for Børn og Unge, Børnehusene, Nyborg",Skaboeshusevej 114 A.,5800,Nyborg,21/12 - 2012,01/08 - 2015,0
29190909,Region Syddanmark,PLEJEHJEMMET VINKELGÅRD,Vinkelgårdsvej 14,6040,Egtved,01/01 - 1993,24/11 - 2010,10-19
29190909,Region Syddanmark,"Center for Rehabilitering og Specialrådgivning, syn og mobilitet",Heden 11,5000,Odense C,26/10 - 2007,12/05 - 2014,0
29190909,Region Syddanmark,"Kastaniely, Langemarken",Langemarken 31,5762,Vester Skerninge,01/01 - 2002,04/09 - 2013,5-9
29190909,Region Syddanmark,Bygningsafdelingen,"Kløvervænget 6, 8",5000,Odense C,01/01 - 2001,27/03 - 2012,2-4
29190909,Region Syddanmark,BØRNE-OG UNGDOMSHJEMMET MØLLEBAKKEN,Møllebakkevej 4,5750,Ringe,01/01 - 1993,31/10 - 2013,20-49
29190909,Region Syddanmark,"Tornhuset, Abels Alle",Abels Allé 51,5250,Odense SV,01/01 - 1993,18/03 - 2010,10-19
29190909,Region Syddanmark,Strandvænget,Strandvænget 1,5800,Nyborg,01/01 - 1993,04/11 - 2010,500-999
29190909,Region Syddanmark,TRINDVOLD BOFÆLLESSKAB,Postens Vej 5,7080,Børkop,01/01 - 1993,24/11 - 2010,50-99
29190909,Region Syddanmark,"Østerhuse, Helgetoftevej",Helgetoftevej 1,5800,Nyborg,01/01 - 1993,24/10 - 2013,20-49
29190909,Region Syddanmark,Specialprojekt (Kastaniely),Erantisvej 12-14,5750,Ringe,26/10 - 2007,04/09 - 2013,0
29190909,Region Syddanmark,Centralværksted,Ørstedsvej 41,6760,Ribe,01/01 - 1995,26/04 - 2016,20-49
29190909,Region Syddanmark,Ungdomskollegiet Afd. Kolding,Skovvejen 1A,6000,Kolding,01/01 - 2007,17/11 - 2010,1
29190909,Region Syddanmark,Kastaniely - Damtoften,Damtoften 16,5750,Ringe,01/09 - 2009,04/09 - 2013,0
29190909,Region Syddanmark,Bofællesskab Bramdrupdam,Reinholdts Bakke 27B,6640,Lunderskov,26/10 - 2007,04/11 - 2010,5-9
29190909,Region Syddanmark,CMSP Stab Vesterballevej,Vesterballevej 5,7000,Fredericia,20/12 - 2013,22/05 - 2015,2-4
29190909,Region Syddanmark,Region Sønderjylland - Schleswig,Lyren 1,6330,Padborg,20/02 - 2007,31/12 - 2011,5-9
29190909,Region Syddanmark,"Østerhuse, B. Hansensvej",Borgmester Hansensvej 10A,5300,Kerteminde,01/01 - 1993,18/09 - 2013,10-19
29190909,Region Syddanmark,AutismeCenter Holmehøj - Det gule hus,Algade 76,5750,Ringe,25/06 - 2009,24/09 - 2013,0
29190909,Region Syddanmark,Stavnbogård,Orte Byvej 30,5560,Aarup,01/08 - 2001,29/09 - 2011,0
29190909,Region Syddanmark,Specialskolen Storebælt,Skaboeshusevej 118,5800,Nyborg,01/01 - 1993,24/09 - 2013,0
29190909,Region Syddanmark,AutismeCenter Holmehøj - Centrumværkstedet,Gestelevvej 14,5750,Ringe,11/08 - 2009,01/12 - 2013,0
29190909,Region Syddanmark,Sekretariatet for den videnskabsetiske Komité,Damhaven 12,7100,Vejle,27/11 - 2008,02/01 - 2013,2-4
29190909,Region Syddanmark,Fuglemajgård,Jels Skovvej 2,6630,Rødding,01/01 - 2000,14/10 - 2013,20-49
29190909,Region Syddanmark,DISTRIKTSPSYKIATRISK TEAM RIBE,Hegelundsvej 9,6760,Ribe,01/01 - 1993,01/03 - 2014,0
29190909,Region Syddanmark,DET SØNDERJYSKE KØKKEN,Carstensgade 6,6270,Tønder,25/10 - 2004,31/12 - 2015,0
29190909,Region Syddanmark,"SYRENPARKEN, CENTER FOR SOCIALPSYKIATRI",Syrenvej 18C,7080,Børkop,01/01 - 1993,12/05 - 2014,0
29190909,Region Syddanmark,"Center for Børn og Unge, Egely, Projektafdeling, Pugholmg",Skelsbækvej 30,5450,Otterup,21/12 - 2012,05/06 - 2014,20-49
29190909,Region Syddanmark,"Center for Børn og Unge, Børnehusene, Odense",Platanvej 15 B.,5230,Odense M,21/12 - 2012,01/08 - 2015,20-49
29190909,Region Syddanmark,Nestlegården,Kongensstræde 3,7000,Fredericia,01/01 - 2007,30/09 - 2011,0
29190909,Region Syddanmark,Psykiatricenter Øst,"Bjergegade 15, 1",5000,Odense C,10/08 - 2007,23/03 - 2014,0
29190909,Region Syddanmark,Center for Rehabilitering og Specialrådgivning,Rytterkasernen 17,5000,Odense C,01/01 - 1993,26/04 - 2012,0
29190909,Region Syddanmark,DØGNINSTITUTIONEN PUGHOLMGÅRD,Skelsbækvej 30,5450,Otterup,01/01 - 1994,29/09 - 2011,0
29190909,Region Syddanmark,Teknisk afdeling Middelfart Sygehus,P V Tuxens Vej 5,5500,Middelfart,10/09 - 2008,25/10 - 2018,0
29190909,Region Syddanmark,"Center for Børn og Unge, Projektafdelingen, Fåborg",Sønderdam 6,5600,Faaborg,01/02 - 2013,15/08 - 2017,0
29190909,Region Syddanmark,ARBEJDS- OG MILJØMEDICINSK KLINIK,Simmerstedvej 1-3,6100,Haderslev,30/05 - 2002,01/02 - 2015,1
29190909,Region Syddanmark,"Kommunikation og Velfærdsteknologi, CKHM",Vestre Engvej 56,7100,Vejle,21/12 - 2012,09/03 - 2015,0
29190909,Region Syddanmark,"Center for Børn og Unge, Børnehusene Stjernen",Festgræsset 14,5220,Odense SØ,01/09 - 2014,16/05 - 2017,50-99
29190909,Region Syddanmark,Social og Sundhedselever,"Kløvervænget 8, st",5000,Odense C,24/06 - 2010,15/05 - 2017,1
29190909,Region Syddanmark,"Center for Misbrug og Socialpsykiatri, Atriumgården",Syrenvej 18,7080,Børkop,21/12 - 2012,15/08 - 2017,0
29190909,Region Syddanmark,Bobjerg skovgård,Bobjergvej 29,5771,Stenstrup,01/01 - 2008,24/05 - 2011,0
29190909,Region Syddanmark,"Børne- og ungdomspsykiatrisk afd., Kolding",Skovvangen 2-8,6000,Kolding,01/11 - 2007,10/02 - 2017,200-499
29190909,Region Syddanmark,"Center for Senhjerneskade, Kingstrup",Fredehjemsvej 2,5591,Gelsted,04/01 - 2013,07/09 - 2017,50-99
29190909,Region Syddanmark,"Handicapcenter Sydøstfyn, Lilleskov",Grejsdalen 13-25,5800,Nyborg,01/09 - 2014,17/01 - 2018,100-199
29190909,Region Syddanmark,"Handicapcenter Nordøstfyn, Påfuglen",Skaboeshusevej 122D,5800,Nyborg,21/12 - 2012,28/08 - 2014,0
29190909,Region Syddanmark,Neurorehabiliteringsafsnit NR,Baagøes Alle 15,5700,Svendborg,01/01 - 1993,03/05 - 2018,0
29190909,Region Syddanmark,Tidlig Interventionsteam,Bjergegade 15,5000,Odense C,27/06 - 2012,31/07 - 2018,0
29190909,Region Syddanmark,Lægehuset Danmarksgade 11,"Danmarksgade 11, 1. tv.",7000,Fredericia,08/09 - 2017,01/04 - 2018,0
29190909,Region Syddanmark,Lægehuset Jernbanegade,"Jernbanegade 9, st",7200,Grindsted,01/05 - 2017,15/02 - 2018,0
29190909,Region Syddanmark,"Center for Børn og Unge, Egely, Sikret og særlig sikret afdeling",Søndergaardsvej 9,5580,Nørre Aaby,01/01 - 2012,07/09 - 2017,50-99
29190909,Region Syddanmark,"Center for Børn og Unge, Møllebakken",Møllebakkevej 6,5750,Ringe,21/12 - 2012,31/07 - 2017,20-49
29190909,Region Syddanmark,"Autismecenter, Kirkevej",Kirkevej 14A,5772,Kværndrup,21/12 - 2012,10/10 - 2017,50-99
29190909,Region Syddanmark,"Center for Misbrug og Socialpsykiatri, Toftlund",Ørderup Kirkevej 50,6520,Toftlund,21/12 - 2012,15/08 - 2017,0
29190909,Region Syddanmark,"Center for Misbrug og Socialpsykiatri, Teglgårdshuset",Teglgårdsparken 44,5500,Middelfart,21/12 - 2012,20/02 - 2017,0
29190909,Region Syddanmark,"Autismecenter, Bihuset, Roesskovvej",Roesskovsvej 127,5200,Odense V,21/12 - 2012,10/10 - 2017,20-49
29190909,Region Syddanmark,"Center for Børn og Unge, Projektafdeling, Vejle",Vestergade 37B,7100,Vejle,03/09 - 2014,15/08 - 2017,0
29190909,Region Syddanmark,IT-Drift - Odense,"Kløvervænget 28, st",5000,Odense C,01/11 - 2007,10/05 - 2017,0
29190909,Region Syddanmark,"Center for Senhjerneskade, Kolding",Sjællandsvej 3,6000,Kolding,21/12 - 2012,20/02 - 2017,0
29190909,Region Syddanmark,"Center for Misbrug og Socialpsykiatri, Pomonahuset",Elbækvej 7,7080,Børkop,21/12 - 2012,15/08 - 2017,10-19
29190909,Region Syddanmark,Lokalpsykistri Odense,"Skulkenborg 2, 2",5000,Odense C,17/07 - 2012,31/07 - 2018,0
29190909,Region Syddanmark,"Specialcenter for Voksne med Handicap, Fuglemajgård",Jels Skovvej 2,6630,Rødding,12/12 - 2012,18/05 - 2017,20-49
29190909,Region Syddanmark,Psyk. afdelingsledelse Esbjerg og Ribe,Frihedsvej 15,6700,Esbjerg,01/01 - 1993,15/05 - 2018,0
29190909,Region Syddanmark,Sygehus Sønderjylland - Haderslev,Skallebækvej 7,6100,Haderslev,01/01 - 1993,01/08 - 2019,0
29190909,Region Syddanmark,"Specialcenter for Voksne med Handicap, Kompasrosen",Mosevej 1,6630,Rødding,12/12 - 2012,18/05 - 2017,0
29190909,Region Syddanmark,"Specialcenter for Voksne med Handicap, Østruplund",Klintebjergvej 75,5450,Otterup,12/12 - 2012,31/07 - 2017,0
29190909,Region Syddanmark,"Friklinikken, Region Syddanmark",Agerbølvej 2B,7323,Give,15/06 - 2011,02/03 - 2018,0
29190909,Region Syddanmark,Regionsklinikken Langeland,"Havnegade 118, 1",5900,Rudkøbing,13/09 - 2016,01/05 - 2019,2-4
29190909,Region Syddanmark,"Sygehus Lillebælt, Give Sygehus",Agerbølvej 2B,7323,Give,01/01 - 1993,02/03 - 2018,0
29190909,Region Syddanmark,"Handicapcenter Nordøstfyn, Bognæs",Vestergade 30,5400,Bogense,01/01 - 2012,21/06 - 2018,0
29190909,Region Syddanmark,"Socialcenter Lillebælt, Administration",Teglgårdsparken 36,5500,Middelfart,11/01 - 2013,27/11 - 2018,0
29190909,Region Syddanmark,"Sygehus Lillebælt, Fredericia Sygehus",Dronningensgade 97,7000,Fredericia,01/01 - 1993,14/09 - 2017,0
29190909,Region Syddanmark,"Kommunikation og Velfærdsteknologi, Elevhjemmet Lunavænget",Lunavænget 3,7000,Fredericia,24/08 - 2016,05/11 - 2019,0
29190909,Region Syddanmark,Bygningsafdelingen Nyborg,Skaboeshusevej 110,5800,Nyborg,01/01 - 2015,01/08 - 2019,0
29190909,Region Syddanmark,Region Syddanmark,Sorsigvej 35,6760,Ribe,01/01 - 1993,01/08 - 2019,10-19
29190909,Region Syddanmark,JORDEMODERCENTRET VED TØNDER SYGEHUS,Carstensgade 6,6270,Tønder,01/01 - 1994,31/12 - 2020,0
29190909,Region Syddanmark,DET SØNDERJYSKE KØKKEN,Sydvang 1,6400,Sønderborg,01/01 - 2001,31/12 - 2020,0
29190909,Region Syddanmark,"Center for Misbrug og Socialpsykiatri, Kollegiet",Teglgårdsparken 6-10,5500,Middelfart,21/12 - 2012,13/06 - 2016,
29190909,Region Syddanmark,"Autismecenter, Æblehaven",Fjordvej 160,6000,Kolding,21/12 - 2012,31/07 - 2021,0
29190909,Region Syddanmark,"Autismecenter, Holmehøj, Centrumværkstedet",Gestelevvej 14,5750,Ringe,21/12 - 2012,31/12 - 2021,0
29190909,Region Syddanmark,"Syddanske Vaskerier, Vejle",Lille Grundet Hulvej 10,7100,Vejle,01/01 - 1993,01/08 - 2020,17
29190909,Region Syddanmark,"Kommunikation og Velfærdsteknologi, Elevhjemmet Plutovænget",Plutovænget 5,7000,Fredericia,24/08 - 2016,05/11 - 2019,2-4
29190909,Region Syddanmark,"Syddanske Vaskerier, Odense",Solfaldsvej 34,5000,Odense C,22/04 - 2014,01/08 - 2020,20
29190909,Region Syddanmark,"Regionstandplejen, Region Syddanmark - Vejle",Beriderbakken 4,7100,Vejle,31/03 - 2009,12/12 - 2019,5-9
29190909,Region Syddanmark,"Kommunikation og Velfærdsteknologi, Administration",Uranusvænget 20,7000,Fredericia,21/12 - 2012,05/11 - 2019,5-9
29190909,Region Syddanmark,"Syddanske Vaskerier, Svendborg",Baagøes Alle 29,5700,Svendborg,18/03 - 2009,01/08 - 2020,13
29190909,Region Syddanmark,Specialcenter Syddanmark - Elevhjemmet Marsvænget,Marsvænget 28,7000,Fredericia,21/11 - 2019,09/11 - 2020,10-19
29190909,Region Syddanmark,"Kommunikation og Velfærdsteknologi, Elevhjemmet Marsvænget",Marsvænget 28,7000,Fredericia,24/08 - 2016,09/11 - 2020,10-19
29190909,Region Syddanmark,Specialcenter Syddanmark - Børnehusene Middelfart,Billeshavevej 49,5500,Middelfart,01/12 - 2016,31/12 - 2021,2
29190909,Region Syddanmark,CKV - Møllebakken Undervisning,Møllebakkevej 6,5750,Ringe,21/11 - 2019,31/05 - 2021,4
29190909,Region Syddanmark,"Testcenter, Tønder",Nordre Industrivej 5A,6270,Tønder,01/10 - 2020,01/03 - 2022,1
29190909,Region Syddanmark,Kollegiet Teglgårdsparken,Teglgårdsparken 6,5500,Middelfart,01/01 - 1993,25/10 - 2007,20-49
29190909,Region Syddanmark,Specialcenter Syddanmark - Møllebakken,Møllebakkevej 6,5750,Ringe,01/12 - 2016,31/12 - 2021,1
29190909,Region Syddanmark,"Testcenter, Middelfart",P V Tuxens Vej 14,5500,Middelfart,01/10 - 2020,27/09 - 2022,1
29190909,Region Syddanmark,"Testcenter, Vejle",Tysklandsvej 4,7100,Vejle,01/10 - 2020,27/09 - 2022,
29190909,Region Syddanmark,"Testcenter, Grindsted","Vesterbrogade 9, st",7200,Grindsted,01/10 - 2020,27/09 - 2022,1
29190909,Region Syddanmark,"Testcenter, Fredericia",Vestre Ringvej 101,7000,Fredericia,17/11 - 2020,27/09 - 2022,
29190909,Region Syddanmark,Lokalt vaccinationssted Kolding,Bramdrupskovvej 110,6000,Kolding,01/04 - 2021,27/09 - 2022,
29190909,Region Syddanmark,Lokalt vaccinationssted Vejle,Vestre Engvej 54,7100,Vejle,01/04 - 2021,27/09 - 2022,
29190909,Region Syddanmark,Lokalt vaccinationssted Give,"Torvegade 25, st",7323,Give,01/04 - 2021,27/09 - 2022,
29190909,Region Syddanmark,Lokalt vaccinationssted Fredericia,Vestre Ringvej 101,7000,Fredericia,01/04 - 2021,27/09 - 2022,
29190909,Region Syddanmark,Vaccinationscenter Kolding,Gejlhavegård 18,6000,Kolding,17/01 - 2021,27/09 - 2022,
29190909,Region Syddanmark,"Testcenter, Fredericia (Elbohallen-Taulov)",Tingvejen 24A,7000,Fredericia,17/05 - 2021,27/09 - 2022,
29190909,Region Syddanmark,Lokalt vaccinationssted Fanø,Midtbjergevej 3,6720,Fanø,01/04 - 2021,27/09 - 2022,
29190909,Region Syddanmark,"Test- og vaccinationscenter, Esbjerg",Randersvej 42,6700,Esbjerg,01/10 - 2020,27/09 - 2022,
29190909,Region Syddanmark,Specialcenter Syddanmark - Børne- og Ungehusene Marsvænget,Marsvænget 28,7000,Fredericia,12/01 - 2021,28/10 - 2022,2
29190909,Region Syddanmark,Lokalt vaccinationssted Haderslev,Stadionvej 5,6100,Haderslev,01/04 - 2021,01/11 - 2022,
29190909,Region Syddanmark,"Testcenter, Frøslev",Sønderjyske Motorvej 765,6330,Padborg,01/12 - 2020,01/11 - 2022,
29190909,Region Syddanmark,Lokalt vaccinationssted Tønder,Sønderlandevej 4,6270,Tønder,01/04 - 2021,01/11 - 2022,
29190909,Region Syddanmark,"Testcenter, Rødekro",Skånevej 5,6230,Rødekro,01/10 - 2020,01/11 - 2022,
29190909,Region Syddanmark,"Vaccinationscenter, Rødekro",Brunde Vest 17,6230,Rødekro,08/03 - 2021,01/11 - 2022,
29190909,Region Syddanmark,"Testcenter, Sønderborg",Ellegårdvej 16,6400,Sønderborg,01/10 - 2020,01/11 - 2022,
29190909,Region Syddanmark,"Testcenter, Kruså",Flensborgvej 13C,6340,Kruså,01/12 - 2020,01/11 - 2022,
29190909,Region Syddanmark,"Vaccinationscenter, Sønderborg",Stråbjergvej 1,6400,Sønderborg,08/03 - 2021,01/11 - 2022,
29190909,Region Syddanmark,Lokalt vaccinationssted Vojens,Stadionparken 6,6500,Vojens,01/04 - 2021,01/11 - 2022,
29190909,Region Syddanmark,Lokalt vaccinationssted Toftlund,Stadionvej 5,6520,Toftlund,01/04 - 2021,01/11 - 2022,
29190909,Region Syddanmark,Lokalt vaccinationssted Nordfyn,Ullerupvænget 4,5471,Søndersø,01/04 - 2021,01/11 - 2022,
29190909,Region Syddanmark,"Testcenter, Nyborg",Grejsdalen 18,5800,Nyborg,01/10 - 2020,01/11 - 2022,1
29190909,Region Syddanmark,Lokalt vaccinationssted Faaborg,Sundvænget 8,5600,Faaborg,01/04 - 2021,01/11 - 2022,
29190909,Region Syddanmark,Lokalt vaccinationssted Assens,Niels Kjærbyes Vej 9,5610,Assens,01/04 - 2021,01/11 - 2022,
29190909,Region Syddanmark,Lokalt vaccinationssted Kerteminde,Enggade 19,5300,Kerteminde,01/04 - 2021,01/11 - 2022,
29190909,Region Syddanmark,Lokalt vaccinationssted Odense,Schacksgade 39,5000,Odense C,01/04 - 2021,01/11 - 2022,
29190909,Region Syddanmark,Lokalt vaccinationssted Gudme,Stærkærvej 1,5884,Gudme,01/04 - 2021,01/11 - 2022,
29190909,Region Syddanmark,Lokalt vaccinationssted Ringe,Søvej 34,5750,Ringe,01/04 - 2021,01/11 - 2022,
29190909,Region Syddanmark,Lokalt vaccinationssted Langeland,Havnegade 118,5900,Rudkøbing,01/04 - 2021,01/11 - 2022,
29190909,Region Syddanmark,Lokalt vaccinationssted Ærø,St. Rise Skolevej 1,5970,Ærøskøbing,01/04 - 2021,01/11 - 2022,
29190909,Region Syddanmark,Lokalt vaccinationssted Nyborg,Storebæltsvej 13,5800,Nyborg,01/04 - 2021,01/11 - 2022,
29190909,Region Syddanmark,Lokalt vaccinationssted Stenstrup,Lærkevej 1A,5771,Stenstrup,01/04 - 2021,01/11 - 2022,
29190909,Region Syddanmark,"Testcenter, Haderslev",Grønningen 1A,6100,Haderslev,01/10 - 2020,01/11 - 2022,6
29190909,Region Syddanmark,Specialcenter Syddanmark - Elevhjemmet Mellemhuset,Neptunvej 30,7000,Fredericia,11/12 - 2019,30/09 - 2023,10
29190909,Region Syddanmark,Vaccinationscenter Vejle,Dofovej 2B,7100,Vejle,05/01 - 2021,21/03 - 2024,
29190909,Region Syddanmark,"Testcenter, Kolding",Kokbjerg 1A,6000,Kolding,01/10 - 2020,21/03 - 2024,
29190909,Region Syddanmark,CKV - Børne- og Ungehusene Udby,Limosegyden 6,5580,Nørre Aaby,01/11 - 2019,01/08 - 2024,1
29190909,Region Syddanmark,Vaccinationscenter Svendborg,Odensevej 26,5700,Svendborg,05/01 - 2021,17/03 - 2025,1
29190909,Region Syddanmark,Afdeling for Traume- og Torturoverlevere,"Vestre Engvej 51B, 3. sal.",7100,Vejle,01/01 - 2001,18/09 - 2025,1
29190909,Region Syddanmark,Afdeling for Traume- og Torturoverlevere,"Dannebrogsgade 2, 1",5000,Odense C,01/06 - 2003,18/09 - 2025,21
29190909,Region Syddanmark,Autismecenter Syddanmark - Administration,Teglgårdsparken 36,5500,Middelfart,15/02 - 2019,15/11 - 2024,1
29190909,Region Syddanmark,"Testcenter, Odense",Billedskærervej 15,5230,Odense M,01/10 - 2020,17/03 - 2025,1
29190909,Region Syddanmark,"Testcenter, Svendborg",Norgesvej 2,5700,Svendborg,01/10 - 2020,17/03 - 2025,1
29190909,Region Syddanmark,Socialcenter Lillebælt - Børne- og Ungehusene Udby,Limosegyden 6,5580,Nørre Aaby,30/11 - 2023,10/02 - 2025,1
29190909,Region Syddanmark,Det Børne- og Ungdomspsykiatriske Hus,J.B. Winsløws Vej 20,5000,Odense C,10/08 - 2007,31/12 - 2025,1
29190909,Region Syddanmark,"Regional IT, Odense - Telehøjen",Telehøjen 1,5220,Odense SØ,01/10 - 2025,31/10 - 2025,15
29190909,Region Syddanmark,Psykiatrien i Region Syddanmark,Lille Grundet Hulvej 25,7100,Vejle,10/09 - 2008,31/12 - 2025,2
29190909,Region Syddanmark,Sygehusapotek Fyn - OUH,Solfaldsvej 38,5000,Odense C,01/01 - 1995,,296
29190909,Region Syddanmark,OUH ODENSE UNIVERSITETSHOSPITAL,Kløvervænget 2D,5000,Odense C,14/02 - 2002,,135
29190909,Region Syddanmark,Lokalpsykiatri Haderslev,Clausensvej 25,6100,Haderslev,01/01 - 2001,,19
29190909,Region Syddanmark,Psykiatrisk Informationscenter,Lille Grundet Hulvej 7,7100,Vejle,01/01 - 2002,,14
29190909,Region Syddanmark,"Regionstandplejen, Region Syddanmark - Esbjerg",Nørregade 63A,6700,Esbjerg,02/05 - 2007,,11
29190909,Region Syddanmark,Medicoteknik Odense,J.B. Winsløws Vej 11,5000,Odense C,09/07 - 2007,,61
29190909,Region Syddanmark,Psykiatrisk Afdeling Odense,J.B. Winsløws Vej 18,5000,Odense C,10/08 - 2007,,499
29190909,Region Syddanmark,Psykiatrisk Afdeling Svendborg,Baagøes Alle 25,5700,Svendborg,10/08 - 2007,,214
29190909,Region Syddanmark,Regionstandplejen Region Syddanmark,"Heden 7, 3",5000,Odense C,31/10 - 2007,,16
29190909,Region Syddanmark,Lokalpsykiatrien i Kolding,Nørregade 1,6000,Kolding,01/11 - 2007,,35
29190909,Region Syddanmark,"Sygehus Lillebælt, Enhed for Lindrende Behandling",Beriderbakken 4,7100,Vejle,31/10 - 2007,,18
29190909,Region Syddanmark,Lokalpsykiatri Fredericia,Dronningensgade 97C,7000,Fredericia,01/11 - 2007,,26
29190909,Region Syddanmark,Arbejds- og Miljømedicinsk Klinik OUH,Kløvervænget 3,5000,Odense C,12/11 - 2009,,26
29190909,Region Syddanmark,Syddansk Sundhedsinnov@tion,Forskerparken 10,5230,Odense M,01/06 - 2010,,71
29190909,Region Syddanmark,Vand og Jord - Klima og Ressourcer,"Rugårdsvej 46C, 2",5000,Odense C,10/06 - 2010,,17
29190909,Region Syddanmark,Projektorganisationen Nyt OUH,Glisholmvej 2A,5260,Odense S,24/10 - 2011,,62
29190909,Region Syddanmark,Lokalpsykiatri Aabenraa,"Opnørplads 1, 3",6200,Aabenraa,27/06 - 2012,,27
29190909,Region Syddanmark,Lokalpsykiatri Svendborg,Vilhelmskildevej 1E,5700,Svendborg,27/06 - 2012,,43
29190909,Region Syddanmark,Lokalpsykiatri Middelfart,Østre Hougvej 55,5500,Middelfart,17/07 - 2012,,47
29190909,Region Syddanmark,Lokalpsykiatri i Vejle,"Vestre Engvej 51B, 5. sal.",7100,Vejle,15/08 - 2012,,52
29190909,Region Syddanmark,"Afdeling for Klinisk Patologi, OUH","J.B. Winsløws Vej 15, 2",5000,Odense C,03/12 - 2012,,177
29190909,Region Syddanmark,"Fælles Akut Modtagelse (FAM), Odense",Kløvervænget 25,5000,Odense C,03/12 - 2012,,99
29190909,Region Syddanmark,OUH Odense Universitetshospital Bygningsdrift og -service,Solfaldsvej 35,5000,Odense C,14/12 - 2012,,128
29190909,Region Syddanmark,Videncenter for Rehabilitering og Palliation,Vestergade 17,5800,Nyborg,14/12 - 2012,,41
29190909,Region Syddanmark,Handicapcenter Fyn - Engbo Kerteminde,Strandgårds Alle 3,5300,Kerteminde,21/12 - 2012,,56
29190909,Region Syddanmark,"Kommunikationscenter Region Syddanmark, KRS",Heden 11,5000,Odense C,21/12 - 2012,,59
29190909,Region Syddanmark,Handicapcenter Fyn - Engbo Nyborg,Skaboeshusevej 92,5800,Nyborg,21/12 - 2012,,161
29190909,Region Syddanmark,Specialcenter Syddanmark - Center for Høretab,Merkurvænget 2,7000,Fredericia,01/01 - 2012,,57
29190909,Region Syddanmark,Autismecenter Syddanmark - Holmehøj 2C,Holmehøjvej 2C,5750,Ringe,14/01 - 2013,,29
29190909,Region Syddanmark,Autismecenter Syddanmark - Det Gule Hus,Algade 76,5750,Ringe,14/01 - 2013,,4
29190909,Region Syddanmark,Logistik Afdelingen,J.B. Winsløws Vej 6,5000,Odense C,06/03 - 2013,,333
29190909,Region Syddanmark,"Handicapcenter Fyn - Køkken, Engbo",Skaboeshusevej 90A,5800,Nyborg,05/03 - 2014,,6
29190909,Region Syddanmark,Regional Udvikling INTERREG 5A Sekretariatet,Flensborgvej 26,6340,Kruså,14/03 - 2014,,12
29190909,Region Syddanmark,Handicapcenter Fyn - Nordlys,Skaboeshusevej 90B,5800,Nyborg,27/03 - 2014,,27
29190909,Region Syddanmark,Handicapcenter Fyn - Skovhuse,Skaboeshusevej 108B,5800,Nyborg,01/09 - 2014,,58
29190909,Region Syddanmark,"Handicapcenter Fyn, Skærehaven",Strandalleen 132-134,5800,Nyborg,01/10 - 2014,,61
29190909,Region Syddanmark,Medicoteknik Kolding,Sygehusvej 24,6000,Kolding,17/02 - 2015,,20
29190909,Region Syddanmark,Præhospital Syd - AMK Vagtcentralen,Lille Tornbjerg Vej 30,5220,Odense SØ,14/10 - 2015,,64
29190909,Region Syddanmark,Psykiatrisk Afdeling Aabenraa,Kresten Philipsens Vej 15,6200,Aabenraa,26/04 - 2016,,10
29190909,Region Syddanmark,Psykiatrien - Hospitalsringen 90,Hospitalsringen 90,5260,Odense S,26/04 - 2016,,108
29190909,Region Syddanmark,Psykiatrisk afdeling Vejle,"Nordbanen 5, st",7100,Vejle,27/04 - 2016,,377
29190909,Region Syddanmark,Præhospital Syd,Lille Tornbjerg Vej 30,5220,Odense SØ,27/07 - 2016,,101
29190909,Region Syddanmark,Specialcenter Syddanmark - Fuglemajgård,Jels Skovvej 2,6630,Rødding,01/12 - 2016,,26
29190909,Region Syddanmark,Handicapcenter Fyn - Grejsdalen,Grejsdalen 19,5800,Nyborg,01/01 - 2017,,250
29190909,Region Syddanmark,Handicapcenter Fyn - Låddenhøj,Helgetoftevej 1,5800,Nyborg,01/12 - 2016,,41
29190909,Region Syddanmark,Autismecenter Syddanmark - Kirkevej,Kirkevej 14A,5772,Kværndrup,01/12 - 2016,,80
29190909,Region Syddanmark,Handicapcenter Fyn - Børnehusene Stjernen,Festgræsset 14,5220,Odense SØ,01/12 - 2016,,163
29190909,Region Syddanmark,"Socialcenter Lillebælt - Pomonahuset Udby, Voksne",Limosegyden 6,5580,Nørre Aaby,01/12 - 2016,,1
29190909,Region Syddanmark,Autismecenter Syddanmark - Æblehaven,Fjordvej 160,6000,Kolding,01/12 - 2016,,41
29190909,Region Syddanmark,"Autismecenter Syddanmark - Bihuset, Aflastning",Bjerregaardsvej 12,5000,Odense C,01/12 - 2016,,47
29190909,Region Syddanmark,Autismecenter Syddanmark - Centrumværkstedet,Gestelevvej 14,5750,Ringe,01/12 - 2016,,11
29190909,Region Syddanmark,"Autismecenter Syddanmark - Bihuset, døgn",Roesskovsvej 127,5200,Odense V,01/12 - 2016,,65
29190909,Region Syddanmark,Autismecenter Syddanmark - Holmehøjvej 2B,Holmehøjvej 2B,5750,Ringe,01/12 - 2016,,30
29190909,Region Syddanmark,"Socialcenter Lillebælt - Egely, Sikret og særlig sikret afdeling",Søndergaardsvej 9,5580,Nørre Aaby,01/12 - 2016,,79
29190909,Region Syddanmark,Socialcenter Lillebælt - Kingstrup,Fredehjemsvej 2,5591,Gelsted,01/12 - 2016,,73
29190909,Region Syddanmark,Specialcenter Syddanmark - Kompasrosen,Mosevej 1,6630,Rødding,01/12 - 2016,,52
29190909,Region Syddanmark,Socialcenter Lillebælt - Syrenparken,Syrenvej 18,7080,Børkop,01/12 - 2016,,120
29190909,Region Syddanmark,Specialcenter Syddanmark - Østruplund,Klintebjergvej 75,5450,Otterup,01/12 - 2016,,148
29190909,Region Syddanmark,Specialcenter Syddanmark - Midgaardhus,Kastanie Alle 16,6760,Ribe,01/12 - 2016,,51
29190909,Region Syddanmark,Medicoteknik Aabenraa,Kresten Philipsens Vej 15,6200,Aabenraa,01/12 - 2016,,8
29190909,Region Syddanmark,"Smertecenter Syd, OUH",Heden 9,5000,Odense C,14/02 - 2017,,29
29190909,Region Syddanmark,Medicoteknik Vejle,Beriderbakken 4,7100,Vejle,01/06 - 2017,,5
29190909,Region Syddanmark,Medicoteknik Svendborg,Valdemarsgade 53,5700,Svendborg,01/06 - 2017,,2
29190909,Region Syddanmark,Medicoteknik Grindsted,Engparken 1,7200,Grindsted,01/06 - 2017,,1
29190909,Region Syddanmark,Medicoteknik Sønderborg,Sydvang 1,6400,Sønderborg,01/06 - 2017,,1
29190909,Region Syddanmark,Medicoteknik Esbjerg,Finsensgade 35,6700,Esbjerg,01/06 - 2017,,9
29190909,Region Syddanmark,Autismecenter Syddanmark - Teglgårdsparken,Teglgårdsparken 36,5500,Middelfart,01/09 - 2017,,28
29190909,Region Syddanmark,Børne- og Ungdomspsykiatri Odense,J.B. Winsløws Vej 16,5000,Odense C,01/10 - 2017,,369
29190909,Region Syddanmark,Børne- og Ungdomspsykiatri Esbjerg,Gl Vardevej 101,6715,Esbjerg N,01/10 - 2017,,54
29190909,Region Syddanmark,Lokalpsykiatri i Odense,Toldbodhusevej 4,5000,Odense C,26/01 - 2018,,101
29190909,Region Syddanmark,"Regional IT, Kolding",Sygehusvej 24,6000,Kolding,01/03 - 2018,,141
29190909,Region Syddanmark,"Regionstandplejen, Region Syddanmark - Kolding",Sygehusvej 24,6000,Kolding,01/06 - 2019,,16
29190909,Region Syddanmark,Specialcenter Syddanmark - Børne- og Ungehusene Udby,Limosegyden 6,5580,Nørre Aaby,01/11 - 2019,,92
29190909,Region Syddanmark,Odense Universitetshospital Stæremosegårdsvej,Stærmosegårdsvej 6,5230,Odense M,14/09 - 2020,,20
29190909,Region Syddanmark,"Region Syddanmark, Vand og Jord",Sorsigvej 35,6760,Ribe,01/04 - 2020,,5
29190909,Region Syddanmark,"Børne- og ungdomspsykiatri i Sydjylland, Aabenraa",Kresten Philipsens Vej 15B,6200,Aabenraa,16/11 - 2020,,94
29190909,Region Syddanmark,"Børne- og ungdomspsykiatri i Sydjylland, Vejle",Nordbanen 5,7100,Vejle,01/11 - 2020,,53
29190909,Region Syddanmark,Vaccinationscenter Odense,Athenevænget 2,5250,Odense SV,05/01 - 2021,,582
29190909,Region Syddanmark,Det Nye OUH,Hospitalsringen 2,5260,Odense S,01/02 - 2022,,166
29190909,Region Syddanmark,"Regional IT, Odense - Telehøjen",Telehøjen 1,5220,Odense SØ,01/07 - 2022,,63
29190909,Region Syddanmark,Socialcenter Lillebælt - Ungehuset Røjleskov,Billeshavevej 49,5500,Middelfart,30/03 - 2023,,24
29190909,Region Syddanmark,Specialcenter Syddanmark - Elevhjemmet Neptun,Neptunvej 30,7000,Fredericia,15/09 - 2023,,17
29190909,Region Syddanmark,Præhospital Syd - Tinglev,Hovedgaden 110B,6360,Tinglev,01/08 - 2022,,
29190909,Region Syddanmark,Præhospital Syd - Bramming,Industrivej 4,6740,Bramming,27/07 - 2016,,0
29190909,Region Syddanmark,Præhospital Syd - Assens,Fåborgvej 16,5610,Assens,27/07 - 2016,,3
29190909,Region Syddanmark,Præhospital Syd - Bogense,Sjællandsvej 2,5400,Bogense,27/07 - 2016,,8
29190909,Region Syddanmark,Præhospital Syd - Billund,Passagerterminalen 10,7190,Billund,27/07 - 2016,,8
29190909,Region Syddanmark,Præhospital Syd - Vejen,Ådalen 7F,6600,Vejen,27/07 - 2016,,8
29190909,Region Syddanmark,Præhospital Syd - Fanø,Sønder Nytoft 19,6720,Fanø,27/07 - 2016,,0
29190909,Region Syddanmark,Præhospital Syd - Esbjerg,Falkevej 14,6705,Esbjerg Ø,27/07 - 2016,,99
29190909,Region Syddanmark,Præhospital Syd - Holsted,Vestergade 27,6670,Holsted,27/07 - 2016,,11
29190909,Region Syddanmark,Demensklinik Lillebælt,Dronningensgade 97E,7000,Fredericia,01/12 - 2023,,8
29190909,Region Syddanmark,Præhospital Syd - Haderslev,Norgesvej 2,6100,Haderslev,27/07 - 2016,,32
29190909,Region Syddanmark,Præhospital Syd - Glamsbjerg,Fredensvej 36,5620,Glamsbjerg,27/07 - 2016,,7
29190909,Region Syddanmark,Præhospital Syd - Nyborg,Ladegårdsvej 4,5800,Nyborg,27/07 - 2016,,20
29190909,Region Syddanmark,Præhospital Syd - Løgumkloster,Aabenraavej 41,6240,Løgumkloster,27/07 - 2016,,8
29190909,Region Syddanmark,Præhospital Syd - Kerteminde,Strandvangen 3,5300,Kerteminde,27/07 - 2016,,8
29190909,Region Syddanmark,Præhospital Syd - Otterup,Strandvejen 57,5450,Otterup,27/07 - 2016,,12
29190909,Region Syddanmark,Præhospital Syd - Oksbøl,Strandvejen 1A,6840,Oksbøl,27/07 - 2016,,8
29190909,Region Syddanmark,Præhospital Syd - Rudkøbing,Ellehaven 4F,5900,Rudkøbing,27/07 - 2016,,9
29190909,Region Syddanmark,Præhospital Syd - Ringe,Selagervej 1,5750,Ringe,27/07 - 2016,,9
29190909,Region Syddanmark,Præhospital Syd - Odense C,Kildemosevej 15,5000,Odense C,27/07 - 2016,,91
29190909,Region Syddanmark,Præhospital Syd - Ribe,Ørstedsvej 43A,6760,Ribe,27/07 - 2016,,17
29190909,Region Syddanmark,Præhospital Syd - Toftlund,Ærøvej 2,6520,Toftlund,27/07 - 2016,,9
29190909,Region Syddanmark,Præhospital Syd - Sønderborg,Ingolf Nielsens Vej 14,6400,Sønderborg,27/07 - 2016,,49
29190909,Region Syddanmark,Præhospital Syd - Svendborg,Grønnemosevej 9,5700,Svendborg,27/07 - 2016,,52
29190909,Region Syddanmark,Præhospital Syd - Skærbæk,Søndervang 19,6780,Skærbæk,27/07 - 2016,,8
29190909,Region Syddanmark,Præhospital Syd - Rødding,Louisevej 13,6630,Rødding,27/07 - 2016,,0
29190909,Region Syddanmark,Præhospital Syd - Kruså,Skovglimt 6,6340,Kruså,27/07 - 2016,,8
29190909,Region Syddanmark,Autismecenter Syddanmark - Administration,Nymarksvej 131,7000,Fredericia,01/02 - 2024,,20
29190909,Region Syddanmark,Præhospital Syd - Ølgod,Industrivej 3,6870,Ølgod,27/07 - 2016,,6
29190909,Region Syddanmark,Præhospital Syd - Vojens,Tingvejen 30B,6500,Vojens,27/07 - 2016,,11
29190909,Region Syddanmark,Præhospital Syd - Sallinge,Sallinge Ågade 20,5750,Ringe,01/04 - 2017,,6
29190909,Region Syddanmark,Præhospital Syd - Aabenraa,Pilemosen 19,6200,Aabenraa,27/07 - 2016,,81
29190909,Region Syddanmark,Præhospital Syd - Aarup,Holmelund 32,5560,Aarup,27/07 - 2016,,7
29190909,Region Syddanmark,Præhospital Syd - Ærø,Dunkærgade 18,5970,Ærøskøbing,27/07 - 2016,,8
29190909,Region Syddanmark,Præhospital Syd - Varde,Nordre Boulevard 73,6800,Varde,27/07 - 2016,,48
29190909,Region Syddanmark,Præhospital Syd - Agerbæk,Nørremarken 3,6753,Agerbæk,01/12 - 2022,,
29190909,Region Syddanmark,Præhospital Syd - Nr. Nebel,Byagervej 4,6830,Nørre Nebel,01/12 - 2022,,
29190909,Region Syddanmark,Præhospital Syd- Tønder,Nordre Industrivej 5A,6270,Tønder,27/07 - 2016,,9
29190909,Region Syddanmark,"Bygningsafdelingen, Vejle",Beriderbakken 4,7100,Vejle,04/04 - 2024,,6
29190909,Region Syddanmark,"Bygningsafdelingen, Esbjerg",Finsensgade 35,6700,Esbjerg,04/04 - 2024,,5
29190909,Region Syddanmark,"Bygningsafdelingen, Sønderborg",Sydvang 1,6400,Sønderborg,04/04 - 2024,,1
29190909,Region Syddanmark,"Bygningsafdelingen, Odense",Solfaldsvej 35,5000,Odense C,04/04 - 2024,,2
29190909,Region Syddanmark,"Regional IT, Esbjerg - Finsensgade","Finsensgade 35, st",6700,Esbjerg,09/04 - 2024,,7
29190909,Region Syddanmark,"Regional IT, Aabenraa",Kresten Philipsens Vej 15F,6200,Aabenraa,09/04 - 2024,,6
29190909,Region Syddanmark,"Regional IT, Odense - Forskerparken",Forskerparken 10G,5230,Odense M,09/04 - 2024,,3
29190909,Region Syddanmark,"Regional IT, Vejle - Beriderbakken",Beriderbakken 4,7100,Vejle,09/04 - 2024,,16
29190909,Region Syddanmark,"Regional IT, Odense - Kløvervænget",Kløvervænget 30,5000,Odense C,09/04 - 2024,,41
29190909,Region Syddanmark,"Bygningsafdelingen, Odense Nyt OUH",Søndre Hospitalsvej 50,5260,Odense S,26/08 - 2024,,16
29190909,Region Syddanmark,Socialcenter Lillebælt - Administration,Brovadvej 51,7000,Fredericia,01/09 - 2024,,13
29190909,Region Syddanmark,Autismecenter Syddanmark - Nymarksvej,Nymarksvej 135,7000,Fredericia,01/01 - 2025,,69
29190909,Region Syddanmark,OUH Farmakologi,Campusvej 55,5230,Odense M,01/01 - 2025,,23
29190909,Region Syddanmark,Bygningsafdelingen Ejendomsservice - Faaborg,Odensevej 51,5600,Faaborg,01/01 - 2025,,1
29190909,Region Syddanmark,Afdeling for Tværfaglig Traumebehandling,Østre Hougvej 55,5500,Middelfart,01/02 - 2025,,57
29190909,Region Syddanmark,"Bygningsafdelingen, Aabenraa",Kresten Philipsens Vej 15,6200,Aabenraa,31/03 - 2025,,2
29190909,Region Syddanmark,OUH bloddonortapning Kolding,Esbjergvej 36,6000,Kolding,18/03 - 2026,,
29190909,Region Syddanmark,Praksisenhed i Odense,J.B. Winsløws Vej 9A,5000,Odense C,30/10 - 2007,,2
29190909,Region Syddanmark,Praksisenhed i Kolding,Kokholm 3,6000,Kolding,30/10 - 2007,,1
29190909,Region Syddanmark,Center for Kvalitet,P V Tuxens Vej 5,5500,Middelfart,30/10 - 2007,,1
29190909,Region Syddanmark,"Regionstandplejen, Region Syddanmark - Sønderborg",Sydvang 1,6400,Sønderborg,31/03 - 2009,,1
29190909,Region Syddanmark,Jordemoderkonsultation i Aabenraa,"Opnørplads 1-3, st",6200,Aabenraa,16/03 - 2010,,0
29190909,Region Syddanmark,Jordmoderkonsulation i Skærbæk,Storegade 49,6780,Skærbæk,16/03 - 2010,,1
29190909,Region Syddanmark,Hospice Sydfyn,Skovsbovej 100,5700,Svendborg,11/10 - 2012,,0
29190909,Region Syddanmark,Lokalpsykiatrien i Sønderborg,Sydvang 3,6400,Sønderborg,01/01 - 1993,,2
29190909,Region Syddanmark,Lokalpsykiatri TØNDER,Carstensgade 6-10,6270,Tønder,01/01 - 2001,,2
29190909,Region Syddanmark,Lokalpsykiatri Esbjerg,Østergade 12,6700,Esbjerg,07/01 - 2014,,1
29190909,Region Syddanmark,Service i Psykiatrien Region Syddanmark,Sydvang 5B,6400,Sønderborg,27/04 - 2016,,2
29190909,Region Syddanmark,"Service i Psykiatrien Region Syddanmark, Teknisk Service",Gl Vardevej 101,6715,Esbjerg N,01/10 - 2017,,6
29190909,Region Syddanmark,Jordemoderkonsultation i Nordborg,Mads Clausens Vej 13,6430,Nordborg,17/09 - 2014,,0
29190909,Region Syddanmark,Børne- og Ungdomspsykiatri Sydjylland Ambulatorie,Frihedsvej 15,6700,Esbjerg,15/05 - 2018,,
29190909,Region Syddanmark,"Regional IT, Vejle - Lille Grundet Hulvej",Lille Grundet Hulvej 25,7100,Vejle,09/04 - 2024,,1
29190909,Region Syddanmark,Friklinikken,Engparken 1,7200,Grindsted,01/01 - 2020,,
29190909,Region Syddanmark,Esbjerg Sygehus,Haraldsgade 12,6700,Esbjerg,01/01 - 2020,,
29190909,Region Syddanmark,Bygningsafdelingen Ejendomsservice - Ølgod,Vestergade 10,6870,Ølgod,01/01 - 2025,,1
29190909,Region Syddanmark,Lokalpsykiatri Brørup,Fredensvej 3B,6650,Brørup,27/06 - 2012,,26
29190909,Region Syddanmark,Vaccinationscenter Esbjerg,Ørnevej 6,6705,Esbjerg Ø,01/03 - 2021,,
29190909,Region Syddanmark,Lokalt vaccinationssted Varde,Søndertoften 22,6800,Varde,01/04 - 2021,,
29190909,Region Syddanmark,Lokalt vaccinationssted Esbjerg,Simon Hansens Vej 1,6760,Ribe,01/04 - 2021,,
29190909,Region Syddanmark,Lokalt vaccinationssted Vejen,Jacob Gades Alle 1,6600,Vejen,01/04 - 2021,,
29190909,Region Syddanmark,Lokalt vaccinationssted Middelfart,Færøvej 74,5500,Middelfart,01/04 - 2021,,
29190909,Region Syddanmark,Lokalt vaccinationssted Billund,Kærvej 501,7190,Billund,22/03 - 2021,,
29190909,Region Syddanmark,"Socialcenter Lillebælt - Pomonahuset Udby, Unge",Limosegyden 6,5580,Nørre Aaby,01/10 - 2022,,
29190909,Region Syddanmark,Præhospital indsats - Region Syddanmark,Damhaven 12,7100,Vejle,27/10 - 2022,,
29190909,Region Syddanmark,Præhospital Syd - Faaborg,Markedspladsen 15A,5600,Faaborg,27/07 - 2016,,7
29190909,Region Syddanmark,Præhospital Syd - Grindsted,Odinsvej 9B,7200,Grindsted,27/07 - 2016,,11
29190909,Region Syddanmark,Præhospital Syd - Odense S,Sivlandvænget 15A,5260,Odense S,27/07 - 2016,,67
29190909,Region Syddanmark,SØNDERBORG JORDEMODERCENTER,Prins Henriks Avenue 10,6400,Sønderborg,01/01 - 1993,,0
29190909,Region Syddanmark,HADERSLEV JORDEMODERCENTER,Clausensvej 25,6100,Haderslev,01/01 - 1993,,0
29190909,Region Syddanmark,Jordemodercenter,Jyllandsgade 79C,6700,Esbjerg,01/01 - 1993,,0
29190909,Region Syddanmark,Lager & logistikcenter Esbjerg,Edison Park 13,6715,Esbjerg N,28/05 - 2025,,
29190909,Region Syddanmark,"KRS - Hørerådgivningen Børn & Unge, afd. øst","Blekinge Boulevard 2, 1",2630,Taastrup,15/03 - 2025,,
29190909,Region Syddanmark,"KRS Hørerådgivningen Børn & Unge, afd. vest",Merkurvænget 2,7000,Fredericia,01/03 - 2026,,
29190909,Region Syddanmark,Specialcenter Syddanmark - STU Merkur,Merkurvænget 2,7000,Fredericia,01/06 - 2025,,
29190909,Region Syddanmark,IT-Drift Esbjerg,Østergade 74,6700,Esbjerg,30/10 - 2007,,1
29190909,Region Syddanmark,Middelfart Nærhospital,Østre Hougvej 55,5500,Middelfart,01/01 - 1993,,90
29190909,Region Syddanmark,Sygehusenheden Ærø,Sygehusvejen 18,5970,Ærøskøbing,01/01 - 1993,,57
29190909,Region Syddanmark,Sygehusenheden Nyborg,Vestergade 17,5800,Nyborg,01/01 - 1993,,75
29190909,Region Syddanmark,Psykiatrisk Afdeling Middelfart,Østre Hougvej 70,5500,Middelfart,01/01 - 1993,,452
29190909,Region Syddanmark,Svendborg Sygehus,Baagøes Alle 15,5700,Svendborg,01/01 - 1993,,1670
29190909,Region Syddanmark,ODENSE UNIVERSITETS HOSPITAL,J.B. Winsløws Vej 4,5000,Odense C,01/01 - 1993,,8311
29190909,Region Syddanmark,Sygehus Sønderjylland - Aabenraa,Kresten Philipsens Vej 15,6200,Aabenraa,01/01 - 1993,,2408
29190909,Region Syddanmark,Sygehus Sønderjylland - Tønder,Carstensgade 6,6270,Tønder,01/01 - 1993,,47
29190909,Region Syddanmark,Sygehus Sønderjylland - Sønderborg,Sydvang 1,6400,Sønderborg,01/01 - 1993,,1159
29190909,Region Syddanmark,Lokalpsykiatrien i Varde,"Ringkøbingvej 34, 3",6800,Varde,01/01 - 1993,,1
29190909,Region Syddanmark,Esbjerg Sygehus,Finsensgade 35,6700,Esbjerg,01/01 - 1993,,3568
29190909,Region Syddanmark,BRØRUP SYGEHUS,Fredensvej 3A,6650,Brørup,01/01 - 1993,,18
29190909,Region Syddanmark,Psykiatrisk afdeling Esbjerg,Gl Vardevej 101,6715,Esbjerg N,01/01 - 1993,,10
29190909,Region Syddanmark,GRINDSTED SYGEHUS,Engparken 1,7200,Grindsted,01/01 - 1993,,207
29190909,Region Syddanmark,"Sygehus Lillebælt, Vejle Sygehus",Beriderbakken 4,7100,Vejle,01/01 - 1993,,2767
29190909,Region Syddanmark,"Sygehus Lillebælt , Kolding sygehus",Sygehusvej 24,6000,Kolding,01/01 - 1993,,2974
29190909,Region Syddanmark,Region Syddanmark,Damhaven 12,7100,Vejle,01/01 - 1993,,943
41469269,Professorsammenslutning Rigshospitalet,Professorsammenslutning Rigshospitalet,Blegdamsvej 9,2100,København Ø,29/06 - 2020,,
41956712,ROYAL UNIBREW A/S,H/F Kræmmermarken,Steinsgade 1,5000,Odense C,23/04 - 2008,23/04 - 2008,
41956712,ROYAL UNIBREW A/S,BRYGGERIGRUPPEN A/S RANDERS TERMINAL,Hvidemøllevej 3,8900,Randers C,27/11 - 2001,27/11 - 2001,
41956712,ROYAL UNIBREW A/S,Royal Unibrew - Terminal Vestjylland,Niels P Thomsens Vej 3,7500,Holstebro,17/09 - 2008,30/11 - 2010,0
41956712,ROYAL UNIBREW A/S,Royal Unibrew - Næstved Depot,Fiskerhusvej 43E,4700,Næstved,17/09 - 2008,31/12 - 2009,0
41956712,ROYAL UNIBREW A/S,Royal Unibrew - Terminal Sjælland,Erhvervsparken 22,4621,Gadstrup,17/09 - 2008,01/06 - 2012,0
41956712,ROYAL UNIBREW A/S,Royal Unibrew A/S Bryggeriet,Tværgade 13,5000,Odense C,24/07 - 2007,31/12 - 2011,50-99
41956712,ROYAL UNIBREW A/S,Royal Unibrew - Terminal Sydjylland,Ferrarivej 10,7100,Vejle,17/09 - 2008,01/12 - 2011,10-19
41956712,ROYAL UNIBREW A/S,Albani bryggerierne A/S,Tværgade 2,5000,Odense C,01/07 - 2001,28/05 - 2002,20-49
41956712,ROYAL UNIBREW A/S,BRYGGERIGRUPPEN A/S,Dalager 3,2605,Brøndby,01/01 - 1984,31/12 - 2002,1
41956712,ROYAL UNIBREW A/S,BRYGGERIGRUPPEN A/S THOR BRYGGERIERNE,Thorsgade 25,8900,Randers C,01/01 - 1989,31/08 - 2003,20-49
41956712,ROYAL UNIBREW A/S,BRYGGERIGRUPPEN A/S HORSENS BRYGGERI,Nørretorv 1,8700,Horsens,01/01 - 1989,31/05 - 2000,2-4
41956712,ROYAL UNIBREW A/S,Royal Unibrew A/s Cult,Lægårdsvej 24,8520,Lystrup,30/04 - 2019,08/09 - 2021,1
41956712,ROYAL UNIBREW A/S,Royal Unibrew A/S - Fuglsang,Bryggerivej 2,6100,Haderslev,27/07 - 2021,01/03 - 2023,4
41956712,ROYAL UNIBREW A/S,ROYAL UNIBREW A/S Grønland,"Avallia 34, 20",3905,Nuussuaq,01/02 - 2025,01/10 - 2025,
41956712,ROYAL UNIBREW A/S,ROYAL UNIBREW A/S Terminal Storkøben havn,Ejby Industrivej 6,2600,Glostrup,17/09 - 2008,,46
41956712,ROYAL UNIBREW A/S,ROYAL UNIBREW A/S Terminal Fyn,Holkebjergvej 54,5250,Odense SV,17/09 - 2008,,74
41956712,ROYAL UNIBREW A/S,ROYAL UNIBREW A/S Terminal Nordjylland,Svendborgvej 28,9220,Aalborg Øst,17/09 - 2008,,26
41956712,ROYAL UNIBREW A/S,"ROYAL UNIBREW A/S Export lager, Padborg",Europavej 10,6330,Padborg,13/04 - 2015,,3
41956712,ROYAL UNIBREW A/S,Anarkist visitcenter,Albanigade 20,5000,Odense C,01/05 - 2019,,14
41956712,ROYAL UNIBREW A/S,Royal Unibrew A/S - Frem (Hundegade),Hundegade 41,6760,Ribe,27/07 - 2021,,16
41956712,ROYAL UNIBREW A/S,ROYAL UNIBREW A/S Baldersbrønde,Baldersbuen 25,2640,Hedehusene,01/12 - 2023,,5
41956712,ROYAL UNIBREW A/S,ROYAL UNIBREW A/S Terminal Midtjylland,Lille Gedved 8A,8700,Horsens,24/02 - 2025,,2
41956712,ROYAL UNIBREW A/S,Royal Unibrew A/S - Frem (Tycho Brahes Vej),Tycho Brahes Vej 8,6760,Ribe,27/07 - 2021,,1
41956712,ROYAL UNIBREW A/S,ROYAL UNIBREW A/S Terminal Fyn Lager,Holkebjergvej 74,5250,Odense SV,01/07 - 2019,,
41956712,ROYAL UNIBREW A/S,ROYAL UNIBREW A/S Lager,Lille Gedved 8A,8700,Horsens,01/06 - 2022,,
41956712,ROYAL UNIBREW A/S,"ROYAL UNIBREW A/S Export lager, Padborg (Plantagevej)",Plantagevej 8E,6330,Padborg,02/04 - 2024,,
41956712,ROYAL UNIBREW A/S,ROYAL UNIBREW A/S external warehouse,Hedelandsvej 28A,2640,Hedehusene,20/03 - 2025,,
41956712,ROYAL UNIBREW A/S,ROYAL UNIBREW A/S (online detailsalg),Faxe Alle 1,4640,Faxe,01/12 - 2021,,
41956712,ROYAL UNIBREW A/S,ROYAL UNIBREW A/S Reffen,Refshalevej 167A,1432,København K,01/12 - 2023,,
41956712,ROYAL UNIBREW A/S,ROYAL UNIBREW A/S,Faxe Alle 1,4640,Faxe,01/01 - 1989,,1002
41956712,ROYAL UNIBREW A/S,ROYAL UNIBREW A/S Event/teknik,Egeskovvej 8,8700,Horsens,01/01 - 1989,,114
41956712,ROYAL UNIBREW A/S,ROYAL UNIBREW A/S,Tværgade 2,5000,Odense C,06/08 - 1973,,173
29190623,Region Hovedstaden,Steno Diabetes Center Copenhagen,Niels Steensens Vej 1,2820,Gentofte,01/01 - 2017,20/04 - 2018,
29190623,Region Hovedstaden,Tale- og Høreinstituttet Afdeling Syd,Rødovre Parkvej 401C,2610,Rødovre,01/01 - 1993,30/06 - 2007,
29190623,Region Hovedstaden,Hovedstadens Sygehusfællesskab,Bredgade 34,1260,København K,01/01 - 2007,01/01 - 2007,
29190623,Region Hovedstaden,Distriktspsykiatrien i Lyngby-Taarbæk,"Geels Plads 20, 1",2830,Virum,30/06 - 2010,30/06 - 2010,
29190623,Region Hovedstaden,Skovgården,Ametystvej 24,2730,Herlev,01/01 - 2008,01/01 - 2008,
29190623,Region Hovedstaden,Hovedstadens Sygehusfællesskab Fællesindkøb,Carl Nielsens Allé 9D,2100,København Ø,01/01 - 2001,01/01 - 2007,
29190623,Region Hovedstaden,Region Hovedstaden,Kongens Vænge 2,3400,Hillerød,01/01 - 2007,31/01 - 2007,
29190623,Region Hovedstaden,Jordemoderkonsultation i Frederiksværk (under Hillerød Sygehus),Syrevej 2,3300,Frederiksværk,27/08 - 2002,30/12 - 2009,
29190623,Region Hovedstaden,Lægesekretæruddannelsen,Dyrehavevej 29,3400,Hillerød,11/11 - 2010,01/01 - 2017,
29190623,Region Hovedstaden,Økonomauddannelsen,Dyrehavevej 29,3400,Hillerød,11/11 - 2010,01/01 - 2017,
29190623,Region Hovedstaden,Jordemodercenter Taastrup - Hvidovre Hospital,"Dorphs Alle 10, 1. sal.",2630,Taastrup,01/04 - 2015,01/12 - 2016,
29190623,Region Hovedstaden,Psykiatrisk Center Nordsjælland - Afdeling Frederikssund,Frederikssundsvej 30,3600,Frederikssund,01/02 - 2017,01/02 - 2017,
29190623,Region Hovedstaden,Børne- og Ungdomspsykiatrisk Center - Afdeling Hillerød,Dyrehavevej 48,3400,Hillerød,01/02 - 2017,01/02 - 2017,
29190623,Region Hovedstaden,HOVEDSTADENS SYGEHUSFÆLLESSKAB,Bredgade 34,1260,København K,01/01 - 2007,01/01 - 2007,
29190623,Region Hovedstaden,Region Hovedstadens Vagtcentral,Herlev Ringvej 75,2730,Herlev,18/03 - 2011,01/12 - 2015,0
29190623,Region Hovedstaden,Hvidovre Hospital - administrationen,Kettegård Alle 30A,2650,Hvidovre,30/11 - 2011,01/12 - 2016,0
29190623,Region Hovedstaden,SKIBBYHØJ BO- OG ARBEJDSINSTITUTIONEN,Birkevej 6,4050,Skibby,01/01 - 1993,28/02 - 2013,0
29190623,Region Hovedstaden,PENSIONATET LIONSLUND,Lagesminde Allé 60,2660,Brøndby Strand,01/01 - 1993,30/12 - 2010,50-99
29190623,Region Hovedstaden,Amager Hospital,"Digevej 110, 1",2300,København S,01/01 - 2007,30/09 - 2012,1
29190623,Region Hovedstaden,FYSIURGISKE KLINIK,Mariendalsvej 9,2000,Frederiksberg,01/01 - 2007,30/12 - 2010,10-19
29190623,Region Hovedstaden,ØKONOMASKOLEN,Helsevej 2,3400,Hillerød,01/01 - 1993,31/12 - 2009,10-19
29190623,Region Hovedstaden,Distriktspsykiatrisk Center - Vanløse,Jydeholmen 15,2720,Vanløse,01/01 - 1997,31/05 - 2010,10-19
29190623,Region Hovedstaden,AMAGER HOSPITAL,Irlandsvej 1,2300,København S,01/01 - 2007,29/06 - 2010,1
29190623,Region Hovedstaden,Social IT-afdeling,Emmasvej 8-10,2820,Gentofte,01/01 - 2007,30/12 - 2010,2-4
29190623,Region Hovedstaden,Kommunikationscentret i Region Hovedstaden - Tale- og Hjerneskadeafdelingen,"Telegrafvej 5, 1",2750,Ballerup,18/10 - 2007,01/10 - 2014,1
29190623,Region Hovedstaden,Laboratorium f Genterapiforskning,Juliane Maries Vej 20,2100,København Ø,01/07 - 2005,01/03 - 2020,0
29190623,Region Hovedstaden,FYSIURGISK KLINIK,Valdemarsgade 6,1665,København V,01/01 - 2007,30/12 - 2010,2-4
29190623,Region Hovedstaden,Vesterbro Jordemodercenter - Hvidovre hospital,"Vesterbrogade 121, 3",1620,København V,01/01 - 1997,18/03 - 2015,0
29190623,Region Hovedstaden,BISPEBJERG HOSPITAL FYSIURGISK KLINIK,Frederikssundsvej 80B,2400,København NV,01/01 - 1993,30/12 - 2010,10-19
29190623,Region Hovedstaden,BISPEBJERG HOSPITAL SELVMORDSCENTRET,Griffenfeldsgade 44,2200,København N,01/01 - 1994,30/12 - 2010,2-4
29190623,Region Hovedstaden,Center for syn og kommunikation,"Kellersvej 12, 1",2860,Søborg,01/01 - 2003,30/06 - 2011,50-99
29190623,Region Hovedstaden,Jordemodercenter Sønderbro - Hvidovre hospital,Sundholmsvej 10,2300,København S,01/01 - 2006,31/12 - 2014,0
29190623,Region Hovedstaden,Region Hovedstadens Apotek Esbønderup Sygehus,Sygehusvej 4,3230,Græsted,01/01 - 2007,15/03 - 2011,1
29190623,Region Hovedstaden,Hørsholm Hospital,Usserød Kongevej 102,2970,Hørsholm,01/01 - 1993,31/01 - 2011,0
29190623,Region Hovedstaden,Esbønderup Hospital,Sygehusvej 4,3230,Græsted,01/01 - 1993,01/10 - 2018,0
29190623,Region Hovedstaden,Region Hovedstadens Apotek Helsingør Sygehus,Esrumvej 145,3000,Helsingør,01/01 - 2007,31/01 - 2013,5-9
29190623,Region Hovedstaden,PSYKIATRISKAFDELING NORDHUSET,Gurrevej 90,3000,Helsingør,01/01 - 1997,30/12 - 2010,5-9
29190623,Region Hovedstaden,Facit Frederiksborg,Helsevej 2,3400,Hillerød,01/01 - 2001,30/12 - 2009,5-9
29190623,Region Hovedstaden,Boligerne Gl. Lyngevej,Gl Lyngevej 39,3450,Allerød,01/01 - 1999,30/12 - 2010,20-49
29190623,Region Hovedstaden,Distriktspsykiatrien i Gentofte,Lyngbyvej 403,2820,Gentofte,01/01 - 2007,14/10 - 2012,0
29190623,Region Hovedstaden,Distriktspsykiatrisk Center - Amager Vest,"Lyongade 25, 3",2300,København S,01/01 - 1999,30/09 - 2012,0
29190623,Region Hovedstaden,Skovgården,Ametystvej 24,2730,Herlev,05/02 - 2008,30/12 - 2010,20-49
29190623,Region Hovedstaden,Ambulatoriet i Frederiksværk,Gjethusparken 3,3300,Frederiksværk,01/01 - 2007,30/12 - 2010,1
29190623,Region Hovedstaden,Distriktspsykiatrien i Ballerup/Egedal/Herlev,Ballerup Boulevard 2A,2750,Ballerup,01/01 - 2007,30/12 - 2012,0
29190623,Region Hovedstaden,Distriktspsykiatrisk Center - Amager Øst (Tårnby / Dragør),Kirkegårdsvej 25,2300,København S,01/01 - 2002,30/09 - 2012,0
29190623,Region Hovedstaden,Distriktspsykiatrisk Center Brønshøj/Husum,Brønshøjvej 6A,2700,Brønshøj,01/01 - 1996,27/09 - 2009,10-19
29190623,Region Hovedstaden,OPUS Nannasgade,"Nannasgade 28, 2",2200,København N,27/01 - 2010,30/09 - 2010,0
29190623,Region Hovedstaden,Afsnit 8741 Anoreksi,"Strandboulevarden 49, 4",2100,København Ø,27/01 - 2010,30/09 - 2010,0
29190623,Region Hovedstaden,"Rigshospitalet, distrikt psykiatrisk center Indre by",Vestergade 27,1456,København K,01/01 - 1999,30/12 - 2010,1
29190623,Region Hovedstaden,Den regionale praktikpladsenhed,Marielundvej 44,2730,Herlev,07/03 - 2013,31/07 - 2015,0
29190623,Region Hovedstaden,Videncenter for Innovation og Forskning (VIF),Ole Maaløes Vej 3,2200,København N,14/06 - 2013,01/04 - 2016,0
29190623,Region Hovedstaden,Ambulatoriet i Farum,Paltholmterrasserne 13A,3520,Farum,01/01 - 2007,30/12 - 2010,1
29190623,Region Hovedstaden,Lyngen - satellit til Lyngdal,Højager 20,3550,Slangerup,19/03 - 2007,31/12 - 2015,0
29190623,Region Hovedstaden,LÆGESEKRETÆRSKOLEN,Helsevej 2,3400,Hillerød,01/01 - 1993,31/12 - 2009,10-19
29190623,Region Hovedstaden,Misbrugsambulatoriet i Frederikssund,"Ny Østergade 1, 1",3600,Frederikssund,01/01 - 2007,31/12 - 2016,5-9
29190623,Region Hovedstaden,AKUcenter Ejegod,Strandstræde 30,3550,Slangerup,01/01 - 1993,31/12 - 2009,20-49
29190623,Region Hovedstaden,Distriktspsykiatrien i Høje Taastrup,Gasværksvej 1-3,2630,Taastrup,01/01 - 2007,31/10 - 2010,5-9
29190623,Region Hovedstaden,Nøddebakken,Bakager 24,4050,Skibby,01/01 - 2001,31/07 - 2016,0
29190623,Region Hovedstaden,Region Hovedstaden Elektive Laboratorium,Hvidovrevej 438,2650,Hvidovre,01/04 - 1994,31/12 - 2016,0
29190623,Region Hovedstaden,Distriktspsykiatrien i Brøndby,Brøndby Møllevej 2,2605,Brøndby,01/01 - 2007,30/09 - 2010,5-9
29190623,Region Hovedstaden,Distriktspsykiatrien i Herlev/ Værløse,Hørkær 16,2730,Herlev,01/01 - 2007,31/03 - 2011,10-19
29190623,Region Hovedstaden,IBBIS-projektet,"Mimersgade 47, 2",2200,København N,01/01 - 2016,31/12 - 2016,0
29190623,Region Hovedstaden,Service Center Indkøb,Mileparken 16,2740,Skovlunde,01/01 - 1993,30/12 - 2012,0
29190623,Region Hovedstaden,Boligerne Brøndbyøstervej,Brøndbyøstervej 156B,2605,Brøndby,01/06 - 2000,30/12 - 2010,50-99
29190623,Region Hovedstaden,Distriktspsykiatrisk Center - Vesterbro / Valby,Vesterbrogade 31,1620,København V,01/01 - 1997,30/12 - 2012,50-99
29190623,Region Hovedstaden,Nordsjællands Misbrugscenter,Skansevej 2C,3400,Hillerød,18/02 - 2008,31/12 - 2015,0
29190623,Region Hovedstaden,Distriktspsykiatrien i Rødovre,"Højnæsvej 73, 1",2610,Rødovre,01/01 - 2007,30/09 - 2010,5-9
29190623,Region Hovedstaden,Søhuset,"Nybrovej 333, 2",2800,Kgs.Lyngby,18/10 - 2007,03/03 - 2014,5-9
29190623,Region Hovedstaden,Retspsykiatrisk Center,Nordre Ringvej 29-67,2600,Glostrup,01/01 - 2003,01/01 - 2014,0
29190623,Region Hovedstaden,Distriktspsykiatrien i Hvidovre,Rebæk Søpark 3,2650,Hvidovre,01/01 - 2007,30/12 - 2012,2-4
29190623,Region Hovedstaden,Distriktspsykiatrien i Gladsaxe / Værløse,"Søborg Hovedgade 213, 1. th..",2860,Søborg,01/01 - 2007,14/04 - 2011,10-19
29190623,Region Hovedstaden,Job- og Kompetencecentret (JobKomp) Seminarievej,Seminarievej 25,2605,Brøndby,01/01 - 2005,30/12 - 2010,0
29190623,Region Hovedstaden,Lille Frydendal - Sølager,Tuse Lågevej 4,4300,Holbæk,01/01 - 2007,19/05 - 2010,2-4
29190623,Region Hovedstaden,Det Gule Hus - Sølager,Amtsvejen 205,3390,Hundested,01/01 - 2007,31/01 - 2012,20-49
29190623,Region Hovedstaden,BISPEBJERG HOSPITAL FYSIURGISK KLINIK,Bystævneparken 25,2700,Brønshøj,01/01 - 1993,30/12 - 2010,5-9
29190623,Region Hovedstaden,Distriktspsykiatrisk Center - Ydre Nørrebro,Nannasgade 28,2200,København N,01/01 - 1996,24/09 - 2009,10-19
29190623,Region Hovedstaden,Børneneurologisk Behandlingsklinik,Borgervænget 11,2100,København Ø,01/01 - 2000,31/05 - 2012,0
29190623,Region Hovedstaden,Distriktspsykiatrien i Virum,"Geels Plads 20, 1",2830,Virum,30/06 - 2010,31/07 - 2012,0
29190623,Region Hovedstaden,AMAGER HOSPITAL,Sundholmsvej 10,2300,København S,01/01 - 2007,29/06 - 2010,0
29190623,Region Hovedstaden,Glostrup Hospital - Driftsafdelingen,Nordre Ringvej 57,2600,Glostrup,24/10 - 2008,30/10 - 2014,0
29190623,Region Hovedstaden,Rigshospitalets Sygehusdrift,Tagensvej 18,2200,København N,01/01 - 2007,31/12 - 2014,0
29190623,Region Hovedstaden,Region Hovedstadens Apotek,Boserupvej 2,4000,Roskilde,01/01 - 2002,15/03 - 2011,0
29190623,Region Hovedstaden,Distriktspsykiatrien i Tårnby/Dragør,Amager Landevej 61,2770,Kastrup,13/11 - 2003,31/12 - 2010,5-9
29190623,Region Hovedstaden,BISPEBJERG HOSPITAL SELVMORDSCENTRET,"Carl Nielsens Allé 9, 2",2100,København Ø,01/01 - 2007,30/12 - 2010,0
29190623,Region Hovedstaden,Devika,Ullasvej 8,3700,Rønne,01/01 - 2003,29/02 - 2008,20-49
29190623,Region Hovedstaden,Det regionale Elbilsekretariat,Diplomvej 381,2800,Kgs. Lyngby,19/04 - 2013,01/03 - 2016,0
29190623,Region Hovedstaden,Region Hovedstaden Elektive Laboratorium,Selsmosevej 2,2630,Taastrup,01/04 - 1994,31/12 - 2016,0
29190623,Region Hovedstaden,H:S BST,Lersø Parkallé 107,2100,København Ø,01/06 - 2002,01/01 - 2007,0
29190623,Region Hovedstaden,Region Hovedstaden Koncern Økonomi og Indkøb,Bredgade 34,1260,København K,01/04 - 1964,30/12 - 2009,50-99
29190623,Region Hovedstaden,Region Hovedstaden Elektive Laboratorium,Søborg Hovedgade 118,2860,Søborg,01/04 - 1994,31/12 - 2016,5-9
29190623,Region Hovedstaden,Klintegården,Lundebjergvej 80,3600,Frederikssund,01/01 - 1993,15/03 - 2015,0
29190623,Region Hovedstaden,Projekt IPS,"Brønshøjvej 6A, 1",2700,Brønshøj,31/10 - 2012,11/11 - 2016,10-19
29190623,Region Hovedstaden,Region Hovedstaden Elektive Laboratorium,Amsterdamvej 2,2300,København S,01/04 - 1994,01/03 - 2017,0
29190623,Region Hovedstaden,KLINIKKEN FOR CEREBRAL PARESE,Hans Knudsens Plads 3,2100,København Ø,01/01 - 2007,01/04 - 2020,0
29190623,Region Hovedstaden,Sekretariatet for Lægelig Videreuddannelse i Region Øst,Ledreborg Alle 40,2820,Gentofte,01/01 - 2008,30/06 - 2018,0
29190623,Region Hovedstaden,Akutlægebiler - Region Hovedstadens Akutberedskab,H.C. Andersens Boulevard 23,1553,København V,01/01 - 2007,01/04 - 2020,0
29190623,Region Hovedstaden,Region Hovedstaden Elektive Laboratorium,"Banegårdspladsen 7, 1",2750,Ballerup,01/04 - 1994,30/04 - 2018,0
29190623,Region Hovedstaden,Center for HR - Kompetenceudvikling og efteruddannelse,"Stationsparken 26, st",2600,Glostrup,05/10 - 2007,01/10 - 2018,0
29190623,Region Hovedstaden,Rigshospitalets Udviklingsafdeling,"Tagensvej 22, 3",2200,København N,01/01 - 2007,04/04 - 2018,0
29190623,Region Hovedstaden,Steno Diabetes Center Copenhagen,Niels Steensens Vej 8,2820,Gentofte,01/01 - 2017,20/04 - 2018,0
29190623,Region Hovedstaden,Forskningscenter for Forebyggelse og Sundhed,Nordre Ringvej 57,2600,Glostrup,19/08 - 2003,01/11 - 2018,0
29190623,Region Hovedstaden,Afdeling Mikkelbo - Nødebogård,Tyringevej 19,3460,Birkerød,01/01 - 2005,31/12 - 2019,0
29190623,Region Hovedstaden,CVU Øresund Sygeplejerskeuddannelsen,Tagensvej 18,2200,København N,01/01 - 1998,31/03 - 2008,100-199
29190623,Region Hovedstaden,Psykiatriens Vikarcenter,"Carl Nielsens Allé 9D, 1",2100,København Ø,01/01 - 1993,01/09 - 2019,1
29190623,Region Hovedstaden,Lyngdal - Solistbolig 1,Tyringevej 1,3460,Birkerød,21/03 - 2012,01/06 - 2021,94
29190623,Region Hovedstaden,Børne- og Ungdomspsykiatrisk Center - Centervænget,"Centervænget 19, 1. th.",3400,Hillerød,31/10 - 2012,01/04 - 2020,1
29190623,Region Hovedstaden,Røde Kors Herberg for kvinder,"Kettegård Alle 14A, st. th.",2650,Hvidovre,19/01 - 2012,30/11 - 2019,20-49
29190623,Region Hovedstaden,COVID-19 Vaccinationscenter Ishøj,Vejledalen 17,2635,,01/01 - 2021,01/01 - 2022,3
29190623,Region Hovedstaden,OPUS-team Nørrebro,Hans Kirks Vej 6,2200,København N,27/01 - 2010,31/03 - 2022,18
29190623,Region Hovedstaden,COVID-19 Vaccinationscenter Øksnehallen,Halmtorvet 11,1700,,01/01 - 2021,01/02 - 2022,322
29190623,Region Hovedstaden,Rønnegård - Botilbudet - De to huse,Tyringevej 11-13,3460,Birkerød,20/05 - 2010,31/12 - 2021,32
29190623,Region Hovedstaden,CVU Øresund Sygeplejerskeuddannelsen,Tuborgvej 235,2400,København NV,01/01 - 1993,30/12 - 2006,20-49
29190623,Region Hovedstaden,KOMMUNEHOSPITALET,Øster Farimagsgade 5,1353,København K,01/01 - 2007,01/01 - 2007,100-199
29190623,Region Hovedstaden,SKOLEN SCT. HANS HOSPITAL,Boserupvej 2,4000,Roskilde,01/01 - 2007,01/01 - 2007,10-19
29190623,Region Hovedstaden,Region Hovedstadens Apotek,Rønnegade 1,2100,København Ø,01/01 - 1993,31/05 - 2007,10-19
29190623,Region Hovedstaden,CVU Øresund SYGEPLEJESKOLEN,Kettegård Alle 30,2650,Hvidovre,01/01 - 2007,01/01 - 2007,50-99
29190623,Region Hovedstaden,Region Hovedstaden Centralforvaltningen,Stationsparken 27,2600,Glostrup,01/01 - 1993,01/01 - 2007,500-999
29190623,Region Hovedstaden,Job- og Kompetencecentret (JobKomp) Djursvang,Djursvang 7A,2620,Albertslund,01/01 - 1993,01/01 - 2007,2-4
29190623,Region Hovedstaden,Botilbudet Tyringevej,Tyringevej 1-19,3460,Birkerød,01/01 - 1993,30/06 - 2007,10-19
29190623,Region Hovedstaden,Akucenter Værkstedet Farum,Bygmarken 26,3520,Farum,01/01 - 1993,30/06 - 2007,20-49
29190623,Region Hovedstaden,Fysio- og ergoterapifunktionen,Gymnasievej 10,2625,Vallensbæk,01/01 - 1994,01/01 - 2007,50-99
29190623,Region Hovedstaden,VÆRKSTEDSTERAPIEN FOR HILLERØD SYGEHUS,Holmensvej 38,3600,Frederikssund,01/01 - 1995,13/05 - 2008,1
29190623,Region Hovedstaden,OPUS-team Indre by & Østerbro,Strandboulevarden 96,2100,København Ø,01/01 - 2007,30/04 - 2022,9
29190623,Region Hovedstaden,Landsindsatsen EN AF OS,Carl Nielsens Allé 9D,2100,København Ø,01/01 - 2016,28/02 - 2022,0
29190623,Region Hovedstaden,Den Sociale Virksomhed - Fællesadministration,Milnersvej 35B,3400,Hillerød,18/10 - 2011,31/12 - 2022,6
29190623,Region Hovedstaden,Sundhedsforskning & Innovation,Blegdamsvej 60,2100,København Ø,17/02 - 2021,31/12 - 2022,1
29190623,Region Hovedstaden,Jordemodercenter Ishøj - Hvidovre Hospital,"Ishøj Store Torv 22, 2. sal.",2635,Ishøj,01/04 - 2015,01/01 - 2024,0
29190623,Region Hovedstaden,Amager vaccinationscenter,"Sundbyvestervej 97A, kl",2300,København S,01/01 - 2022,31/05 - 2024,1
29190623,Region Hovedstaden,Hvidovre Hospital,Kettegård Alle 36,2650,Hvidovre,04/11 - 2024,04/11 - 2024,
29190623,Region Hovedstaden,COVID-19 Teststed København,Vingelodden 6,2200,København N,01/04 - 2020,31/05 - 2024,1
29190623,Region Hovedstaden,COVID-19 Teststed Københavns Lufthavn,Ellehammersvej 26,2770,Kastrup,01/04 - 2020,31/05 - 2024,2
29190623,Region Hovedstaden,Hovedbanegården vaccinationscenter,Banegårdspladsen 9,1570,København V,01/01 - 2022,31/05 - 2024,1
29190623,Region Hovedstaden,Klinik for Rygmarvsskader,Havnevej 25,3100,Hornbæk,01/01 - 1993,31/05 - 2024,2
29190623,Region Hovedstaden,Ambulatorie for Prøvetagning,Klampenborgvej 232,2800,Kongens Lyngby,01/04 - 1994,31/05 - 2024,8
29190623,Region Hovedstaden,Ambulatorie for Prøvetagning,"Rødovre Centrum 1K, 1. 292.",2610,Rødovre,01/04 - 1994,31/07 - 2024,1
29190623,Region Hovedstaden,Psykiatrisk Center København,Griffenfeldsgade 46,2200,København N,01/01 - 2007,31/03 - 2025,34
29190623,Region Hovedstaden,COVID-19 Teststed Taastrup,Taastrupgårdsvej 28,2630,Taastrup,01/04 - 2020,31/05 - 2024,1
29190623,Region Hovedstaden,COVID-19 Teststed Hillerød,Milnersvej 35A,3400,,01/04 - 2020,31/05 - 2024,4
29190623,Region Hovedstaden,Baldersgade vaccinationscenter,Baldersgade 24,2200,København N,01/01 - 2021,01/07 - 2024,1
29190623,Region Hovedstaden,Skovlunde vaccinationscenter,Meterbuen 19,2740,Skovlunde,01/01 - 2021,31/05 - 2024,22
29190623,Region Hovedstaden,COVID-19 Teststed Ballerup,Energivej 50,2750,,01/04 - 2020,31/05 - 2024,1
29190623,Region Hovedstaden,COVID-19 Vaccinationscenter Hillerød,Østergade 8,3400,,01/01 - 2021,31/05 - 2024,24
29190623,Region Hovedstaden,COVID-19 Teststed Valby,Værkstedvej 56,2500,,01/04 - 2020,01/07 - 2024,1
29190623,Region Hovedstaden,COVID-19 Teststed og Vaccinationcenter Bornholm,Ullasvej 39C,3700,,01/04 - 2020,31/05 - 2024,4
29190623,Region Hovedstaden,Helsingør vaccinationscenter,Svingelport 7,3000,Helsingør,01/01 - 2022,31/05 - 2024,10
29190623,Region Hovedstaden,Nationalt lager - Region Hovedstaden,Hedelandsvej 28A,2640,Hedehusene,01/12 - 2020,30/06 - 2025,
29190623,Region Hovedstaden,Praksisklinikken på Frederiksberg,Nordre Fasanvej 57,2000,Frederiksberg,01/10 - 2018,01/05 - 2025,
29190623,Region Hovedstaden,Praksisklinikken på Amager,Italiensvej 1,2300,København S,01/10 - 2018,01/05 - 2025,
29190623,Region Hovedstaden,Region Hovedstadens Apotek Hillerød Hospital,Dyrehavevej 29,3400,Hillerød,01/01 - 1995,,32
29190623,Region Hovedstaden,Orion bo- og rehabiliteringstilbud,Københavnsvej 33,3400,Hillerød,01/01 - 1996,,83
29190623,Region Hovedstaden,Psykiatrisk Center København,Strandboulevarden 96,2100,København Ø,01/01 - 1996,,52
29190623,Region Hovedstaden,Psykiatrisk Center Glostrup - Gl. Kongevej,Gammel Kongevej 33,1610,København V,01/01 - 1997,,58
29190623,Region Hovedstaden,Kamager,Brønderslev Alle 21,2770,Kastrup,01/01 - 1998,,154
29190623,Region Hovedstaden,Psykiatrisk Center Glostrup - Brøndbyøstervej,Brøndbyøstervej 160,2605,Brøndby,01/01 - 1998,,231
29190623,Region Hovedstaden,Region Hovedstadens Apotek Rigshospitalet,Esther Møllers Vej 2,2100,København Ø,01/01 - 1998,,179
29190623,Region Hovedstaden,Psykiatrisk Center Amager,Digevej 110,2300,København S,01/01 - 1999,,493
29190623,Region Hovedstaden,Region Hovedstadens Apotek Hvidovre Hospital,Kettegård Alle 30,2650,Hvidovre,01/01 - 2000,,57
29190623,Region Hovedstaden,Region Hovedstadens Apotek,Marielundvej 25,2730,Herlev,01/01 - 2000,,377
29190623,Region Hovedstaden,Psykiatrisk Center Nordsjælland,Dyrehavevej 48,3400,Hillerød,01/01 - 2002,,438
29190623,Region Hovedstaden,Psykoterapeutisk Center Stolpegård,Stolpegårdsvej 20,2820,Gentofte,01/01 - 2002,,89
29190623,Region Hovedstaden,Psykiatrisk Center Ballerup,Maglevænget 2,2750,Ballerup,01/01 - 2002,,807
29190623,Region Hovedstaden,Lunden,Brøndbyøstervej 156A,2605,Brøndby,01/01 - 2002,,82
29190623,Region Hovedstaden,Børne- og Ungdomspsykiatrisk Center - Afdeling Glostrup,Nordstjernevej 17,2600,Glostrup,01/01 - 2003,,450
29190623,Region Hovedstaden,Psykiatrisk Center Glostrup,Nordstjernevej 41,2600,Glostrup,01/01 - 2003,,545
29190623,Region Hovedstaden,Læbe-Ganespalte Centret,Rygårds Alle 45,2900,Hellerup,01/01 - 2004,,22
29190623,Region Hovedstaden,Hjerneskadecenter Virum,Kongevejen 256A,2830,Virum,01/01 - 2003,,39
29190623,Region Hovedstaden,Psykiatrisk Center Bornholm,Helsevej 3,3700,Rønne,18/03 - 2017,,102
29190623,Region Hovedstaden,Børne- og Ungdomspsykiatrisk Ambulatorium Bornholm,Sygehusvej 16,3700,Rønne,18/03 - 2017,,8
29190623,Region Hovedstaden,Center for Sundhed - Østerbro,Borgervænget 3,2100,København Ø,06/02 - 2006,,147
29190623,Region Hovedstaden,Region Hovedstadens psykiatri,"Kristineberg 3, 4",2100,København Ø,01/01 - 2007,,33
29190623,Region Hovedstaden,Center for Forsorg og Behandling - Hørsholm Ambulatorium,"Holmetoften 15, 1",2970,Hørsholm,01/01 - 2007,,5
29190623,Region Hovedstaden,Psykiatrisk Center Glostrup - H.J. Holst Vej,"H.J. Holst Vej 3B, 2",2605,Brøndby,01/01 - 2007,,33
29190623,Region Hovedstaden,Afdeling Østervang - Nødebogård,Østervang 87,3400,Hillerød,01/01 - 2007,,15
29190623,Region Hovedstaden,Psykiatrisk Center Glostrup - Ishøj Bycenter,"Ishøj Store Torv 20, 7",2635,Ishøj,01/01 - 2007,,31
29190623,Region Hovedstaden,Psykiatrisk Ambulatorium Frederiksberg og Vanløse,Nimbusparken 24,2000,Frederiksberg,01/01 - 2007,,51
29190623,Region Hovedstaden,Sølager - Udsigten og Nøddebakken,Bakager 20,4050,Skibby,18/10 - 2007,,26
29190623,Region Hovedstaden,Region Hovedstadens Apotek Glostrup Hospital,Valdemar Hansens Vej 1,2600,Glostrup,01/01 - 2007,,11
29190623,Region Hovedstaden,Region Hovedstadens Apotek Herlev Hospital,Borgmester Ib Juuls Vej 1,2730,Herlev,01/01 - 2007,,97
29190623,Region Hovedstaden,Region Hovedstadens Apotek Bornholm Hospital,Ullasvej 8,3700,Rønne,01/01 - 2007,,8
29190623,Region Hovedstaden,Center for IT og Medicoteknologi,Borgervænget 7,2100,København Ø,10/12 - 2007,,840
29190623,Region Hovedstaden,Solgaven,Skovbakken 126,3520,Farum,01/01 - 2008,,83
29190623,Region Hovedstaden,Psykiatrisk Center København,Nordre Fasanvej 59,2000,Frederiksberg,21/09 - 2009,,364
29190623,Region Hovedstaden,Psykiatrisk Center København,Edel Sauntes Allé 10,2100,København Ø,27/01 - 2010,,1
29190623,Region Hovedstaden,Psykiatrisk Center København,Ole Maaløes Vej 16,2200,København N,27/01 - 2010,,17
29190623,Region Hovedstaden,Psykiatrisk Center København,Nannasgade 28A,2200,København N,27/01 - 2010,,38
29190623,Region Hovedstaden,Børne- og Ungdomspsykiatrisk Center - Afdeling Bispebjerg,Bispebjerg Bakke 30,2400,København NV,22/11 - 2010,,267
29190623,Region Hovedstaden,Regionslageret,Fabriksparken 22,2600,Glostrup,14/03 - 2011,,185
29190623,Region Hovedstaden,Blindecenter Bredegaard,Lindelyvej 5,3480,Fredensborg,15/03 - 2011,,142
29190623,Region Hovedstaden,Psykiatrisk Ambulatorium Gladsaxe,"Gladsaxe Møllevej 15, 1",2860,Søborg,15/04 - 2011,,34
29190623,Region Hovedstaden,Psykiatriens Centrale Visitation,Carl Nielsens Allé 9D,2100,København Ø,24/05 - 2011,,25
29190623,Region Hovedstaden,Jonstrupvang Bebyggelsen,Chr Hauchs Alle 11,3500,Værløse,05/09 - 2011,,167
29190623,Region Hovedstaden,RegionH Design - Center for Politik og Kommunikation,Gentofte Hospitalsvej 46,2900,Hellerup,24/11 - 2011,,7
29190623,Region Hovedstaden,Center for HR og Uddannelse,"Gentofte Hospitalsvej 10B, 1",2900,Hellerup,03/01 - 2012,,503
29190623,Region Hovedstaden,Svendebjerggård krisecenter,Catherine Boothsvej 20,2650,Hvidovre,01/01 - 2012,,24
29190623,Region Hovedstaden,Børne- og Ungdomspsykiatrisk Center - Det ambulante Hus,Sydvestvej 102,2600,Glostrup,31/10 - 2012,,124
29190623,Region Hovedstaden,Børne- og Ungdomspsykiatrisk Center - Lersø Parkallé,"Lersø Parkallé 107, 1",2100,København Ø,31/10 - 2012,,39
29190623,Region Hovedstaden,Region Hovedstadens Akutberedskab,"Telegrafvej 5, 3",2750,Ballerup,09/08 - 2013,,857
29190623,Region Hovedstaden,PsykInfo,Rosengården 14,1174,København K,19/02 - 2014,,8
29190623,Region Hovedstaden,Center for HR og Uddannelse - Uddannelseslæger i praksis,"Gentofte Hospitalsvej 10B, 1",2900,Hellerup,01/01 - 2015,,600
29190623,Region Hovedstaden,SAP Kompetence- og Supportcenter,"Naverland 31, 2",2600,Glostrup,08/12 - 2015,,20
29190623,Region Hovedstaden,Steno Diabetes Center Copenhagen,Borgmester Ib Juuls Vej 83,2730,Herlev,01/01 - 2017,,545
29190623,Region Hovedstaden,Center for Ejendomme,Stationsalleen 42,2730,Herlev,01/11 - 2016,,126
29190623,Region Hovedstaden,Røde Kors Herberg for Kvinder,Kettegård Alle 14,2650,Hvidovre,01/04 - 2020,,34
29190623,Region Hovedstaden,Psykiatrisk Center Nordsjælland Frederikssund,Frederikssundsvej 30,3600,,01/07 - 2021,,17
29190623,Region Hovedstaden,Børne- og Ungdomspsykiatrisk Center - Afdeling Hillerød,Dyrehavevej 50,3400,Hillerød,01/09 - 2021,,104
29190623,Region Hovedstaden,CAMES Rigshospitalet,Ryesgade 53B,2100,København Ø,01/01 - 2022,,35
29190623,Region Hovedstaden,Psykiatrisk Center København,"Lersø Parkallé 112, st",2100,København Ø,01/01 - 2022,,36
29190623,Region Hovedstaden,Hospitalslogistik,Telegrafvej 10,2750,Ballerup,01/01 - 2022,,13
29190623,Region Hovedstaden,Psykiatrisk Center København,Esther Ammundsens Vej 36,2400,København NV,01/08 - 2022,,468
29190623,Region Hovedstaden,Ambulatorie for Psykoterapeutisk Udvikling,"Hans Bogbinders Allé 3, ST",2300,København S,01/01 - 2023,,11
29190623,Region Hovedstaden,Psykiatrisk Center Nordsjælland,Milnersvej 35B,3400,Hillerød,01/09 - 2023,,15
29190623,Region Hovedstaden,Børne- og Ungdomspsykiatri Forskningsenheden,Gentofte Hospitalsvej 3A,2900,Hellerup,01/06 - 2023,,77
29190623,Region Hovedstaden,Den Fælles Sterilcentral Rigshospitalet,Henrik Harpestrengs Vej 13,2100,København Ø,01/10 - 2024,,2
29190623,Region Hovedstaden,Center for Forsorg og Behandling - Skovporten,Tyringevej 17,3460,Birkerød,01/10 - 2025,,33
29190623,Region Hovedstaden,Psykiatrisk Center Ballerup - Afdeling Gentofte,Gentofte Hospitalsvej 19,2900,Hellerup,01/01 - 2002,,0
29190623,Region Hovedstaden,Opsøgende Psykiatrisk Team Bispebjerg - Brønshøj,"Lygten 37, 1. th.",2400,København NV,27/01 - 2010,,0
29190623,Region Hovedstaden,Rigshospitalet,Ole Maaløes Vej 5,2200,København N,09/02 - 2007,,0
29190623,Region Hovedstaden,Flexboligerne i Nivå - Orion,Johannes Hages Alle 9,2990,Nivå,01/01 - 2007,,3
29190623,Region Hovedstaden,Kommunikationscentret i Region Hovedstaden,"Telegrafvej 5, 1",2750,Ballerup,18/10 - 2007,,1
29190623,Region Hovedstaden,Region Hovedstadens Apotek Gentofte Hospital,Gentofte Hospitalsvej 1,2900,Hellerup,01/01 - 2007,,5-9
29190623,Region Hovedstaden,Region Hovedstadens Apotek Frederikssund Hospital,Frederikssundsvej 30,3600,Frederikssund,01/01 - 2007,,2-4
29190623,Region Hovedstaden,Rigshospitalet - Glostrup - caféen / kiosken,Valdemar Hansens Vej 1-23,2600,Glostrup,28/07 - 2011,,
29190623,Region Hovedstaden,Center for HR og Uddannelse - Social- og sundhedsassistentelever,"Gentofte Hospitalsvej 10B, 1",2900,Hellerup,29/02 - 2012,,0
29190623,Region Hovedstaden,GivBlod,Rathsacksvej 6,1862,Frederiksberg C,01/01 - 2013,,
29190623,Region Hovedstaden,Nordsjællands Hospital - Helsingør Sundhedshus,"Birkedalsvej 35V, st. 3.",3000,Helsingør,22/03 - 2013,,0
29190623,Region Hovedstaden,Center for Forsorg og Behandling - Ungetilbud Brøndby,Brøndby Møllevej 8,2605,Brøndby,01/01 - 2017,,1
29190623,Region Hovedstaden,Psykiatrisk Center København,Blegdamsvej 9,2100,København Ø,01/12 - 2016,,
29190623,Region Hovedstaden,Praksisklinikken Bornholms Hospital,Søndre Villavej 11,3700,Rønne,01/06 - 2017,,0
29190623,Region Hovedstaden,Fonden Til Patienter På Københavns Amts Sygehuse,Borgmester Ib Juuls Vej 1,2730,Herlev,01/06 - 2017,,
29190623,Region Hovedstaden,Center for Forsorg og Behandling - Tandhjulet,"Nordre Jernbanevej 36, 2",3400,Hillerød,08/12 - 2025,,
29190623,Region Hovedstaden,Psykiatrisk Center København,Tuborgvej 235,2400,København NV,04/01 - 2010,,1
29190623,Region Hovedstaden,OPUS-YOUNG - Forskningsenheden Børne- og Ungdomspsykiatrisk Center,"Brønshøjvej 6A, 2. tv.",2700,Brønshøj,01/12 - 2019,,
29190623,Region Hovedstaden,Nyt Hospital Nordsjælland,Hospitalsvej 1,3400,Hillerød,01/01 - 2020,,
29190623,Region Hovedstaden,Center for Forsorg og Behandling - Ungetilbuddet Helsingehuset,Nygade 23,3200,Helsinge,01/01 - 2007,,3
29190623,Region Hovedstaden,Den Fælles Sterilcentral - Eksternt lager,Hobrovej 20,2610,Rødovre,01/11 - 2025,,
29190623,Region Hovedstaden,Translationelt Forskningscenter,Nordstjernevej 42,2600,Glostrup,01/01 - 2024,,
29190623,Region Hovedstaden,Den Fælles Sterilcentral Herlev,Borgmester Ib Juuls Vej 56,2730,Herlev,01/10 - 2024,,
29190623,Region Hovedstaden,Bispebjerg Frederiksberg Hospital - Klinisk Biokemisk afdeling - Ambulatorie for Prøvetagning,"Vester Farimagsgade 3, 3",1606,København V,27/04 - 1964,,1
29190623,Region Hovedstaden,BISPEBJERG HOSPITAL CENTRALVASKERIET,Bispebjerg Bakke 23,2400,København NV,01/01 - 1993,,0
29190623,Region Hovedstaden,Kennedy Centret,Gamle Landevej 7,2600,Glostrup,01/01 - 1993,,0
29190623,Region Hovedstaden,Kennedy Centrets Øjenklinik,Rymarksvej 1,2900,Hellerup,01/01 - 1993,,0
29190623,Region Hovedstaden,Den Fælles Sterilcentral Gentofte,Gentofte Hospitalsvej 3,2900,Hellerup,01/10 - 2024,,
29190623,Region Hovedstaden,Psykiatrisk Center København Administrationen,Gentofte Hospitalsvej 15,2900,Hellerup,01/09 - 2015,,279
29190623,Region Hovedstaden,Ambulatorie for Prøvetagning,"Hovedvejen 91, 2",2600,Glostrup,01/04 - 1994,,2
29190623,Region Hovedstaden,EU-nødlager - Region Hovedstaden,Priorparken 412,2605,Brøndby,01/12 - 2020,,
29190623,Region Hovedstaden,Region Hovedstadens Apotek Amager Hospital,Italiensvej 1,2300,København S,01/01 - 2000,,5-9
29190623,Region Hovedstaden,Region Hovedstadens Apotek Frederiksberg Hospital,Nordre Fasanvej 57,2000,Frederiksberg,01/01 - 2000,,1
29190623,Region Hovedstaden,AMAGER HOSPITAL,Italiensvej 1,2300,København S,01/01 - 1993,,439
29190623,Region Hovedstaden,Psykiatrisk Center København,Lygten 37,2400,København NV,01/01 - 1993,,71
29190623,Region Hovedstaden,BISPEBJERG HOSPITAL,Bispebjerg Bakke 23,2400,København NV,01/01 - 1993,,4375
29190623,Region Hovedstaden,Region Hovedstadens Apotek Bispebjerg Hospital,Bispebjerg Bakke 23,2400,København NV,01/01 - 1993,,48
29190623,Region Hovedstaden,Psykiatrisk Center Sct. Hans,Boserupvej 2,4000,Roskilde,01/01 - 1993,,745
29190623,Region Hovedstaden,Geelsgårdskolen,Kongevejen 252,2830,Virum,01/01 - 1993,,342
29190623,Region Hovedstaden,Rigshospitalet - Glostrup,Valdemar Hansens Vej 1-23,2600,Glostrup,01/01 - 1993,,2226
29190623,Region Hovedstaden,Nødebogård,Kildeportvej 20,3480,Fredensborg,01/01 - 1993,,77
29190623,Region Hovedstaden,Psykiatrisk Ambulatorium - Hans Bogbinders Allé,Hans Bogbinders Allé 3,2300,København S,01/01 - 1993,,84
29190623,Region Hovedstaden,Skovvænget,Maglevænget 48,2750,Ballerup,01/01 - 1993,,57
29190623,Region Hovedstaden,FREDERIKSBERG HOSPITAL,Nordre Fasanvej 57,2000,Frederiksberg,01/01 - 1993,,459
29190623,Region Hovedstaden,Hulegården,Brøndbyøstervej 174A,2605,Brøndby,01/01 - 1993,,67
29190623,Region Hovedstaden,Gentofte Hospital,Gentofte Hospitalsvej 1,2900,Hellerup,01/01 - 1993,,1980
29190623,Region Hovedstaden,Herlev Hospital,Borgmester Ib Juuls Vej 1,2730,Herlev,01/01 - 1993,,6237
29190623,Region Hovedstaden,Kommunikationscentret i Region Hovedstaden,Rygårds Alle 45,2900,Hellerup,01/01 - 1993,,104
29190623,Region Hovedstaden,HVIDOVRE HOSPITAL,Kettegård Alle 36,2650,Hvidovre,01/01 - 1993,,5219
29190623,Region Hovedstaden,Center for Forsorg og Behandling - Solvang,Nordstjernevej 50,2600,Glostrup,01/01 - 1993,,32
29190623,Region Hovedstaden,Sølager,Sølagervejen 40A,3390,Hundested,01/01 - 1993,,68
29190623,Region Hovedstaden,3Kløveren - Afd. Åbjerggård,Åbjergvej 32,3600,Frederikssund,01/01 - 1993,,65
29190623,Region Hovedstaden,Lyngdal,Tyringevej 5,3460,Birkerød,01/01 - 1993,,148
29190623,Region Hovedstaden,Psykiatrisk Center Nordsjælland - afdeling Helsingør,Esrumvej 143,3000,Helsingør,01/01 - 1993,,97
29190623,Region Hovedstaden,Nordsjællands Hospital - Hillerød,Dyrehavevej 29,3400,Hillerød,01/01 - 1993,,3904
29190623,Region Hovedstaden,Regionsgården,Kongens Vænge 2,3400,Hillerød,01/01 - 1993,,813
29190623,Region Hovedstaden,Center for Forsorg og Behandling - Skansegården,Skansevej 2C,3400,Hillerød,01/01 - 1993,,85
29190623,Region Hovedstaden,Rønnegård,Strøvej 93,3330,Gørløse,01/01 - 1993,,137
29190623,Region Hovedstaden,Nordsjællands Hospital - Frederikssund,Frederikssundsvej 30,3600,Frederikssund,01/01 - 1993,,272
29190623,Region Hovedstaden,Bornholms Hospital,Ullasvej 8,3700,Rønne,18/03 - 2017,,759
29190623,Region Hovedstaden,RIGSHOSPITALET,Blegdamsvej 9,2100,København Ø,01/01 - 1993,,11131
29190623,Region Hovedstaden,Afdeling Bagsværd - Nødebogård,Aldershvilevej 3,2800,Kgs. Lyngby,01/01 - 1993,,52
29190623,Region Hovedstaden,3Kløveren,Smakkevej 1,3070,Snekkersten,01/01 - 1994,,87
29190623,Region Hovedstaden,OP-teams Psykiatrisk Center Sct. Hans,Carl Nielsens Allé 9,2100,København Ø,01/01 - 1994,,19
17143611,Rigspolitiet,Politiet Herfølge,Billesborgvej 1A,4681,Herfølge,01/01 - 2005,16/07 - 2009,
17143611,Rigspolitiet,Nationale IT-efterforskningscenter NITEC,Dragonvej 1,8900,Randers C,08/09 - 2009,27/12 - 2009,
17143611,Rigspolitiet,Politiet Hasle,Viborgvej 169,8210,Århus V,01/01 - 2005,24/09 - 2009,
17143611,Rigspolitiet,LANDPOLITIET HVALSØ (Pkr.08),Hyldebjerg 47,4330,Hvalsø,31/01 - 2013,01/05 - 2014,
17143611,Rigspolitiet,Politiet Motorkontoret Roskilde,Helligkorsvej 12,4000,Roskilde,01/01 - 2005,15/09 - 2009,
17143611,Rigspolitiet,Politiet Hvide Sande,Østergade 2,6960,Hvide Sande,01/01 - 2005,15/09 - 2009,
17143611,Rigspolitiet,Nordsjællands Politi i Slangerup,Kongensgade 18,3550,Slangerup,01/01 - 2008,15/09 - 2009,
17143611,Rigspolitiet,"Københavns Politi, Grænsepolitiafdelingen","Kamillevej 4, st",2770,Kastrup,04/12 - 2009,01/09 - 2014,
17143611,Rigspolitiet,Politiet Karrebæksminde,Alleen 33,4736,Karrebæksminde,01/01 - 2005,26/05 - 2009,
17143611,Rigspolitiet,Politiet Viby,Skanderborgvej 174,8260,Viby J,01/01 - 2005,15/12 - 2009,
17143611,Rigspolitiet,Politiet Roskilde Vest,Rønnebærparken 580,4000,Roskilde,01/01 - 2005,16/07 - 2009,
17143611,Rigspolitiet,Politiet Ølby,"Ølbycenter 5, 1",4600,Køge,01/01 - 2005,16/07 - 2009,
17143611,Rigspolitiet,Politiskolen Anneksskolen,Park Allé 295,2605,Brøndby,01/01 - 2005,03/01 - 2010,
17143611,Rigspolitiet,NÆRPOLITI ROSKILDE ØST. (Pkr.08),Klosterengen 137A,4000,Roskilde,01/01 - 2005,29/06 - 2011,
17143611,Rigspolitiet,RIGSPOLITIET FÆRDSELSAFDELINGEN,Ellebjergvej 50,2450,København SV,11/07 - 2003,11/07 - 2003,
17143611,Rigspolitiet,Politiet Frederikssund,Løgismose 2,3600,Frederikssund,01/01 - 2005,15/09 - 2009,
17143611,Rigspolitiet,NÆRPOLITIET SÆDDING. (Pkr.05),"Ådalsvænget 18, st. tv.",6710,Esbjerg V,01/01 - 2005,24/03 - 2014,
17143611,Rigspolitiet,Politiet Risskov,Tretommervej 56,8240,Risskov,01/01 - 2005,15/12 - 2009,
17143611,Rigspolitiet,NORDJYLLANDS POLITI. EFTERFORSKNING - LØGSTØR. (Pkr.01),Blindebomsgade 12A,9670,Løgstør,01/01 - 2005,24/02 - 2011,
17143611,Rigspolitiet,Politiet Randers,Mariagervej 133,8900,Randers C,01/01 - 2005,24/09 - 2009,
17143611,Rigspolitiet,Politiet Asylcenter Avnstrup,Avnstrupvej 1,4330,Hvalsø,01/01 - 2005,16/07 - 2009,
17143611,Rigspolitiet,LANDPOLITIET HØJER. (Pkr.05),Skolegade 8,6280,Højer,01/01 - 2005,29/06 - 2011,
17143611,Rigspolitiet,Politiet Jægerspris,Parkvej 1,3630,Jægerspris,01/01 - 2005,15/09 - 2009,
17143611,Rigspolitiet,Politiet Herning Motor-Paskontor,Østergade 50,7400,Herning,01/01 - 2005,15/12 - 2009,
17143611,Rigspolitiet,"LANDPOLITIET, HOVEDGÅRD (Pkr. 04)",Stationsvej 3,8732,Hovedgård,22/08 - 2012,24/03 - 2014,
17143611,Rigspolitiet,Politiet Frederiksberg,Solbjergvej 39,2000,Frederiksberg,01/01 - 2005,25/10 - 2009,
17143611,Rigspolitiet,HOLBÆK. UDLÆNDINGEAFD. - KØREPRØVESAGK. POLITI. (Pkr.08),Rådhusvej 6,4300,Holbæk,01/01 - 2005,30/01 - 2013,
17143611,Rigspolitiet,Midt- og Vestjyllands Politi,Holbergsvej 2,7500,Holstebro,01/01 - 2008,14/07 - 2009,
17143611,Rigspolitiet,Politimesteren i Gråsten,Haderslevvej 52,6200,Aabenraa,08/03 - 2002,08/03 - 2002,
17143611,Rigspolitiet,Politiet Kvaglund,Kvaglundparken 2,6705,Esbjerg Ø,01/01 - 2005,24/09 - 2009,
17143611,Rigspolitiet,Politiet Odense City,Jessens Mole 3,5700,Svendborg,01/01 - 2005,15/09 - 2009,
17143611,Rigspolitiet,Kalundborg ordenspolitiet,Slotsvænget 5,4400,Kalundborg,01/01 - 2005,16/07 - 2009,
17143611,Rigspolitiet,NÆRPOLITIET. JERNE. (Pkr.05),Stengårdsvej 163,6705,Esbjerg Ø,01/01 - 2005,24/03 - 2014,
17143611,Rigspolitiet,"Syd- og Sønderjyllands Politi, Nærpolitiet Jerne",Stengårdsvej 163,6705,Esbjerg Ø,02/05 - 2014,09/03 - 2019,
17143611,Rigspolitiet,"Syd- og Sønderjyllands Politi, Landpoliti Toftlund",Søndergade 55,6520,Toftlund,02/05 - 2014,09/03 - 2019,
17143611,Rigspolitiet,"Syd- og Sønderjyllands Politi, Landpoliti Rømø",Gl Skolevej 17,6792,Rømø,02/05 - 2014,09/03 - 2019,
17143611,Rigspolitiet,"Syd- og Sønderjyllands Politi, Landpoliti Løgumkloster",Møldamager 42,6240,Løgumkloster,02/05 - 2014,09/03 - 2019,
17143611,Rigspolitiet,"Syd- og Sønderjyllands Politi, Landpoliti Skærbæk",Kagebøl 27,6780,Skærbæk,02/05 - 2014,09/03 - 2019,
17143611,Rigspolitiet,Politiet Gjesing,"Ulvevej 52, 1. tv.",6715,Esbjerg N,01/01 - 2005,24/09 - 2009,
17143611,Rigspolitiet,Politiet Hedehusene,Hovedgaden 437,2640,Hedehusene,01/01 - 2005,14/07 - 2009,
17143611,Rigspolitiet,Politiet Odense Krim-afdeling B,Overgade 60,5000,Odense C,01/01 - 2005,15/09 - 2009,
17143611,Rigspolitiet,Politiet Østerbyen,Skolebakken 62,6700,Esbjerg,01/01 - 2005,24/09 - 2009,
17143611,Rigspolitiet,Politiet Vanløse,Jernbane Allé 99,2720,Vanløse,01/01 - 2005,25/10 - 2009,
17143611,Rigspolitiet,Politiet Stenlille,Hovedgaden 60,4295,Stenlille,01/01 - 2005,31/12 - 2006,
17143611,Rigspolitiet,Politiet Odense ATK-kontoret Rosengårdscentret 159,Ørbækvej 75,5220,Odense SØ,01/01 - 2005,15/09 - 2009,
17143611,Rigspolitiet,Politiet Skibby,Røgerupvej 4,4050,Skibby,01/01 - 2005,15/09 - 2009,
17143611,Rigspolitiet,Holbæk ordenspoliti,Rådhusvej 1,4300,Holbæk,01/01 - 2005,18/08 - 2009,
17143611,Rigspolitiet,POLITIET,Skivevej 3,7500,Holstebro,01/01 - 2007,15/12 - 2009,
17143611,Rigspolitiet,"Syd- og Sønderjyllands Politi, Nærpoliti Esbjerg","Frodesgade 68, st",6700,Esbjerg,02/05 - 2014,01/12 - 2016,
17143611,Rigspolitiet,Politiet Motorkontoret Nykøbing S,Havnegade 1C,4500,Nykøbing Sj,01/01 - 2005,16/07 - 2009,
17143611,Rigspolitiet,Politiet Hjørring,Jernbanegade 12,9800,Hjørring,01/01 - 2005,15/12 - 2009,
17143611,Rigspolitiet,"Syd- og Sønderjyllands Politi, Nærpoliti Sædding","Ådalsvænget 18, st. tv.",6710,Esbjerg V,02/05 - 2014,30/09 - 2017,
17143611,Rigspolitiet,LANDPOLITIET Skovbo Syd. (Pkr.08),Egevej 37,4632,Bjæverskov,01/01 - 2005,01/05 - 2014,
17143611,Rigspolitiet,Hobro Kriminalpoliti,Adelgade 84,9500,Hobro,01/01 - 2005,24/01 - 2010,
17143611,Rigspolitiet,Politiet Nakskov,Nybrogade 7A,4900,Nakskov,01/01 - 2005,26/05 - 2009,
17143611,Rigspolitiet,Politiet Marstal,Havnegade 5,5960,Marstal,01/01 - 2005,24/09 - 2009,
17143611,Rigspolitiet,Politiet Værløse,"Bymidten 70, 1",3500,Værløse,01/01 - 2005,15/09 - 2009,
17143611,Rigspolitiet,Politiet Allerød,Allerød Stationsvej 4A,3450,Allerød,01/01 - 2005,15/09 - 2009,
17143611,Rigspolitiet,POLITISKOLEN Anneksskolen EDB,Centerholmen 18,2670,Greve,01/01 - 2005,07/01 - 2010,
17143611,Rigspolitiet,Politiet Billund,Rådhuscentret 1,7190,Billund,01/01 - 2005,20/08 - 2009,
17143611,Rigspolitiet,POLITIET FÅRUP,Storegade 18A,8990,Fårup,01/01 - 1993,15/12 - 2009,1
17143611,Rigspolitiet,"Sydsjælland & Lolland-Falsters Politi, Landpoliti Rønnede",Elmevej 11,4683,Rønnede,01/01 - 1993,31/10 - 2016,0
17143611,Rigspolitiet,"Københavns Vestegns Politi, Lokalstation Ishøj",Ishøj Østergade 45,2635,Ishøj,01/01 - 2008,01/12 - 2015,0
17143611,Rigspolitiet,"Østjyllands Politi, Landpoliti Nørredjurs",Hyacintvej 1,8585,Glesborg,01/01 - 2002,31/03 - 2016,0
17143611,Rigspolitiet,"Københavns Vestegns Politi, Lokalstation Glostrup",Hovedvejen 110,2600,Glostrup,01/01 - 2005,01/01 - 2016,0
17143611,Rigspolitiet,"Syd- og Sønderjyllands Politi, Landpoliti Rødekro","Vestergade 20, 1",6230,Rødekro,02/05 - 2014,31/12 - 2015,0
17143611,Rigspolitiet,Frederiksværk/Hundested Nærpoliti,Rådhuspladsen 1,3300,Frederiksværk,01/01 - 2008,24/09 - 2009,2-4
17143611,Rigspolitiet,"Nordsjællands Politi, Halsnæs",Rådhuspladsen 1,3300,Frederiksværk,29/01 - 2013,16/12 - 2014,0
17143611,Rigspolitiet,"POLITIET, ALLINGE",Kirkeplads 6,3770,Allinge,01/01 - 1993,14/07 - 2009,5-9
17143611,Rigspolitiet,"LANDPOLITIET, NR NEBEL. (Pkr.05)",Tømmergade 26,6830,Nørre Nebel,01/01 - 1993,24/03 - 2014,0
17143611,Rigspolitiet,"LANDPOLITIET, ENDELAVE. Sognefoged (Pkr.04)",Kongevejen 14,8700,Horsens,01/01 - 1993,24/03 - 2014,0
17143611,Rigspolitiet,"LANDPOLITIET, EGTVED. (Pkr.04)",Syrenhaven 6,6040,Egtved,01/01 - 1993,24/03 - 2014,1
17143611,Rigspolitiet,"LANDPOLITIET, BRÆDSTRUP. (Pkr.04)",Søndervang 5,8740,Brædstrup,01/01 - 1993,24/03 - 2014,5-9
17143611,Rigspolitiet,"LANDPOLITIET, LØGUMKLOSTER. (Pkr.05)",Møldamager 42,6240,Løgumkloster,01/01 - 1993,24/03 - 2014,0
17143611,Rigspolitiet,SYD- OG SØNDERJYLLANDS POLITI. FÆRDSELSAFDELINGEN. (Pkr.05),Fjordagervej 20,6100,Haderslev,01/01 - 1998,24/03 - 2014,0
17143611,Rigspolitiet,POLITIET. BIRKERØD,Hovedgaden 18,3460,Birkerød,01/01 - 1993,15/09 - 2009,2-4
17143611,Rigspolitiet,"LANDPOLITIET, HEDENSTED. (Pkr.04)",Valenciavej 4,8722,Hedensted,01/01 - 1993,24/03 - 2014,0
17143611,Rigspolitiet,"POLITIET, KALUNDBORG",Torvet 2-4,4400,Kalundborg,01/01 - 1993,16/07 - 2009,20-49
17143611,Rigspolitiet,"LANDPOLITIET, TØLLØSE. (Pkr.08)",Nattergalevej 2,4340,Tølløse,01/01 - 1993,29/01 - 2013,0
17143611,Rigspolitiet,LANDPOLITI LANGÅ. (Pkr.02),Brorsonsvej 11,8870,Langå,01/01 - 1993,14/10 - 2012,2-4
17143611,Rigspolitiet,Politiet Motorkontoret i Rødovre,Korsdalsvej 111,2610,Rødovre,01/01 - 1993,20/12 - 2009,10-19
17143611,Rigspolitiet,"LANDPOLITIET, SØNDERSØ (Pkr.06)",Bøgegårdsvej 47,5471,Søndersø,01/01 - 1993,08/03 - 2014,0
17143611,Rigspolitiet,"LANDPOLITIET, FUGLEBJERG. (Pkr.07)",Solsortevej 5,4250,Fuglebjerg,01/01 - 1993,31/12 - 2010,2-4
17143611,Rigspolitiet,"POLITIET, GRINDSTED",Tinghusgade 2,7200,Grindsted,01/01 - 1993,20/08 - 2009,10-19
17143611,Rigspolitiet,"LANDPOLITIET, ØLGOD. (Pkr.05)",Engdraget 37,6870,Ølgod,01/01 - 1993,24/03 - 2014,1
17143611,Rigspolitiet,"LANDPOLITIET, RØDEKRO. (Pkr.05)","Vestergade 20, 1",6230,Rødekro,01/01 - 1993,24/03 - 2014,1
17143611,Rigspolitiet,POLITIET SÆBY,Algade 14,9300,Sæby,01/01 - 1993,13/12 - 2009,1
17143611,Rigspolitiet,"LANDPOLITIET, BØRKOP. (Pkr.04), Borgerservice,",Ågade 6,7080,Børkop,01/01 - 1993,24/03 - 2014,5-9
17143611,Rigspolitiet,LANDPOLITI HINNERUP,Tranevej 17,8382,Hinnerup,01/01 - 1993,14/10 - 2012,1
17143611,Rigspolitiet,"Nordsjællands Politi, Nærpoliti Helsinge",Vestergade 2,3200,Helsinge,01/01 - 1993,17/12 - 2014,0
17143611,Rigspolitiet,KØBENHAVNS POLITI Station Amager,Hørhusvej 7,2300,København S,01/01 - 1993,25/10 - 2009,20-49
17143611,Rigspolitiet,"LANDPOLITIET SKOVBO NORD - BORUP, KØGE. (Pkr.08)",Mølleparken 16,4140,Borup,01/01 - 1993,01/05 - 2014,0
17143611,Rigspolitiet,"Nordsjællands Politi, Landpoliti Hornbæk",Bødkervej 1,3100,Hornbæk,01/01 - 1993,16/12 - 2014,0
17143611,Rigspolitiet,"LANDPOLITIET, GRÆSTED. (Pkr.09)",Præstevejen 6A,3230,Græsted,01/01 - 1993,28/01 - 2013,0
17143611,Rigspolitiet,"Nordsjællands Politi, Hittegodscenter",Sjælsmarkvej 10,2970,Hørsholm,29/01 - 2013,15/12 - 2014,0
17143611,Rigspolitiet,Politiet Ishøj,Ishøj Lille Torv 3B,2635,Ishøj,01/01 - 2005,14/07 - 2009,1
17143611,Rigspolitiet,LANDPOLITIET KIBÆK. (Pkr.03),Solbakken 30,6933,Kibæk,01/01 - 1993,15/09 - 2013,0
17143611,Rigspolitiet,"POLITIET, GEDSER",Jernbanevejen 14,4874,Gedser,01/01 - 1993,26/05 - 2009,1
17143611,Rigspolitiet,POLITIET FARSØ,Gråbølle 12,9640,Farsø,01/01 - 1993,15/12 - 2009,2-4
17143611,Rigspolitiet,VESTERØ-LÆSØ-FREDERIKSHAVN POLITI,Kongevejen 9,9940,Læsø,01/01 - 1995,13/12 - 2009,1
17143611,Rigspolitiet,"LANDPOLITIET, SKÆRBÆK. (Pkr.05)",Kagebøl 27,6780,Skærbæk,01/01 - 1993,24/03 - 2014,0
17143611,Rigspolitiet,"LANDPOLITIET, GLAMSBJERG. (Pkr.06)",Glenshøjparken 74,5620,Glamsbjerg,01/01 - 1993,27/08 - 2012,0
17143611,Rigspolitiet,LANDPOLITIET SUNDØRE/BREUM. (Pkr.03),Hirsevænget 7,7870,Roslev,01/01 - 1993,31/03 - 2013,0
17143611,Rigspolitiet,"LANDPOLITIET, BREDSTEN. (Pkr.04)",Ballevej 39,7182,Bredsten,01/01 - 1993,24/03 - 2014,2-4
17143611,Rigspolitiet,"POLITIET, KIRKE SÅBY",Acacievej 4,4060,Kirke Såby,01/01 - 1993,15/12 - 2009,1
17143611,Rigspolitiet,LANDPOLITI ASNÆS. (Pkr.08),Esterhøjvej 12,4550,Asnæs,01/01 - 1995,30/01 - 2013,0
17143611,Rigspolitiet,LANDPOLITIET ULFBORG/VEMB. (Pkr.03),Tingvej 5,6990,Ulfborg,01/01 - 1993,28/11 - 2014,1
17143611,Rigspolitiet,POLITIET THYBORØN,Havnegade 18,7680,Thyborøn,01/01 - 1993,10/09 - 2009,2-4
17143611,Rigspolitiet,"LANDPOLITIET, JYDERUP. (Pkr. 08)",Vandværksbakken 12,4450,Jyderup,01/01 - 1993,01/05 - 2014,0
17143611,Rigspolitiet,Rigspoliti/Politiafdelingen,Ejby Industrivej 135,2600,Glostrup,13/05 - 2011,28/01 - 2014,0
17143611,Rigspolitiet,"LOKALPOLITIET, HOLBÆK (Pkr.08)",Rådhusvej 1,4300,Holbæk,01/01 - 1993,30/01 - 2013,2-4
17143611,Rigspolitiet,"POLITIET, FENSMARK",Pinjevej 10,4684,Holmegaard,01/01 - 1993,24/05 - 2009,1
17143611,Rigspolitiet,LANDPOLITIET SPØTTRUP. (Pkr.03),Frilandsvej 11,7860,Spøttrup,01/01 - 1997,31/03 - 2013,0
17143611,Rigspolitiet,"LANDPOLITIET, BJØRNØ. Sognefoged. (Pkr.06)",Bjørnø 9,5600,Faaborg,01/01 - 1993,08/03 - 2014,0
17143611,Rigspolitiet,"LANDPOLITIET, LYØ. Sognefoged. (Pkr.06)",Lyø Bygade 20B,5600,Faaborg,01/01 - 1993,08/03 - 2014,0
17143611,Rigspolitiet,"NÆRPOLITIET, PADBORG. (Pkr.05)",Plantagevej 4,6330,Padborg,01/01 - 1993,24/03 - 2014,20-49
17143611,Rigspolitiet,MOTORKONTORET I NÆRUM,Rundforbivej 295,2850,Nærum,01/01 - 1993,15/09 - 2009,5-9
17143611,Rigspolitiet,LANDPOLITIET HVIDE SANDE. (Pkr.03),Kirkevej 4,6960,Hvide Sande,01/01 - 1993,15/09 - 2013,0
17143611,Rigspolitiet,"NÆRPOLITIET, NORDBORG. (Pkr.05)",Mads Clausens Vej 13,6430,Nordborg,01/01 - 1993,24/03 - 2014,0
17143611,Rigspolitiet,RIGSPOLITIET. KURSUSCENTER AVNØ,Flyvervej 10,4750,Lundby,01/01 - 2008,30/12 - 2010,2-4
17143611,Rigspolitiet,"POLITIET, BOGENSE",Østergade 23,5400,Bogense,01/01 - 1993,09/07 - 2009,1
17143611,Rigspolitiet,"POLITIET, GILLELEJE",Solvej 1,3250,Gilleleje,01/01 - 1993,15/09 - 2009,1
17143611,Rigspolitiet,"LANDPOLITIET, VESTER SKERNING. (Pkr.06)",Fåborgvej 54,5762,Vester Skerninge,01/01 - 1993,24/03 - 2014,2-4
17143611,Rigspolitiet,POLITIET BROVST - TORBEN MADSEN,Pile Alle 12,9460,Brovst,01/01 - 1993,15/12 - 2009,1
17143611,Rigspolitiet,POLITIET HANSTHOLM,Chr. Hansens Vej 3,7730,Hanstholm,01/01 - 1993,10/09 - 2009,1
17143611,Rigspolitiet,LANDPOLITIET MØLDRUP. (Pkr.03),Søndergade 11C,9632,Møldrup,01/01 - 1993,15/09 - 2013,0
17143611,Rigspolitiet,POLITIET STOHOLM,Anemonevej 3,7850,Stoholm Jyll,01/01 - 1993,15/12 - 2009,1
17143611,Rigspolitiet,"NÆRPOLITIET, VOJENS. (Pkr.05)",Vestergade 43,6500,Vojens,01/01 - 1993,24/03 - 2014,0
17143611,Rigspolitiet,LANDPOLITIET AULUM. (Pkr.03),Grønningen 55,7490,Aulum,01/01 - 1993,30/12 - 2013,5-9
17143611,Rigspolitiet,"LANDPOLITIET, EJBY. (Pkr.06)",Nygade 27,5592,Ejby,01/01 - 1993,08/03 - 2014,0
17143611,Rigspolitiet,"NÆRPOLITIET, GRÅSTEN. (Pkr.05)",Torvet 8,6300,Gråsten,01/01 - 1993,24/03 - 2014,0
17143611,Rigspolitiet,"NÆRPOLITIET, HASHØJ. (Pkr.07)",Vemmeløsevej 40,4261,Dalmose,01/01 - 1993,28/01 - 2013,1
17143611,Rigspolitiet,"LOKALPOLITIET, LYNGBY. (Pkr.09)",Hummeltoftevej 14,2830,Virum,01/01 - 1993,19/08 - 2012,0
17143611,Rigspolitiet,Politiet IT-sektionen,Landlystvej 40,2650,Hvidovre,01/01 - 2008,20/12 - 2009,5-9
17143611,Rigspolitiet,KØBENHAVNS POLITI. NÆRPOLITI NØRREBRO. (Pkr.11),Nørrebrogade 88,2200,København N,01/01 - 2005,19/02 - 2013,0
17143611,Rigspolitiet,"LANDPOLITIET, LEJRE. (Pkr. 08)",Lærkevænget 7,4320,Lejre,01/01 - 1993,01/05 - 2014,0
17143611,Rigspolitiet,RIGSPOLITIET. UDLÆNDINGEAFDELINGEN.,"Anker Heegaards Gade 5, 3",1572,København V,01/01 - 1993,08/04 - 2014,0
17143611,Rigspolitiet,"LANDPOLITIET, TOFTLUND. (Pkr.05)",Søndergade 55,6520,Toftlund,01/01 - 1993,24/03 - 2014,0
17143611,Rigspolitiet,"LANDPOLITIET, OKSBØL. (Pkr.05)","Østparken 58, 1",6840,Oksbøl,01/01 - 1993,24/03 - 2014,0
17143611,Rigspolitiet,POLITIET NIBE,Hobrovej 2D,9240,Nibe,01/01 - 1993,13/12 - 2009,2-4
17143611,Rigspolitiet,"LANDPOLITIET, ÅRUP. (Pkr.06)",Stadionvej 12,5560,Aarup,01/01 - 1993,31/12 - 2009,2-4
17143611,Rigspolitiet,LANDPOLITIET LUNDERSKOV. (Pkr.04),Jernbanegade 1,6580,Vamdrup,01/01 - 1993,24/03 - 2014,0
17143611,Rigspolitiet,POLITIET VINDERUP,Mosekrogen 21,7830,Vinderup,01/01 - 1993,10/09 - 2009,2-4
17143611,Rigspolitiet,"LANDPOLITIET, JUELSMINDE. (Pkr.04)",Kirkevej 11,7130,Juelsminde,01/01 - 1993,24/03 - 2014,2-4
17143611,Rigspolitiet,LANDPOLITIET HORNSLET. (Pkr.02),Nyvej 6,8543,Hornslet,01/01 - 1993,15/10 - 2012,0
17143611,Rigspolitiet,NORDJYLLANDS POLITI. NÆRPOLITI-MARIAGER. (Pkr.01),Fjordgade 5,9550,Mariager,01/01 - 1993,05/02 - 2013,0
17143611,Rigspolitiet,"Nordjyllands Politi, Nærpoliti Hirtshals",Jørgen Fibigersgade 22,9850,Hirtshals,01/01 - 1993,30/09 - 2016,0
17143611,Rigspolitiet,"POLITIET, VIBY SJÆLLAND",Søndergade 2,4130,Viby Sjælland,01/01 - 1993,16/07 - 2009,1
17143611,Rigspolitiet,POLITIET GISTRUP,Hadsundvej 374,9260,Gistrup,01/01 - 1993,13/12 - 2009,1
17143611,Rigspolitiet,"Østjyllands Politi, Landpoliti Auning",Torvegade 1A,8963,Auning,01/01 - 1993,31/03 - 2016,0
17143611,Rigspolitiet,"LANDPOLITIET, RY. (Pkr.04)",Knudsvej 34,8680,Ry,01/01 - 1993,24/03 - 2014,2-4
17143611,Rigspolitiet,NORDJYLLANDS POLITI. NÆRPOLITI - MARIAGER. (Pkr.01),Fjordgade 5,9550,Mariager,01/01 - 1993,15/12 - 2009,2-4
17143611,Rigspolitiet,"LANDPOLITIET, RØMØ. (Pkr.05) besættes d. 1/2-10",Gl Skolevej 17,6792,Rømø,01/01 - 1993,24/03 - 2014,0
17143611,Rigspolitiet,RIGSPOLITIET. NATIONALT FÆRDSELSCENTER.,"Ellebjergvej 52, 2",2450,København SV,01/01 - 2002,30/01 - 2011,0
17143611,Rigspolitiet,"NÆRPOLITIET, BROAGER. (Pkr.05)",Arnkær 7,6310,Broager,01/01 - 1993,24/03 - 2014,5-9
17143611,Rigspolitiet,STATSADVOKATEN I VIBORG,Sct. Mogens Gade 8,8800,Viborg,01/01 - 1993,03/06 - 2013,0
17143611,Rigspolitiet,MIDT-OG VESTJYLLANDS POLITI. LUFTHAVNEN KARUP. (Pkr.03),N.O.Hansens Vej 4,7470,Karup J,11/09 - 2009,15/09 - 2013,0
17143611,Rigspolitiet,"HITTEGODSKONTORET, RINGKØBING. (Pkr.03)",Fjord Alle 12B,6950,Ringkøbing,11/09 - 2009,15/09 - 2013,0
17143611,Rigspolitiet,"LANDPOLITIET, BRAMSNÆS. (Pkr.08)",Kirkevej 7,4070,Kirke Hyllinge,01/01 - 1998,30/01 - 2013,0
17143611,Rigspolitiet,Politiet Næstved,Axeltorv 6,4700,Næstved,01/01 - 2005,26/05 - 2009,0
17143611,Rigspolitiet,"POLITIET, HØNG",Pilelunden 14,4270,Høng,01/01 - 1993,16/07 - 2009,2-4
17143611,Rigspolitiet,LANDPOLITIKONTORET,Toftegårdsparken 17,9381,Sulsted,01/01 - 1993,13/12 - 2009,2-4
17143611,Rigspolitiet,"LANDPOLITIET, BREDEBRO. (Pkr.05)",Søndervang 43,6261,Bredebro,01/01 - 1993,24/03 - 2014,2-4
17143611,Rigspolitiet,"POLITIET, CHRISTIANSFELD",Kongensgade 31,6070,Christiansfeld,01/01 - 1993,05/10 - 2009,2-4
17143611,Rigspolitiet,KØBENHAVNS POLITI. NÆRPOLITI ØSTERBRO. (Pkr.11),Østerfælled Torv 38-40,2100,København Ø,01/01 - 2005,19/02 - 2013,0
17143611,Rigspolitiet,"Københavns Vestegns Politi, Lokalstation Brøndby","Tranumparken 7, st",2660,Brøndby Strand,01/01 - 2005,01/01 - 2016,0
17143611,Rigspolitiet,Landpolitiet i Hvorslev,Hovedgaden 10,8860,Ulstrup,01/01 - 2001,30/04 - 2009,1
17143611,Rigspolitiet,"LANDPOLITIET, HØRNING. (Pkr. 04)",Hirsevænget 6,8362,Hørning,01/01 - 1999,24/03 - 2014,0
17143611,Rigspolitiet,"Nordjyllands Politi, Landpoliti Brovst",Pile Alle 12,9460,Brovst,25/02 - 2011,30/09 - 2016,0
17143611,Rigspolitiet,"POLITIET, JYLLINGE",Jyllingecentret 31A,4040,Jyllinge,01/01 - 1993,21/09 - 2009,1
17143611,Rigspolitiet,Den kriminalpræventive afdeling,"Borups Allé 266, 2",2400,København NV,01/01 - 2004,25/10 - 2009,20-49
17143611,Rigspolitiet,POLITIET HVIDBJERG,Orkidevej 25,7790,Thyholm,01/01 - 1993,15/12 - 2009,1
17143611,Rigspolitiet,Politiet Læsø,Rullegårdsvej 22,9940,Læsø,01/01 - 2005,13/12 - 2009,0
17143611,Rigspolitiet,"POLITIET, VÆGGERLØSE",Marielyst Strandvej 56,4873,Væggerløse,01/01 - 1993,22/09 - 2009,0
17143611,Rigspolitiet,"LANDPOLITIET, GALTEN. (Pkr. 04)",Søvangen 2,8464,Galten,01/01 - 1993,24/03 - 2014,1
17143611,Rigspolitiet,"LANDPOLITIET, GIVE. (Pkr.04)",Vimmelskaftet 2,7323,Give,01/01 - 1993,24/03 - 2014,1
17143611,Rigspolitiet,"LANDPOLITIET, RØDDING. (Pkr.05)",Rødding Nørregade 16,6630,Rødding,01/01 - 1993,01/01 - 2014,1
17143611,Rigspolitiet,"POLITIET, HUNDESTED",Strandvejen 7G,3390,Hundested,01/01 - 1999,15/09 - 2009,1
17143611,Rigspolitiet,POLITIET ULSTRUP,Gudenåparken 20,8860,Ulstrup,01/01 - 1993,05/07 - 2009,1
17143611,Rigspolitiet,"Københavns Vestegns Politi, Lokalstation Avedøre",Bødkerporten 3,2650,Hvidovre,01/01 - 2005,30/07 - 2014,0
17143611,Rigspolitiet,"Midt- og Vestjyllands Politi, Landpoliti Kjellerup",Søndergade 69,8620,Kjellerup,01/01 - 1993,07/05 - 2015,0
17143611,Rigspolitiet,Politiskolen,Artillerivej 55,2300,København S,01/01 - 2001,01/01 - 2010,0
17143611,Rigspolitiet,"Nordjyllands Politi, Landpoliti Hals",Jacob Severins Vej 52,9370,Hals,01/01 - 1993,21/05 - 2015,0
17143611,Rigspolitiet,"POLITIET, SLANGERUP",Engvej 15,3550,Slangerup,01/01 - 1993,15/09 - 2009,0
17143611,Rigspolitiet,NÆRPOLITIET. CITY. ESBJERG. (Pkr.05),Skolegade 33,6700,Esbjerg,01/01 - 2005,11/02 - 2014,0
17143611,Rigspolitiet,"Københavns Politi, Flexgruppen m.fl.",Anker Heegaards Gade 1,1572,København V,01/01 - 2005,11/02 - 2015,0
17143611,Rigspolitiet,RIGSPOLITIET. NATIONALT IT-EFTERFORSKNINGSCENTER (NITEC ØST),Absalonsgade 9,1658,København V,03/10 - 2005,30/01 - 2011,0
17143611,Rigspolitiet,"Østjyllands Politi, Nærpoliti Aarhus",Østergade 31,8000,Aarhus C,16/10 - 2012,31/03 - 2016,0
17143611,Rigspolitiet,"Københavns Politi, Sektionen for Særlovskriminalitet",Store Kongensgade 100,1264,København K,01/01 - 1993,01/09 - 2014,0
17143611,Rigspolitiet,Politiforbundet i Danmark,H.C. Andersens Boulevard 38,1553,København V,01/01 - 1993,03/01 - 2010,2-4
17143611,Rigspolitiet,"Nordsjællands Politi, Nærpoliti Farum",Rådhustorvet 3,3520,Farum,01/01 - 1993,16/11 - 2016,0
17143611,Rigspolitiet,"LANDPOLITIET, DREJØ. Sognefoged. (Pkr.06)",Vigsvej 6,5700,Svendborg,01/01 - 1993,08/03 - 2014,0
17143611,Rigspolitiet,"LANDPOLITIET, STRYNØ. Sognefoged. (Pkr.06)",Kirkevej 7,5900,Rudkøbing,01/01 - 1993,08/03 - 2014,0
17143611,Rigspolitiet,MIDT-OG VESTJYLLANDS POLITI. OPA. (Pkr.03),"Nørregade 58, 2",7500,Holstebro,11/09 - 2009,31/03 - 2013,0
17143611,Rigspolitiet,"Nordjyllands Politi, Landpoliti Arden",Møllevej 1,9510,Arden,01/01 - 1993,31/03 - 2016,0
17143611,Rigspolitiet,"Sydsjælland & Lolland-Falsters Politi, Nærpoliti Rødby",Østergade 16,4970,Rødby,01/01 - 1993,31/10 - 2016,0
17143611,Rigspolitiet,"Nordjyllands Politi, Nærpoliti Hadsund",Himmerlandsgade 9,9560,Hadsund,01/01 - 1993,30/09 - 2016,0
17143611,Rigspolitiet,LANDPOLITIET ALLINGÅBRO,Granbakkevej 15,8961,Allingåbro,01/01 - 1993,25/08 - 2009,1
17143611,Rigspolitiet,POLITIET FJERRITSLEV,Skovbrynet 32,9690,Fjerritslev,01/01 - 1993,15/12 - 2009,5-9
17143611,Rigspolitiet,POLITIET HIRSHOLM,Hirsholm 15,9900,Frederikshavn,01/01 - 1993,13/12 - 2009,0
17143611,Rigspolitiet,POLITIET AABYBRO,Multebærvej 12,9440,Aabybro,01/01 - 1993,15/12 - 2009,1
17143611,Rigspolitiet,"NÆRPOLITIET, HØRSHOLM. (Pkr.09)",Hørsholm Alle 4,2970,Hørsholm,01/01 - 1993,30/06 - 2013,50-99
17143611,Rigspolitiet,"POLITIET, PRÆSTØ",Torvet 8,4720,Præstø,01/01 - 1993,26/05 - 2009,0
17143611,Rigspolitiet,POLITIET NR. ALSLEV,Nr Alslev Jernbanegade 14,4840,Nørre Alslev,01/01 - 1993,26/05 - 2009,2-4
17143611,Rigspolitiet,Næstved Sct Jørgens Park,Sct Jørgens Park 34,4700,Næstved,01/01 - 2008,21/09 - 2009,0
17143611,Rigspolitiet,"LANDPOLITIET, ÅRSLEV. (Pkr.06)",Bakkegårdsvej 15,5792,Årslev,01/01 - 1993,12/05 - 2011,1
17143611,Rigspolitiet,LANDPOLITIET. ÅRRE. (Pkr.05),Toften 36,6818,Årre,01/01 - 1993,02/01 - 2014,0
17143611,Rigspolitiet,"LANDPOLITIET, AVERNAKØ. Sognefoged. (Pkr.06)",Skallevej 10,5600,Faaborg,01/01 - 1993,08/03 - 2014,0
17143611,Rigspolitiet,"LANDPOLITIET, HOLSTED. (Pkr.05)",Overmarken 78,6670,Holsted,01/01 - 1993,24/03 - 2014,0
17143611,Rigspolitiet,LANDPOLITIET GJERN. (Pkr.03),Svostrupvej 3,8883,Gjern,01/01 - 1993,24/09 - 2012,0
17143611,Rigspolitiet,"POLITIET, SVINNINGE",Vestervang 18,4520,Svinninge,01/01 - 1993,16/07 - 2009,1
17143611,Rigspolitiet,"POLITIET, SAKSKØBING",Rådhusgade 4,4990,Sakskøbing,01/01 - 1993,26/05 - 2009,1
17143611,Rigspolitiet,"Nordjyllands Politi, Landpoliti Hjallerup",Hegely 13,9320,Hjallerup,01/01 - 1993,21/05 - 2015,0
17143611,Rigspolitiet,"Nordjyllands Politi, Landpoliti Løkken/Vrå",Harald Fischers Vej 32,9480,Løkken,01/01 - 1993,31/03 - 2016,0
17143611,Rigspolitiet,LOKALPOLITI. HORSENS. (Pkr.04),Rådhusgade 4-6,8700,Horsens,01/01 - 2005,21/08 - 2012,0
17143611,Rigspolitiet,"Politiet, Vemmedrup",Vemmedrupvej 205,4632,Bjæverskov,01/01 - 2000,30/09 - 2005,1
17143611,Rigspolitiet,"Politiet, Hundige",Over Bølgen 22,2670,Greve,01/01 - 2000,18/08 - 2009,1
17143611,Rigspolitiet,"LOKALPOLITIET, GENTOFTE. (Pkr.09)",Kildegårdsvej 71,2900,Hellerup,01/01 - 1993,19/08 - 2012,50-99
17143611,Rigspolitiet,"POLITIET, RØDBY HAVN",Jernbanegade 14,4970,Rødby,01/01 - 1993,22/09 - 2009,5-9
17143611,Rigspolitiet,"POLITIET, FREDERIKSVÆRK",Torvet 1,3300,Frederiksværk,01/01 - 1993,15/09 - 2009,1
17143611,Rigspolitiet,KØBNEHAVNS POLITI. NÆRPOLITI BRØNSHØJ-HUSUM. (Pkr. 11),Frederikssundsvej 208,2700,Brønshøj,01/01 - 2005,19/02 - 2013,0
17143611,Rigspolitiet,"Midt- og Vestjyllands Politi, Færdsels- og Hundeafdeling",Hostrupsvej 9,7500,Holstebro,11/09 - 2009,31/08 - 2016,1
17143611,Rigspolitiet,POLITIET ØSTER TØRSLEV,Dalsvinget 20,8983,Gjerlev J,01/01 - 1993,03/01 - 2010,0
17143611,Rigspolitiet,"POLITIET, NYSTED",Søvej 4,4880,Nysted,01/01 - 1993,26/05 - 2009,0
17143611,Rigspolitiet,LANDPOLITIET SUNDS. (Pkr.03),Rønne Alle 114,7451,Sunds,01/01 - 1993,31/03 - 2013,0
17143611,Rigspolitiet,"POLITIET, FAKSE",Ny Strandvej 8,4640,Faxe,01/01 - 1993,26/05 - 2009,1
17143611,Rigspolitiet,LANDPOLITIET SALLINGSUND. (Pkr.03),Havnen 8,7870,Roslev,01/01 - 1993,24/09 - 2012,0
17143611,Rigspolitiet,POLITIET SANDHOLM,Sandholmgårdsvej 40,3460,Birkerød,01/01 - 1993,15/09 - 2009,10-19
17143611,Rigspolitiet,POLITIET MATS ØST-LÆSØ,Peter Danielsvej 1,9940,Læsø,01/01 - 1993,15/12 - 2009,0
17143611,Rigspolitiet,"LANDPOLITIET, HØJBY. (Pkr.08)",Egetoftevej 5,4573,Højby,01/01 - 1993,01/05 - 2014,0
17143611,Rigspolitiet,LANDPOLITIET VAMDRUP. (Pkr.04),Jernbanegade 1,6580,Vamdrup,01/01 - 1993,24/03 - 2014,0
17143611,Rigspolitiet,"LANDPOLITIET, CHRISTIANSFELD. (Pkr.04)",Nørregade 12,6070,Christiansfeld,01/01 - 1993,24/03 - 2014,1
17143611,Rigspolitiet,"Midt- og Vestjyllands Politi, Central Efterforskning",Hostrupsvej 11,7500,Holstebro,11/09 - 2009,31/08 - 2016,2-4
17143611,Rigspolitiet,STATSADVOKATEN I AALBORG,Nyhavnsgade 9,9000,Aalborg,01/01 - 1993,17/04 - 2013,0
17143611,Rigspolitiet,"LANDPOLITIET, GRAM. (Pkr.05)",Brombærvej 59,6510,Gram,01/01 - 1993,24/03 - 2014,0
17143611,Rigspolitiet,MIDT- OG VESTJYLLANDS POLITI. IT-AFDELINGEN. (Pkr.03),"Stationsvej 9, 1",7500,Holstebro,11/09 - 2009,31/03 - 2013,1
17143611,Rigspolitiet,LANDPOLITI GUNDSØ. (Pkr.08),Jyllingecentret 31,4040,Jyllinge,01/01 - 1993,01/05 - 2014,2-4
17143611,Rigspolitiet,RIGSPOLITIET. DET KRIMINALPRÆVENTIVE RÅD. PARKERINGSAFGIFTER.,"Odinsvej 19, 2",2600,Glostrup,01/01 - 1993,03/03 - 2014,20-49
17143611,Rigspolitiet,POLITIET LANGESKOV,Drosselvej 10,5550,Langeskov,01/01 - 1994,09/07 - 2009,1
17143611,Rigspolitiet,"POLITIET, HASLEV",Tingvej 2,4690,Haslev,01/01 - 1993,26/05 - 2009,5-9
17143611,Rigspolitiet,HITTEGODSKONTORET.SILKEBORG (Pkr.03),Christian 8.s Vej 2A,8600,Silkeborg,11/09 - 2009,15/09 - 2013,0
17143611,Rigspolitiet,"POLITIET, NEXØ",Møllevænget 1,3730,Nexø,01/01 - 1993,14/07 - 2009,2-4
17143611,Rigspolitiet,"POLITIET, ÅKIRKEBY",Torvet 5,3720,Aakirkeby,01/01 - 1993,14/07 - 2009,1
17143611,Rigspolitiet,"LANDPOLITIET, STEVNS. (Pkr.08)",Rødsvingel 1,4660,Store Heddinge,01/01 - 1993,01/05 - 2014,0
17143611,Rigspolitiet,"LANDPOLITIET, MUNKEBO. (Pkr.06)",Fjordvej 83,5330,Munkebo,01/01 - 1993,08/03 - 2014,0
17143611,Rigspolitiet,"LANDPOLITIET, TØRRING. (Pkr.04)",Kirkevej 8-10,7160,Tørring,01/01 - 1993,24/03 - 2014,2-4
17143611,Rigspolitiet,"LANDPOLITIET, VALLØ. (Pkr.08)",Fejøvej 14,4652,Hårlev,01/01 - 1993,01/05 - 2014,0
17143611,Rigspolitiet,LANDPOLITIET ØRUM. (Pkr.03),Rådhus Alle 5,8830,Tjele,01/01 - 1993,22/09 - 2013,1
17143611,Rigspolitiet,"Politiet, Esbjerg Færdselsafdelingen","Frodesgade 70, 1",6700,Esbjerg,01/01 - 2004,24/03 - 2014,0
17143611,Rigspolitiet,"Nordjyllands Politi, Landpoliti Skørping",Smedevej 2,9520,Skørping,23/02 - 2011,30/09 - 2016,0
17143611,Rigspolitiet,NORDJYLLANDS POLITI. LOKALPOLITIET - Himmerland. (Pkr.01),Adelgade 84,9500,Hobro,23/02 - 2011,31/07 - 2013,0
17143611,Rigspolitiet,"Midt- og Vestjyllands Politi, Administration",Skivevej 2,7500,Holstebro,11/09 - 2009,31/08 - 2016,0
17143611,Rigspolitiet,POLITIET NR.SNEDE,Ege Alle 3,8766,Nørre Snede,01/01 - 1993,14/09 - 2009,2-4
17143611,Rigspolitiet,"LANDPOLITIET, JELLING. (Pkr.04)",Skovgade 4,7300,Jelling,01/01 - 1993,24/03 - 2014,2-4
17143611,Rigspolitiet,LOKALPOLITIET-HVIDOVRE/FRIHEDEN. (Pkr.10),Strandmarksvej 16,2650,Hvidovre,01/01 - 2005,20/04 - 2014,0
17143611,Rigspolitiet,"POLITIET, STEGE",Storegade 39,4780,Stege,01/01 - 1993,26/05 - 2009,1
17143611,Rigspolitiet,"POLITIET, SVEBØLLE",Højvangen 20,4470,Svebølle,01/01 - 1993,16/07 - 2009,2-4
17143611,Rigspolitiet,"Fyns Politi, Nærpoliti Kerteminde",Langegade 11,5300,Kerteminde,01/01 - 1993,20/01 - 2018,0
17143611,Rigspolitiet,"Østjyllands Politi, Landpoliti Beder-Malling",Skoleparken 68,8330,Beder,01/01 - 1994,29/02 - 2016,0
17143611,Rigspolitiet,"Nordjyllands Politi, Nærpoliti Skagen",Kattegatvej 3,9990,Skagen,01/01 - 1993,30/09 - 2016,0
17143611,Rigspolitiet,"LANDPOLITIET, BYLDERUP. (Pkr.05) Lukket p.t.",Surreroj 9,6372,Bylderup-Bov,01/01 - 1993,24/03 - 2014,0
17143611,Rigspolitiet,STATSADVOKATEN I SØNDERBORG,Jyllandsgade 36,6400,Sønderborg,01/01 - 1993,17/04 - 2013,0
17143611,Rigspolitiet,"Politiet, Vissenbjerg",Parkvej 59,5492,Vissenbjerg,01/01 - 2000,09/07 - 2009,1
17143611,Rigspolitiet,"Nordjyllands Politi, Nærpoliti Sindal",Margueritvej 5,9870,Sindal,01/01 - 1993,31/03 - 2016,0
17143611,Rigspolitiet,"LANDPOLITIET, HORNSYLD. (Pkr.04)",Nørregade 51,8783,Hornsyld,01/01 - 1993,24/03 - 2014,2-4
17143611,Rigspolitiet,HITTEGODSSKONTOR.HERNING. (Pkr. 03),Lillelundvej 26,7400,Herning,01/01 - 1993,15/09 - 2013,0
17143611,Rigspolitiet,"Syd- og Sønderjyllands Politi, Nærpoliti Broager",Arnkær 7,6310,Broager,02/05 - 2014,14/01 - 2016,0
17143611,Rigspolitiet,NÆRPOLITI. ESBJERG. (Pkr. 05),"Frodesgade 68, st",6700,Esbjerg,21/10 - 2009,24/03 - 2014,0
17143611,Rigspolitiet,"Nordjyllands Politi, Landpoliti Storvorde",Annavej 5,9280,Storvorde,01/01 - 1993,31/03 - 2016,0
17143611,Rigspolitiet,"Syd- og Sønderjyllands Politi, Landpoliti Brørup",Søvangen 9,6650,Brørup,01/01 - 1993,01/03 - 2017,0
17143611,Rigspolitiet,"Nordjyllands Politi, Nærpoliti Brønderslev",Godsbanegade 14,9700,Brønderslev,01/01 - 1993,31/01 - 2017,0
17143611,Rigspolitiet,"Sydsjælland & Lolland-Falsters Politi, Landpoliti Nysted",Adelgade 61,4880,Nysted,01/01 - 2008,30/04 - 2016,0
17143611,Rigspolitiet,"Sydøstjyllands Politi, Landpoliti Hornsyld",Nørregade 51,8783,Hornsyld,25/04 - 2014,30/09 - 2016,0
17143611,Rigspolitiet,"Nordjyllands Politi, Nærpoliti Dronninglund","Slotsgade 39, 1",9330,Dronninglund,01/01 - 1993,31/03 - 2016,0
17143611,Rigspolitiet,"Københavns Vestegns Politi, Lokalstation Hvidovre",Bytoften 29,2650,Hvidovre,01/01 - 1993,31/03 - 2016,0
17143611,Rigspolitiet,"Nordjyllands Politi, Landpoliti Ålestrup",Aaparken 42,9620,Aalestrup,01/01 - 1993,31/03 - 2016,0
17143611,Rigspolitiet,"Københavns Vestegns Politi, Lokalstation Herlev",Herlev Bygade 50C,2730,Herlev,01/01 - 2005,08/11 - 2017,1
17143611,Rigspolitiet,"Syd- og Sønderjyllands Politi, Færdselsafdelingen Esbjerg",Frodesgade 70,6700,Esbjerg,02/05 - 2014,01/12 - 2016,0
17143611,Rigspolitiet,"Syd- og Sønderjyllands Politi, Landpoliti Tinglev",Tinglev Midt 2,6360,Tinglev,01/01 - 1993,31/12 - 2017,0
17143611,Rigspolitiet,"Nordjyllands Politi, Nærpoliti Pandrup",Nørregade 1,9490,Pandrup,01/01 - 1993,31/01 - 2017,0
17143611,Rigspolitiet,"Nordjyllands Politi, Nærpoliti Løgstør",Torvegade 15,9670,Løgstør,01/01 - 1993,31/01 - 2017,0
17143611,Rigspolitiet,"Nordjyllands Politi, Nærpoliti Støvring",Hobrovej 108,9530,Støvring,01/01 - 1993,20/06 - 2017,0
17143611,Rigspolitiet,"Sydsjælland & Lolland-Falsters Politi, Landpoliti Tappernøje",Hovedvejen 25,4733,Tappernøje,01/01 - 1993,30/09 - 2017,0
17143611,Rigspolitiet,"Københavns Vestegns Politi, Lokalstation Ballerup",Linde Alle 7,2750,Ballerup,01/01 - 1993,08/11 - 2017,0
17143611,Rigspolitiet,"Københavns Vestegns Politi, Lokalstation Gladsaxe",Fremtidsvej 1,2860,Søborg,01/01 - 1993,31/12 - 2017,0
17143611,Rigspolitiet,"Syd- og Sønderjyllands Politi, Nærpoliti Vojens",Vestergade 43,6500,Vojens,22/04 - 2014,09/03 - 2019,1
17143611,Rigspolitiet,"Syd- og Sønderjyllands Politi, Landpoliti Bredebro",Søndervang 43,6261,Bredebro,02/05 - 2014,09/03 - 2019,0
17143611,Rigspolitiet,"Sydsjælland & Lolland-Falsters Politi, Anklagemyndigheden",Sct Jørgens Park 34,4700,Næstved,29/01 - 2013,31/05 - 2017,0
17143611,Rigspolitiet,"Sydsjælland & Lolland-Falsters Politi, Landpoliti nr. Alslev",Kæpgårdsvej 2,4840,Nørre Alslev,01/01 - 2008,28/02 - 2018,0
17143611,Rigspolitiet,"Syd- og Sønderjyllands Politi, Nærpoliti Nordborg",Mads Clausens Vej 13,6430,Nordborg,02/05 - 2014,30/09 - 2017,1
17143611,Rigspolitiet,"Syd- og Sønderjyllands Politi, Landpoliti Rødding",Østergade 28,6630,Rødding,01/02 - 2014,09/03 - 2019,1
17143611,Rigspolitiet,"Sydsjælland & Lolland-Falsters Politi, Nærpoliti Prestø",Østerbro 2,4720,Præstø,23/09 - 2009,31/10 - 2018,0
17143611,Rigspolitiet,"Syd- og Sønderjyllands Politi, Nærpoliti Padborg",Plantagevej 4,6330,Padborg,02/05 - 2014,09/03 - 2019,1
17143611,Rigspolitiet,"Syd- og Sønderjyllands Politi, Nærpoliti Bramming",Storegade 17,6740,Bramming,01/01 - 1993,09/03 - 2019,1
17143611,Rigspolitiet,"Syd- og Sønderjyllands Politi, Nærpoliti Gråsten",Torvet 8,6300,Gråsten,02/05 - 2014,09/03 - 2019,1
17143611,Rigspolitiet,"Syd- og Sønderjyllands Politi, Landpoliti Oksbøl","Østparken 58, 1",6840,Oksbøl,02/05 - 2014,09/03 - 2019,2-4
17143611,Rigspolitiet,"Fyns Politi, Nærpoliti Otterup",Jernbanegade 3,5450,Otterup,01/01 - 1993,20/01 - 2018,0
17143611,Rigspolitiet,"Sydsjælland & Lolland-Falsters Politi, Nærpoliti Skelskør",Gammeltorv 13,4230,Skælskør,01/01 - 1993,04/12 - 2018,0
17143611,Rigspolitiet,"Syd- og Sønderjyllands Politi, Landpoliti Ølgod",Engdraget 37,6870,Ølgod,02/05 - 2014,09/03 - 2019,1
17143611,Rigspolitiet,Nordsjællands Politi i Skævinge,Ny Harløsevej 18-20,3320,Skævinge,01/01 - 2008,15/09 - 2009,
17143611,Rigspolitiet,RIGSPOLITIET. Divderse afdelinger. opstart 1 dec.2010,Ejby Industrivej 125-135,2600,Glostrup,20/09 - 2010,20/09 - 2010,
17143611,Rigspolitiet,"Københavns Vestegns Politi, Thistedgade",Thistedgade 10,2630,Taastrup,13/08 - 2015,31/03 - 2021,1
17143611,Rigspolitiet,"Midt- og Vestjyllands Politi, Landpoliti Videbæk",Høgevej 11,6920,Videbæk,01/01 - 1993,31/12 - 2021,0
17143611,Rigspolitiet,POLITIET BLANKETAFDELING,Carl Jacobsens Vej 16,2500,Valby,01/01 - 1993,31/01 - 2004,0
17143611,Rigspolitiet,KØBENHAVNS POLITI FÆRDSELSAFDELINGEN,Hambrosgade 3,1562,København V,01/01 - 1993,31/12 - 2004,50-99
17143611,Rigspolitiet,Politimesteren på Færøerne,UKENDT,,,01/01 - 1993,01/01 - 2004,5-9
17143611,Rigspolitiet,DET KRIMINALPRÆVENTIVE RÅD,Odensegade 5,2100,København Ø,01/01 - 1993,21/11 - 2001,10-19
17143611,Rigspolitiet,KØREKORTKONTORET FOR STORKØBENHAVN,Hambrosgade 13,1562,København V,01/01 - 1993,31/12 - 2004,20-49
17143611,Rigspolitiet,"POLITIET, LØSNING",Chr Winthers Vej 6,8723,Løsning,01/01 - 1993,31/12 - 2004,1
17143611,Rigspolitiet,"POLITIET, FREDENSBORG- HUMLEBÆK",Prøvestensvej 1,3000,Helsingør,01/01 - 1993,31/12 - 2002,1
17143611,Rigspolitiet,POLITIET BYRUM-LÆSØ,Holmelundsvej 2,9940,Læsø,01/01 - 1993,31/12 - 2004,0
17143611,Rigspolitiet,Politimesteren i Grønland,UKENDT,,,01/01 - 1993,01/01 - 2004,10-19
17143611,Rigspolitiet,"Politiet, Rigspolitichefen",Polititorvet 14,1567,København V,01/04 - 1964,31/12 - 2001,
17143611,Rigspolitiet,"Københavns Vestegns Politi, Nærpoliti i Gladsaxe","Høje Gladsaxe Torv 2B, kl",2860,Søborg,01/10 - 2021,30/06 - 2022,
17143611,Rigspolitiet,"Københavns Vestegns Politi, Nærpoliti i Ishøj","Ishøj Østergade 45, 1",2635,Ishøj,01/12 - 2021,30/06 - 2022,
17143611,Rigspolitiet,"Nordsjællands Politi, Station Egedal",Rådhustorvet 2,3660,Stenløse,01/01 - 2005,30/06 - 2022,
17143611,Rigspolitiet,"Midt- og Vestsjællands Politi, Landpoliti Orø",Møllebrovej 16,4305,Orø,01/01 - 1993,30/06 - 2022,1
17143611,Rigspolitiet,"Midt- og Vestsjællands Politi, Køreprøvesagkyndig",Værkstedsvej 11-13,4600,Køge,01/01 - 2005,30/06 - 2022,
17143611,Rigspolitiet,"Midt- og Vestsjællands Politi, Landpoliti Gørlev",Algade 24,4281,Gørlev,01/01 - 1993,30/06 - 2022,1
17143611,Rigspolitiet,"Sydsjælland & Lolland-Falsters Politi, Landpoliti Fejø",Strandvejen 17,4944,Fejø,01/01 - 1993,31/07 - 2022,2-4
17143611,Rigspolitiet,"Sydsjælland & Lolland-Falsters Politi, Nærpoliti Haslev",Østergade 1,4690,Haslev,23/09 - 2009,31/07 - 2022,0
17143611,Rigspolitiet,"Sydsjælland & Lolland-Falsters Politi, Nærpoliti Fuglebjerg",Byagervej 1,4250,Fuglebjerg,29/01 - 2013,31/07 - 2022,0
17143611,Rigspolitiet,"Sydsjælland & Lolland-Falsters Politi, Nærpoliti Stubbekøbing",Torvet 1,4850,Stubbekøbing,01/01 - 1993,31/07 - 2022,2-4
17143611,Rigspolitiet,"Sydsjælland & Lolland-Falsters Politi, Nærpoliti Maribo",Museumsgade 6,4930,Maribo,01/01 - 1993,31/07 - 2022,2-4
17143611,Rigspolitiet,"Sydsjælland & Lolland-Falsters Politi, Landpoliti Glumsø",Stationsvej 9,4171,Glumsø,01/01 - 1993,31/07 - 2022,0
17143611,Rigspolitiet,"Sydsjælland & Lolland-Falsters Politi, Nærpoliti Faxe",Rønnedevej 37,4640,Faxe,23/09 - 2009,31/07 - 2022,0
17143611,Rigspolitiet,"Sydsjælland & Lolland-Falsters Politi, Nærpoliti Marielyst Torv (Pavillion)",Marielyst Strandvej 56,4873,Væggerløse,01/01 - 2005,31/07 - 2022,0
17143611,Rigspolitiet,"Sydsjælland & Lolland-Falsters Politi, Nærpoliti Sakskøbing",Rådhusgade 2,4990,Sakskøbing,01/01 - 2008,31/07 - 2022,0
17143611,Rigspolitiet,"Sydsjælland & Lolland-Falsters Politi, Landpoliti Femø",Askhavnsvej 53,4945,Femø,01/01 - 1993,31/07 - 2022,0
17143611,Rigspolitiet,"Sydsjælland & Lolland-Falsters Politi, Nærpoliti Stege",Storegade 54-56,4780,Stege,23/09 - 2009,31/07 - 2022,1
17143611,Rigspolitiet,"Sydsjælland og Lolland-Falsters Politi, Lokalstation Vordingborg",Sankelmarksvej 26,4760,Vordingborg,16/02 - 2016,31/07 - 2022,2-4
17143611,Rigspolitiet,"Nordsjællands Politi, Sandholmlejren",Sandholmgårdsvej 40,3460,Birkerød,21/12 - 2009,30/06 - 2022,2
17143611,Rigspolitiet,"Nordjyllands Politi, Aalborg Adm., færdsel og kørekort",Jyllandsgade 24,9000,Aalborg,13/02 - 2013,31/07 - 2022,1
17143611,Rigspolitiet,"Midt- og Vestjyllands Politi, Landpoliti Them",Møllesvinget 15,8653,Them,01/01 - 2002,31/08 - 2022,2-4
17143611,Rigspolitiet,"Midt- og Vestjyllands Politi, Nærpoliti Hurup Sydthy",Industrivej 14,7760,Hurup Thy,01/01 - 1993,31/08 - 2022,20-49
17143611,Rigspolitiet,"Midt- og Vestjyllands Politi, Landpoliti Tarm",Ådumvej 10,6880,Tarm,01/01 - 1993,31/08 - 2022,0
17143611,Rigspolitiet,"Syd- og Sønderjyllands Politi, Særtransportkontoret Padborg",Møllegade 2A,6330,Padborg,07/01 - 2013,31/08 - 2022,1
17143611,Rigspolitiet,"Rigspolitiet, Kriminalteknisk afdeling og Københavns Politi, Hittegodskontor",Slotsherrensvej 113,2720,Vanløse,01/01 - 1993,31/08 - 2022,2-4
17143611,Rigspolitiet,"Nordjyllands Politi, Nærpoliti Aalborg Øst",Fyrkildevej 7,9220,Aalborg Øst,01/01 - 2005,31/08 - 2022,2-4
17143611,Rigspolitiet,"Københavns Politi, LCIK",Gammel Køge Landevej 3,2500,Valby,01/11 - 2018,31/08 - 2022,0
17143611,Rigspolitiet,"Midt- og Vestjyllands Politi, Landpoliti Bjerringbro",Realskolevej 12,8850,Bjerringbro,01/01 - 1993,31/08 - 2022,1
17143611,Rigspolitiet,"Københavns Politi, Lokalstation City, Specialgruppen","Skelbækgade 2, 6",1717,København V,02/11 - 2009,31/08 - 2022,0
17143611,Rigspolitiet,"Københavns Politi, Nærpoliti Valby",Krumtappen 4,2500,Valby,01/01 - 2004,31/08 - 2022,2-4
17143611,Rigspolitiet,"Midt- og Vestjyllands Politi, Våben og Tilladelser",Stationsvej 33A,7500,Holstebro,01/09 - 2018,31/08 - 2022,1
17143611,Rigspolitiet,"Københavns Politi, Eftersøgningsafdelingen",Prags Boulevard 55A,2300,København S,02/06 - 2000,31/08 - 2022,1
17143611,Rigspolitiet,"Midt- og Vestjyllands Politi, Landpoliti Vildbjerg",Solbakkevej 35,7480,Vildbjerg,01/01 - 1993,31/08 - 2022,2-4
17143611,Rigspolitiet,"Fyns Politi, Forebyggelse",Grønlandsgade 7,5000,Odense C,01/04 - 2016,31/08 - 2022,0
17143611,Rigspolitiet,"Fyns Politi, Landpoliti Gudbjerg",Teglværksvej 30,5892,Gudbjerg Sydfyn,01/01 - 1993,31/08 - 2022,0
17143611,Rigspolitiet,"Fyns Politi, Færdselsafdelingen",Sivlandvænget 13A,5260,Odense S,02/06 - 2000,31/08 - 2022,2-4
17143611,Rigspolitiet,"Fyns Politi, Landpoliti Broby",Højdevangen 6,5672,Broby,01/01 - 1993,31/08 - 2022,1
17143611,Rigspolitiet,"Fyns Politi, Landpoliti Aarup",Bredgade 91,5560,Aarup,25/06 - 2010,31/08 - 2022,1
17143611,Rigspolitiet,"Fyns Politi, Landpoliti Ærøskøbing",Jomfruvejen 1,5970,Ærøskøbing,01/01 - 1993,31/08 - 2022,2-4
17143611,Rigspolitiet,"Fyns Politi, Landpoliti Tommerup",Vestervangen 65,5690,Tommerup,01/01 - 1993,31/08 - 2022,1
17143611,Rigspolitiet,"Fyns Politi, Lokalstation Odense C - Udlændinge Kontor",Skulkenborg 1,5000,Odense C,06/01 - 2015,31/08 - 2022,0
17143611,Rigspolitiet,"Fyns Politi, Landpoliti Nørre Åby",Nøddelunden 25,5580,Nørre Aaby,01/01 - 1993,31/08 - 2022,1
17143611,Rigspolitiet,"Fyns Politi, Prøvesagkyndige",Billedskærervej 13,5230,Odense M,10/03 - 2014,31/08 - 2022,1
17143611,Rigspolitiet,"Fyns Politi, Udlændinge",Skulkenborg 1,5000,Odense C,01/01 - 2005,31/08 - 2022,
17143611,Rigspolitiet,"Fyns Politi, Sekretariat","Bangs Boder 28, st. th.",5000,Odense C,01/01 - 2005,31/08 - 2022,
17143611,Rigspolitiet,"Fyns Politi, Nærpoliti Faaborg",Mellemgade 15,5600,Faaborg,01/01 - 1993,31/08 - 2022,0
17143611,Rigspolitiet,"Fyns Politi, Nærpoliti Rudkøbing",Fredensvej 1,5900,Rudkøbing,01/01 - 1993,31/08 - 2022,2-4
17143611,Rigspolitiet,"Fyns Politi, Lokalstation Faaborg/Midtfyn",Bygmestervej 29,5750,Ringe,01/01 - 1993,31/08 - 2022,9
17143611,Rigspolitiet,"Københavns Politi, Særlig Efterforskning Øst",Stationsager 1,2690,Karlslunde,01/01 - 1993,31/08 - 2022,6
17143611,Rigspolitiet,STATSADVOKATEN FOR SÆRLIG ØKONOMISK OG INTERNATIONAL KRIMINALITET. (SØIK),Kampmannsgade 1,1604,København V,01/01 - 2005,15/09 - 2022,2
17143611,Rigspolitiet,"Østjyllands Politi, Udlændingesektion og Rigspolitiet, Radioværksted",Fredensgade 41,8000,Aarhus C,01/01 - 2005,30/11 - 2022,
17143611,Rigspolitiet,"Østjyllands Politi, Landpoliti Tunø",Øvrevej 55,8799,Tunø,01/01 - 1993,30/11 - 2022,1
17143611,Rigspolitiet,"Østjyllands Politi, Politihundetræning depot",Fruerlundvej 1,8410,Rønde,01/01 - 1993,30/11 - 2022,0
17143611,Rigspolitiet,"Østjyllands Politi, Øvelsesejendom",Petersmindevej 7,8362,Hørning,16/10 - 2012,30/11 - 2022,2-4
17143611,Rigspolitiet,"Østjyllands Politi, Landpoliti Anholt",Radarvej 9,8592,Anholt,01/01 - 1993,30/11 - 2022,1
17143611,Rigspolitiet,"Østjyllands Politi, Land-/Nærpoliti Hammel/Ulstrup",Torvegade 7,8450,Hammel,01/01 - 1993,30/11 - 2022,3
17143611,Rigspolitiet,"Østjyllands Politi, Nærpoliti Hadsten",Østergade 5-7,8370,Hadsten,01/01 - 2005,30/11 - 2022,2
17143611,Rigspolitiet,"Rigspolitiet, Lokalafdeling",Mitchellsgade 21,1568,København V,02/06 - 2000,31/12 - 2022,1
17143611,Rigspolitiet,RIGSPOLITIET. AFDELING.,"Polititorvet 14, 4",1567,København V,10/09 - 2009,31/12 - 2022,5-9
17143611,Rigspolitiet,"Fyns Politi, Logistik/økonomi",Overgade 64,5000,Odense C,01/01 - 2005,01/07 - 2025,
17143611,Rigspolitiet,"Fyns Politi, OPU","Overgade 66, 1",5000,Odense C,01/01 - 2005,01/07 - 2025,
17143611,Rigspolitiet,"Fyns Politi, ØKO Krim og IT",Overgade 60,5000,Odense C,01/01 - 2021,01/07 - 2025,24
17143611,Rigspolitiet,"Midt- og Vestjyllands Politi, Nærpoliti Brande",Centerparken 1,7330,Brande,01/01 - 1993,31/08 - 2025,0
17143611,Rigspolitiet,"Midt- og Vestjyllands Politi, Landpoliti Nørre Snede",Snerlevej 4,8766,Nørre Snede,01/01 - 2008,31/08 - 2025,1
17143611,Rigspolitiet,National enhed for Særlig Kriminalitet - Kastrup,Kamillevej 3,2770,Kastrup,01/10 - 2021,19/09 - 2025,13
17143611,Rigspolitiet,"Rigspolitiet, UNSEK, Næstved","Vestre Kaj 2, 1",4700,Næstved,01/09 - 2019,31/08 - 2025,6
17143611,Rigspolitiet,"Københavns Politi, Lokalstation City",Halmtorvet 20,1700,København V,01/01 - 1993,01/01 - 2025,3
17143611,Rigspolitiet,"Fyns Politi, Lokalstation Nyborg",Slipshavnsvej 12,5800,Nyborg,01/01 - 1993,01/06 - 2024,14
17143611,Rigspolitiet,National enhed for Særlig Kriminalitet - Karlslunde,Stationsager 1,2690,Karlslunde,01/10 - 2021,31/08 - 2025,1
17143611,Rigspolitiet,National enhed for Særlig Kriminalitet - Valby,Gammel Køge Landevej 1,2500,Valby,01/10 - 2021,31/08 - 2025,1
17143611,Rigspolitiet,"Fyns politi, Hittegodskontor",Rugårdsvej 101,5000,Odense C,01/01 - 2005,30/09 - 2025,
17143611,Rigspolitiet,"Rigspolitiet, Radiolagret",Fredensgade 27,8000,Aarhus C,01/01 - 2005,31/08 - 2025,5-9
17143611,Rigspolitiet,"Rigspolitiet, Center for flåde- og materielstyring",Hambrosgade 15,1562,København V,01/04 - 2021,25/09 - 2025,2
17143611,Rigspolitiet,"Rigspolitiet, UNSEK, Aarhus","Åboulevarden 70, 2. 1.",8000,Aarhus C,01/07 - 2019,31/08 - 2025,8
17143611,Rigspolitiet,"Københavns Politi, Nærpolitiafdelingen",Rentemestervej 8,2400,København NV,01/10 - 2018,01/11 - 2025,4
17143611,Rigspolitiet,"Københavns Politi, Artillerivej 55",Artillerivej 55,2300,København S,02/06 - 2000,,366
17143611,Rigspolitiet,"Rigspolitiet, Udrustningsdepotet",Odinsvej 9-19,2600,Glostrup,26/11 - 2001,,16
17143611,Rigspolitiet,"RP, Polititorvet 14",Polititorvet 14,1567,København V,28/11 - 2001,,819
17143611,Rigspolitiet,"Syd- og Sønderjyllands Politi, UKA VEST",Toldbodvej 8,6330,Padborg,01/01 - 2002,,245
17143611,Rigspolitiet,"RP, Stoltenbergsgade",Stoltenbergsgade 9,1576,København V,01/01 - 2005,,105
17143611,Rigspolitiet,"Nordjyllands Politi, Færdselsafdelingen",Jyllandsgade 25,9000,Aalborg,01/01 - 2005,,4
17143611,Rigspolitiet,"Østjyllands Politi, Nærpoliti Brabrand-City Vest",Gudrunsvej 7,8220,Brabrand,01/01 - 2005,,1
17143611,Rigspolitiet,"Midt- og Vestsjællands Politi, Lokalstation Holbæk & Efterforskning Holbæk",Ved Faurgården 5D,4300,Holbæk,01/01 - 2005,,99
17143611,Rigspolitiet,"Københavns Vestegns Politi, Lokalstation Vest, Høje Taastrup",Helgeshøj Alle 81,2630,Taastrup,01/01 - 2005,,199
17143611,Rigspolitiet,"Københavns Politi, Nærpoliti Hovedbanegården",Banegårdspladsen 7,1570,København V,01/01 - 2005,,54
17143611,Rigspolitiet,"Fyns Politi, Nærpoliti Vollsmose Center Øst",Vollsmose Allé 10,5240,Odense NØ,01/01 - 2005,,11
17143611,Rigspolitiet,"Nordsjællands Politi, Politihundeskolen",Kildegårdsvej 2,3520,Farum,01/01 - 2005,,10
17143611,Rigspolitiet,"Midt- og Vestsjællands Politi, Lokalstation Kalundborg",Banegårdspladsen 1,4400,Kalundborg,01/01 - 2005,,11
17143611,Rigspolitiet,"RP, Nimbusparken","Nimbusparken 24, 4",2000,Frederiksberg,08/01 - 2010,,34
17143611,Rigspolitiet,"Nordsjællands Politi, Station Syd",Ørnegårdsvej 16,2820,Gentofte,07/09 - 2011,,230
17143611,Rigspolitiet,"Københavns Politi, Lokalstation Nordøst",Hermodsgade 3,2200,København N,20/02 - 2013,,14
17143611,Rigspolitiet,"Midt- og Vestsjællands Politi, Færdselsafdelingen og Tungvognscenter Øst",Agenavej 29,2670,Greve,21/02 - 2014,,71
17143611,Rigspolitiet,"Københavns Politi, Efterforskning",Teglholm Allé 1-3,2450,København SV,10/03 - 2014,,415
17143611,Rigspolitiet,"Sydøstjyllands Politi, Landpoliti Endelave (sognefoged)",Kongevejen 14,8789,Endelave,25/04 - 2014,,1
17143611,Rigspolitiet,"Østjyllands Politi, Grænsekontrol",Ny Lufthavnsvej 24,8560,Kolind,01/05 - 2026,,
17143611,Rigspolitiet,"Nordsjællands Politi, Birkerød",Birkerød Kongevej 2,3460,Birkerød,22/02 - 2016,,62
17143611,Rigspolitiet,"Rigspolitiet, Uddannelsescenter Vest (UCV)",Soldalen 8,7100,Vejle,01/09 - 2018,,177
17143611,Rigspolitiet,"Københavns Politi, Nordhavn","Levantkaj 1, 2",2150,Nordhavn,18/06 - 2018,,6
17143611,Rigspolitiet,National enhed for Særlig Kriminalitet - Århus,Ridderstræde 1,8000,Aarhus C,01/10 - 2021,,148
17143611,Rigspolitiet,National enhed for Særlig Kriminalitet - Ejby,Ejby Industrivej 125,2600,Glostrup,01/10 - 2021,,741
17143611,Rigspolitiet,National enhed for Særlig Kriminalitet - Fredericia,Nørre Voldgade 22,7000,Fredericia,01/10 - 2021,,29
17143611,Rigspolitiet,National enhed for Særlig Kriminalitet - Kampmannsgade,Kampmannsgade 1,1604,København V,01/10 - 2021,,47
17143611,Rigspolitiet,Statsadvokaten for Særlig Kriminalitet,"Kampmannsgade 1, 1",1604,København V,01/10 - 2021,,27
17143611,Rigspolitiet,"Syd- og Sønderjyllands Politi, Nærstation Esbjerg",Stengårdsvej 319,6705,Esbjerg Ø,01/01 - 2022,,3
17143611,Rigspolitiet,"Københavns Politi, Anklagemyndighed Teglgade",Vestre Teglgade 9,2450,København SV,01/02 - 2022,,466
17143611,Rigspolitiet,"Syd- og Sønderjyllands Politi, Nærstation Tønder",Søndergade 8,6520,Toftlund,01/01 - 2022,,3
17143611,Rigspolitiet,"Nordjyllands Politi, Nærpoliti Brønderslev",Godsbanegade 14,9700,Brønderslev,01/09 - 2022,,3
17143611,Rigspolitiet,"Nordjyllands Politi, Dyrevelfærdssektionen",Nørregade 1,9490,Pandrup,01/06 - 2022,,5
17143611,Rigspolitiet,"Fyns Politi, Thulevej",Thulevej 25,5210,Odense NV,01/08 - 2022,,10
17143611,Rigspolitiet,"Fyns Politi, Nyborg",Baggersgade 2,5800,Nyborg,01/04 - 2022,,5
17143611,Rigspolitiet,"RP, Bernstorffsgade","Bernstorffsgade 21, 3",1577,København V,01/11 - 2022,,96
17143611,Rigspolitiet,"Midt- og Vestjyllands Politi, Kærshovedgård",Kærshovedgård 17,7430,Ikast,31/10 - 2022,,2
17143611,Rigspolitiet,National enhed for Særlig Kriminalitet - Silkeborg,Christian 8.s Vej 2C,8600,Silkeborg,01/10 - 2022,,68
17143611,Rigspolitiet,"RP, Ejby Industrivej 41",Ejby Industrivej 41,2600,Glostrup,01/04 - 2023,,297
17143611,Rigspolitiet,"Københavns Politi, Rytterisektionen",Nøragersmindevej 95,2791,Dragør,01/01 - 2023,,23
17143611,Rigspolitiet,National enhed for Særlig Kriminalitet - Odinsvej,Odinsvej 9,2600,Glostrup,01/09 - 2024,,173
17143611,Rigspolitiet,"Fyns Politi, Vejteknisk Afsnit","Mellemgade 25B, 1",5800,Nyborg,01/06 - 2024,,9
17143611,Rigspolitiet,"Københavns Vestegns Politi, Lokalstation Odinsvej","Odinsvej 19, 1",2600,Glostrup,01/12 - 2024,,6
17143611,Rigspolitiet,"Københavns Politi, Lokalstation Indre by",Meldahlsgade 5,1613,København V,01/01 - 2025,,17
17143611,Rigspolitiet,"Sydsjælland og Lolland-Falsers Politi, Grænsepoliti",Færgestationsvej 1A,4970,Rødby,01/07 - 2025,,69
17143611,Rigspolitiet,"Særlov, Hittegods, Till., Hunde",Thulevej 27,5210,Odense NV,01/07 - 2025,,70
17143611,Rigspolitiet,"RP, Frederikskaj 8",Frederikskaj 8,2450,København SV,01/11 - 2025,,183
17143611,Rigspolitiet,"Sydsjælland & Lolland-Falsters Politi, Grænsepoliti",Færgestationsvej 8,4970,Rødby,01/01 - 2001,,0
17143611,Rigspolitiet,"Midt- og Vestsjællands Politi, Sognefogde Sejerø",Kongstrupvej 12,4592,Sejerø,01/01 - 2002,,2-4
17143611,Rigspolitiet,"Nordjyllands Politi, Nærpoliti Nord",Lufthavnsvej 98,9400,Nørresundby,01/01 - 2005,,
17143611,Rigspolitiet,"Midt- og Vestjyllands Politi, Politiets Administrative Center, SYD","Brogårdsvej 1, 2",7500,Holstebro,11/09 - 2009,,1
17143611,Rigspolitiet,"RP, Ejby Industrivej 125-135",Ejby Industrivej 125-135,2600,Glostrup,20/09 - 2010,,72
17143611,Rigspolitiet,"Nordjyllands Politi, Kontor/Lagerhal",Svendborgvej 16B,9220,Aalborg Øst,23/02 - 2011,,0
17143611,Rigspolitiet,"Sydsjælland og Lolland-Falsters Politi, Nærpoliti Haslev","Stationspladsen 1A, st. tv.",4690,Haslev,01/10 - 2021,,
17143611,Rigspolitiet,"Sydssjælland & Lolland-Falsters Politi, Nærpoliti Dianalund",Torvet 12,4293,Dianalund,01/01 - 1993,,0
17143611,Rigspolitiet,"Østjyllands Politi, Lokalstation Allingåbro",Kirkestien 1,8961,Allingåbro,30/01 - 2013,,1
17143611,Rigspolitiet,"Sydøstjyllands Politi, Landpoliti Lunderskov",Jernbanegade 1,6580,Vamdrup,25/04 - 2014,,1
17143611,Rigspolitiet,"Sydøstjyllands Politi, Landpolitiet Jelling",Skovgade 4,7300,Jelling,25/04 - 2014,,0
17143611,Rigspolitiet,"Sydøstjyllands Politi, Landpoliti Hovedgård",Stationsvej 3,8732,Hovedgård,25/04 - 2014,,1
17143611,Rigspolitiet,"Sydøstjyllands Politi, Landpoliti Hørning",Bakkedraget 1,8362,Hørning,25/04 - 2014,,
17143611,Rigspolitiet,"Sydøstjyllands Politi, Landpoliti Tørring","Kirkevej 10, 1",7160,Tørring,25/04 - 2014,,1
17143611,Rigspolitiet,"Sydøstjyllands Politi, Landpoliti Christiansfeld",Skolevej 10,6070,Christiansfeld,25/04 - 2014,,0
17143611,Rigspolitiet,"Sydøstjyllands Politi, Landpoliti Juelsminde",Kirkevej 11,7130,Juelsminde,25/04 - 2014,,1
17143611,Rigspolitiet,"Sydøstjyllands Politi, Landpoliti Give",Vimmelskaftet 2,7323,Give,25/04 - 2014,,1
17143611,Rigspolitiet,"Sydøstjyllands Politi, Landpoliti Galten",Søvangen 2,8464,Galten,25/04 - 2014,,1
17143611,Rigspolitiet,"Sydøstjyllands Politi, Landpoliti Egtved",Syrenhaven 6,6040,Egtved,25/04 - 2014,,1
17143611,Rigspolitiet,"Sydøstjyllands Politi, Landpoliti Bredsten",Ballevej 39,7182,Bredsten,25/04 - 2014,,1
17143611,Rigspolitiet,"Sydøstjyllands Politi, Landpoliti Børkop",Ågade 6,7080,Børkop,25/04 - 2014,,2-4
17143611,Rigspolitiet,"Sydøstjyllands Politi, Landpoliti Ry","Klostervej 6, st",8680,Ry,25/04 - 2014,,0
17143611,Rigspolitiet,"Københavns Politi, Depot",Tofteengen 2,3540,Lynge,01/04 - 2018,,0
17143611,Rigspolitiet,"Midt- og Vestjyllands Politi, Kriminalregisteret",Enghaven 15,7500,Holstebro,01/04 - 2018,,2-4
17143611,Rigspolitiet,"Midt- og Vestjyllands Politi, Politiets Administrative Center, NORD",Ivar Lundgaards Vej 4,7500,Holstebro,01/03 - 2019,,
17143611,Rigspolitiet,"Københavns Politi, Regskabsafdeling",Puggaardsgade 2,1573,København V,02/06 - 2000,,1
17143611,Rigspolitiet,"Sydøstjyllands Politi, Nærstation Grindsted",Vestergade 67,7200,Grindsted,01/04 - 2022,,
17143611,Rigspolitiet,"Sydøstjyllands Politi, Nærstation Hedensted",Stationsvej 5,8722,Hedensted,01/04 - 2022,,
17143611,Rigspolitiet,"Sydøstjyllands Politi, Landpoliti Hedensted",Valenciavej 4,8722,Hedensted,25/04 - 2014,,1
17143611,Rigspolitiet,"Midt- og Vestjyllands Politi, Nærpoliti Ikast",Rådhusstrædet 6,7430,Ikast,01/01 - 1993,,1
17143611,Rigspolitiet,"Midt- og Vestsjællands Politi, Sags- og visitationscenter",Ringstedvej 18,4000,Roskilde,01/02 - 2024,,
17143611,Rigspolitiet,"Københavns Politi, Efterforskningsstøtte",Odinsvej 19,2600,Glostrup,01/08 - 2024,,
17143611,Rigspolitiet,"Sydsjælland & Lolland-Falsters Politi, Landpoliti Askø",Østerhovedvej 22,4930,Maribo,01/01 - 1993,,1
17143611,Rigspolitiet,"Rigspolitiet, Center for Flåde- og Materielstyring",Hambrosgade 21,1562,København V,01/01 - 1993,,1
17143611,Rigspolitiet,"Sydsjælland & Lolland-Falsters Politi, Operativ Forebyggelse Nord Korsør",Egersundvej 30,4220,Korsør,01/01 - 1993,,0
17143611,Rigspolitiet,"Midt- og Vestjyllands Politi, Nærpoliti Skjern",Finderupsvej 9,6900,Skjern,01/01 - 1993,,10-19
17143611,Rigspolitiet,"Midt- og Vestjyllands Politi, Nærpoliti Struer","Søndergade 10, st",7600,Struer,01/01 - 1993,,1
17143611,Rigspolitiet,"Midt- og Vestjyllands Politi, Nærpoliti Lemvig",Rådhusgade 2,7620,Lemvig,01/01 - 1993,,10-19
17143611,Rigspolitiet,"Østjyllands Politi, Nærpoliti Ebeltoft",Lundbergsvej 2,8400,Ebeltoft,01/01 - 1993,,1
17143611,Rigspolitiet,Rigspolitiet,Klausdalsbrovej 1,2860,Søborg,01/01 - 2005,,
17143611,Rigspolitiet,"Sydøstjyllands Politi, Landpoliti Brædstrup",Søndervang 5,8740,Brædstrup,25/04 - 2014,,1
17143611,Rigspolitiet,"Nordsjællands Politi, Hovedstation",Prøvestensvej 1,3000,Helsingør,01/01 - 1993,,522
17143611,Rigspolitiet,"Østjyllands Politi, Lokalstation Randers og Rigspolitiet",Dragonvej 1,8900,Randers C,01/01 - 1993,,180
17143611,Rigspolitiet,"Nordsjællands Politi, Lokalstation Hillerød",Østergade 1,3400,Hillerød,01/01 - 1993,,256
17143611,Rigspolitiet,"Syd- og Sønderjyllands Politi, Beredskabsstation Åbenrå","H P Hanssens Gade 23, 1",6200,Aabenraa,01/01 - 1993,,77
17143611,Rigspolitiet,"Fyns Politi, Lokalstation Middelfart",Mandal Alle 19,5500,Middelfart,01/01 - 1993,,1
17143611,Rigspolitiet,"Nordjyllands Politi, Lokalstation Hjørring",Horsevang 9,9800,Hjørring,01/01 - 1993,,72
17143611,Rigspolitiet,"Syd- og Sønderjyllands Politi, Nærpoliti Ribe",Odins Plads 2,6760,Ribe,01/01 - 1993,,7
17143611,Rigspolitiet,"Syd- og Sønderjyllands Politi, Beredskabsstation Tønder",Nørregade 15,6270,Tønder,01/01 - 1993,,15
17143611,Rigspolitiet,"Sydøstjyllands Politi, Kolding",Birkemose Allé 23-25,6000,Kolding,01/01 - 1993,,105
17143611,Rigspolitiet,"Syd- og Sønderjyllands Politi, Beredskabsstation Vejen",Banegårdspladsen 5,6600,Vejen,01/01 - 1993,,15
17143611,Rigspolitiet,"Københavns Vestegns Politi, Lokalstation Rødovre",Kirstine Pedersens Vej 6,2610,Rødovre,01/01 - 1993,,80
17143611,Rigspolitiet,"Østjyllands Politi, Nærpoliti Odder",Rådhusgade 40,8300,Odder,01/01 - 1993,,3
17143611,Rigspolitiet,"Københavns Vestegns Politi, Politimuseet",Fælledvej 20,2200,København N,01/01 - 1993,,17
17143611,Rigspolitiet,"Sydsjælland & Lolland-Falsters Politi, Lokalstation Nykøbing Falster",Vestergade 15,4800,Nykøbing F,01/01 - 1993,,96
17143611,Rigspolitiet,Rigsadvokaturen,Frederiksholms Kanal 16,1220,København K,01/01 - 1993,,181
17143611,Rigspolitiet,"Sydøstjyllands Politi, Hovedstation",Holmboes Alle 2,8700,Horsens,01/01 - 1993,,517
17143611,Rigspolitiet,"Midt- og Vestjyllands Politi, Lokalstation Skive",Resenvej 10A,7800,Skive,01/01 - 1993,,47
17143611,Rigspolitiet,"Nordjyllands Politi, Lokalstation Himmerland",Digterparken 2,9500,Hobro,01/01 - 1993,,70
17143611,Rigspolitiet,"Sydøstjyllands Politi, Skanderborg",Skanderborg Fælled 1,8660,Skanderborg,01/01 - 1993,,3
17143611,Rigspolitiet,"Syd- og Sønderjyllands Politi, Beredskabsstation Varde",Storegade 79,6800,Varde,01/01 - 1993,,34
17143611,Rigspolitiet,"Nordjyllands Politi, Landpoliti Års",Løgstørvej 14B,9600,Aars,01/01 - 1993,,6
17143611,Rigspolitiet,"Sydøstjyllands Politi, Billund",Cirrusvej 20,7190,Billund,01/01 - 1993,,77
17143611,Rigspolitiet,"Københavns Vestegns Politi, Hovedstation",Birkelundsvej 2,2620,Albertslund,01/01 - 1993,,629
17143611,Rigspolitiet,"Københavns Politi, Hovedstation",Otto Mønsteds Gade 2,1571,København V,01/01 - 1993,,1132
17143611,Rigspolitiet,"Østjyllands Politi, Lokalstation Grenaa",Nordhavnsvej 1,8500,Grenaa,01/01 - 1993,,30
17143611,Rigspolitiet,"Midt- og Vestjyllands Politi, Nærpoliti Morsø",Tingvej 1,7900,Nykøbing M,01/01 - 1993,,3
17143611,Rigspolitiet,"Midt- og Vestsjællands Politi, Lokalstation Køge",Kongsberg Alle 4,4600,Køge,01/01 - 1993,,98
17143611,Rigspolitiet,"Midt- og Vestjyllands Politi, Lokalstation Ringkøbing",Kongevejen 16,6950,Ringkøbing,01/01 - 1993,,26
17143611,Rigspolitiet,"Københavns Politi, Lokalstation Lufthavnen",Petersdalvej 1A,2770,Kastrup,01/01 - 1993,,320
17143611,Rigspolitiet,"Københavns Politi, Lokalstation Bellahøj",Borups Allé 266,2400,København NV,01/01 - 1993,,415
17143611,Rigspolitiet,"Østjyllands Politi, Landpoliti Rønde",Hovedgaden 75A,8410,Rønde,01/01 - 1993,,2
17143611,Rigspolitiet,"Nordjyllands Politi, Landpoliti Læsø",Byrum Hovedgade 51,9940,Læsø,01/01 - 1993,,2
17143611,Rigspolitiet,"Københavns Politi, Politihundeafdelingen",Artillerivej 129,2300,København S,01/01 - 1993,,68
17143611,Rigspolitiet,"Fyns Politi, Hovedstation",Hans Mules Gade 1,5000,Odense C,01/01 - 1993,,706
17143611,Rigspolitiet,"Midt- og Vestsjællands Politi, Nærpoliti Nykøbing Sj.",Vesterlyngvej 8,4500,Nykøbing Sj,01/01 - 1993,,4
17143611,Rigspolitiet,"Nordsjællands Politi, Lokalstation Frederikssund",Falkenborgvej 5,3600,Frederikssund,01/01 - 1993,,66
17143611,Rigspolitiet,"Sydøstjyllands Politi, Vejle",Skolegade 3A,7100,Vejle,01/01 - 1993,,242
17143611,Rigspolitiet,"Sydøstjyllands Politi, Fredericia",Nørre Voldgade 22,7000,Fredericia,01/01 - 1993,,47
17143611,Rigspolitiet,"Fyns Politi, Lokalstation Assens",Rådhus Allé 1,5610,Assens,01/01 - 1993,,11
17143611,Rigspolitiet,"Fyns Politi, Lokalstation Svendborg",Tvedvej 2,5700,Svendborg,01/01 - 1993,,58
17143611,Rigspolitiet,"Nordjyllands Politi, Lokalstation Frederikshavn",Skippergade 19,9900,Frederikshavn,01/01 - 1993,,65
17143611,Rigspolitiet,"Syd- og Sønderjyllands Politi, Landpoliti Fanø",Skolevej 5,6720,Fanø,01/01 - 1993,,1
17143611,Rigspolitiet,"Sydsjælland & Lolland-Falsters Politi, Lokalstation Nakskov",Nybrogade 5,4900,Nakskov,01/01 - 1993,,18
17143611,Rigspolitiet,"Midt- og Vestjyllands Politi, Hovedstation",Stationsvej 74,7500,Holstebro,01/01 - 1993,,892
17143611,Rigspolitiet,"Sydsjælland & Lolland-Falsters Politi, Nærpoliti Sorø",Rådhusvej 8,4180,Sorø,01/01 - 1993,,1
17143611,Rigspolitiet,Retspsykiatrisk Klinik,Blegdamsvej 6B,2200,København N,01/01 - 1993,,24
17143611,Rigspolitiet,"RP, Landlystvej",Landlystvej 34,2650,Hvidovre,01/01 - 1993,,40
17143611,Rigspolitiet,"Sydsjælland & Lolland-Falsters Politi, Lokalstation Vordingborg",Københavnsvej 47,4760,Vordingborg,01/01 - 1993,,127
17143611,Rigspolitiet,"Midt- og Vestjyllands Politi, Lokalstation Herning",Haraldsgade 30,7400,Herning,01/01 - 1993,,109
17143611,Rigspolitiet,"Midt- og Vestjyllands Politi, Lokalstation Silkeborg",Lillehøjvej 35,8600,Silkeborg,01/01 - 1993,,57
17143611,Rigspolitiet,"Midt- og Vestsjællands Politi, Hovedstation",Skovbogade 3,4000,Roskilde,01/01 - 1993,,580
17143611,Rigspolitiet,"Syd- og Sønderjyllands Politi, Områdecenter Syd, Sønderborg",Ringridervej 37,6400,Sønderborg,01/01 - 1993,,60
17143611,Rigspolitiet,"Københavns Politi, Lokalstation Amager",Kamillevej 3,2770,Kastrup,01/01 - 1993,,61
17143611,Rigspolitiet,STATSADVOKATEN I KØBENHAVN,Kampmannsgade 1,1604,København V,01/01 - 1993,,81
17143611,Rigspolitiet,"Østjyllands Politi, Hovedstation, og Rigspolitiet",Ridderstræde 1,8000,Aarhus C,01/01 - 1993,,81
17143611,Rigspolitiet,"Syd- og Sønderjyllands Politi, Hovedstation Esbjerg",Kirkegade 76,6700,Esbjerg,01/01 - 1993,,597
17143611,Rigspolitiet,"Midt- og Vestsjællands Politi, Lokalstation Ringsted",Tinggade 15,4100,Ringsted,01/01 - 1993,,56
17143611,Rigspolitiet,"Sydsjælland & Lolland-Falsters Politi, Hovedstation",Parkvej 50,4700,Næstved,01/01 - 1993,,518
17143611,Rigspolitiet,"Nordjyllands Politi, Hovedstation",Jyllandsgade 27,9000,Aalborg,01/01 - 1993,,669
17143611,Rigspolitiet,"Syd- og Sønderjyllands Politi, Områdecenter Nordøst, Haderslev",Gammelting 3,6100,Haderslev,01/01 - 1993,,65
17143611,Rigspolitiet,"Sydsjælland & Lolland-Falsters Politi, Lokalstation Slagelse",Antvorskov Alle 139,4200,Slagelse,01/01 - 1993,,130
17143611,Rigspolitiet,"Københavns Politi, Lokalstation Frederiksberg",Peter Bangs Vej 24-28,2000,Frederiksberg,01/01 - 1993,,14
17143611,Rigspolitiet,"Østjyllands Politi, Landpoliti Samsø",Tingvej 7,8305,Samsø,01/01 - 1993,,1
17143611,Rigspolitiet,"Bornholms Politi, Hovedstation",Zahrtmannsvej 44,3700,Rønne,01/01 - 1993,,109
17143611,Rigspolitiet,"Midt- og Vestjyllands Politi, Lokalstation Viborg og Statsadv. i Viborg",Rødevej 1,8800,Viborg,01/01 - 1993,,171
17143611,Rigspolitiet,"Rigspolitiet,Uddannelsescenter Øst (UCØ)",Brøndbyøster Boulevard 30,2605,Brøndby,01/01 - 1993,,365
17143611,Rigspolitiet,"Midt- og Vestjyllands Politi, Lokalstation Thisted",Kronborgvej 111,7700,Thisted,01/01 - 1993,,37
17143611,Rigspolitiet,"Københavns Politi, Station Valby",Hanne Varmings Plads 8,2500,Valby,01/01 - 1993,,277
35954716,Salling Group A/S,DANSK SUPERMARKED A/S,Englandsvej 2,7100,Vejle,01/01 - 2006,01/01 - 2006,
35954716,Salling Group A/S,NETTO Højmarksvej Silkeborg,Nordre Højmarksvej 1,8600,Silkeborg,01/11 - 2014,02/11 - 2014,
35954716,Salling Group A/S,NETTO,Vestergade 39,1456,København K,20/11 - 2014,21/11 - 2014,
35954716,Salling Group A/S,DANSK SUPERMARKED A/S, 18,9999,Ukendt,01/06 - 1956,31/03 - 1964,
35954716,Salling Group A/S,Netto VRÅ,Nygade 5,9760,Vrå,29/01 - 2019,29/01 - 2019,
35954716,Salling Group A/S,Bistro og Quick Food i Bilka,Agerøvej 7,8381,Tilst,01/01 - 2005,01/01 - 2005,
35954716,Salling Group A/S,Netto - Slotsgade 5- 3400 Hillerød,Slotsgade 5,3400,Hillerød,25/10 - 2006,25/10 - 2006,
35954716,Salling Group A/S,F. Salling A/S,Søndergade 27,8000,Århus C,11/06 - 2009,11/06 - 2009,
35954716,Salling Group A/S,Dansk Supermarked køle- og frugtterminal,Skovsøvej 13,4200,Slagelse,14/03 - 2007,14/03 - 2007,
35954716,Salling Group A/S,NETTO Viby Ringvej,Viby Ringvej 20,8260,Viby J,01/01 - 2015,02/01 - 2015,
35954716,Salling Group A/S,Quick food Føtex,Klosterparks Alle 10,4100,Ringsted,04/10 - 2006,04/10 - 2006,
35954716,Salling Group A/S,Starbucks,Lyngbyvej 11,2100,København Ø,01/07 - 2014,31/05 - 2015,
35954716,Salling Group A/S,Køle og Frugtterminal,Skovsøvej 13,4200,Slagelse,26/04 - 2007,26/04 - 2007,
35954716,Salling Group A/S,F. Salling A/S,Nytorv 8,9000,Aalborg,11/06 - 2009,11/06 - 2009,
35954716,Salling Group A/S,Føtex Food Dragør,Maglebytorv 2,2791,Dragør,20/10 - 2009,20/10 - 2009,
35954716,Salling Group A/S,TØJ & SKO,Amagerbrogade 54,2300,København S,01/01 - 1987,31/03 - 2013,0
35954716,Salling Group A/S,TØJ & SKO,Ahlgade 29,4300,Holbæk,01/01 - 1987,31/03 - 2013,0
35954716,Salling Group A/S,TØJ & SKO,Vestergade 5,7900,Nykøbing M,01/01 - 1987,31/03 - 2013,0
35954716,Salling Group A/S,TØJ & SKO,Søndergade 2,4900,Nakskov,01/01 - 1987,31/03 - 2013,0
35954716,Salling Group A/S,TØJ & SKO,Rådhustorvet 2,8900,Randers C,01/01 - 1987,31/03 - 2013,1
35954716,Salling Group A/S,DANSK SUPERMARKED INDKØB I/S KØD - KOLONIAL - SILD,Englandsvej 2,7100,Vejle,01/01 - 1987,29/04 - 2012,0
35954716,Salling Group A/S,NETTO,Adelgade 35,4880,Nysted,01/01 - 1995,23/09 - 2007,10-19
35954716,Salling Group A/S,TØJ & SKO,Store Torv 17,3700,Rønne,01/01 - 1994,31/03 - 2013,0
35954716,Salling Group A/S,Netto,Nørregade 13-15,6580,Vamdrup,07/10 - 2004,31/12 - 2008,2-4
35954716,Salling Group A/S,"Netto City 2, Butik 396",Cityringen 2,2630,Taastrup,25/12 - 2005,25/12 - 2005,10-19
35954716,Salling Group A/S,NETTO,Lyngbyvej 11,2100,København Ø,26/02 - 1991,04/04 - 2007,10-19
35954716,Salling Group A/S,Netto A/S,Kirke Alle 85,7800,Skive,01/01 - 2001,31/05 - 2014,2-4
35954716,Salling Group A/S,TØJ & SKO,Nytorv 10,4200,Slagelse,01/01 - 1987,31/03 - 2013,1
35954716,Salling Group A/S,TØJ & SKO,Søndergade 24,8700,Horsens,01/01 - 1992,31/03 - 2013,1
35954716,Salling Group A/S,TØJ & SKO,Hovedgaden 25,3460,Birkerød,01/01 - 1993,31/03 - 2013,0
35954716,Salling Group A/S,FØTEX,Fejøvej 9,4700,Næstved,01/04 - 2010,01/05 - 2013,10-19
35954716,Salling Group A/S,NETTO,Asylgade 1,7700,Thisted,01/01 - 1993,30/11 - 2014,10-19
35954716,Salling Group A/S,TØJ & SKO,Vestergade 6A,7700,Thisted,01/01 - 1987,31/03 - 2013,0
35954716,Salling Group A/S,NETTO,Revvej 10A,4220,Korsør,01/01 - 1991,22/04 - 2006,10-19
35954716,Salling Group A/S,TØJ OG SKO Storcenter Nord,Finlandsgade 17,8200,Århus N,23/08 - 2006,31/12 - 2008,5-9
35954716,Salling Group A/S,TØJ & SKO,Ramsherred 1,4700,Næstved,01/04 - 1987,31/03 - 2013,0
35954716,Salling Group A/S,TØJ & SKO,Sct Hansgade 6,4100,Ringsted,01/01 - 1987,31/03 - 2013,0
35954716,Salling Group A/S,TØJ & SKO,Amagerbrogade 146,2300,København S,01/01 - 1994,31/03 - 2013,0
35954716,Salling Group A/S,TØJ & SKO,Torvegade 18,7100,Vejle,01/01 - 1987,31/03 - 2013,1
35954716,Salling Group A/S,TØJ & SKO,Bispensgade 4,9000,Aalborg,01/01 - 1987,31/03 - 2013,5-9
35954716,Salling Group A/S,TØJ & SKO,Nørregade 17,6100,Haderslev,01/01 - 1987,31/03 - 2013,1
35954716,Salling Group A/S,NETTO,Gammel Køge Landevej 263,2650,Hvidovre,25/01 - 2008,01/12 - 2015,5-9
35954716,Salling Group A/S,BILKA INDKØB,Agerøvej 7A,8381,Tilst,01/01 - 1987,31/12 - 2010,100-199
35954716,Salling Group A/S,TØJ & SKO,Sct. Mathias Gade 32,8800,Viborg,01/01 - 1987,31/03 - 2013,1
35954716,Salling Group A/S,TØJ & SKO,Gudrunsvej 7,8220,Brabrand,01/01 - 1987,31/03 - 2013,0
35954716,Salling Group A/S,TØJ & SKO,Toftegårds Allé 30,2500,Valby,01/01 - 1988,31/03 - 2013,1
35954716,Salling Group A/S,TØJ & SKO,Vesterbrogade 20,1620,København V,01/01 - 1987,31/03 - 2013,0
35954716,Salling Group A/S,TØJ & SKO,Danmarksgade 10,7000,Fredericia,01/01 - 1987,31/03 - 2013,0
35954716,Salling Group A/S,TØJ & SKO,Jernbanegade 21,4800,Nykøbing F,01/01 - 1987,31/03 - 2013,1
35954716,Salling Group A/S,NETTO,Strandby Kirkevej 258,6700,Esbjerg,01/01 - 1989,01/05 - 2013,1
35954716,Salling Group A/S,Frugt- og Grøntlager,Industrigrenen 4-6,2635,Ishøj,07/04 - 2006,31/12 - 2011,0
35954716,Salling Group A/S,DØGNNETTO,Dirch Passers Allé 19,2000,Frederiksberg,28/11 - 2008,13/12 - 2015,5-9
35954716,Salling Group A/S,TØJ & SKO,Kongensgade 15,5000,Odense C,01/01 - 1989,31/03 - 2013,0
35954716,Salling Group A/S,Hotel Frederik den II,Idagårdsvej 3,4200,Slagelse,01/01 - 1988,21/02 - 2012,0
35954716,Salling Group A/S,TØJ & SKO,Stengade 37,3000,Helsingør,18/10 - 2007,31/03 - 2013,2-4
35954716,Salling Group A/S,TØJ & SKO,Slotsgade 29,3400,Hillerød,01/01 - 1987,31/03 - 2013,0
35954716,Salling Group A/S,TØJ & SKO,Danmarksgade 62,9900,Frederikshavn,01/01 - 1987,31/03 - 2013,0
35954716,Salling Group A/S,TØJ & SKO,Nørrebrogade 183,2200,København N,01/01 - 1987,31/03 - 2013,1
35954716,Salling Group A/S,TØJ & SKO,Østergade 1,3600,Frederikssund,01/01 - 1987,31/03 - 2013,2-4
35954716,Salling Group A/S,Døgnetto,Gentoftegade 74,2820,Gentofte,01/01 - 1988,05/06 - 2016,0
35954716,Salling Group A/S,TØJ & SKO,Algade 46,4760,Vordingborg,01/01 - 1989,31/03 - 2013,0
35954716,Salling Group A/S,DØGNNETTO,I L Tvedes Vej 16,3000,Helsingør,01/01 - 1987,12/06 - 2016,0
35954716,Salling Group A/S,DØGNNETTO,"Vesterbrogade 65, st. tv.",1620,København V,08/12 - 2011,02/11 - 2018,5-9
35954716,Salling Group A/S,Døgnnetto,Rolighedsvej 11,1958,Frederiksberg C,20/06 - 2002,08/08 - 2016,0
35954716,Salling Group A/S,TØJ & SKO,Nørregade 50,7500,Holstebro,01/01 - 1987,31/03 - 2013,1
35954716,Salling Group A/S,TØJ & SKO,Møllergade 1,5700,Svendborg,01/01 - 1989,31/03 - 2013,1
35954716,Salling Group A/S,TØJ & SKO,Kordilgade 6,4400,Kalundborg,24/11 - 2005,31/03 - 2013,1
35954716,Salling Group A/S,Døgnnetto,Sdr.Stationsvej 28,4200,Slagelse,01/11 - 2001,01/12 - 2015,0
35954716,Salling Group A/S,NETTO,Slotsgade 5,3400,Hillerød,05/11 - 2006,08/10 - 2015,0
35954716,Salling Group A/S,TØJ & SKO,Nørrebrogade 34,2200,København N,31/08 - 1995,31/03 - 2013,0
35954716,Salling Group A/S,TØJ & SKO,Algade 13,4000,Roskilde,01/01 - 1992,31/03 - 2013,0
35954716,Salling Group A/S,NETTO Herregårdscentret,Odensevej 16,5600,Faaborg,01/01 - 1988,16/09 - 2005,2-4
35954716,Salling Group A/S,NETTO,Fyrvej 10,6960,Hvide Sande,27/05 - 2003,31/01 - 2008,5-9
35954716,Salling Group A/S,NETTO A/S,Musvågevej 2,8210,Århus V,05/04 - 2002,21/02 - 2012,0
35954716,Salling Group A/S,Netto,Centerpladsen 23,6360,Tinglev,19/10 - 2000,31/05 - 2014,1
35954716,Salling Group A/S,DANSK SUPERMARKED INDKØB I/S FROST V/VEJLE FRYSEHUS TERMINAL NORD,Kristian Skous Vej 1,7100,Vejle,01/01 - 1998,21/02 - 2012,2-4
35954716,Salling Group A/S,Føtex Food,Banegårdsgade 18-20,8300,Odder,15/06 - 2009,01/05 - 2013,5-9
35954716,Salling Group A/S,NØRRE SNEDE FRYSEHUS NETTO VEST,Industrivej 60-70,8766,Nørre Snede,01/01 - 2005,30/09 - 2010,2-4
35954716,Salling Group A/S,FØTEX,Vestergade 7,7500,Holstebro,01/01 - 1987,29/03 - 2014,10-19
35954716,Salling Group A/S,Føtex,Kirkegårdsvej 2,2300,København S,01/04 - 1972,20/09 - 2016,0
35954716,Salling Group A/S,NETTO,Algade 30-32,4000,Roskilde,01/01 - 1987,17/07 - 2016,0
35954716,Salling Group A/S,Døgnetto,Jydeholmen 53,2720,Vanløse,01/01 - 1987,26/09 - 2016,0
35954716,Salling Group A/S,NETTO,Damhustorvet 7,2610,Rødovre,12/12 - 1991,26/06 - 2016,0
35954716,Salling Group A/S,TØJ & SKO,Torvet 24,4600,Køge,01/01 - 1989,31/03 - 2013,0
35954716,Salling Group A/S,TØJ & SKO,Vestergade 22,8600,Silkeborg,01/01 - 1987,31/03 - 2013,1
35954716,Salling Group A/S,TØJ & SKO,Østerbrogade 94,2100,København Ø,01/01 - 1992,31/03 - 2013,1
35954716,Salling Group A/S,NETTO,Lygten 11,2400,København NV,02/04 - 2009,06/11 - 2018,1
35954716,Salling Group A/S,Føtex Food Fredensborg,Wendorfsvej 2,3480,Fredensborg,18/10 - 2010,01/05 - 2013,5-9
35954716,Salling Group A/S,NETTO,Ryhavevej 28,8210,Aarhus V,18/03 - 2008,30/06 - 2015,0
35954716,Salling Group A/S,FØTEX,Storegade 31,6700,Esbjerg,01/01 - 1989,29/02 - 2016,0
35954716,Salling Group A/S,DANSK SUPERMARKED A/S Indkøb - Administration,Rosbjergvej 34,8220,Brabrand,01/01 - 2011,31/12 - 2014,0
35954716,Salling Group A/S,DøgnNetto,Søndervangen 4,3460,Birkerød,01/01 - 2012,19/06 - 2016,0
35954716,Salling Group A/S,døgnNetto Brønshøj,Frederikssundsvej 221-223,2700,Brønshøj,01/11 - 2011,26/06 - 2016,0
35954716,Salling Group A/S,Døgnnetto Køge,Nørregade 24,4600,Køge,01/07 - 1989,01/05 - 2013,0
35954716,Salling Group A/S,Starbucks,Finlandsgade 17,8200,Aarhus N,01/08 - 2014,01/02 - 2016,0
35954716,Salling Group A/S,Døgnnetto Solrød,Solrød Strandvej 66,2680,Solrød Strand,03/09 - 2009,18/09 - 2016,0
35954716,Salling Group A/S,Føtex Food Vesterbro,Vesterbrogade 8,1620,København V,03/06 - 2015,12/01 - 2017,0
35954716,Salling Group A/S,NETTO,Sølvgade 10,1307,København K,02/10 - 2003,16/05 - 2016,1
35954716,Salling Group A/S,Starbucks Trianglen,Trianglen 2,2100,København Ø,06/10 - 2015,07/11 - 2018,0
35954716,Salling Group A/S,NETTO,Herlev Ringvej 2D,2730,Herlev,22/03 - 1990,01/01 - 2014,1
35954716,Salling Group A/S,NETTO SKOVLUNDE CENTRET,Torvestrædet 20,2740,Skovlunde,01/01 - 1994,02/06 - 2021,0
35954716,Salling Group A/S,Netto Odder,Vennelundsvej 31,8300,Odder,20/06 - 2017,02/06 - 2021,5-9
35954716,Salling Group A/S,Føtex,Møllergade 92-96,5700,Svendborg,28/06 - 2005,28/06 - 2005,
35954716,Salling Group A/S,Føtex,Mejlstedgade 12-16,9700,Brønderslev,20/05 - 2009,20/05 - 2009,
35954716,Salling Group A/S,Netto,Gasværksvej 16,1656,København V,24/05 - 2007,14/06 - 2021,3
35954716,Salling Group A/S,Døgnnetto,Rued Langgaards Vej 2A,2300,København S,26/05 - 2010,01/06 - 2021,2
35954716,Salling Group A/S,Døgnnetto,Søborg Hovedgade 121-127,2860,Søborg,30/06 - 2011,02/06 - 2021,23
35954716,Salling Group A/S,NETTO,Emmasvej 1,8220,Brabrand,01/01 - 1994,10/07 - 2009,10-19
35954716,Salling Group A/S,NETTO,Ølbycenter 71,4600,Køge,01/01 - 1987,26/01 - 2010,20-49
35954716,Salling Group A/S,DANSK SUPERMARKED,Bjødstrupvej 18,8270,Højbjerg,01/04 - 1964,02/01 - 2008,5-9
35954716,Salling Group A/S,DANSK SUPERMARKED INDKØB ÅRHUS A/S,Bjødstrupvej 18,8270,Højbjerg,11/03 - 1980,02/01 - 2008,200-499
35954716,Salling Group A/S,TØJ & SKO,Bjødstrupvej 18,8270,Højbjerg,11/03 - 1980,13/04 - 2010,5-9
35954716,Salling Group A/S,DANSK SUPERMARKED ADMINISTRATION A/S,Bjødstrupvej 18,8270,Højbjerg,01/01 - 1987,02/01 - 2008,200-499
35954716,Salling Group A/S,NETTO,Møllemærsk 24,6200,Aabenraa,02/03 - 1995,30/04 - 2009,10-19
35954716,Salling Group A/S,NETTO,Sverigesvej 4,9480,Løkken,20/06 - 1996,31/12 - 2008,10-19
35954716,Salling Group A/S,DANSK SUPERMARKED INDKØB A/S CTL. BAGER,Axel Gruhns Vej 9,8270,Højbjerg,01/01 - 1998,31/12 - 2010,100-199
35954716,Salling Group A/S,DANSK SUPERMARKED INDKØB A/S FRUGT & GRØNT LAGER,Blomstervej 8,8381,Tilst,01/01 - 1998,31/05 - 2011,0
35954716,Salling Group A/S,Netto Pandrup,Bredgade 6A,9490,Pandrup,28/06 - 2017,29/08 - 2022,2
35954716,Salling Group A/S,Døgnnetto,Jarmers Plads 7,1551,København V,15/12 - 2011,15/09 - 2022,1
35954716,Salling Group A/S,CARL'S JR.BOULEVARDEN,Boulevarden 8,9000,Aalborg,04/07 - 2018,28/10 - 2022,1
35954716,Salling Group A/S,NETTO,Thorvaldsensgade 22,8000,Aarhus C,21/11 - 1997,15/09 - 2022,1
35954716,Salling Group A/S,Basalt Nakskov,Perlestikkergade 15B,4900,Nakskov,01/05 - 2023,18/07 - 2023,
35954716,Salling Group A/S,Basalt Greve,Over Bølgen 35,2670,Greve,01/05 - 2023,18/07 - 2023,
35954716,Salling Group A/S,BASALT HELSINGØR,Birkedalsvej 21,3000,Helsingør,01/06 - 1996,16/06 - 2023,11
35954716,Salling Group A/S,Basalt Hjørring,Bispensgade 87,9800,Hjørring,10/03 - 2005,20/06 - 2023,6
35954716,Salling Group A/S,Netto Rungsted,Rungsted Bytorv 3,2960,Rungsted Kyst,16/06 - 2017,16/07 - 2023,10
35954716,Salling Group A/S,Basalt Fredericia,Vejlevej 18,7000,Fredericia,03/04 - 2023,18/07 - 2023,2
35954716,Salling Group A/S,BASALT SILKEBORG,Østergade 9,8600,Silkeborg,01/01 - 1992,25/05 - 2023,11
35954716,Salling Group A/S,NETTO,Kantatevej 1,2730,Herlev,27/08 - 1997,16/05 - 2023,9
35954716,Salling Group A/S,Netto Banegaardsvej Hobro,Banegaardsvej 4A,9500,Hobro,21/12 - 2023,10/01 - 2024,
35954716,Salling Group A/S,FØTEX,Gudrunsvej 7,8220,Brabrand,01/01 - 1987,27/08 - 2023,58
35954716,Salling Group A/S,BASALT VIBY,Viby Ringvej 20,8260,Viby J,01/01 - 2015,04/06 - 2023,5
35954716,Salling Group A/S,Netto Sæby,Tranåsvej 2,9300,Sæby,28/06 - 2017,24/01 - 2025,2-4
35954716,Salling Group A/S,Salling Group Slagteriskolen Roskilde,Maglegårdsvej 10,4000,Roskilde,24/01 - 2025,19/02 - 2025,
35954716,Salling Group A/S,Salling Group UCH Uddannelsescenter Holstebro,Døesvej 70,7500,Holstebro,24/01 - 2025,19/02 - 2025,
35954716,Salling Group A/S,Salling Group Århus Tech,Dollerupvej 4,8000,Aarhus C,24/01 - 2025,19/02 - 2025,
35954716,Salling Group A/S,Netto Gørlev,Algade 39,4281,Gørlev,27/03 - 2025,31/03 - 2025,
35954716,Salling Group A/S,Netto Svinninge,Hovedgaden 46,4520,Svinninge,27/03 - 2025,12/09 - 2025,
35954716,Salling Group A/S,FØTEX FOOD MATTHÆUSGADE,Matthæusgade 48B,1666,København V,23/06 - 2017,22/08 - 2024,1
35954716,Salling Group A/S,Netto Grejs,Keglekærvej 70,7100,Vejle,23/09 - 2024,23/10 - 2025,
35954716,Salling Group A/S,WUPTI.COM,Rosbjergvej 33,8220,Brabrand,18/11 - 2019,24/10 - 2025,
35954716,Salling Group A/S,Føtex Snekkersten,Nørrebakken 5,3070,Snekkersten,18/08 - 2017,09/04 - 2026,9
35954716,Salling Group A/S,Døgnnetto,Valby Langgade 57,2500,Valby,01/12 - 2011,03/03 - 2026,14
35954716,Salling Group A/S,Tjæpt Blegdamsvej,Blegdamsvej 118,2100,København Ø,03/11 - 2023,12/03 - 2026,12
35954716,Salling Group A/S,NETTO,Frederikssundsvej 348,2700,Brønshøj,01/09 - 1996,,21
35954716,Salling Group A/S,NETTO,Sauntevej 1A,3100,Hornbæk,01/07 - 1996,,27
35954716,Salling Group A/S,NETTO,Godthåbsvej 74,2000,Frederiksberg,12/09 - 1996,,34
35954716,Salling Group A/S,Netto Borgmestervangen,Borgmestervangen 5,2200,København N,15/09 - 1996,,25
35954716,Salling Group A/S,NETTO Eriksminde Centret,Eriksmindevej 26,2670,Greve,01/08 - 1995,,25
35954716,Salling Group A/S,NETTO,Vestermarken 1,3060,Espergærde,01/01 - 1996,,49
35954716,Salling Group A/S,NETTO Borgergade,Borgergade 110,8600,Silkeborg,29/11 - 1995,,43
35954716,Salling Group A/S,NETTO,Chr. Xs Vej 6A,9990,Skagen,30/03 - 1995,,17
35954716,Salling Group A/S,NETTO,Fynsvej 100,6000,Kolding,31/08 - 1995,,26
35954716,Salling Group A/S,NETTO,Rismarksvej 39,5200,Odense V,27/06 - 1996,,29
35954716,Salling Group A/S,NETTO,Matthæusgade 46,1666,København V,20/03 - 1997,,31
35954716,Salling Group A/S,NETTO,Gentoftegade 35,2820,Gentofte,01/01 - 1995,,41
35954716,Salling Group A/S,NETTO,Lyshøjen 1,8520,Lystrup,29/11 - 1996,,31
35954716,Salling Group A/S,NETTO,Søtoften 2A,8660,Skanderborg,20/11 - 1996,,28
35954716,Salling Group A/S,Netto Søborg Hovedgade,Søborg Hovedgade 121,2860,Søborg,29/11 - 1996,,19
35954716,Salling Group A/S,NETTO,Skagensvej 201D,9800,Hjørring,29/08 - 1996,,31
35954716,Salling Group A/S,Netto Hadsten,Vesselbjergvej 10,8370,Hadsten,29/09 - 1996,,36
35954716,Salling Group A/S,NETTO,Vibæk Strandvej 10,8400,Ebeltoft,19/06 - 1996,,27
35954716,Salling Group A/S,FØTEX LM 1040,Falkoner Alle 21,2000,Frederiksberg,17/09 - 1996,,219
35954716,Salling Group A/S,NETTO,Østergade 29,9440,Aabybro,29/05 - 1997,,28
35954716,Salling Group A/S,Netto Århushallen,Skt. Knuds Torv 15,8000,Aarhus C,03/12 - 1996,,29
35954716,Salling Group A/S,NETTO,Jørgen Fibigersgade 20,9850,Hirtshals,05/07 - 1996,,24
35954716,Salling Group A/S,NETTO,Skånevej 1,6230,Rødekro,05/12 - 1996,,25
35954716,Salling Group A/S,NETTO,Hans Grams Gade 1,6500,Vojens,27/11 - 1996,,22
35954716,Salling Group A/S,NETTO,Randersvej 5,8800,Viborg,21/03 - 1997,,24
35954716,Salling Group A/S,NETTO,Greve Midtby Center 14A,2670,Greve,27/02 - 1997,,32
35954716,Salling Group A/S,NETTO,Hjørringvej 144,9900,Frederikshavn,24/10 - 1996,,24
35954716,Salling Group A/S,NETTO AMAGER LANDEVEJ,Amager Landevej 30,2770,Kastrup,01/01 - 1995,,21
35954716,Salling Group A/S,NETTO,Algade 44,5683,Haarby,01/01 - 1995,,25
35954716,Salling Group A/S,NETTO TAVLEHOLMSVEJ,Tavleholmsvej 2A,2600,Glostrup,06/12 - 1996,,32
35954716,Salling Group A/S,NETTO,Lindegade 53,6070,Christiansfeld,01/01 - 1995,,20
35954716,Salling Group A/S,NETTO,Østerbrogade 79,2100,København Ø,01/01 - 1995,,28
35954716,Salling Group A/S,NETTO,Hovedgaden 45,7190,Billund,01/01 - 1995,,33
35954716,Salling Group A/S,NETTO,Københavnsvej 80,4000,Roskilde,01/01 - 1995,,35
35954716,Salling Group A/S,FØTEX ROSKILDE STATIONSCENTER,Stationscentret 12,4000,Roskilde,19/08 - 1997,,177
35954716,Salling Group A/S,FØTEX HELSINGØR BYCENTER,Stürups Plads 1,3000,Helsingør,23/09 - 1997,,130
35954716,Salling Group A/S,NETTO,Torvet 6,4293,Dianalund,13/11 - 1997,,29
35954716,Salling Group A/S,NETTO,Nørremark Center 6,7100,Vejle,26/11 - 1997,,35
35954716,Salling Group A/S,Netto Assens,Østergade 74,5610,Assens,20/11 - 1997,,32
35954716,Salling Group A/S,NETTO,Tårnvej 310,2610,Rødovre,27/11 - 1997,,45
35954716,Salling Group A/S,NETTO,Peter Bangs Vej 100,2000,Frederiksberg,25/03 - 1998,,58
35954716,Salling Group A/S,NETTO,Tårnby Torv 11,2770,Kastrup,23/11 - 1998,,32
35954716,Salling Group A/S,NETTO,Torvesvinget 1,4560,Vig,26/03 - 1998,,30
35954716,Salling Group A/S,NETTO,Stenløsevej 1,2700,Brønshøj,25/11 - 1998,,38
35954716,Salling Group A/S,NETTO,Himmerlandsgade 6,9560,Hadsund,13/08 - 1998,,32
35954716,Salling Group A/S,NETTO,Søndergade 4,8464,Galten,28/05 - 1998,,27
35954716,Salling Group A/S,NETTO,Frijsenborgvej 5,8240,Risskov,03/09 - 1998,,28
35954716,Salling Group A/S,NETTO,Kæmpestranden 8,3770,Allinge,01/04 - 1998,,16
35954716,Salling Group A/S,NETTO,Svendborgvej 80,5260,Odense S,31/03 - 1998,,31
35954716,Salling Group A/S,NETTO,Svinget 1,7160,Tørring,15/09 - 1998,,30
35954716,Salling Group A/S,NETTO,Markedsvej 1,9600,Aars,12/11 - 1998,,25
35954716,Salling Group A/S,FØTEX,Skæring Parkvej 1,8250,Egå,14/10 - 1998,,70
35954716,Salling Group A/S,BILKA,Golfvej 5,7400,Herning,30/12 - 1998,,402
35954716,Salling Group A/S,DANSK SUPERMARKED INDKØB A/S CTL. DEKORATION,Søren Nymarks Vej 5,8270,Højbjerg,01/01 - 1998,,48
35954716,Salling Group A/S,Netto Bjerringbro,Grønnegade 22A,8850,Bjerringbro,25/03 - 1999,,34
35954716,Salling Group A/S,Netto Ry,Parallelvej 1,8680,Ry,27/05 - 1999,,45
35954716,Salling Group A/S,Netto Nørre Nebel,Bredgade 27,6830,Nørre Nebel,29/04 - 1999,,18
35954716,Salling Group A/S,NETTO,Åderupvej 5,4700,Næstved,01/09 - 1999,,30
35954716,Salling Group A/S,Netto Tølløse,Industrivej 2,4340,Tølløse,19/08 - 1999,,21
35954716,Salling Group A/S,Netto Rødovre,Fortvej 2,2610,Rødovre,29/07 - 1999,,28
35954716,Salling Group A/S,NETTO,Spånnebæk 1,4300,Holbæk,01/09 - 1999,,21
35954716,Salling Group A/S,Netto Brørup,Søndergade 27,6650,Brørup,07/10 - 1999,,35
35954716,Salling Group A/S,Netto Ikast,E Christensens Vej 3,7430,Ikast,19/08 - 1999,,25
35954716,Salling Group A/S,Føtex Herlev,Herlev Bygade 9,2730,Herlev,12/10 - 1999,,138
35954716,Salling Group A/S,Føtex Aalborg Øst,Niels Bohrs Vej 44,9220,Aalborg Øst,25/08 - 1999,,174
35954716,Salling Group A/S,Netto Hjallerup,Hjallerup Centret 2,9320,Hjallerup,24/03 - 1999,,28
35954716,Salling Group A/S,Netto Vest Center,Egelundsvej 24,2620,Albertslund,26/03 - 1999,,28
35954716,Salling Group A/S,Føtex Varde,Ringkøbingvej 1,6800,Varde,26/08 - 1998,,98
35954716,Salling Group A/S,Netto Søndersø,Vesterled 45,5471,Søndersø,11/11 - 1999,,33
35954716,Salling Group A/S,Netto Svogerslev,Brønsager 5,4000,Roskilde,18/11 - 1999,,25
35954716,Salling Group A/S,Netto,Tune Parkvej 7,4030,Tune,13/07 - 2000,,27
35954716,Salling Group A/S,NETTO,Næstvedvej 15,4100,Ringsted,01/10 - 1999,,38
35954716,Salling Group A/S,Føtex A/S Fisketorvets Shopping Center,Kalvebod Brygge 59,1560,København V,10/10 - 2000,,194
35954716,Salling Group A/S,FØTEX,Havnegade 10-16,4220,Korsør,09/05 - 2000,,97
35954716,Salling Group A/S,NETTO Egedals Centret,Egedal 3,2690,Karlslunde,18/10 - 2000,,26
35954716,Salling Group A/S,NETTO,Poppelgården 1,3450,Allerød,21/09 - 2005,,29
35954716,Salling Group A/S,Netto,Lynge Bytorv 2,3540,Lynge,25/05 - 2000,,22
35954716,Salling Group A/S,Netto,Farum Bytorv 1,3520,Farum,17/08 - 2000,,56
35954716,Salling Group A/S,Netto Lindedal Haderslev,Remisen 2,6100,Haderslev,01/12 - 2000,,22
35954716,Salling Group A/S,Netto,Herredsgade 5-7,6990,Ulfborg,22/11 - 2000,,29
35954716,Salling Group A/S,Netto,Birkevej 41,8410,Rønde,14/09 - 2000,,32
35954716,Salling Group A/S,Netto,Limfjordsvej 1,9670,Løgstør,29/06 - 2000,,30
35954716,Salling Group A/S,Netto,Stationsvej 8,6430,Nordborg,16/11 - 2000,,24
35954716,Salling Group A/S,Bilka Horsens,Høegh Guldbergs Gade 10,8700,Horsens,01/11 - 2000,,397
35954716,Salling Group A/S,Netto,Thurøvej 9,9500,Hobro,29/11 - 2000,,37
35954716,Salling Group A/S,Netto,Industrivej 1B,7600,Struer,18/05 - 2000,,25
35954716,Salling Group A/S,NETTO,Engelsborgvej 76,2800,Kgs.Lyngby,30/11 - 2000,,52
35954716,Salling Group A/S,NETTO,Furden 1,8305,Samsø,19/04 - 2000,,19
35954716,Salling Group A/S,NETTO,Nørrebrogade 43,2200,København N,05/04 - 2001,,23
35954716,Salling Group A/S,Netto,Søndergade 15,9690,Fjerritslev,29/03 - 2001,,31
35954716,Salling Group A/S,NETTO,Ribevej 29,6800,Varde,01/11 - 2001,,24
35954716,Salling Group A/S,NETTO,Jernbanegade 1,6780,Skærbæk,01/05 - 2001,,19
35954716,Salling Group A/S,NETTO,Centervej 12,8963,Auning,01/03 - 2001,,29
35954716,Salling Group A/S,Føtex Greve Centret,Greve Midtby Center 16,2670,Greve,22/03 - 2002,,134
35954716,Salling Group A/S,NETTO,Apotekervej 21,4180,Sorø,30/11 - 2001,,32
35954716,Salling Group A/S,NETTO,Olgas Vej 1,7100,Vejle,01/12 - 2001,,33
35954716,Salling Group A/S,NETTO,Beder Landevej 67,8330,Beder,01/06 - 2001,,30
35954716,Salling Group A/S,NETTO,Søndergade 60,8740,Brædstrup,01/11 - 2001,,29
35954716,Salling Group A/S,NETTO,Bredstrupsgade 3,8900,Randers C,01/10 - 2001,,40
35954716,Salling Group A/S,NETTO,Hobrovej 55,9530,Støvring,01/12 - 2001,,29
35954716,Salling Group A/S,NETTO,Faaborgvej 108-118,5250,Odense SV,01/06 - 2001,,40
35954716,Salling Group A/S,NETTO,Bjerggårds Allé 4,5240,Odense NØ,01/06 - 2001,,37
35954716,Salling Group A/S,Netto Svinninge,Hovedgaden 46,4520,Svinninge,01/03 - 2001,,28
35954716,Salling Group A/S,NETTO,Halvtolv 4,1436,København K,01/11 - 2001,,21
35954716,Salling Group A/S,Netto Ærøskøbing,Vestre Allé 4,5970,Ærøskøbing,01/03 - 2002,,27
35954716,Salling Group A/S,NETTO Videbæk,Bredgade 40-42,6920,Videbæk,01/03 - 2002,,22
35954716,Salling Group A/S,FØTEX Hvidovre,Hvidovrevej 75-81,2650,Hvidovre,28/08 - 2002,,128
35954716,Salling Group A/S,FØTEX Ebeltoft,Ndr. Strandvej 12-14,8400,Ebeltoft,29/05 - 2002,,77
35954716,Salling Group A/S,NETTO,Østre Ringvej 2B,3700,Rønne,21/06 - 2002,,31
35954716,Salling Group A/S,FØTEX Frihedens Butikscenter,Strandmarksvej 20,2650,Hvidovre,30/10 - 2002,,198
35954716,Salling Group A/S,Netto,Plantagevej 42,6270,Tønder,01/01 - 2001,,18
35954716,Salling Group A/S,Netto,Priorensgade 73,5600,Faaborg,28/11 - 2002,,26
35954716,Salling Group A/S,FØTEX,Brønnersvej 1,5600,Faaborg,08/04 - 2003,,93
35954716,Salling Group A/S,FØTEX,Ølbycenter 24,4600,Køge,18/09 - 2003,,109
35954716,Salling Group A/S,FØTEX,Bredgade 12,6100,Haderslev,22/05 - 2003,,159
35954716,Salling Group A/S,NETTO,Hovedgaden 23,5853,Ørbæk,28/08 - 2003,,20
35954716,Salling Group A/S,NETTO,Viaduktvej 16,9400,Nørresundby,06/03 - 2003,,30
35954716,Salling Group A/S,Netto Gørlev,Algade 39,4281,Gørlev,10/04 - 2003,,26
35954716,Salling Group A/S,Netto,Brovejen 2,5500,Middelfart,01/01 - 2002,,30
35954716,Salling Group A/S,NETTO,Østergade 23-27,5580,Nørre Aaby,26/11 - 2003,,20
35954716,Salling Group A/S,NETTO,Udbyhøjvej 87,8930,Randers NØ,04/12 - 2003,,25
35954716,Salling Group A/S,NETTO,Stengårdsvej 2,6705,Esbjerg Ø,14/05 - 2003,,28
35954716,Salling Group A/S,NETTO,Dyvelåsen 2-4,2765,Smørum,24/06 - 2003,,34
35954716,Salling Group A/S,NETTO,Axel Heides Gade 7C,2300,København S,12/11 - 2003,,16
35954716,Salling Group A/S,NETTO Holbæk Megacenter,Søagervej 2,4300,Holbæk,30/10 - 2003,,38
35954716,Salling Group A/S,NETTO,Fr. d. 7s Gade 30,6600,Vejen,13/11 - 2003,,30
35954716,Salling Group A/S,NETTO,Bro Centervej 1,6440,Augustenborg,27/11 - 2003,,30
35954716,Salling Group A/S,BILKA One Stop,Arne Jacobsens Allé 24,2300,København S,08/03 - 2004,,420
35954716,Salling Group A/S,Føtex,Amagerbrogade 290,2300,København S,16/03 - 2004,,103
35954716,Salling Group A/S,FØTEX,Kalvøvej 2A,3600,Frederikssund,28/04 - 2004,,144
35954716,Salling Group A/S,NETTO,Blækhatten 11-13,5220,Odense SØ,28/04 - 2004,,30
35954716,Salling Group A/S,NETTO,Skous Gade 1,7620,Lemvig,12/05 - 2004,,27
35954716,Salling Group A/S,NETTO,Christmas Møllers Plads 3-5,2300,København S,22/04 - 2004,,16
35954716,Salling Group A/S,Netto Jægergårdsgade,Jægergårdsgade 64,8000,Aarhus C,16/06 - 2004,,41
35954716,Salling Group A/S,FØTEX,Moltkes Alle 1,6760,Ribe,29/09 - 2004,,96
35954716,Salling Group A/S,Netto,Skelagervej 301,9000,Aalborg,14/10 - 2004,,41
35954716,Salling Group A/S,Netto,Vodskovvej 31-33,9310,Vodskov,02/12 - 2004,,27
35954716,Salling Group A/S,NETTO,Østre Alle 66,4200,Slagelse,27/10 - 2004,,33
35954716,Salling Group A/S,FØTEX,Ro's Torv 41,4000,Roskilde,01/02 - 2005,,130
35954716,Salling Group A/S,Netto,Runevej 1,8210,Aarhus V,03/03 - 2005,,40
35954716,Salling Group A/S,Netto,Århusvej 102,8940,Randers SV,06/04 - 2005,,32
35954716,Salling Group A/S,Netto,Ole Rømers Vej 65,5700,Svendborg,16/06 - 2005,,49
35954716,Salling Group A/S,FØTEX,Slangerupgade 50,3400,Hillerød,23/08 - 2005,,105
35954716,Salling Group A/S,Netto,Dalvej 12-14,8450,Hammel,23/06 - 2005,,31
35954716,Salling Group A/S,Føtex,Vanløse Torv 1,2720,Vanløse,27/09 - 2005,,169
35954716,Salling Group A/S,NETTO,Hovedgaden 12-14,3320,Skævinge,10/08 - 2005,,23
35954716,Salling Group A/S,Netto,Roskildevej 274-276,2610,Rødovre,06/10 - 2005,,33
35954716,Salling Group A/S,NETTO,Sydhavnsvej 1,7700,Thisted,01/12 - 2005,,34
35954716,Salling Group A/S,NETTO,Amerika Plads 1,2100,København Ø,19/01 - 2006,,22
35954716,Salling Group A/S,FØTEX,Rødovre Centrum 198,2610,Rødovre,21/03 - 2006,,157
35954716,Salling Group A/S,Netto,Vasevej 115,3460,Birkerød,09/05 - 2006,,31
35954716,Salling Group A/S,NETTO,Højtoftevej 1,6700,Esbjerg,27/04 - 2006,,24
35954716,Salling Group A/S,NETTO LØGUMKLOSTERVEJ,Løgumklostervej 121,6200,Aabenraa,07/04 - 2006,,31
35954716,Salling Group A/S,FØTEX,Klosterparks Alle 10,4100,Ringsted,18/10 - 2006,,168
35954716,Salling Group A/S,Netto,Grønvangen 1,5550,Langeskov,23/11 - 2006,,32
35954716,Salling Group A/S,Netto,Parallelvej 2A,8620,Kjellerup,16/11 - 2006,,22
35954716,Salling Group A/S,NETTO,Vestensborg Alle 29,4800,Nykøbing F,07/11 - 2006,,27
35954716,Salling Group A/S,NETTO,Grundtvigs Plads 8,6400,Sønderborg,09/11 - 2006,,28
35954716,Salling Group A/S,Netto,Søndergade 42-44,5450,Otterup,28/11 - 2006,,35
35954716,Salling Group A/S,Netto,Vestre Alle 3,9000,Aalborg,30/11 - 2006,,26
35954716,Salling Group A/S,Netto,Bavnager 236,3310,Ølsted,01/12 - 2006,,20
35954716,Salling Group A/S,Netto,Banetoften 2,7500,Holstebro,01/02 - 2007,,30
35954716,Salling Group A/S,NETTO,Østerbrogade 107B,2100,København Ø,14/03 - 2007,,34
35954716,Salling Group A/S,Netto,Bytoften 12-14,6710,Esbjerg V,16/05 - 2007,,18
35954716,Salling Group A/S,Ishøj Lageret,Industribuen 2,2635,Ishøj,01/06 - 2007,,48
35954716,Salling Group A/S,NETTO,Frederikssundsvej 261-267,2700,Brønshøj,30/08 - 2007,,34
35954716,Salling Group A/S,FØTEX,Lyngbyvej 11,2100,København Ø,13/11 - 2007,,165
35954716,Salling Group A/S,Netto,Ny Østergade 9,4880,Nysted,26/09 - 2007,,32
35954716,Salling Group A/S,NETTO,Tuborg Havnevej 4,2900,Hellerup,26/09 - 2007,,41
35954716,Salling Group A/S,FØTEX,Cityringen 24,2630,Taastrup,16/10 - 2007,,178
35954716,Salling Group A/S,Netto Jyllingevej,Jyllingevej 9,2720,Vanløse,12/12 - 2007,,23
35954716,Salling Group A/S,NETTO,Lyneborggade 5-7,2300,København S,13/03 - 2008,,33
35954716,Salling Group A/S,NETTO,Søborg Hovedgade 65-67,2860,Søborg,06/03 - 2008,,27
35954716,Salling Group A/S,NETTO,Ejbovej 75,4632,Bjæverskov,09/04 - 2008,,37
35954716,Salling Group A/S,NETTO,Adelgade 103,5400,Bogense,10/04 - 2008,,29
35954716,Salling Group A/S,Netto Michael Strungesvej,Michael Strunges Vej 13,2300,København S,06/05 - 2008,,28
35954716,Salling Group A/S,NETTO,Ryvangs Alle 87,2900,Hellerup,19/06 - 2008,,11
35954716,Salling Group A/S,NETTO,Fasanvej 1,4600,Køge,01/10 - 2008,,39
35954716,Salling Group A/S,FØTEX,Storegade 2-6,7700,Thisted,25/11 - 2008,,87
35954716,Salling Group A/S,FØTEX,Vestergade 30,9400,Nørresundby,04/11 - 2008,,131
35954716,Salling Group A/S,NETTO,Hovedgaden 64-68,4140,Borup,16/10 - 2008,,38
35954716,Salling Group A/S,NETTO,Finderupvej 1-3,8000,Aarhus C,30/10 - 2008,,30
35954716,Salling Group A/S,DØGNNETTO,Utterslevvej 11,2400,København NV,18/12 - 2008,,18
35954716,Salling Group A/S,NETTO,Rugvang 40,5210,Odense NV,02/12 - 2008,,25
35954716,Salling Group A/S,Føtex,Hasseris Bymidte 29,9000,Aalborg,02/01 - 2009,,71
35954716,Salling Group A/S,NETTO,Lovvej 1A,4700,Næstved,18/03 - 2009,,33
35954716,Salling Group A/S,NETTO,Roskildevej 158-162,2500,Valby,26/03 - 2009,,36
35954716,Salling Group A/S,NETTO,Trøjborggade 1,1757,København V,24/03 - 2009,,23
35954716,Salling Group A/S,Netto Lyngbyvej 165-167,Lyngbyvej 165-167,2100,København Ø,30/06 - 2009,,26
35954716,Salling Group A/S,Føtex Food Dragør,Maglebytorv 2,2791,Dragør,08/10 - 2009,,86
35954716,Salling Group A/S,NETTO,Brombærvej 1,8462,Harlev J,02/10 - 2009,,35
35954716,Salling Group A/S,Netto Nibe,Grønnegade 40,9240,Nibe,01/10 - 2009,,39
35954716,Salling Group A/S,Døgnnetto,Kollegiebakken 7,2800,Kgs.Lyngby,06/10 - 2009,,16
35954716,Salling Group A/S,NETTO,Ørnstrupvej 1,8700,Horsens,12/11 - 2009,,36
35954716,Salling Group A/S,"NETTO Centrallager, Årslev",Rosbjergvej 37,8220,Brabrand,04/01 - 2010,,257
35954716,Salling Group A/S,"DANSK SUPERMARKED A/S Nonfoodlager, Årslev",Rosbjergvej 35,8220,Brabrand,15/01 - 2010,,158
35954716,Salling Group A/S,NETTO ØLBY,Ølbycenter 6,4600,Køge,27/01 - 2010,,45
35954716,Salling Group A/S,Salling Group A/S,Rosbjergvej 33,8220,Brabrand,01/03 - 2010,,1426
35954716,Salling Group A/S,NETTO,Børupvej 3,8310,Tranbjerg J,08/06 - 2010,,24
35954716,Salling Group A/S,NETTO,Vejlevej 42C,7300,Jelling,02/09 - 2010,,21
35954716,Salling Group A/S,Netto,Engholm Søpark 2,7400,Herning,20/08 - 2010,,23
35954716,Salling Group A/S,NETTO Blegdammen,Torvebyen 4,4600,Køge,14/10 - 2010,,23
35954716,Salling Group A/S,Netto,Bygaden 26,3500,Værløse,21/10 - 2010,,34
35954716,Salling Group A/S,NETTO,Korsørvej 31,4200,Slagelse,10/11 - 2010,,34
35954716,Salling Group A/S,NETTO,Silkeborgvej 650,8220,Brabrand,22/11 - 2010,,37
35954716,Salling Group A/S,DøgnNetto,Tomsgårdsvej 24,2400,København NV,25/11 - 2010,,41
35954716,Salling Group A/S,Føtex,Synergivej 5,9000,Aalborg,12/05 - 2011,,148
35954716,Salling Group A/S,NETTO,Holmensvej 2,3600,Frederikssund,03/03 - 2011,,36
35954716,Salling Group A/S,NETTO,Holstebrovej 91,7800,Skive,29/03 - 2011,,29
35954716,Salling Group A/S,NETTO,Værebrovej 72,2880,Bagsværd,03/05 - 2011,,22
35954716,Salling Group A/S,NETTO,Elverdamsvej 236,4070,Kirke Hyllinge,24/05 - 2011,,28
35954716,Salling Group A/S,NETTO,Rågelejevej 2,3210,Vejby,31/05 - 2011,,23
35954716,Salling Group A/S,NETTO,Holmegaardsvej 87,4684,Holmegaard,20/07 - 2011,,36
35954716,Salling Group A/S,Netto Osted,Alfarvejen 52,4320,Lejre,09/09 - 2011,,26
35954716,Salling Group A/S,Netto Herlufmagle,Industrivej 15,4160,Herlufmagle,29/09 - 2011,,28
35954716,Salling Group A/S,Netto Nødebo,Nødebovej 41,3480,Fredensborg,04/11 - 2011,,34
35954716,Salling Group A/S,NETTO,Ringstedgade 225,4700,Næstved,17/11 - 2011,,25
35954716,Salling Group A/S,Netto,"Kystvejen 2, st",4600,Køge,30/11 - 2011,,39
35954716,Salling Group A/S,BILKA,Slotsarkaderne 26,3400,Hillerød,01/03 - 2012,,294
35954716,Salling Group A/S,FØTEX BIRKERØD,Stiholmsvej 6,3460,Birkerød,15/02 - 2012,,110
35954716,Salling Group A/S,FØTEX HOLBÆK,Smedelundsgade 33,4300,Holbæk,13/02 - 2012,,138
35954716,Salling Group A/S,Netto Tagensvej,Tagensvej 85-87,2200,København N,04/01 - 2012,,19
35954716,Salling Group A/S,NETTO,Høje Gladsaxe Torv 2,2860,Søborg,19/01 - 2012,,29
35954716,Salling Group A/S,NETTO,Bredstrupvej 2,7000,Fredericia,08/02 - 2012,,25
35954716,Salling Group A/S,NETTO,Ellemosevej 2,3200,Helsinge,23/02 - 2012,,32
35954716,Salling Group A/S,NETTO Eternitten,Alexander Foss Gade 30,9000,Aalborg,01/03 - 2012,,28
35954716,Salling Group A/S,Netto Højby Odense,Syvhøjevej 2,5260,Odense S,01/03 - 2012,,29
35954716,Salling Group A/S,Netto Dildhaven,Dildhaven 40,2730,Herlev,01/03 - 2012,,32
35954716,Salling Group A/S,FØTEX,Ørbækvej 75,5220,Odense SØ,31/07 - 2012,,122
35954716,Salling Group A/S,NETTO,Roskildevej 294,4390,Vipperød,25/04 - 2012,,22
35954716,Salling Group A/S,NETTO LYNGBYVEJ,Lyngbyvej 34,2100,København Ø,26/04 - 2012,,30
35954716,Salling Group A/S,NETTO,Helsingevej 75A,3230,Græsted,21/05 - 2012,,19
35954716,Salling Group A/S,FØTEX,Dronning Dagmars Vej 201,3650,Ølstykke,16/08 - 2012,,132
35954716,Salling Group A/S,Føtex Skanderborg,Gasværksvej 5,8660,Skanderborg,15/09 - 2012,,133
35954716,Salling Group A/S,FØTEX Kokkedal,Egevangen 4,2980,Kokkedal,01/03 - 2013,,160
35954716,Salling Group A/S,NETTO Veksø,Kirkebakken 9,3670,Veksø Sjælland,25/10 - 2012,,33
35954716,Salling Group A/S,NETTO EGEBJERG,Langagergård 9,8700,Horsens,24/10 - 2012,,33
35954716,Salling Group A/S,NETTO Stensved,Skyttemarksvej 2,4773,Stensved,01/11 - 2012,,21
35954716,Salling Group A/S,NETTO,Ørbækvej 11,5700,Svendborg,01/12 - 2012,,39
35954716,Salling Group A/S,NETTO,Fasanskellet 1,2635,Ishøj,01/12 - 2012,,27
35954716,Salling Group A/S,NETTO ØRBÆKVEJ ODENSE,Ørbækvej 109A,5220,Odense SØ,04/04 - 2013,,26
35954716,Salling Group A/S,NETTO,Hylkedalvej 3,6000,Kolding,01/06 - 2013,,27
35954716,Salling Group A/S,NETTO Storcenter Nord,Finlandsgade 17,8200,Aarhus N,10/06 - 2013,,39
35954716,Salling Group A/S,Føtex Kolding,Industrivej 2,6000,Kolding,01/10 - 2013,,99
35954716,Salling Group A/S,NETTO,Strandvejen 180,5500,Middelfart,05/09 - 2013,,26
35954716,Salling Group A/S,Netto Vemmelev,Borgergade 1A,4241,Vemmelev,19/09 - 2013,,26
35954716,Salling Group A/S,NETTO Damstien Kolding,Damstien 1,6000,Kolding,27/08 - 2013,,27
35954716,Salling Group A/S,NETTO Torslundevej,Torslundevej 2,2635,Ishøj,20/11 - 2013,,23
35954716,Salling Group A/S,NETTO Himmelev,Himmelev Bygade 61,4000,Roskilde,12/11 - 2013,,37
35954716,Salling Group A/S,NETTO Skøjtealleen,Skøjtealleen 3,9900,Frederikshavn,29/11 - 2013,,32
35954716,Salling Group A/S,NETTO Skt. Klemens,Møllevej 2,5260,Odense S,28/11 - 2013,,39
35954716,Salling Group A/S,"NETTO Vestergade, Holstebro",Vestergade 7,7500,Holstebro,01/02 - 2014,,28
35954716,Salling Group A/S,NETTO Tilst Parkvej,Tilst Parkvej 4B,8381,Tilst,01/03 - 2014,,30
35954716,Salling Group A/S,Terminal Vejle,Englandsvej 2,7100,Vejle,24/03 - 2014,,148
35954716,Salling Group A/S,Starbucks,Rådhuspladsen 45-47,1550,København V,01/08 - 2014,,18
35954716,Salling Group A/S,NETTO Gørløse,Stationsvej 4,3330,Gørløse,01/08 - 2014,,40
35954716,Salling Group A/S,Netto,Katrinevænget 2,8800,Viborg,15/10 - 2014,,25
35954716,Salling Group A/S,NETTO Rådmands Boulevard,Rådmands Boulevard 45,8900,Randers C,12/11 - 2014,,29
35954716,Salling Group A/S,NETTO Højmarksvej Silkeborg,Nordre Højmarksvej 3,8600,Silkeborg,01/11 - 2014,,29
35954716,Salling Group A/S,NETTO,Vestergade 39,1456,København K,20/11 - 2014,,20
35954716,Salling Group A/S,Føtex Food Østerbro,Østerbrogade 94,2100,København Ø,01/02 - 2015,,28
35954716,Salling Group A/S,NETTO,Hermods Allé 7,2600,Glostrup,20/01 - 2015,,33
35954716,Salling Group A/S,Starbucks Frederiksbergcenteret,Falkoner Alle 21,2000,Frederiksberg,07/07 - 2015,,19
35954716,Salling Group A/S,Starbucks Fisketorvet,Kalvebod Brygge 59,1560,København V,09/03 - 2015,,13
35954716,Salling Group A/S,Starbucks Frederiksborggade,Frederiksborggade 15,1360,København K,09/03 - 2015,,16
35954716,Salling Group A/S,Netto Dronningmølle,Dr Mølle Strandvej 556-558,3120,Dronningmølle,14/04 - 2015,,25
35954716,Salling Group A/S,"Føtex Big, Herlev","Herlev Hovedgade 25, st. 1.",2730,Herlev,03/06 - 2015,,132
35954716,Salling Group A/S,Føtex Food Esplanaden,Bredgade 77,1260,København K.,03/06 - 2015,,21
35954716,Salling Group A/S,NETTO KREGME,HILLERØDVEJ 101,3300,FREDERIKSVÆRK,11/06 - 2015,,33
35954716,Salling Group A/S,Netto,Frederiksværksgade 152A,3400,Hillerød,15/09 - 2015,,33
35954716,Salling Group A/S,Starbucks Vejle,Nørregade 25,7100,Vejle,14/09 - 2015,,7
35954716,Salling Group A/S,Netto Herlev,"Herlev Hovedgade 25, st. 2.",2730,Herlev,23/09 - 2015,,31
35954716,Salling Group A/S,Netto Jyllinge Bromarken,Bromarken 1,4040,Jyllinge,01/10 - 2015,,29
35954716,Salling Group A/S,Netto Støberiet,Teglholm Tværvej 2,2450,København SV,06/10 - 2015,,34
35954716,Salling Group A/S,Netto Løgten,Grenåvej 752,8541,Skødstrup,26/10 - 2015,,24
35954716,Salling Group A/S,Netto Ndr. Strandvej Riss,Nordre Strandvej 127B,8240,Risskov,28/10 - 2015,,25
35954716,Salling Group A/S,Netto Falkoner Allé,"Falkoner Alle 1-3, st",2000,Frederiksberg,28/10 - 2015,,22
35954716,Salling Group A/S,Starbucks Borgporten,Store Torv 18,8000,Aarhus C,28/01 - 2016,,13
35954716,Salling Group A/S,Netto,Karrebækvej 994,4736,Karrebæksminde,28/01 - 2016,,25
35954716,Salling Group A/S,FØTEX SØLVGADE,SØLVGADE 10,1307,København K,14/03 - 2016,,26
35954716,Salling Group A/S,FØTEX GENTOFTE,GENTOFTEGADE 74,2820,Gentofte,14/03 - 2016,,27
35954716,Salling Group A/S,FØTEX ROLIGHEDSVEJ,ROLIGHEDSVEJ 11,1958,Frederiksberg C,14/03 - 2016,,28
35954716,Salling Group A/S,Netto Gefioncentret,Gefionsvej 43,3000,Helsingør,05/04 - 2016,,31
35954716,Salling Group A/S,Netto Korup,Åbakkevej 67F,5210,Odense NV,27/04 - 2016,,26
35954716,Salling Group A/S,Føtex Carlsberg Byen,Tapperitorvet 44,1799,København V,12/05 - 2016,,112
35954716,Salling Group A/S,Netto Storegade,Storegade 31,6700,Esbjerg,18/05 - 2016,,21
35954716,Salling Group A/S,Netto Carlsberg Byen,Tapperitorvet 2,1799,København V,02/08 - 2016,,31
35954716,Salling Group A/S,FØTEX FOOD CONVENIENCE,Amagerbrogade 23,2300,København S,12/09 - 2016,,23
35954716,Salling Group A/S,FØTEX FOOD ST. KONGENSGADE,STORE KONGENSGADE 47,1264,København K,12/09 - 2016,,24
35954716,Salling Group A/S,FØTEX FOOD KRØYERS PLADS,"STRANDGADE 83, st",1401,København K,12/09 - 2016,,26
35954716,Salling Group A/S,NETTO BAGERI,ØSTER FLAK 4,3730,Nexø,19/09 - 2016,,3
35954716,Salling Group A/S,NETTO ØRSLEV,Ugledigevej 156,4760,Vordingborg,13/10 - 2016,,28
35954716,Salling Group A/S,NETTO EGÅ,Stavneagervej 31,8250,Egå,24/10 - 2016,,23
35954716,Salling Group A/S,Dansk Supermarked Kontorhus E-Commerce Tilst,Agerøvej 7A,8381,Tilst,01/11 - 2016,,92
35954716,Salling Group A/S,NETTO ANKER HEEGAARDS GADE,Niels Brocks Gade 3,1574,København V,24/01 - 2019,,15
35954716,Salling Group A/S,Netto Vrå,Nygade 5,9760,Vrå,29/01 - 2019,,28
35954716,Salling Group A/S,CARL'S JR STORCENTER NORD,Finlandsgade 17,8200,Aarhus N,25/04 - 2017,,30
35954716,Salling Group A/S,Netto Søren Frichs vej,Søren Frichs Vej 53M,8230,Åbyhøj,27/04 - 2017,,42
35954716,Salling Group A/S,Netto Slagelse,Skovvejen 48,4200,Slagelse,29/05 - 2017,,25
35954716,Salling Group A/S,Netto Lyngbygårdsvej,Lyngbygårdsvej 141,2800,Kgs. Lyngby,16/06 - 2017,,33
35954716,Salling Group A/S,Netto Dragør,Møllegade 14B,2791,Dragør,20/06 - 2017,,31
35954716,Salling Group A/S,Netto Odder,Venneslaparken 2,8300,Odder,20/06 - 2017,,36
35954716,Salling Group A/S,Netto Skovvejen,Skovvejen 17,8000,Aarhus C,20/06 - 2017,,29
35954716,Salling Group A/S,NETTO ULLERSLEV,Nyborgvej 15-17,5540,Ullerslev,20/06 - 2017,,27
35954716,Salling Group A/S,Netto Aalborgvej,Ålborgvej 86,9800,Hjørring,20/06 - 2017,,42
35954716,Salling Group A/S,Netto Roersvej,Roersvej 33,5000,Odense C,20/06 - 2017,,29
35954716,Salling Group A/S,FØTEX FOOD CERES,"Ceres Allé 20, kl",8000,Aarhus C,23/06 - 2017,,49
35954716,Salling Group A/S,Netto Haderslev,Erlev Bjerge 64,6100,Haderslev,25/06 - 2017,,28
35954716,Salling Group A/S,Netto Adelgade,Adelgade 12A,1304,København K,25/06 - 2017,,27
35954716,Salling Group A/S,Netto Faxe,Postvej 2,4654,Faxe Ladeplads,25/06 - 2017,,23
35954716,Salling Group A/S,Netto Karslunde,Karlslunde Parkvej 9,2690,Karlslunde,25/06 - 2017,,27
35954716,Salling Group A/S,Netto Ryomgård,Vestergade 98A,8550,Ryomgård,25/06 - 2017,,26
35954716,Salling Group A/S,Netto Brøndby,Søndre Ringvej 41A,2605,Brøndby,25/06 - 2017,,38
35954716,Salling Group A/S,Netto Hånbæk,Rømøvej 2 th.,9900,Frederikshavn,25/06 - 2017,,30
35954716,Salling Group A/S,Netto Malling,Krekærlundsvej 2,8340,Malling,26/06 - 2017,,28
35954716,Salling Group A/S,Netto Højbjerg,Kridthøjvej 8,8270,Højbjerg,26/06 - 2017,,35
35954716,Salling Group A/S,Netto Frederiks Alle,Frederiks Allé 162,8000,Aarhus C,26/06 - 2017,,24
35954716,Salling Group A/S,Netto Park Alle,Park Alle 9A,8960,Randers SØ,26/06 - 2017,,28
35954716,Salling Group A/S,Netto Ringkøbing,Vellingvej 47,6950,Ringkøbing,26/06 - 2017,,23
35954716,Salling Group A/S,Netto Storebælt Butikscenter,Storebæltsvej 14,5800,Nyborg,28/06 - 2017,,27
35954716,Salling Group A/S,Netto Stensballe,Brådhusvej 3,8700,Horsens,28/06 - 2017,,32
35954716,Salling Group A/S,Netto Løjt Storegade,Løjt Storegade 36,6200,Aabenraa,28/06 - 2017,,21
35954716,Salling Group A/S,Netto Løsning,Sneppevej 1,8723,Løsning,28/06 - 2017,,30
35954716,Salling Group A/S,Netto Hinnerup,Pakhusvej 7,8382,Hinnerup,28/06 - 2017,,25
35954716,Salling Group A/S,Netto Odense,Hans Mules Gade 16,5000,Odense C,29/06 - 2017,,32
35954716,Salling Group A/S,Netto Trylleskoven,Trylleskov Allé 5,2680,Solrød Strand,28/06 - 2017,,35
35954716,Salling Group A/S,Netto Boholte Center,"Marksvinget 19, st. 1.",4600,Køge,28/06 - 2017,,42
35954716,Salling Group A/S,Netto Øsbirk,H C Andersensvej 2F,8752,Østbirk,29/06 - 2017,,26
35954716,Salling Group A/S,Netto Nordhavn,Helsinkigade 24,2150,Nordhavn,30/06 - 2017,,15
35954716,Salling Group A/S,Netto Vesterbrogade KBH,Vesterbrogade 8,1620,København V,12/07 - 2017,,12
35954716,Salling Group A/S,Netto Øster Farimagsgade,Øster Farimagsgade 17,1353,København K,29/08 - 2017,,29
35954716,Salling Group A/S,Netto Vestre Teglgade,Vestre Teglgade 31,2450,København SV,06/11 - 2017,,41
35954716,Salling Group A/S,Netto Grønnedalen,Grønnedalen 4,7100,Vejle,15/11 - 2017,,25
35954716,Salling Group A/S,Bilka Randers,Merkurvej 53,8960,Randers SØ,24/11 - 2017,,365
35954716,Salling Group A/S,Netto Snekkersten,"Nørrebakken 7, st",3070,Snekkersten,17/01 - 2018,,35
35954716,Salling Group A/S,Carl's JR Holbæk,Spånnebæk 1A,4300,Holbæk,18/01 - 2018,,26
35954716,Salling Group A/S,Carl's JR Randers Storcenter,Merkurvej 55,8960,Randers SØ,18/01 - 2018,,29
35954716,Salling Group A/S,Carl's JR Nyborg,Storebæltsvej 7A,5800,Nyborg,18/01 - 2018,,41
35954716,Salling Group A/S,CARL's JR Skejby,Karl Krøyers Vej 19,8200,Aarhus N,17/05 - 2018,,32
35954716,Salling Group A/S,NETTO Mørkøv,Ringstedvej 27,4440,Mørkøv,23/07 - 2018,,28
35954716,Salling Group A/S,Netto Børkop,Ny Boder 41,7080,Børkop,30/07 - 2018,,27
35954716,Salling Group A/S,Netto Aarup,Søndergade 1,5560,Aarup,28/08 - 2018,,31
35954716,Salling Group A/S,NETTO DR BYEN,Amagerfælledvej 170,2300,København S,02/10 - 2018,,39
35954716,Salling Group A/S,Bageri Årslev,Rosbjergvej 43A,8220,Brabrand,04/10 - 2018,,54
35954716,Salling Group A/S,Netto Spentrup,Birke Alle 15,8981,Spentrup,16/10 - 2018,,26
35954716,Salling Group A/S,Netto Jels,Ørstedvej 6,6630,Rødding,16/10 - 2018,,17
35954716,Salling Group A/S,Netto Købkes Plads,Constantin Hansens Gade 2,1799,København V,23/10 - 2018,,40
35954716,Salling Group A/S,Netto Kolt,Kolt Skovvej 1,8361,Hasselager,23/10 - 2018,,27
35954716,Salling Group A/S,NETTO HC ØRSTEDSVEJ,H.C. Ørsteds Vej 65B,1879,Frederiksberg C,01/11 - 2018,,21
35954716,Salling Group A/S,Netto Trørød,Trørødvej 56,2950,Vedbæk,06/11 - 2018,,27
35954716,Salling Group A/S,Salling Aalborg,Nytorv 8,9000,Aalborg,17/12 - 2018,,376
35954716,Salling Group A/S,Salling Aarhus,Søndergade 27,8000,Aarhus C,17/12 - 2018,,618
35954716,Salling Group A/S,Netto Cortex Park,Cortex Park Vest 12,5230,Odense M,11/12 - 2018,,28
35954716,Salling Group A/S,Netto Sæby,Nordens Alle 1,9300,Sæby,14/01 - 2019,,26
35954716,Salling Group A/S,BR Frederiksberg Centret,Falkoner Alle 21,2000,Frederiksberg,20/02 - 2019,,18
35954716,Salling Group A/S,BR Fisketorvet,Kalvebod Brygge 59,1560,København V,20/02 - 2019,,30
35954716,Salling Group A/S,BR Vimmelskaftet,Vimmelskaftet 45,1161,København K,20/02 - 2019,,25
35954716,Salling Group A/S,BR Slotsarkaderne,Slotsarkaderne 27,3400,Hillerød,20/02 - 2019,,17
35954716,Salling Group A/S,BR Guldborgsundcentret,Guldborgsundcentret 32,4800,Nykøbing F,20/02 - 2019,,22
35954716,Salling Group A/S,"BR Bryggen, Vejle","Søndertorv 2, 1. 200.",7100,Vejle,20/02 - 2019,,21
35954716,Salling Group A/S,BR Slagelse,Japanvej 14A,4200,Slagelse,20/02 - 2019,,22
35954716,Salling Group A/S,BR Rødovre,Jyllingevej 336A,2610,Rødovre,20/02 - 2019,,31
35954716,Salling Group A/S,BR FIelds,Arne Jacobsens Allé 12,2300,København S,20/02 - 2019,,49
35954716,Salling Group A/S,BR Bruuns Galleri,M.P. Bruuns Gade 25,8000,Aarhus C,20/02 - 2019,,35
35954716,Salling Group A/S,BR Aalborg,Algade 9,9000,Aalborg,20/02 - 2019,,16
35954716,Salling Group A/S,BR Rosensgårdscentret,Ørbækvej 79,5220,Odense SØ,20/02 - 2019,,43
35954716,Salling Group A/S,BR Herning,Engdahlsvej 2A,7400,Herning,20/02 - 2019,,28
35954716,Salling Group A/S,BR Sønderborg,Østergade 4,6400,Sønderborg,20/02 - 2019,,12
35954716,Salling Group A/S,BR Ro's Torv,Ro's Torv 1,4000,Roskilde,20/02 - 2019,,14
35954716,Salling Group A/S,BR Randers SØ,Marsvej 33,8960,Randers SØ,26/02 - 2019,,27
35954716,Salling Group A/S,BR Taastrup,Mårkærvej 15,2630,Taastrup,26/02 - 2019,,24
35954716,Salling Group A/S,BR Esbjerg N,Gl Vardevej 243,6715,Esbjerg N,26/02 - 2019,,24
35954716,Salling Group A/S,BR Næstved,Vestergårdsvej 8,4700,Næstved,26/02 - 2019,,21
35954716,Salling Group A/S,BR Holbæk Mewga Center,Frejasvej 16,4300,Holbæk,26/02 - 2019,,25
35954716,Salling Group A/S,BR Holstebro,Nyholmvej 12,7500,Holstebro,26/02 - 2019,,18
35954716,Salling Group A/S,BR Viborg Storcenter,Holstebrovej 81C,8800,Viborg,26/02 - 2019,,23
35954716,Salling Group A/S,BR Hjørring,Bispetorv 4,9800,Hjørring,26/02 - 2019,,18
35954716,Salling Group A/S,BR Kolding,Egtved Alle 3A,6000,Kolding,26/02 - 2019,,22
35954716,Salling Group A/S,BR Skalborg,Løven 2,9200,Aalborg SV,26/02 - 2019,,37
35954716,Salling Group A/S,BR Tilst,Anelystparken 2,8381,Tilst,26/02 - 2019,,35
35954716,Salling Group A/S,Netto Brynet,"Vindrosen 39, st",8240,Risskov,27/02 - 2019,,29
35954716,Salling Group A/S,CARL'S JR VIBORG,Holstebrovej 79,8800,Viborg,12/03 - 2019,,22
35954716,Salling Group A/S,Netto Hobrovej Aalborg,Hobrovej 446B,9200,Aalborg SV,30/04 - 2019,,29
35954716,Salling Group A/S,Netto Tåsinge,Solvej 1,5700,Svendborg,22/05 - 2019,,31
35954716,Salling Group A/S,Netto Tuborgvej,Tuborgvej 239,2400,København NV,27/09 - 2019,,27
35954716,Salling Group A/S,NETTO ISLANDS BRYGGE,Islands Brygge 58A,2300,København S,09/10 - 2019,,15
35954716,Salling Group A/S,NETTO VILHELM BECKS VEJ,Vilhelm Becks Vej 83,8260,Viby J,14/10 - 2019,,35
35954716,Salling Group A/S,NETTO TORNHØJ CENTRET,Tornhøjvej 4A,9220,Aalborg Øst,14/10 - 2019,,32
35954716,Salling Group A/S,Føtex Virum,Skovridergårdsvej 60A,2830,Virum,25/10 - 2019,,78
35954716,Salling Group A/S,Netto Juelsminde,Færgegårdsengen 2,7130,Juelsminde,29/10 - 2019,,30
35954716,Salling Group A/S,Netto ByBuen,Bybuen 2,2740,Skovlunde,04/11 - 2019,,36
35954716,Salling Group A/S,Starbucks Vestergade,Vestergade 21,5000,Odense C,27/11 - 2019,,13
35954716,Salling Group A/S,Føtex Food Nørrebrogade,Nørrebrogade 26,2200,København N,30/12 - 2019,,30
35954716,Salling Group A/S,Netto Frederiksberg,H.C. Ørsteds Vej 25,1879,Frederiksberg C,06/01 - 2020,,42
35954716,Salling Group A/S,Netto,Trojels Knæ 2,6760,Ribe,17/02 - 2020,,20
35954716,Salling Group A/S,Netto Pakkerivej,Pakkerivej 21,2500,Valby,09/03 - 2020,,38
35954716,Salling Group A/S,Netto Hurup,Jernbanegade 7,7760,Hurup Thy,27/03 - 2020,,27
35954716,Salling Group A/S,NETTO ISLEV,Islevbrovej 22,2610,Rødovre,16/04 - 2020,,34
35954716,Salling Group A/S,BR Hundige,Over Bølgen 1,2670,Greve,10/06 - 2020,,19
35954716,Salling Group A/S,BR Gentofte,Nybrovej 2,2820,Gentofte,10/06 - 2020,,34
35954716,Salling Group A/S,Føtex DR byen,Amagerfælledvej 102,2300,København S,21/09 - 2020,,74
35954716,Salling Group A/S,Netto Hornslet,Hornbjergvej 3,8543,Hornslet,22/09 - 2020,,37
35954716,Salling Group A/S,Føtex Lyngby Hovedgade,Lyngby Hovedgade 63,2800,Kongens Lyngby,24/09 - 2020,,86
35954716,Salling Group A/S,DISTRIBUTIONSCENTER VEST,Prinsessens Kvarter 1A,7000,Fredericia,06/10 - 2020,,36
35954716,Salling Group A/S,DISTRIBUTIONSCENTER ØST,Litauen Alle 4,2630,Taastrup,06/10 - 2020,,50
35954716,Salling Group A/S,Netto Bygholm Bakker,Rosenkrantzvej 3,8700,Horsens,29/10 - 2020,,32
35954716,Salling Group A/S,Netto Ølgod,Industrivej 2,6870,Ølgod,29/10 - 2020,,27
35954716,Salling Group A/S,BR Storcenter Nord,Finlandsgade 17,8200,Aarhus N,19/01 - 2021,,17
35954716,Salling Group A/S,Netto Lyngby Hovedgade,Gyldendalsvej 4,2800,Kongens Lyngby,27/01 - 2021,,27
35954716,Salling Group A/S,Netto Farsø,Holmevej 2,9640,Farsø,19/02 - 2021,,29
35954716,Salling Group A/S,Netto Skalbølle,Odensevej 152,5492,Vissenbjerg,22/03 - 2021,,30
35954716,Salling Group A/S,Netto Storvorde,Stationsvej 5D,9280,Storvorde,27/04 - 2021,,26
35954716,Salling Group A/S,Netto Skelbækgade,Skelbækgade 2,1717,København V,26/04 - 2021,,23
35954716,Salling Group A/S,NETTO TAULOV,Adelvej 61,7000,Fredericia,19/05 - 2021,,30
35954716,Salling Group A/S,Netto Køge Idrætspark,Stensbjergvej 11,4600,Køge,27/08 - 2021,,35
35954716,Salling Group A/S,Netto Kollegievej,Kollegievej 2A,9000,Aalborg,31/08 - 2021,,29
35954716,Salling Group A/S,FØTEX FOOD NICOLINEHUS,Bernhardt Jensens Boulevard 79,8000,Aarhus C,10/12 - 2021,,104
35954716,Salling Group A/S,Netto Brande,N. J. Fjords Allé 2,7330,Brande,21/01 - 2022,,19
35954716,Salling Group A/S,Netto Femøren,Jorisvej 1,2300,København S,03/03 - 2022,,42
35954716,Salling Group A/S,Netto Blåvand,Blåvandvej 36,6857,Blåvand,02/05 - 2022,,17
35954716,Salling Group A/S,NETTO,Smidstrup Strandvej 49,3250,Gilleleje,25/08 - 2022,,21
35954716,Salling Group A/S,Netto Mellemvang Holbæk,Mellemvang 29,4300,Holbæk,19/07 - 2022,,23
35954716,Salling Group A/S,FØTEX FOOD TORVEPORTEN,Gammel Køge Landevej 84,2500,Valby,08/08 - 2022,,145
35954716,Salling Group A/S,Netto Brabrand,Kirsten Holsts Gade 3,8220,Brabrand,28/10 - 2022,,34
35954716,Salling Group A/S,Netto Thorvaldsensgade,Thorvaldsensgade 22,8000,Aarhus C,16/01 - 2023,,30
35954716,Salling Group A/S,Netto Søften,Ekkovej 4,8382,Hinnerup,31/01 - 2023,,23
35954716,Salling Group A/S,NETTO,Egelundsvej 1,2620,Albertslund,15/09 - 2023,,25
35954716,Salling Group A/S,Netto Dalumvej Odense,Dalumvej 18,5250,Odense SV,30/08 - 2023,,39
35954716,Salling Group A/S,NETTO,Mejlstedvej 25,9380,Vestbjerg,25/08 - 2023,,30
35954716,Salling Group A/S,Føtex Food,Michael Strunges Vej 15,2300,København S,10/08 - 2023,,65
35954716,Salling Group A/S,Starbucks Fiolstræde,Fiolstræde 20,1171,København K,28/08 - 2023,,13
35954716,Salling Group A/S,Carls Jr. Recharge City Horsens,Kai Lindbergs Vej 4A,8700,Horsens,11/09 - 2023,,22
35954716,Salling Group A/S,Starbucks Industriens hus,Vesterbrogade 1E,1620,København V,28/09 - 2023,,17
35954716,Salling Group A/S,Netto Mileparken,Hørkær 25,2730,Herlev,15/11 - 2023,,29
35954716,Salling Group A/S,Netto Højvangen,Højvang Centret 2,8660,Skanderborg,05/12 - 2023,,26
35954716,Salling Group A/S,Netto Kaffevej Rødovre,Kaffevej 3,2610,Rødovre,05/12 - 2023,,37
35954716,Salling Group A/S,Netto Kastrupgård,Kastrupvej 326,2770,Kastrup,05/12 - 2023,,14
35954716,Salling Group A/S,Netto Østervangsvej Esbjerg,Østervangsvej 1B,6715,Esbjerg N,05/12 - 2023,,27
35954716,Salling Group A/S,Netto Ravnsøvej Risskov,Ravnsøvej 15B,8240,Risskov,05/12 - 2023,,25
35954716,Salling Group A/S,Netto Nordbyvej Viby,Nordbyvej 4,8260,Viby J,05/12 - 2023,,32
35954716,Salling Group A/S,Netto Vestergade Svendborg,Vestergade 117,5700,Svendborg,05/12 - 2023,,25
35954716,Salling Group A/S,Netto Høje Taastrup BLVD Taastrup,Høje Taastrup Boulevard 88A,2630,Taastrup,05/12 - 2023,,29
35954716,Salling Group A/S,Netto Vestervangsvej Viborg,Vestervangsvej 12,8800,Viborg,05/12 - 2023,,22
35954716,Salling Group A/S,Netto Stenvej Højbjerg,Stenvej 3,8270,Højbjerg,05/12 - 2023,,22
35954716,Salling Group A/S,Netto Idagårdsvej Slagelse,Idagårdsvej 7,4200,Slagelse,05/12 - 2023,,24
35954716,Salling Group A/S,Netto Koldingvej Viborg,Koldingvej 61,8800,Viborg,06/12 - 2023,,25
35954716,Salling Group A/S,Netto Flegmade Vejle,Flegmade 19,7100,Vejle,06/12 - 2023,,28
35954716,Salling Group A/S,Netto Håndværkervej Varde,Håndværkervej 16,6800,Varde,06/12 - 2023,,27
35954716,Salling Group A/S,Netto Egerisvej Skive,Egerisvej 2,7800,Skive,06/12 - 2023,,26
35954716,Salling Group A/S,Netto Havnegade Odense,Havnegade 8A,5000,Odense C,06/12 - 2023,,24
35954716,Salling Group A/S,Netto Butiksvej Hundested,Butiksvej 2,3390,Hundested,21/12 - 2023,,20
35954716,Salling Group A/S,Netto Banegaardsvej Hobro,Banegaardsvej 4A,9500,Hobro,16/01 - 2024,,21
35954716,Salling Group A/S,Føtex Food Vallensbæk,Dagmarhaven 2,2665,Vallensbæk Strand,08/02 - 2024,,50
35954716,Salling Group A/S,Starbucks Rosengårdscentret,Ørbækvej 75,5220,Odense SØ,21/02 - 2024,,12
35954716,Salling Group A/S,NETTO ROSENHØJ,Rosenhøj 4,8260,Viby J,07/03 - 2024,,26
35954716,Salling Group A/S,Føtex Food Industriens Hus,Vesterbrogade 1D,1620,København V,13/03 - 2024,,30
35954716,Salling Group A/S,BR HORSENS,Grønlandsvej 10,8700,Horsens,02/04 - 2024,,24
35954716,Salling Group A/S,NETTO DALBY,Karisevej 65,4690,Haslev,25/04 - 2024,,26
35954716,Salling Group A/S,NETTO BELLINGE,Bronzevej 1,5250,Odense SV,14/08 - 2024,,42
35954716,Salling Group A/S,Matinique Rødovre Centrum,"Rødovre Centrum 1M, st. 38.",2610,Rødovre,16/08 - 2024,,14
35954716,Salling Group A/S,Matinique Bruuns Galleri,M.P. Bruuns Gade 25,8000,Aarhus C,16/08 - 2024,,6
35954716,Salling Group A/S,HUGO Fisketorvet,Kalvebod Brygge 59,1560,København V,16/08 - 2024,,4
35954716,Salling Group A/S,Matinique Fisketorvet,Kalvebod Brygge 59,1560,København V,16/08 - 2024,,3
35954716,Salling Group A/S,BR Nyborg,Storebæltsvej 16,5800,Nyborg,26/08 - 2024,,13
35954716,Salling Group A/S,Netto Grejs,Keglekærvej 70,7100,Vejle,23/09 - 2024,,27
35954716,Salling Group A/S,Netto Humlebæk Center,Humlebæk Center 27,3050,Humlebæk,02/10 - 2024,,39
35954716,Salling Group A/S,Netto Søndervig,Klitstrædet 2,6950,Ringkøbing,31/01 - 2025,,17
35954716,Salling Group A/S,Netto Vinge,Vinge Stationsvej 25,3600,Frederikssund,05/02 - 2025,,18
35954716,Salling Group A/S,Netto Gistrup,Nøvlingvej 27,9260,Gistrup,27/03 - 2025,,24
35954716,Salling Group A/S,Netto Bytorvet Hedensted,Bytorvet 32,8722,Hedensted,27/03 - 2025,,22
35954716,Salling Group A/S,Netto August Kraags Plads,August Kraags Plads 12,6300,Gråsten,27/03 - 2025,,27
35954716,Salling Group A/S,Netto Herfølge,Billesborgvej 8,4681,Herfølge,27/03 - 2025,,32
35954716,Salling Group A/S,Netto Tommerup,Møllebakken 20,5690,Tommerup,27/03 - 2025,,32
35954716,Salling Group A/S,Netto Hamletsgade,Hamletsgade 8,2200,København N,27/03 - 2025,,21
35954716,Salling Group A/S,Netto Enghavecentret,Enghavevej 9A,7100,Vejle,27/03 - 2025,,23
35954716,Salling Group A/S,Netto Kibæk,Sandfeldparken 34A,6933,Kibæk,27/03 - 2025,,23
35954716,Salling Group A/S,Netto Terndrup Center,Terndrup Center 1A,9575,Terndrup,27/03 - 2025,,23
35954716,Salling Group A/S,Netto Æbeløgade,Æbeløgade 20,2100,København Ø,27/03 - 2025,,21
35954716,Salling Group A/S,Netto Hillerød Østergade,Østergade 7,3400,Hillerød,27/03 - 2025,,24
35954716,Salling Group A/S,Netto Sæby,Sophus Falcks Vej 1C,9300,Sæby,27/03 - 2025,,27
35954716,Salling Group A/S,Netto Blokhusvej Pandrup,Blokhusvej 9,9490,Pandrup,27/03 - 2025,,24
35954716,Salling Group A/S,Netto Vorup Randers,Bøsbrovej 22,8940,Randers SV,27/03 - 2025,,23
35954716,Salling Group A/S,Føtex City HC Ørstedsvej,"H.C. Ørsteds Vej 4B, st",1879,Frederiksberg C,27/03 - 2025,,28
35954716,Salling Group A/S,Føtex Food Odense N,Karlavej 1,5270,Odense N,27/03 - 2025,,49
35954716,Salling Group A/S,Føtex Esbjerg Broen,Exnersgade 18,6700,Esbjerg,27/03 - 2025,,104
35954716,Salling Group A/S,Føtex Food Smidstrup,Smidstrup Strandvej 65,3250,Gilleleje,27/03 - 2025,,34
35954716,Salling Group A/S,Føtex Food Kolding,Vestre Ringgade 4,6000,Kolding,27/03 - 2025,,48
35954716,Salling Group A/S,Føtex City Islands Brygge,Islands Brygge 79E,2300,København S,27/03 - 2025,,21
35954716,Salling Group A/S,Føtex City Odensen,Benediktsgade 46,5000,Odense C,27/03 - 2025,,25
35954716,Salling Group A/S,Netto Metropolen,Njalsgade 72A,2300,København S,27/03 - 2025,,18
35954716,Salling Group A/S,Netto Peter Bangsvej,Peter Bangs Vej 24,2000,Frederiksberg,27/03 - 2025,,23
35954716,Salling Group A/S,Netto Ejby St.,Ejbyvej 46,4623,Lille Skensved,27/03 - 2025,,25
35954716,Salling Group A/S,Netto Hobro Adelgade,Adelgade 14,9500,Hobro,27/03 - 2025,,23
35954716,Salling Group A/S,Netto Hede Nielsens vej Horsens,Hede Nielsens Vej 2,8700,Horsens,15/04 - 2025,,38
35954716,Salling Group A/S,Matinique Kolding Storcenter,Skovvangen 42,6000,Kolding,21/05 - 2025,,5
35954716,Salling Group A/S,Netto Royal Arena,Ørestads Boulevard 126,2300,København S,09/07 - 2025,,28
35954716,Salling Group A/S,Føtex City Nørreport,Nørre Voldgade 94,1358,København K,13/08 - 2025,,24
35954716,Salling Group A/S,Hugo Boss Kolding Storcenter,Skovvangen 42,6000,Kolding,25/08 - 2025,,3
35954716,Salling Group A/S,Boss Kolding Storcenter,Skovvangen 42,6000,Kolding,25/08 - 2025,,4
35954716,Salling Group A/S,Føtex Slagelse,Vestsjællandscentret 8,4200,Slagelse,16/09 - 2025,,122
35954716,Salling Group A/S,Netto Rørby,Gl Sorøvej 6,4400,Kalundborg,02/10 - 2025,,25
35954716,Salling Group A/S,Netto Valnøddevænget,Valnøddevænget 2,4200,Slagelse,22/01 - 2026,,1
35954716,Salling Group A/S,NETTO,Hækmosen 65,2730,Herlev,30/05 - 2002,,25
35954716,Salling Group A/S,NETTO Munkebo,Bycentret 205,5330,Munkebo,01/03 - 2002,,31
35954716,Salling Group A/S,NETTO,Fredensgade 8-12,7323,Give,01/10 - 2001,,24
35954716,Salling Group A/S,Salling Kultorvet,Kultorvet 2,1175,København K,09/01 - 2026,,
35954716,Salling Group A/S,Salling retur/ BR.dk,P.O. Pedersens Vej 15A,8200,Aarhus N,26/03 - 2025,,
35954716,Salling Group A/S,Føtex Food Odense,Skomagerstræde 7,5000,Odense C,21/12 - 2020,,76
35954716,Salling Group A/S,Netto,Nørregade 43,6330,Padborg,18/04 - 2000,,23
35954716,Salling Group A/S,Netto,Kystvejen 1,2770,Kastrup,15/09 - 2000,,14
35954716,Salling Group A/S,Netto Vonsild,Peter Møllers Vej 1,6000,Kolding,06/03 - 2026,,
35954716,Salling Group A/S,Netto Køgevej Roskilde,Køgevej 116A,4000,Roskilde,12/02 - 2026,,
35954716,Salling Group A/S,Salling Rødovre,"Rødovre Centrum 1R, st. 101.",2610,Rødovre,24/04 - 2026,,
35954716,Salling Group A/S,Netto Hammelev,Egemarken 6,6500,Vojens,22/12 - 2025,,
35954716,Salling Group A/S,Carl's JR Holstebro,Nyholmvej 20,7500,Holstebro,05/03 - 2019,,6
35954716,Salling Group A/S,Salling Outlet Skagen,"Sct. Laurentii Vej 26A, st",9990,Skagen,19/03 - 2021,,2
35954716,Salling Group A/S,Salling Outlet Ebeltoft,Ndr. Strandvej 42,8400,Ebeltoft,27/04 - 2021,,1
35954716,Salling Group A/S,Starbucks,Nordre Fasanvej 25,2000,Frederiksberg,01/07 - 2014,,3
35954716,Salling Group A/S,Starbucks Axeltowers,Axeltorv 2,1609,København V,08/08 - 2016,,1
35954716,Salling Group A/S,Carl's JR Bilka Slagelse,Idagårdsvej 1,4200,Slagelse,18/01 - 2018,,
35954716,Salling Group A/S,Netto ALS,Hadsundvej 1,9560,Hadsund,29/11 - 2018,,1
35954716,Salling Group A/S,NETTO CONCEPT,Mimersvej 3,4600,Køge,26/02 - 2019,,
35954716,Salling Group A/S,Netto Bodyguide - slow mover,Mimersvej 3,4600,Køge,21/10 - 2019,,
35954716,Salling Group A/S,Netto Parken,Mimersvej 5,4600,Køge,26/11 - 2025,,
35954716,Salling Group A/S,Netto Popup Ærø,Ærøskøbing Havn 4,5970,Ærøskøbing,09/12 - 2025,,
35954716,Salling Group A/S,Bager produktion Føtex Friheden,Strandmarksvej 20,2650,Hvidovre,05/02 - 2021,,
35954716,Salling Group A/S,HD Ishøj 9040,Industrigrenen 4,2635,Ishøj,08/02 - 2021,,
35954716,Salling Group A/S,Salling Outlet Frederikshavn,"Danmarksgade 56, st",9900,Frederikshavn,17/02 - 2022,,1
35954716,Salling Group A/S,FØTEX FOOD BLEGDAMSVEJ,Blegdamsvej 118,2100,København Ø,24/08 - 2022,,
35954716,Salling Group A/S,HQ Årslev,Rosbjergvej 33,8220,Brabrand,27/10 - 2023,,
35954716,Salling Group A/S,"Lager, Salling.dk",Logistikparken 1,8220,Brabrand,01/06 - 2019,,2
35954716,Salling Group A/S,NETTO,Brænderigården 21,4230,Skælskør,01/01 - 1987,,23
35954716,Salling Group A/S,Hugo Boss Fisketorvet,Kalvebod Brygge 59,1560,København V,16/08 - 2024,,
35954716,Salling Group A/S,SALLING.DK,Jens Olsens Vej 4,8200,Aarhus N,01/06 - 2023,,
35954716,Salling Group A/S,NETTO,Gl Vardevej 13,6700,Esbjerg,10/10 - 2002,,21
35954716,Salling Group A/S,NETTO,Storegade 107,6740,Bramming,01/09 - 2001,,22
35954716,Salling Group A/S,NETTO,Store Kongensgade 49,1264,København K,01/01 - 1992,,20
35954716,Salling Group A/S,NETTO,Vølundsvej 1-3,7400,Herning,01/03 - 2001,,33
35954716,Salling Group A/S,Netto Frederiksborgvej,Frederiksborgvej 59,2400,København NV,06/12 - 2023,,
35954716,Salling Group A/S,NETTO,Korshøjen 1,8240,Risskov,06/11 - 1996,,34
35954716,Salling Group A/S,FØTEX GO TRØJBORG,Tordenskjoldsgade 21,8200,Aarhus N,02/07 - 2024,,
35954716,Salling Group A/S,NETTO HOVEDVEJEN GLOSTRUP,Hovedvejen 150A,2600,Glostrup,01/01 - 1987,,23
35954716,Salling Group A/S,NETTO,Rådhusgade 13,8300,Odder,01/01 - 1989,,35
35954716,Salling Group A/S,NETTO BRØNSHØJ,Frederikssundsvej 192,2700,Brønshøj,11/04 - 1991,,24
35954716,Salling Group A/S,NETTO,Gladsaxe Møllevej 61,2860,Søborg,01/01 - 1991,,31
35954716,Salling Group A/S,NETTO,Studsgaardsgade 1,2100,København Ø,26/03 - 1991,,28
35954716,Salling Group A/S,NETTO,Frejasvej 32,3400,Hillerød,01/01 - 1990,,1
35954716,Salling Group A/S,NÆSTVED CENTERFORENING,Næstved Storcenter 3,4700,Næstved,01/01 - 1989,,0
35954716,Salling Group A/S,NETTO,Kongevejen 32,3450,Allerød,05/11 - 2009,,36
35954716,Salling Group A/S,DANSK SUPERMARKED A/S,Bjødstrupvej 18,8270,Højbjerg,09/11 - 2017,,1
35954716,Salling Group A/S,CARL'S JR RØDOVRE,"Rødovre Centrum 1M, st. 43.",2610,Rødovre,29/03 - 2017,,1
35954716,Salling Group A/S,NETTO,Vesterbrogade 52,7000,Fredericia,01/01 - 1993,,20
35954716,Salling Group A/S,NETTO,Centervej 15,4270,Høng,01/01 - 1988,,24
35954716,Salling Group A/S,NETTO,Skibhusvej 41-45,5000,Odense C,19/11 - 1998,,25
35954716,Salling Group A/S,NETTO,Grønløkkevej 22,5000,Odense C,31/03 - 1998,,26
35954716,Salling Group A/S,NETTO,Ådalsparkvej 63,2970,Hørsholm,01/11 - 1990,,21
35954716,Salling Group A/S,NETTO A/S,Ved Stationen 4,2635,Ishøj,26/09 - 1992,,30
35954716,Salling Group A/S,NETTO,Magnoliavej 1,5250,Odense SV,01/08 - 1988,,31
35954716,Salling Group A/S,NETTO,Jernbanegade 48,6000,Kolding,21/09 - 2000,,21
35954716,Salling Group A/S,NETTO,Vesterbro 11,3720,Aakirkeby,16/05 - 2000,,23
35954716,Salling Group A/S,NETTO,Hvidovrevej 255,2650,Hvidovre,17/02 - 1992,,39
35954716,Salling Group A/S,Døgnnetto,Emdrupvej 107,2400,København NV,01/01 - 1987,,21
35954716,Salling Group A/S,Netto Vesterbrogade,Vesterbrogade 14B,8800,Viborg,01/01 - 1989,,22
35954716,Salling Group A/S,Netto Bogensevej,Bogensevej 2,5270,Odense N,01/01 - 1988,,36
35954716,Salling Group A/S,NETTO,Bryggervangen 1,4760,Vordingborg,01/01 - 1987,,27
35954716,Salling Group A/S,NETTO GRANTOFTE CENTRET,Grantoftestræde 11,2750,Ballerup,01/01 - 1987,,14
35954716,Salling Group A/S,NETTO,Holbækvej 1,4330,Hvalsø,01/01 - 1987,,31
35954716,Salling Group A/S,NETTO,Høje Taastrup Vej 6,2630,Taastrup,01/01 - 1987,,36
35954716,Salling Group A/S,NETTO,Nytorv 2,4400,Kalundborg,01/01 - 1987,,26
35954716,Salling Group A/S,Netto Frederikssundsvej,Frederikssundsvej 52,2400,København NV,01/01 - 1992,,29
35954716,Salling Group A/S,NETTO,Lundebjerg 1,2740,Skovlunde,29/03 - 1990,,25
35954716,Salling Group A/S,NETTO,Kastruplundgade 20B,2770,Kastrup,01/01 - 1989,,23
35954716,Salling Group A/S,NETTO,Algade 23,4660,Store Heddinge,01/01 - 1987,,32
35954716,Salling Group A/S,NETTO,Godthåbsvej 14,2000,Frederiksberg,04/10 - 1982,,31
35954716,Salling Group A/S,NETTO,Kastrupvej 109,2300,København S,01/01 - 1992,,14
35954716,Salling Group A/S,NETTO,Kongelundsvej 49,2300,København S,13/09 - 1990,,33
35954716,Salling Group A/S,NETTO,Solrød Center 84,2680,Solrød Strand,01/01 - 1988,,39
35954716,Salling Group A/S,NETTO,Kirke Værløsevej 8,3500,Værløse,01/01 - 1987,,45
35954716,Salling Group A/S,DØGNNETTO,Jagtvej 223,2100,København Ø,01/01 - 1987,,18
35954716,Salling Group A/S,NETTO,Vesterbrogade 192,1800,Frederiksberg C,01/01 - 1987,,33
35954716,Salling Group A/S,NETTO,Tvedvangen 201,2730,Herlev,01/01 - 1984,,26
35954716,Salling Group A/S,NETTO,Norvangen 1A,4220,Korsør,01/01 - 1987,,30
35954716,Salling Group A/S,NETTO,Apotekervænget 56,4990,Sakskøbing,01/01 - 1987,,25
35954716,Salling Group A/S,NETTO,Roskildevej 150,4100,Ringsted,01/01 - 1987,,31
35954716,Salling Group A/S,NETTO,Havnevej 6,4720,Præstø,01/01 - 1987,,26
35954716,Salling Group A/S,NETTO,"Korsgade 4, st",4200,Slagelse,01/01 - 1987,,32
35954716,Salling Group A/S,NETTO,Allerød Stationsvej 11,3450,Allerød,01/01 - 1987,,29
35954716,Salling Group A/S,NETTO,Stærevej 74,2400,København NV,01/01 - 1993,,24
35954716,Salling Group A/S,NETTO,Godthåbsvej 195,2720,Vanløse,01/01 - 1987,,19
35954716,Salling Group A/S,Netto Nørre Voldgade,Nørre Voldgade 15,1358,København K,01/01 - 1987,,30
35954716,Salling Group A/S,NETTO,Korsørgade 1,2100,København Ø,01/01 - 1987,,31
35954716,Salling Group A/S,NETTO,Ringstedgade 24,4700,Næstved,01/01 - 1987,,28
35954716,Salling Group A/S,NETTO,Vester Alle 2B,8362,Hørning,01/01 - 1994,,34
35954716,Salling Group A/S,NETTO VEST AMAGER CENTRET,Ugandavej 111,2770,Kastrup,01/01 - 1987,,28
35954716,Salling Group A/S,NETTO,Vestergade 4,5750,Ringe,01/01 - 1988,,28
35954716,Salling Group A/S,NETTO,Søbækken 2-4,3730,Nexø,01/01 - 1994,,23
35954716,Salling Group A/S,NETTO KERTEMINDE,Martin Kolds Vej 2,5300,Kerteminde,30/01 - 1992,,33
35954716,Salling Group A/S,NETTO,Torpenvej 10,3050,Humlebæk,01/01 - 1992,,27
35954716,Salling Group A/S,NETTO,Vigerslevvej 216,2500,Valby,12/12 - 1991,,24
35954716,Salling Group A/S,NETTO,Mimersvej 1,4600,Køge,01/01 - 1987,,866
35954716,Salling Group A/S,NETTO,Lavhedevej 54,7500,Holstebro,01/01 - 1989,,33
35954716,Salling Group A/S,NETTO,Københavnsvej 1,3550,Slangerup,01/01 - 1989,,46
35954716,Salling Group A/S,NETTO,Vestergade 22,7200,Grindsted,07/06 - 1990,,22
35954716,Salling Group A/S,NETTO,Nymarksvej 39B,7000,Fredericia,01/01 - 1990,,35
35954716,Salling Group A/S,NETTO FUGLEBJERG CENTRET,Byagervej 8,4250,Fuglebjerg,01/01 - 1989,,25
35954716,Salling Group A/S,Netto Roskildevej,Roskildevej 63,2000,Frederiksberg,01/01 - 1994,,26
35954716,Salling Group A/S,NETTO,Marielyst Strandvej 53,4873,Væggerløse,01/01 - 1994,,32
35954716,Salling Group A/S,NETTO,Blichersvej 1A,3000,Helsingør,03/05 - 1990,,31
35954716,Salling Group A/S,NETTO,Finsensvej 34,2000,Frederiksberg,01/01 - 1987,,27
35954716,Salling Group A/S,NETTO,Bagsværd Hovedgade 98-106,2880,Bagsværd,01/01 - 1987,,37
35954716,Salling Group A/S,NETTO,Randersvej 116,8200,Aarhus N,01/01 - 1994,,37
35954716,Salling Group A/S,NETTO,Norgesvej 4-6,4180,Sorø,01/01 - 1987,,34
35954716,Salling Group A/S,NETTO BALLERUP STATIONSCENTER,Banetoften 30,2750,Ballerup,01/01 - 1992,,23
35954716,Salling Group A/S,NETTO,Hovedgaden 31,2970,Hørsholm,01/01 - 1987,,27
35954716,Salling Group A/S,NETTO,Gedservej 150,4800,Nykøbing F,18/04 - 1991,,28
35954716,Salling Group A/S,NETTO,Lyngbyvej 237,2900,Hellerup,01/01 - 1987,,43
35954716,Salling Group A/S,NETTO,Toftegårds Allé 30,2500,Valby,01/01 - 1987,,21
35954716,Salling Group A/S,NETTO,Fejøgade 15,4800,Nykøbing F,01/01 - 1987,,17
35954716,Salling Group A/S,NETTO ULSNÆS CENTRET,Sundsnæs 7,6300,Gråsten,01/01 - 1989,,42
35954716,Salling Group A/S,NETTO,Møllemarken 14,4622,Havdrup,01/01 - 1994,,33
35954716,Salling Group A/S,NETTO,Vesterbrogade 30,3250,Gilleleje,01/01 - 1987,,26
35954716,Salling Group A/S,NETTO A/S,Laurits Olsens Vej 1,2650,Hvidovre,01/01 - 1987,,14
35954716,Salling Group A/S,NETTO,Nærum Hovedgade 67,2850,Nærum,01/01 - 1987,,31
35954716,Salling Group A/S,NETTO,Gammelby Ringvej 2,6700,Esbjerg,01/01 - 1989,,29
35954716,Salling Group A/S,NETTO,Vallensbæk Stationstorv 52,2665,Vallensbæk Strand,01/01 - 1988,,19
35954716,Salling Group A/S,NETTO,Østergade 77,6900,Skjern,01/01 - 1989,,25
35954716,Salling Group A/S,NETTO,Tarphagevej 23,6710,Esbjerg V,01/01 - 1990,,27
35954716,Salling Group A/S,NETTO DRAGØR CENTRET,Maglebytorv 4,2791,Dragør,01/01 - 1988,,21
35954716,Salling Group A/S,NETTO,Hillerødgade 23,2200,København N,01/01 - 1987,,43
35954716,Salling Group A/S,NETTO,Ved Stranden 32,4780,Stege,01/01 - 1989,,21
35954716,Salling Group A/S,NETTO,Måløv Hovedgade 64,2760,Måløv,01/01 - 1993,,25
35954716,Salling Group A/S,Føtex Food Jagtvej,Jagtvej 145,2200,København N,01/01 - 1987,,26
35954716,Salling Group A/S,NETTO,Stengårds Alle 195B,2860,Søborg,09/08 - 1990,,27
35954716,Salling Group A/S,NETTO,Vestergade 23,7900,Nykøbing M,01/01 - 1994,,35
35954716,Salling Group A/S,NETTO,Mølmarksvej 50,5700,Svendborg,01/01 - 1990,,28
35954716,Salling Group A/S,NETTO BREDE TORV,Lystoftevej 52,2800,Kgs.Lyngby,01/01 - 1987,,34
35954716,Salling Group A/S,NETTO,Gammel Køge Landevej 198,2500,Valby,01/01 - 1987,,24
35954716,Salling Group A/S,NETTO,Skansevej 12,3400,Hillerød,01/01 - 1994,,26
35954716,Salling Group A/S,NETTO,Gammel Kongevej 123,1850,Frederiksberg C,01/01 - 1992,,15
35954716,Salling Group A/S,NETTO,Nivå Center 61,2990,Nivå,10/05 - 1990,,30
35954716,Salling Group A/S,NETTO,Hovedgaden 50B,4050,Skibby,04/07 - 1991,,34
35954716,Salling Group A/S,NETTO,Lygten 53,2400,København NV,01/01 - 1987,,22
35954716,Salling Group A/S,NETTO,Egebjerg Bygade 1,2750,Ballerup,11/10 - 1990,,32
35954716,Salling Group A/S,NETTO,Apotekergade 4,4840,Nørre Alslev,01/01 - 1987,,22
35954716,Salling Group A/S,NETTO,Vesterbro 99,9000,Aalborg,01/01 - 1993,,61
35954716,Salling Group A/S,NETTO,Wendorfsvej 4,3480,Fredensborg,01/01 - 1993,,45
35954716,Salling Group A/S,NETTO,Blågårdsgade 26,2200,København N,01/01 - 1993,,39
35954716,Salling Group A/S,NETTO,Store Torv 3,3700,Rønne,01/01 - 1993,,20
35954716,Salling Group A/S,NETTO,Årbyesvej 22,4970,Rødby,01/01 - 1987,,23
35954716,Salling Group A/S,NETTO,Stationspladsen 2B,4690,Haslev,01/01 - 1987,,42
35954716,Salling Group A/S,NETTO,Søndergade 7,8500,Grenaa,01/01 - 1989,,41
35954716,Salling Group A/S,Netto Hundested,Nørregade 48B,3390,Hundested,01/01 - 1989,,19
35954716,Salling Group A/S,NETTO,Holbækvej 2,4000,Roskilde,01/01 - 1989,,21
35954716,Salling Group A/S,NETTO,Centervejen 1,3230,Græsted,01/01 - 1994,,26
35954716,Salling Group A/S,NETTO,Haderslevvej 124,6000,Kolding,08/02 - 1990,,30
35954716,Salling Group A/S,NETTO MOSEDE CENTRET,Lilleholm 1,2670,Greve,01/01 - 1987,,27
35954716,Salling Group A/S,NETTO,Godthaabsvej 15,6950,Ringkøbing,01/01 - 1990,,22
35954716,Salling Group A/S,NETTO,Madvigs Plads 10B,4500,Nykøbing Sj,01/01 - 1987,,27
35954716,Salling Group A/S,NETTO,Marienbergvej 100,4760,Vordingborg,01/01 - 1989,,22
35954716,Salling Group A/S,Netto Stubbekøbing,Nykøbingvej 42,4850,Stubbekøbing,01/01 - 1994,,29
35954716,Salling Group A/S,NETTO Papirfabrikken,Papirmester Allé 10,5250,Odense SV,01/01 - 1989,,27
35954716,Salling Group A/S,NETTO,Holte Stationsvej 14,2840,Holte,01/01 - 1987,,27
35954716,Salling Group A/S,NETTO,Ålsgårdecentret 13,3140,Ålsgårde,01/01 - 1994,,34
35954716,Salling Group A/S,NETTO,Forbindelsesvejen 147,9400,Nørresundby,01/01 - 1989,,25
35954716,Salling Group A/S,NETTO,Tranehavevej 1,2450,København SV,12/09 - 1991,,29
35954716,Salling Group A/S,NETTO,Odinsvej 3,4640,Faxe,01/01 - 1987,,29
35954716,Salling Group A/S,NETTO,"Kirkegårdsvej 6, st",2300,København S,31/05 - 1990,,38
35954716,Salling Group A/S,NETTO,Nygårds Plads 21,2605,Brøndby,01/01 - 1987,,45
35954716,Salling Group A/S,NETTO,Vedbæk Stationsvej 5,2950,Vedbæk,01/01 - 1992,,20
35954716,Salling Group A/S,NETTO,Nygårdsvej 32,2100,København Ø,01/01 - 1993,,32
35954716,Salling Group A/S,NETTO,Østergade 3,6400,Sønderborg,01/01 - 1988,,36
35954716,Salling Group A/S,Netto Åbyhøj,Silkeborgvej 246,8230,Åbyhøj,01/01 - 1989,,24
35954716,Salling Group A/S,NETTO,Hvedevej 2,8920,Randers NV,26/09 - 1991,,27
35954716,Salling Group A/S,NETTO,Backersvej 19,2300,København S,01/01 - 1992,,16
35954716,Salling Group A/S,Føtex Food Strandvejen,Strandvejen 193,2900,Hellerup,01/01 - 1988,,29
35954716,Salling Group A/S,NETTO,Nørregade 35,3300,Frederiksværk,01/01 - 1987,,39
35954716,Salling Group A/S,NETTO,Jerismosevej 8,2670,Greve,01/01 - 1992,,25
35954716,Salling Group A/S,NETTO,Tømmergade 5,4900,Nakskov,01/01 - 1987,,29
35954716,Salling Group A/S,NETTO,Ørstedsgade 12,5900,Rudkøbing,01/01 - 1989,,20
35954716,Salling Group A/S,NETTO,Hovedgaden 417,2640,Hedehusene,01/01 - 1989,,52
35954716,Salling Group A/S,NETTO,Lollands Centret 22,4930,Maribo,01/01 - 1987,,30
35954716,Salling Group A/S,NETTO,Lilli Gyldenkildes Torv 20,8700,Horsens,01/01 - 1989,,33
35954716,Salling Group A/S,NETTO,Kampmannsgade 1,1604,København V,01/02 - 1990,,28
35954716,Salling Group A/S,NETTO,Brøndby Strand Centrum 15,2660,Brøndby Strand,16/07 - 1990,,26
35954716,Salling Group A/S,NETTO,Nørrebrogade 170,2200,København N,01/01 - 1989,,31
35954716,Salling Group A/S,NETTO,Eremitageparken 353,2800,Kgs.Lyngby,12/09 - 1991,,32
35954716,Salling Group A/S,NETTO,Nørrekær 1B,2610,Rødovre,01/01 - 1987,,30
35954716,Salling Group A/S,NETTO,Akacietorvet 1,3520,Farum,01/01 - 1988,,31
35954716,Salling Group A/S,NETTO,Jernbanepladsen 11,2800,Kongens Lyngby,01/01 - 1993,,28
35954716,Salling Group A/S,NETTO,Amagerbrogade 54,2300,København S,01/01 - 1987,,16
35954716,Salling Group A/S,NETTO,Smakkegårdsvej 114,2820,Gentofte,01/01 - 1994,,26
35954716,Salling Group A/S,NETTO,Hjulmagerporten 1,2650,Hvidovre,01/01 - 1988,,34
35954716,Salling Group A/S,NETTO,Hadsundvej 75,9000,Aalborg,01/01 - 1989,,30
35954716,Salling Group A/S,NETTO,Vangede Bygade 101,2820,Gentofte,01/01 - 1993,,32
35954716,Salling Group A/S,NETTO,Rantzausgade 21,2200,København N,01/01 - 1988,,14
35954716,Salling Group A/S,NETTO,Strandvejen 8,5800,Nyborg,01/01 - 1988,,27
35954716,Salling Group A/S,NETTO,Teglporten 25,3460,Birkerød,01/01 - 1987,,20
35954716,Salling Group A/S,NETTO,"Egedal Centret 93, st",3660,Stenløse,01/01 - 1987,,41
35954716,Salling Group A/S,NETTO,Dalstrøget 133,2870,Dyssegård,01/01 - 1987,,22
35954716,Salling Group A/S,NETTO NÆSTVED,Østre Ringvej 59,4700,Næstved,01/01 - 1987,,28
35954716,Salling Group A/S,NETTO,Nordre Frihavnsgade 70,2100,København Ø,01/01 - 1994,,36
35954716,Salling Group A/S,Netto Kornmarksvej,Kornmarksvej 27,2605,Brøndby,01/08 - 1991,,38
35954716,Salling Group A/S,NETTO,Silkeborgvej 82B,7400,Herning,11/07 - 1991,,31
35954716,Salling Group A/S,NETTO,Hvidovrevej 436,2650,Hvidovre,01/01 - 1993,,24
35954716,Salling Group A/S,NETTO,Munkholmvej 141,4300,Holbæk,01/01 - 1993,,28
35954716,Salling Group A/S,NETTO,Fuglebakken 2,4100,Ringsted,01/01 - 1987,,28
35954716,Salling Group A/S,NETTO,Ny Erlevvej 17-19,6100,Haderslev,12/07 - 1990,,23
35954716,Salling Group A/S,NETTO,Østergade 24,9700,Brønderslev,01/01 - 1990,,19
35954716,Salling Group A/S,NETTO,Toldbodvej 19,4600,Køge,01/01 - 1993,,41
35954716,Salling Group A/S,NETTO,Jernbane Allé 54,2720,Vanløse,01/01 - 1993,,22
35954716,Salling Group A/S,NETTO,Landemærket 11,1119,København K,01/01 - 1994,,19
35954716,Salling Group A/S,NETTO,Danmarksgade 41,9000,Aalborg,01/01 - 1990,,28
35954716,Salling Group A/S,NETTO,Ndr.Ringgade 65,4200,Slagelse,01/01 - 1992,,38
35954716,Salling Group A/S,NETTO,Viborgvej 102B,8920,Randers NV,01/01 - 1994,,27
35954716,Salling Group A/S,NETTO,Nygade 16-18,3600,Frederikssund,01/01 - 1987,,26
35954716,Salling Group A/S,NETTO,Rundhøjtorvet 5,8270,Højbjerg,01/01 - 1994,,49
35954716,Salling Group A/S,NETTO,Smedelundsgade 21,4300,Holbæk,01/01 - 1987,,39
35954716,Salling Group A/S,NETTO,Skarridsøgade 2,4450,Jyderup,01/01 - 1987,,17
35954716,Salling Group A/S,NETTO TOLDBODGADE NÆSTVED,Toldbodgade 17,4700,Næstved,01/01 - 1987,,26
35954716,Salling Group A/S,NETTO,Niels Olsens Vej 2A,3650,Ølstykke,01/01 - 1989,,31
35954716,Salling Group A/S,NETTO,Sydfrontvej 2,2860,Søborg,01/01 - 1992,,26
35954716,Salling Group A/S,Føtex Food Bernikows gade,Kristen Bernikows Gade 2,1105,København K,01/01 - 1992,,22
35954716,Salling Group A/S,DØGNNETTO A/S,Østerbrogade 238,2100,København Ø,01/01 - 1987,,16
35954716,Salling Group A/S,NETTO,Østergade 18B,3200,Helsinge,01/01 - 1987,,34
35954716,Salling Group A/S,NETTO,Nørremarksvej 2,6760,Ribe,01/01 - 1990,,23
35954716,Salling Group A/S,NETTO,Ålekistevej 168,2720,Vanløse,01/01 - 1987,,17
35954716,Salling Group A/S,Netto Asnæs,Asnæs Centret 25,4550,Asnæs,01/01 - 1987,,31
35954716,Salling Group A/S,NETTO,Benediktsgade 30,5000,Odense C,01/01 - 1988,,57
35954716,Salling Group A/S,NETTO,Vestergade 25,8700,Horsens,01/01 - 1994,,27
35954716,Salling Group A/S,NETTO,Blegdamsvej 124,2100,København Ø,01/01 - 1987,,25
35954716,Salling Group A/S,FØTEX IKAST CENTRET,Rådhusstrædet 2,7430,Ikast,01/01 - 1992,,99
35954716,Salling Group A/S,NETTO Tåstrup St. Center,Selsmosevej 2,2630,Taastrup,01/05 - 1994,,35
35954716,Salling Group A/S,NETTO HELLERUP,Rymarksvej 73,2900,Hellerup,01/01 - 1983,,21
35954716,Salling Group A/S,NETTO,Sorgenfri Torv 29,2830,Virum,01/02 - 1992,,58
35954716,Salling Group A/S,Netto Ballerup,"Hedeparken 1, 1. a.",2750,Ballerup,01/11 - 1986,,26
35954716,Salling Group A/S,NETTO,Kjærsvej 68,4220,Korsør,01/01 - 1992,,25
35954716,Salling Group A/S,Føtex,Borupvang 2,2750,Ballerup,01/01 - 1986,,182
35954716,Salling Group A/S,NETTO,Hillerødsholmsalle 6,3400,Hillerød,01/01 - 1983,,31
35954716,Salling Group A/S,NETTO,Frederikssundsvej 137,2700,Brønshøj,01/01 - 1992,,18
35954716,Salling Group A/S,NETTO,Duevej 1,2970,Hørsholm,01/01 - 1984,,39
35954716,Salling Group A/S,NETTO Holmegårds Centret,Højengen 3,2980,Kokkedal,15/10 - 1992,,35
35954716,Salling Group A/S,Føtex,Reberbanegade 3,2300,København S,22/11 - 1976,,133
35954716,Salling Group A/S,Netto,Hollænderdybet 3,2300,København S,22/11 - 1976,,44
35954716,Salling Group A/S,NETTO,Alsvej 2,2970,Hørsholm,22/11 - 1976,,21
35954716,Salling Group A/S,NETTO,Tagensvej 47,2200,København N,22/11 - 1976,,31
35954716,Salling Group A/S,DANSK SUPERMARKED INDKØB A/S,Axel Gruhns Vej 7,8270,Højbjerg,01/01 - 1983,,242
35954716,Salling Group A/S,FØTEX,Adelgade 39,9500,Hobro,01/01 - 1987,,82
35954716,Salling Group A/S,FØTEX VIBY CENTRET,Viby Ringvej 10,8260,Viby J,01/01 - 1987,,154
35954716,Salling Group A/S,FØTEX,Østergade 43-53,9700,Brønderslev,01/01 - 1987,,113
35954716,Salling Group A/S,FØTEX,Søndergade 19,7800,Skive,01/01 - 1990,,110
35954716,Salling Group A/S,FØTEX,Rådhus Alle 83,9900,Frederikshavn,01/01 - 1987,,145
35954716,Salling Group A/S,FØTEX,Prinsessegade 45-49,7000,Fredericia,01/01 - 1987,,103
35954716,Salling Group A/S,FØTEX,Kronprinsensgade 1,6700,Esbjerg,18/02 - 2016,,111
35954716,Salling Group A/S,NETTO,Levysgade 2,8700,Horsens,01/01 - 1987,,28
35954716,Salling Group A/S,FØTEX,Slotsgade 10,9000,Aalborg,01/01 - 1987,,144
35954716,Salling Group A/S,FØTEX,Torvet 4,8600,Silkeborg,01/01 - 1987,,130
35954716,Salling Group A/S,FØTEX,Gravene 39,8800,Viborg,01/01 - 1988,,130
35954716,Salling Group A/S,FØTEX,Brobjerg Parkvej 2-8,8250,Egå,01/01 - 1987,,109
35954716,Salling Group A/S,BILKA,Grundtvigs Alle 195,6400,Sønderborg,01/01 - 1989,,320
35954716,Salling Group A/S,BILKA,Nyholmvej 20,7500,Holstebro,01/01 - 1992,,384
35954716,Salling Group A/S,FØTEX,Nordmarks Alle 10,2620,Albertslund,01/01 - 1989,,141
35954716,Salling Group A/S,BILKA,Over Bølgen 1,2670,Greve,01/01 - 1987,,590
35954716,Salling Group A/S,FØTEX,Frederiks Allé 22-24,8000,Aarhus C,01/01 - 1987,,79
35954716,Salling Group A/S,FØTEX,Nordre Fasanvej 25,2000,Frederiksberg,01/01 - 1987,,122
35954716,Salling Group A/S,FØTEX STORCENTER NORD,Finlandsgade 17,8200,Aarhus N,20/08 - 1991,,174
35954716,Salling Group A/S,FØTEX,Nørregade 23,7100,Vejle,01/01 - 1987,,116
35954716,Salling Group A/S,FØTEX,Vesterbro 39-51,5000,Odense C,01/01 - 1987,,150
35954716,Salling Group A/S,FØTEX SUPERMARKED,Mimersgade 124,2200,København N,01/01 - 1994,,161
35954716,Salling Group A/S,FØTEX,Dytmærsken 14,8900,Randers C,01/01 - 1992,,104
35954716,Salling Group A/S,BILKA LAVPRISVAREHUS,Stormgade 157,6715,Esbjerg N,01/01 - 1994,,379
35954716,Salling Group A/S,FØTEX,Bankagervej 111,8700,Horsens,01/01 - 1987,,161
35954716,Salling Group A/S,CENTERFORENINGEN STOR CENTER NORD,Finlandsgade 17,8200,Aarhus N,01/01 - 1991,,19
35954716,Salling Group A/S,BILKA,Solkilde Alle 2,7100,Vejle,01/01 - 1993,,617
35954716,Salling Group A/S,FØTEX,Guldsmedgade 3-9,8000,Aarhus C,01/01 - 1987,,105
35954716,Salling Group A/S,FØTEX,Nygårdsvej 95,8270,Højbjerg,10/10 - 1990,,137
35954716,Salling Group A/S,FØTEX,Madevej 39,6200,Aabenraa,16/05 - 1990,,108
35954716,Salling Group A/S,FØTEX,"Lyngby Storcenter 1, st. 91.",2800,Kgs. Lyngby,01/01 - 1987,,144
35954716,Salling Group A/S,FØTEX,Baltorpvej 2,2750,Ballerup,01/01 - 1987,,147
35954716,Salling Group A/S,FØTEX,Bredgade 42,4400,Kalundborg,01/01 - 1987,,99
35954716,Salling Group A/S,FØTEX,Bispetorv 40,9800,Hjørring,01/01 - 1987,,170
35954716,Salling Group A/S,FØTEX,Guldborgsundcentret 23,4800,Nykøbing F,12/09 - 1990,,192
35954716,Salling Group A/S,FØTEX,Venusvej 8,7000,Fredericia,01/01 - 1987,,157
35954716,Salling Group A/S,BILKA IMPORTLAGER A/S,Graham Bells Vej 22,8200,Aarhus N,01/01 - 1987,,47
35954716,Salling Group A/S,BILKA,Næstved Storcenter 1,4700,Næstved,01/01 - 1989,,464
35954716,Salling Group A/S,BILKA,Hobrovej 450,9200,Aalborg SV,01/01 - 1987,,769
35954716,Salling Group A/S,BILKA,Holstebrovej 79,8800,Viborg,01/01 - 1991,,374
35954716,Salling Group A/S,BILKA,Niels Bohrs Allé 150,5230,Odense M,01/01 - 1987,,677
35954716,Salling Group A/S,FØTEX,Vesterbrogade 74,1620,København V,01/01 - 1987,,169
35954716,Salling Group A/S,FØTEX,Skelagervej 1-9,8200,Aarhus N,01/01 - 1988,,117
35954716,Salling Group A/S,BILKA,Ishøj Lille Torv 1,2635,Ishøj,01/01 - 1987,,339
35954716,Salling Group A/S,A - Z,A F Heidemanns Vej 20,9800,Hjørring,01/01 - 1991,,147
35954716,Salling Group A/S,BILKA,Skovvangen 42,6000,Kolding,01/01 - 1993,,474
35954716,Salling Group A/S,FØTEX SUPERMARKED,Frederikssundsvej 284,2700,Brønshøj,01/01 - 1994,,172
35954716,Salling Group A/S,FØTEX SØNDERBORG,"Kastanie Alle 3, 1. 1.",6400,Sønderborg,09/03 - 1991,,112
35954716,Salling Group A/S,FØTEX,Mariagervej 175,8920,Randers NV,01/01 - 1989,,147
35954716,Salling Group A/S,FØTEX,Bredgade 43,7400,Herning,01/01 - 1987,,130
35954716,Salling Group A/S,BILKA LAVPRISVAREHUS,Agerøvej 7,8381,Tilst,01/01 - 1987,,791
35954716,Salling Group A/S,FØTEX,Møllergade 92,5700,Svendborg,01/01 - 1987,,132
35954716,Salling Group A/S,FØTEX,Middelfartvej 125,5200,Odense V,01/01 - 1987,,166
35954716,Salling Group A/S,NETTO,Gadehavegårdsvej 6,2630,Taastrup,01/01 - 1987,,35
35954716,Salling Group A/S,FØTEX,Nørrevænget 47A,8600,Silkeborg,01/01 - 1987,,200
35954716,Salling Group A/S,FØTEX,Kløvervej 10,5500,Middelfart,01/01 - 1987,,98
35954716,Salling Group A/S,FØTEX,M.P. Bruuns Gade 55,8000,Aarhus C,01/01 - 1987,,109
35954716,Salling Group A/S,FØTEX,Helligkorsgade 4-6,6000,Kolding,01/01 - 1987,,105
35954716,Salling Group A/S,BILKA LAVPRISVAREHUS A/S,Idagårdsvej 1,4200,Slagelse,01/01 - 1988,,379
35954716,Salling Group A/S,FØTEX,"Glostrup Shoppingcenter 50, st",2600,Glostrup,27/12 - 1994,,121
35954716,Salling Group A/S,NETTO,Møllehegnet 4,3630,Jægerspris,29/06 - 1995,,31
35954716,Salling Group A/S,NETTO,Kettevej 7,2650,Hvidovre,28/03 - 1996,,31
35954716,Salling Group A/S,FØTEX,Strandgade 20,7100,Vejle,29/11 - 1995,,157
35954716,Salling Group A/S,NETTO,Vissevej 1,9210,Aalborg SØ,29/02 - 1996,,29
35954716,Salling Group A/S,NETTO,Erritsø Bygade 113,7000,Fredericia,02/11 - 1995,,31
35954716,Salling Group A/S,Salling Group Academy - Bøgehøj,Østeralle 56,8400,Ebeltoft,01/11 - 1995,,25
35954716,Salling Group A/S,NETTO,Fiolstræde 5A,1171,København K,01/01 - 1996,,20
35954716,Salling Group A/S,NETTO,Amagerbrogade 239,2300,København S,30/11 - 1995,,35
35954716,Salling Group A/S,NETTO,Jyllingecentret 1B,4040,Jyllinge,02/04 - 1996,,28
35954716,Salling Group A/S,FØTEX,Vestergade 32,5800,Nyborg,27/03 - 1996,,109
35954716,Salling Group A/S,NETTO,Nyborgvej 200A,5220,Odense SØ,24/10 - 1995,,37
35954716,Salling Group A/S,NETTO,"Jernbane Allé 36, st. 1.",2720,Vanløse,01/10 - 1995,,46
15731249,SAXO BANK A/S,Saxo Bank A/S,Tuborg Havnevej 4-8,2900,Hellerup,08/01 - 2008,19/03 - 2009,
15731249,SAXO BANK A/S,Saxo Bank A/S,Philip Heymans Alle 15,2900,Hellerup,04/09 - 2008,04/09 - 2008,
15731249,SAXO BANK A/S,Saxo Bank A/S,Tuborg Havnevej 18,2900,Hellerup,21/02 - 2007,19/03 - 2009,10-19
15731249,SAXO BANK A/S,Saxo Bank A/S,Tuborg Havnevej 19,2900,Hellerup,21/02 - 2007,19/03 - 2009,10-19
15731249,SAXO BANK A/S,SAXO BANK A/S,Philip Heymans Alle 15,2900,Hellerup,01/04 - 1992,,958
44148978,SiccaDania Holding ApS,SiccaDania Holding ApS,Pilehøj 9,3460,Birkerød,29/06 - 2023,,4
