CompanyVat,CompanyName,UnitName,UnitAddress,UnitZipcode,UnitCity,UnitStartdate,UnitEnddate,UnitEmployees
15232102,15.JUNI FONDEN,15.JUNI FONDEN,Arboretvej 2,2970,Hørsholm,15/06 - 1991,,7
29190658,Region Sjælland,Bo og naboskab Sydlolland - Café Solstrålen,K. H. Kofoedsvej 19,4970,Rødby,16/02 - 2010,23/02 - 2010,
29190658,Region Sjælland,Psykiatrien - Afdelingen for Regionsfunktioner - Roskilde - Geronto/Trauma,Toftebakken 1A,4000,Roskilde,16/02 - 2010,23/02 - 2010,
29190658,Region Sjælland,Tandklinikken - Næstved,Ringstedgade 61,4700,Næstved,17/07 - 2008,27/05 - 2009,
29190658,Region Sjælland,29190658,Ny Østergade 12,4000,Roskilde,14/05 - 2007,04/12 - 2007,
29190658,Region Sjælland,Psykiatrien - Afdelingen for Regionsfunktioner - Roskilde - Geronto/Trauma,Toftebakken 1A,4000,Roskilde,16/02 - 2010,23/02 - 2010,
29190658,Region Sjælland,Psykiatrien - Vest - V2 - DP Sorø,"Slagelsevej 5, 1",4180,Sorø,09/05 - 2012,31/12 - 2014,
29190658,Region Sjælland,Primær Sundhed - Dyrlægevæsen på Askø,Rødbyvej 6,4930,Maribo,09/05 - 2012,31/12 - 2014,
29190658,Region Sjælland,Regional udvikling - MR & Undersøgelser,Alleen 15,4180,Sorø,01/11 - 2018,01/11 - 2018,
29190658,Region Sjælland,Tandklinikken - Slagelse,Æblehaven 2,4200,Slagelse,28/05 - 2009,28/05 - 2009,
29190658,Region Sjælland,Region Sjælland,Alleen 15,4180,Sorø,01/01 - 2007,31/01 - 2007,
29190658,Region Sjælland,Synscenter Refsnæs - Stausgård,Kystvejen 112K,4400,Kalundborg,16/02 - 2010,23/02 - 2010,
29190658,Region Sjælland,Synscenter Refsnæs - Teknisk afdeling,Kystvejen 112E,4400,Kalundborg,16/02 - 2010,23/02 - 2010,
29190658,Region Sjælland,Regionsklinikken Sejerø,Mastrupvej 16,4592,Sejerø,01/05 - 2014,31/12 - 2014,
29190658,Region Sjælland,Psykiatrien - Børne- og ungdomspsykiatrisk afd. - BU Holbæk - Amb. Birkevænget,Birkevænget 3,4300,Holbæk,16/02 - 2010,23/02 - 2010,
29190658,Region Sjælland,Bo og naboskab Sydlolland - Gartnergården,Havnegade 71,4970,Rødby,16/02 - 2010,23/02 - 2010,
29190658,Region Sjælland,Platangårdens Ungdomscenter - Støttebeboer Næstved - Glentevej,Glentevej 1,4700,Næstved,16/02 - 2010,23/02 - 2010,
29190658,Region Sjælland,Regionshuset - IT-enheden - Helpdesk/support,Nørregade 54G,4100,Ringsted,16/02 - 2010,23/02 - 2010,
29190658,Region Sjælland,Psykiatri Uddannelse Udvikling forskning,Færgegaardsvej 15,4760,Vordingborg,01/01 - 2003,10/12 - 2007,
29190658,Region Sjælland,Koncernservice - Internservice - Køge (Sygehusvej),Sygehusvej 25,4600,Køge,16/07 - 2013,31/12 - 2014,
29190658,Region Sjælland,Platangårdens Ungdomscenter - Støttebeboer Næstved - Glentevej,Glentevej 1,4700,Næstved,16/02 - 2010,23/02 - 2010,
29190658,Region Sjælland,Psykiatrien - Retspsykiatrisk Afdeling Nykøbing Sj. - Afsnit P1/P2,Annebergparken 49,4500,Nykøbing Sj,16/02 - 2010,23/02 - 2010,
29190658,Region Sjælland,Synscenter Refsnæs - Teknisk afdeling,Kystvejen 112E,4400,Kalundborg,18/02 - 2010,23/02 - 2010,
29190658,Region Sjælland,Koncernservice - Køkken - Kantinen - Køge - USK,Lykkebækvej 2,4600,Køge,01/11 - 2014,01/11 - 2014,
29190658,Region Sjælland,Synscenter Refsnæs - Stausgård,Kystvejen 112K,4400,Kalundborg,16/02 - 2010,23/02 - 2010,
29190658,Region Sjælland,Platangårdens Ungdomscenter - Støttebeboer Vordingborg,Haminavej 3,4760,Vordingborg,16/02 - 2010,23/02 - 2010,
29190658,Region Sjælland,Psykiatrien - Børne- og ungdomspsykiatrisk afd. - BU Holbæk - Amb. for spiseforstyrrelser,Birkevænget 1,4300,Holbæk,16/02 - 2010,23/02 - 2010,
29190658,Region Sjælland,Bo og naboskab Sydlolland - Café Solstrålen,K. H. Kofoedsvej 19,4970,Rødby,16/02 - 2010,23/02 - 2010,
29190658,Region Sjælland,Synscenter Refsnæs - Teknisk afdeling,Kystvejen 112E,4400,Kalundborg,16/02 - 2010,23/02 - 2010,
29190658,Region Sjælland,Psykiatrien - Retspsykiatrisk Afdeling Nykøbing Sj. - Kompetencecenter,Kastanievej 10,4200,Slagelse,22/02 - 2010,23/02 - 2010,
29190658,Region Sjælland,Synscenter Refsnæs - Stausgård,Kystvejen 112K,4400,Kalundborg,18/02 - 2010,23/02 - 2010,
29190658,Region Sjælland,Platangårdens Ungdomscenter - Støttebeboer Næstved Kornbakken,Kornbakken 23,4700,Næstved,16/02 - 2010,23/02 - 2010,
29190658,Region Sjælland,Social- og Sundhedsskolen - Ringsted,Bøllingsvej 30,4100,Ringsted,12/12 - 2007,17/07 - 2008,
29190658,Region Sjælland,Platangården - særforanstaltning,Havrevænget 9,4700,Næstved,01/03 - 2015,31/12 - 2015,
29190658,Region Sjælland,Kofoedsminde - Højvang,K. H. Kofoedsvej 21,4970,Rødby,01/12 - 2015,31/12 - 2015,
29190658,Region Sjælland,Bo og naboskab Sydlolland - Gartnergården,Havnegade 71,4970,Rødby,16/02 - 2010,23/02 - 2010,
29190658,Region Sjælland,Platangården - Svingelsvej,Svingelsvej 12,4900,Nakskov,26/11 - 2013,31/05 - 2016,
29190658,Region Sjælland,Platangården - Havrevænget,Havrevænget 9,4700,Næstved,01/01 - 2015,31/05 - 2016,
29190658,Region Sjælland,Psykiatrien - Afdelingen for Regionsfunktioner - Roskilde - Geronto/Trauma,Toftebakken 1A,4000,Roskilde,16/02 - 2010,23/02 - 2010,
29190658,Region Sjælland,Platangården - Præstegårdsvej,Præstegårdsvej 12,4760,Vordingborg,26/11 - 2013,09/12 - 2013,
29190658,Region Sjælland,Platangården - Hoskiærsvej Særforanstaltning,Hoskiærsvej 1,4900,Nakskov,26/11 - 2013,09/12 - 2013,
29190658,Region Sjælland,Platangården - Præstegårdsvej (10-14),Præstegårdsvej 10,4760,Vordingborg,26/11 - 2013,09/12 - 2013,
29190658,Region Sjælland,Platangården - Figenvej Særforanstaltning,Figenvej 40C,4700,Næstved,26/11 - 2013,10/12 - 2013,
29190658,Region Sjælland,Bakkegården - Trekanten Særforanstaltning,Rørvigvej 263,4500,Nykøbing Sj,26/11 - 2013,09/12 - 2013,
29190658,Region Sjælland,Bakkegården - Svinget,Østerlyngvej 112,4500,Nykøbing Sj,26/11 - 2013,09/12 - 2013,
29190658,Region Sjælland,Platangården - Møllevej Særforanstaltning,"Møllevej 7, 1. th.",4872,Idestrup,26/11 - 2013,09/12 - 2013,
29190658,Region Sjælland,Else Hus - Bispegården,Bispegårdsvej 5,4320,Lejre,26/11 - 2013,09/12 - 2013,
29190658,Region Sjælland,Himmelev - Linalyst Særforanstaltning,Bispegårdsvej 14,4320,Lejre,26/11 - 2013,10/12 - 2013,
29190658,Region Sjælland,Marjatta - Gartneriet Vidarslund,Vindbyholtvej 6,4640,Faxe,26/11 - 2013,09/12 - 2013,
29190658,Region Sjælland,Psykiatrien - St. Heddinge - Nørregade,Nørregade 17,4660,Store Heddinge,09/05 - 2012,21/10 - 2016,
29190658,Region Sjælland,Synscenter Refsnæs - Teknisk afdeling,Kystvejen 112E,4400,Kalundborg,16/02 - 2010,23/02 - 2010,
29190658,Region Sjælland,Psykiatrien - Børne- og ungdomspsykiatrisk afd. - BU Holbæk - Amb. Birkevænget,Birkevænget 3,4300,Holbæk,16/02 - 2010,23/02 - 2010,
29190658,Region Sjælland,Synscenter Refsnæs - Vest,Kystvejen 112F,4400,Kalundborg,16/02 - 2010,23/02 - 2010,
29190658,Region Sjælland,Regionshuset - Sejerø - Mastrupvej,Mastrupvej 16,4592,Sejerø,01/07 - 2016,16/11 - 2016,
29190658,Region Sjælland,Psykiatrihuset,Nørregade 54,4100,Ringsted,01/01 - 2007,10/12 - 2007,
29190658,Region Sjælland,Koncernservice - Intern service - Greve,Rådhusholmen 5,2670,Greve,16/07 - 2013,31/01 - 2017,
29190658,Region Sjælland,Koncernservice - Lager og logistik - Nykøbing Sj.,Sygehusvej 5,4500,Nykøbing Sj,01/01 - 2015,31/01 - 2017,
29190658,Region Sjælland,Synscenter Refsnæs - Stausgård,Kystvejen 112K,4400,Kalundborg,16/02 - 2010,23/02 - 2010,
29190658,Region Sjælland,Bo og naboskab Sydlolland - Café Solstrålen,K. H. Kofoedsvej 19,4970,Rødby,16/02 - 2010,23/02 - 2010,
29190658,Region Sjælland,Synscenter Refsnæs - Vest,Kystvejen 112F,4400,Kalundborg,16/02 - 2010,23/02 - 2010,
29190658,Region Sjælland,Regionshuset - IT-enheden - Helpdesk/support,Nørregade 54G,4100,Ringsted,16/02 - 2010,23/02 - 2010,
29190658,Region Sjælland,Synscenter Refsnæs - Vest,Kystvejen 112F,4400,Kalundborg,16/02 - 2010,23/02 - 2010,
29190658,Region Sjælland,Platangårdens Ungdomscenter - Støttebeboer Vordingborg,Haminavej 3,4760,Vordingborg,16/02 - 2010,23/02 - 2010,
29190658,Region Sjælland,Psykiatrien - Afdelingen for Regionsfunktioner - Roskilde - Geronto/Trauma,Toftebakken 1A,4000,Roskilde,18/02 - 2010,23/02 - 2010,
29190658,Region Sjælland,Synscenter Refsnæs - Vest,Kystvejen 112F,4400,Kalundborg,18/02 - 2010,23/02 - 2010,
29190658,Region Sjælland,Psykiatrien - Børn og Unge Center Næstved - Ambulatorium Nykøbing F.,Ejegodvej 61,4800,Nykøbing F,11/12 - 2007,08/02 - 2010,
29190658,Region Sjælland,Glim Refugium,Gammelgårdsvej 1A,4000,Roskilde,20/03 - 2013,20/03 - 2013,
29190658,Region Sjælland,Psykiatrien - BU - Klinik for spiseforstyrrelser Holbæk,Birkevænget 1,4300,Holbæk,16/02 - 2010,17/04 - 2013,0
29190658,Region Sjælland,Kofoedsminde - Lindsgade 2,Lindsgade 2,4970,Rødby,18/07 - 2011,14/08 - 2012,5-9
29190658,Region Sjælland,Bo og naboskab Sydlolland - Specialtilbud A,K. H. Kofoedsvej 14,4970,Rødby,17/12 - 2007,31/12 - 2015,0
29190658,Region Sjælland,Center for Sundhedsinformatik og Ledelsesinformation,Ringstedgade 61,4700,Næstved,01/01 - 2003,04/12 - 2007,0
29190658,Region Sjælland,Psykiatrien - Øst - DP Roskilde,"Havnevej 7, 1",4000,Roskilde,11/12 - 2007,31/12 - 2015,0
29190658,Region Sjælland,Synscenter Refsnæs - Stausgård,Kystvejen 112K,4400,Kalundborg,18/02 - 2010,31/12 - 2014,0
29190658,Region Sjælland,Psykiatrien - Vest - Affektiv klinik/DP Holbæk/Psykiatrisk klinik Holbæk/V4,Birkevænget 7,4300,Holbæk,01/01 - 2008,31/12 - 2015,0
29190658,Region Sjælland,Bo og naboskab Sydlolland - Café Solstrålen,K. H. Kofoedsvej 19,4970,Rødby,16/02 - 2010,31/12 - 2015,0
29190658,Region Sjælland,Psykiatrien - Fælles - Psykiatrisk Forskningsenhed,Toftebakken 9,4000,Roskilde,09/05 - 2012,31/12 - 2015,1
29190658,Region Sjælland,Kofoedsminde - Højvang,K. H. Kofoedsvej 21,4970,Rødby,26/11 - 2015,31/12 - 2015,0
29190658,Region Sjælland,Kofoedsminde - Steffensmindevej,Steffensmindevej 3B,4840,Nørre Alslev,01/01 - 2003,31/12 - 2015,5-9
29190658,Region Sjælland,Psykiatrien - Distrikt Børn & Unge Roskilde,Smedegade 12,4000,Roskilde,11/12 - 2007,08/02 - 2010,20-49
29190658,Region Sjælland,Himmelev Behandlingshjem - Oasen,Fjordvænget 2,4000,Roskilde,17/12 - 2007,19/03 - 2013,0
29190658,Region Sjælland,Psykiatrien - Fælles - Bibliotek PNS,Annebergparken 26,4500,Nykøbing Sj,18/07 - 2008,14/08 - 2012,2-4
29190658,Region Sjælland,Regionshuset - Nykøbing F. - Ejegodvej,"Ejegodvej 39, st. tv.",4800,Nykøbing F,09/05 - 2012,30/09 - 2016,1
29190658,Region Sjælland,Psykiatrisk Center,Kolonivej 15,4293,Dianalund,01/01 - 2008,29/06 - 2008,2-4
29190658,Region Sjælland,Platangårdens Ungdomscenter - Støttebeboer Vordingborg,Haminavej 3,4760,Vordingborg,16/02 - 2010,14/08 - 2012,0
29190658,Region Sjælland,Bygninger og Service - Korsør Sygehus - Rengøring,Quistgaardsvej 2,4220,Korsør,11/12 - 2007,31/12 - 2010,100-199
29190658,Region Sjælland,Sygehusapoteket - Holbæk,Gl Ringstedvej 4A,4300,Holbæk,12/12 - 2007,25/11 - 2015,0
29190658,Region Sjælland,Social- og Sundhedsskolen - Holbæk,Gl Ringstedvej 4C,4300,Holbæk,12/12 - 2007,17/07 - 2008,0
29190658,Region Sjælland,Kofoedsminde - Viso,K. H. Kofoedsvej 23,4970,Rødby,17/12 - 2007,14/08 - 2012,0
29190658,Region Sjælland,Synscenter Refsnæs - Birkehuset og Boområde 2,Kystvejen 112I,4400,Kalundborg,16/02 - 2010,31/12 - 2014,0
29190658,Region Sjælland,Sygehus Syd - Korsør Sygehus,Quistgaardsvej 2,4220,Korsør,18/03 - 2010,13/05 - 2012,0
29190658,Region Sjælland,Bo og naboskab Sydlolland - Tilkaldevikarer,Lindsgade 5,4970,Rødby,17/12 - 2007,08/02 - 2010,2-4
29190658,Region Sjælland,Synscenter Refsnæs - Vest,Kystvejen 112F,4400,Kalundborg,18/02 - 2010,31/12 - 2014,0
29190658,Region Sjælland,Platangårdens Ungdomscenter - Støttebeboer Næstved Glentevej,Glentevej 1,4700,Næstved,16/02 - 2010,14/08 - 2012,0
29190658,Region Sjælland,Synscenter Refsnæs - Ambulatorium/Fysioterapien,Kystvejen 112G,4400,Kalundborg,16/02 - 2010,31/12 - 2014,0
29190658,Region Sjælland,Psykiatrien - BU - Ungdomspsykiatrisk klinik Holbæk,Rosenvænget 15B,4300,Holbæk,10/02 - 2010,10/09 - 2012,0
29190658,Region Sjælland,Psykiatrien - Fælles - Psyk Info - Næstved,Ringstedgade 73,4700,Næstved,17/07 - 2009,30/04 - 2012,0
29190658,Region Sjælland,Psykiatrien - BU - Klinik for spiseforstyrrelser,Toftebakken 10,4000,Roskilde,10/09 - 2013,31/12 - 2015,0
29190658,Region Sjælland,Psykiatrien Dianalund,Dr Sells Vej 35,4293,Dianalund,01/01 - 1997,16/12 - 2007,100-199
29190658,Region Sjælland,Psykiatrien - Fælles - Fritidscenter PNS,Annebergparken 33,4500,Nykøbing Sj,18/07 - 2008,09/02 - 2014,0
29190658,Region Sjælland,Social- og Sundhedsskolen - Nykøbing F.,"Fejøgade 1, 3",4800,Nykøbing F,12/12 - 2007,17/07 - 2008,1
29190658,Region Sjælland,Bo og naboskab Sydlolland - Strandagervej,Strandagervej 102,4970,Rødby,25/04 - 2012,31/12 - 2014,0
29190658,Region Sjælland,Bo og naboskab Sydlolland - Alléhuset,K. H. Kofoedsvej 32,4970,Rødby,01/01 - 1993,08/02 - 2010,5-9
29190658,Region Sjælland,Psykiatrien - Børne- og ungdomspsykiatrisk afd. - BU Holbæk - Amb. Gendarmergården,"Smedelundsgade 22E, 1",4300,Holbæk,16/02 - 2010,26/04 - 2012,0
29190658,Region Sjælland,Kofoedsminde - Kofoedsvej 5,K. H. Kofoedsvej 5,4970,Rødby,17/12 - 2007,08/02 - 2010,5-9
29190658,Region Sjælland,Dagbehandlingscentret - Kløverhuset,Ågerupvej 41A,4000,Roskilde,17/12 - 2007,29/06 - 2010,2-4
29190658,Region Sjælland,Platangårdens Ungdomscenter - Distriktskontor Næstved,Ringstedgade 11A,4700,Næstved,22/07 - 2008,31/12 - 2014,1
29190658,Region Sjælland,Koncernservice - Lager og logistik - Ringsted,Bøllingsvej 30,4100,Ringsted,18/07 - 2013,31/01 - 2017,0
29190658,Region Sjælland,Psykiatrien - Distrikt Holbæk,Smedelundsgade 60A,4300,Holbæk,11/01 - 2011,30/04 - 2012,2-4
29190658,Region Sjælland,Koncernservice - Have og Vej - Smedelundsgade,Smedelundsgade 60,4300,Holbæk,12/12 - 2007,31/12 - 2014,0
29190658,Region Sjælland,Psykiatrien - Fælles - Psyk Info - Roskilde,"Kornerups Vænge 9, st. tv.",4000,Roskilde,17/07 - 2009,31/12 - 2014,0
29190658,Region Sjælland,Margrethehøj,Margrethehåbsvej 66,4000,Roskilde,01/01 - 1993,29/06 - 2010,20-49
29190658,Region Sjælland,Psykiatrien - Slagelse - Kastanievej,Kastanievej 10,4200,Slagelse,23/02 - 2010,31/08 - 2016,1
29190658,Region Sjælland,Psykiatrien - Vest,Fælledvej 2,4200,Slagelse,20/06 - 2013,31/12 - 2015,0
29190658,Region Sjælland,Kofoedsminde - Kofoe 5,K. H. Kofoedsvej 5,4970,Rødby,18/07 - 2011,31/12 - 2014,0
29190658,Region Sjælland,Social- og Sundhedsskolen - Dianalund,Kolonivej 5,4293,Dianalund,12/12 - 2007,17/07 - 2008,1
29190658,Region Sjælland,Bo og naboskab Sydlolland,K. H. Kofoedsvej 14,4970,Rødby,01/01 - 2003,16/12 - 2007,5-9
29190658,Region Sjælland,Psykiatrien - RETS - P4,Annebergparken 30,4500,Nykøbing Sj,16/02 - 2010,31/12 - 2015,0
29190658,Region Sjælland,Psykiatrien - BU - Afsnit U2 - Holbæk,Rosenvænget 15A,4300,Holbæk,27/04 - 2012,31/12 - 2014,0
29190658,Region Sjælland,Koglerne,Skovbrynet 1,4040,Jyllinge,01/10 - 2005,29/06 - 2010,50-99
29190658,Region Sjælland,Regionshuset - Ekstern - Roskilde (Ny Østergade 16),Ny Østergade 16,4000,Roskilde,12/12 - 2012,31/12 - 2015,0
29190658,Region Sjælland,Synscenter Refsnæs - Teknisk afdeling,Kystvejen 112E,4400,Kalundborg,18/02 - 2010,31/12 - 2014,5-9
29190658,Region Sjælland,Psykiatrien - Syd - Afsnit S3,Nørrevang 24,4990,Sakskøbing,09/05 - 2012,31/12 - 2014,5-9
29190658,Region Sjælland,Bygninger og Service - Holbæk Sygehus Vask,Smedelundsgade 60,4300,Holbæk,12/12 - 2007,13/09 - 2009,0
29190658,Region Sjælland,Kofoedsminde - Strandagervej,Strandagervej 102,4970,Rødby,17/12 - 2007,14/07 - 2011,0
29190658,Region Sjælland,Social- og Sundhedsskolen - Greve,Rådhusholmen 3,2670,Greve,12/12 - 2007,17/07 - 2008,2-4
29190658,Region Sjælland,Glim Refugium,Gammelgårdsvej 1A,4000,Roskilde,17/12 - 2007,01/05 - 2013,0
29190658,Region Sjælland,Ringsted sygehus,Nørregade 54,4100,Ringsted,06/05 - 2002,11/12 - 2007,2-4
29190658,Region Sjælland,Synscenter Refsnæs - Fjordhøj og Boområde 1,Kystvejen 112M,4400,Kalundborg,16/02 - 2010,31/12 - 2014,2-4
29190658,Region Sjælland,Platangårdens Ungdomscenter - Distriktskontor Nykøbing F.,Poul Martin Møllersvej 1B tv.,4800,Nykøbing F,22/07 - 2008,13/05 - 2012,0
29190658,Region Sjælland,Synscenter Refsnæs - Egehuset,Kystvejen 112J,4400,Kalundborg,16/02 - 2010,31/12 - 2014,0
29190658,Region Sjælland,Psykiatrien - Afd. for Specialfkt. - DP for ældre - Roskilde,Toftebakken 1A,4000,Roskilde,18/02 - 2010,30/04 - 2014,0
29190658,Region Sjælland,Himmelev Behandlingshjem - Havrekilde,Frederiksborgvej 200,4000,Roskilde,17/12 - 2007,31/12 - 2014,10-19
29190658,Region Sjælland,Koncernservice - Lager og logistik - Slagelse,Ingemannsvej 18,4200,Slagelse,18/07 - 2013,31/01 - 2017,0
29190658,Region Sjælland,Bo og naboskab Sydlolland - Højbovej 3 E-G,Højbovej 3E,4970,Rødby,17/12 - 2007,24/04 - 2012,0
29190658,Region Sjælland,Kofoedsminde - Langøvej,Langøvej 9,4900,Nakskov,17/12 - 2007,14/07 - 2011,0
29190658,Region Sjælland,Dagbehandlingscentret,"Jernbanegade 6B, 1",4000,Roskilde,17/12 - 2007,29/06 - 2010,5-9
29190658,Region Sjælland,Psykiatrien - Distrikt Slagelse,Ingemannsvej 18,4200,Slagelse,12/12 - 2007,08/02 - 2010,100-199
29190658,Region Sjælland,Bakkegården - Projekt 1,Annebergparken 34,4500,Nykøbing Sj,03/01 - 2013,03/12 - 2015,0
29190658,Region Sjælland,Sygehusapoteket - Næstved,Ringstedgade 29A,4700,Næstved,01/01 - 2001,25/11 - 2015,0
29190658,Region Sjælland,Bakkegården - Undervisning,Annebergparken 35,4500,Nykøbing Sj,03/07 - 2012,03/12 - 2015,0
29190658,Region Sjælland,Psykiatrien - Korsør - Møllebjergvej,Møllebjergvej 10,4220,Korsør,21/01 - 2011,31/08 - 2016,0
29190658,Region Sjælland,Kofoedsminde - Højvang,Højbovej 1,4970,Rødby,01/04 - 2007,31/12 - 2015,0
29190658,Region Sjælland,Koncernservice - Lager og logistik - Holbæk,Smedelundsgade 60,4300,Holbæk,18/07 - 2013,31/01 - 2017,0
29190658,Region Sjælland,Koncern Service - Køkken - Ringsted (Bøllingsvej),Bøllingsvej 30,4100,Ringsted,16/07 - 2013,31/05 - 2018,5-9
29190658,Region Sjælland,Regionshuset - Kalundborg - Nørre Allé,Nørre alle 27,4400,Kalundborg,01/01 - 2016,16/11 - 2016,0
29190658,Region Sjælland,Psykiatrien - Dianalund - Dr. Sellsvej,Dr Sells Vej 35A,4293,Dianalund,26/11 - 2007,01/08 - 2018,20-49
29190658,Region Sjælland,Koncernservice - Intern service - Nykøbing Sj.,Annebergparken 35,4500,Nykøbing Sj,12/12 - 2007,31/01 - 2017,0
29190658,Region Sjælland,Psykiatrien - Distrikt Maribo - Opsøgende psykoseteam Midt,Poul Martin Møllersvej 16,4800,Nykøbing F,11/12 - 2007,30/04 - 2012,0
29190658,Region Sjælland,Kofoedsminde - Kreativ og Butik,K. H. Kofoedsvej 25,4970,Rødby,17/12 - 2007,29/06 - 2008,1
29190658,Region Sjælland,Psykiatrien - Nykøbing Sj. - Annebergparken,Annebergparken 28C,4500,Nykøbing Sj,07/09 - 2009,31/12 - 2016,0
29190658,Region Sjælland,Psykiatrien - Roskilde - Stændertorvet,Stændertorvet 4,4000,Roskilde,16/02 - 2010,31/08 - 2016,0
29190658,Region Sjælland,Kommunikation (Næstved sygehus),Herlufsvænge 14A,4700,Næstved,17/07 - 2008,08/02 - 2010,0
29190658,Region Sjælland,Folkesundhedscenter,"Jernbanegade 43, 1. th.",4800,Nykøbing F,01/01 - 2003,10/12 - 2007,5-9
29190658,Region Sjælland,Slagelse Sygehus - dialyseafsnit,Fælledvej 1,4200,Slagelse,01/01 - 1993,31/12 - 2014,0
29190658,Region Sjælland,Bo og naboskab Sydlolland - Højbovej 5 A-H,Karlstoftevænget 11,4970,Rødby,17/12 - 2007,31/12 - 2015,5-9
29190658,Region Sjælland,Bygninger og Service - Fakse Sygehus Vask,Præstøvej 78,4640,Faxe,01/01 - 2004,08/02 - 2010,20-49
29190658,Region Sjælland,Bo og naboskab Sydlolland - Højbovej 5 A-H,Højbovej 5A,4970,Rødby,30/11 - 2015,31/12 - 2015,0
29190658,Region Sjælland,Bakkegården,Annebergparken 45,4500,Nykøbing Sj,02/09 - 2015,03/12 - 2015,0
29190658,Region Sjælland,Bo og naboskab Sydlolland - Kofoedsvej 21,K. H. Kofoedsvej 21,4970,Rødby,01/01 - 2004,30/04 - 2015,0
29190658,Region Sjælland,Psykiatrien - RETS - P5,Annebergparken 62,4500,Nykøbing Sj,01/01 - 2008,31/12 - 2015,1
29190658,Region Sjælland,Psykiatrien - Vest - DP Nykøbing Sj./Styring af den nære psykiatri,Annebergparken 44,4500,Nykøbing Sj,01/01 - 2008,31/12 - 2015,0
29190658,Region Sjælland,Bo og Naboskab Sydlolland - Bochs Allé 3,Blochs Allé 3,4970,Rødby,26/11 - 2013,31/12 - 2015,0
29190658,Region Sjælland,Psykiatrien - BU/SYD og Næstved sygehus - Neurologi,Ringstedgade 61,4700,Næstved,11/12 - 2007,31/12 - 2015,0
29190658,Region Sjælland,Bo og naboskab Sydlolland - Højbovej 7 tv.,Højbovej 7 tv.,4970,Rødby,01/01 - 1993,31/12 - 2015,0
29190658,Region Sjælland,Psykiatrien - RETS - P1/P2/P3,Annebergparken 49,4500,Nykøbing Sj,16/02 - 2010,31/12 - 2015,0
29190658,Region Sjælland,Bo og Naboskab Sydlolland - Kofoedsvej 5,K. H. Kofoedsvej 5,4970,Rødby,31/05 - 2015,31/12 - 2015,0
29190658,Region Sjælland,Regionshuset - Ekstern - Køge (Lykkebækvej 2),Lykkebækvej 2,4600,Køge,01/11 - 2014,31/12 - 2015,0
29190658,Region Sjælland,Bo og naboskab Sydlolland - Højbovej 5 I-O,Højbovej 5I,4970,Rødby,17/12 - 2007,31/12 - 2015,0
29190658,Region Sjælland,Kofoedsminde - Dragsminde,Højbovej 11,4970,Rødby,13/10 - 2011,31/12 - 2015,0
29190658,Region Sjælland,Kofoedsminde - Lindsgade 2,Lindsgade 2,4970,Rødby,03/10 - 2012,31/12 - 2015,0
29190658,Region Sjælland,Kofoedsminde,Højbovej 6,4970,Rødby,01/01 - 1993,31/12 - 2015,0
29190658,Region Sjælland,Primær sundhed - Regionsklinikken Kalundborg,Nørre Alle 27,4400,Kalundborg,01/01 - 1993,31/12 - 2015,0
29190658,Region Sjælland,Psykiatrien - Vest - V2 - DP Ringsted,Nørregade 54D,4100,Ringsted,09/05 - 2012,31/12 - 2015,0
29190658,Region Sjælland,Kofoedsminde - Keldskovvej,Keldskovvej 4,4960,Holeby,17/12 - 2007,29/06 - 2008,1
29190658,Region Sjælland,Børne- og ungdomspsykiatrisk afd. - Holbæk,Rosenvænget 15A,4300,Holbæk,01/01 - 2003,14/05 - 2012,0
29190658,Region Sjælland,Psykiatrien - Distrikt Holbæk - Kastaniehus,Annebergparken 18,4500,Nykøbing Sj,01/01 - 2008,30/04 - 2012,2-4
29190658,Region Sjælland,Platangårdens Ungdomscenter - Bostøtteteam Næstved afdeling,Havnen 1,4700,Næstved,17/12 - 2007,09/01 - 2009,5-9
29190658,Region Sjælland,Kofoedsminde - Kofoedsvej 18,K. H. Kofoedsvej 18,4970,Rødby,17/12 - 2007,08/02 - 2010,2-4
29190658,Region Sjælland,Synscenter Refsnæs - Børneskole/Fyrrehøj 40/SFO,Kystvejen 112B,4400,Kalundborg,01/01 - 2003,31/12 - 2014,0
29190658,Region Sjælland,Sundhedsforvaltning Sygehussocialrådgiver,Ejegodvej 67,4800,Nykøbing F,01/01 - 2002,10/12 - 2007,1
29190658,Region Sjælland,Natur/Plankontor Markorganisation Reersø,Nystedvej 54A,4990,Sakskøbing,01/01 - 2003,10/12 - 2007,10-19
29190658,Region Sjælland,Bo og naboskab Sydlolland - KereCenter,Syrenvej 2,4970,Rødby,01/01 - 1993,31/12 - 2015,0
29190658,Region Sjælland,Psykiatrien - RETS - Afdeling for Retspsykiatri,Annebergparken 35,4500,Nykøbing Sj,26/11 - 2007,31/12 - 2015,1
29190658,Region Sjælland,Psykiatrien - Børn og Unge Center Næstved,Præstegårdsvej 8,4760,Vordingborg,11/12 - 2007,08/02 - 2010,100-199
29190658,Region Sjælland,Elsehus - Sol 1,Københavnsvej 109,4000,Roskilde,25/01 - 2011,24/04 - 2012,0
29190658,Region Sjælland,Synscenter Refsnæs - Ergoterapien,Kystvejen 112H,4400,Kalundborg,16/02 - 2010,31/12 - 2014,0
29190658,Region Sjælland,Synscenter Refsnæs - Konsulent/Materiale/Nyt-netværk/Robobraille/SV-team,Kystvejen 112C,4400,Kalundborg,01/01 - 1993,31/12 - 2014,0
29190658,Region Sjælland,Platangårdens Ungdomscenter - Distriktskontor Nakskov,"Hoskiærsvej 21B, 2",4900,Nakskov,22/07 - 2008,31/12 - 2014,0
29190658,Region Sjælland,Kofoedsminde - Kofoedsvej,K. H. Kofoedsvej 11,4970,Rødby,17/12 - 2007,31/12 - 2014,0
29190658,Region Sjælland,Bo og naboskab Sydlolland - Højbovej 7 th.,Højbovej 7 th.,4970,Rødby,01/01 - 2004,31/12 - 2015,0
29190658,Region Sjælland,Social- og Psykiatriforvaltningen,Færgegaardsvej 15,4760,Vordingborg,01/01 - 2001,10/12 - 2007,20-49
29190658,Region Sjælland,Kofoedsminde - Poppelvej,Poppelvej 2,4970,Rødby,17/12 - 2007,08/02 - 2010,5-9
29190658,Region Sjælland,Social- og Sundhedsskolen - Næstved,Herlufsvænge 14B,4700,Næstved,12/12 - 2007,17/07 - 2008,1
29190658,Region Sjælland,Platangårdens Ungdomscenter - Støttebolig Næstved - Kornbakken,Kornbakken 23,4700,Næstved,16/02 - 2010,26/04 - 2012,0
29190658,Region Sjælland,Kofoedsminde - Hjemmevejledere/faste vikarer,Højbygårdvej 20,4970,Rødby,17/12 - 2007,13/07 - 2010,10-19
29190658,Region Sjælland,Koncern Service - Service - Ringsted,Nørregade 48A,4100,Ringsted,16/09 - 2013,30/06 - 2018,0
29190658,Region Sjælland,Koncern Service - Service - Slagelse (Fælledvej),Fælledvej 6,4200,Slagelse,01/01 - 2015,31/05 - 2018,0
29190658,Region Sjælland,Koncern Service - Service - Nakskov,Hoskiærsvej 17,4900,Nakskov,01/01 - 2015,31/05 - 2018,0
29190658,Region Sjælland,Koncern Service - Køkken - Slagelse (Fælledvej),Fælledvej 6,4200,Slagelse,01/06 - 2015,31/05 - 2018,0
29190658,Region Sjælland,Platangårdens Ungdomscenter - Bostøtteteam Utterslev afdeling,Bøgetvej 59A,4913,Horslunde,17/12 - 2007,30/12 - 2008,10-19
29190658,Region Sjælland,Hørhus,Margrethehåbsvej 68,4000,Roskilde,01/01 - 1997,29/06 - 2010,20-49
29190658,Region Sjælland,Psykiatrien - Fælles - Psykiatrisk Forskningsenhed - Fagbibliotek,Smedegade 10,4000,Roskilde,01/01 - 2015,31/12 - 2015,0
29190658,Region Sjælland,Psykiatrien - Slagelse - Valbyvej,"Valbyvej 71, 2",4200,Slagelse,08/06 - 2012,31/08 - 2016,0
29190658,Region Sjælland,Koncernservice - Lager og logistik - Køge,Lykkebækvej 1,4600,Køge,18/07 - 2013,31/01 - 2017,0
29190658,Region Sjælland,Kofoedsminde - Tingsted,Stationsvej 9A,4800,Nykøbing F,01/01 - 1999,14/08 - 2012,0
29190658,Region Sjælland,Bakkegården - Gl. Nykøbingvej,Gl Nykøbingvej 94,4572,Nørre Asmindrup,14/05 - 2003,31/08 - 2016,0
29190658,Region Sjælland,Bo og naboskab Sydlolland - Havnegade,Havnegade 71,4970,Rødby,16/02 - 2010,28/02 - 2017,0
29190658,Region Sjælland,Platangårdens Ungdomscenter - Støttebeboer Nakskov,Svingelsvej 12,4900,Nakskov,16/02 - 2010,14/08 - 2012,0
29190658,Region Sjælland,Psykiatrien - Almen psykiatri - Holbæk,Birkevænget 5,4300,Holbæk,01/01 - 2003,10/12 - 2007,20-49
29190658,Region Sjælland,Regionshuset - Horslunde - Stationsvej,Stationsvej 8,4913,Horslunde,01/05 - 2015,16/11 - 2016,0
29190658,Region Sjælland,Koncern Service - Service - Kalundborg,Nørre Alle 27,4400,Kalundborg,12/12 - 2007,31/05 - 2018,0
29190658,Region Sjælland,Platangården - Kornbakken,Kornbakken 23,4700,Næstved,01/11 - 2014,31/05 - 2018,0
29190658,Region Sjælland,Koncern Service - Vask - Slagelse,Ingemannsvej 40,4200,Slagelse,01/01 - 2016,30/05 - 2018,0
29190658,Region Sjælland,Koncernservice - Intern service - Køge (Glæisersvej),Glæisersvej 50,4600,Køge,01/01 - 2015,31/01 - 2017,0
29190658,Region Sjælland,Koncernservice - Intern service - Ringsted (Bøllingsvej),Bøllingsvej 30,4100,Ringsted,28/07 - 2016,31/01 - 2017,0
29190658,Region Sjælland,Kofoedsminde - Keldskovvej,Keldskovvej 4,4960,Holeby,18/07 - 2011,28/02 - 2017,0
29190658,Region Sjælland,Platangården - Hoskiærsvej,Hoskiærsvej 1,4900,Nakskov,01/11 - 2014,20/03 - 2018,0
29190658,Region Sjælland,Koncern Service - Køkken - Næstved,Ringstedgade 61,4700,Næstved,29/10 - 2008,31/05 - 2018,1
29190658,Region Sjælland,Koncern Service - Køkken - Roskilde (Smedegade),Smedegade 10-16,4000,Roskilde,01/03 - 2013,31/05 - 2018,0
29190658,Region Sjælland,Koncern Service - Have og Vej - Færgegårdsvej,Færgegaardsvej 15,4760,Vordingborg,12/12 - 2007,31/03 - 2019,2-4
29190658,Region Sjælland,Koncern Service - Køkken - Køge,Lykkebækvej 1,4600,Køge,16/07 - 2013,31/05 - 2018,0
29190658,Region Sjælland,Koncern Service - Service - Holbæk,Smedelundsgade 60,4300,Holbæk,12/12 - 2007,30/06 - 2018,5-9
29190658,Region Sjælland,Koncern Service - Køkken - Nykøbing F.,Fjordvej 15,4800,Nykøbing F,12/12 - 2007,31/05 - 2018,0
29190658,Region Sjælland,Koncern Service - Service - Slagelse (Ingemannsvej),Ingemannsvej 18,4200,Slagelse,12/12 - 2007,30/06 - 2018,2-4
29190658,Region Sjælland,Koncern Service - Køkken - Vordingborg (Færgegaardsvej),Færgegaardsvej 15,4760,Vordingborg,01/03 - 2013,31/05 - 2018,0
29190658,Region Sjælland,Koncern Service - Service - Nykøbing F.,Fjordvej 15,4800,Nykøbing F,16/07 - 2013,30/06 - 2018,5-9
29190658,Region Sjælland,Koncern Service - Service - Roskilde (Smedegade),Smedegade 10,4000,Roskilde,16/07 - 2013,31/05 - 2018,0
29190658,Region Sjælland,Koncern Service - Service - Køge,Lykkebækvej 1,4600,Køge,16/07 - 2013,31/05 - 2018,0
29190658,Region Sjælland,Koncern Service - Køkken - Ringsted (Ærtekildevej),Ærtekildevej 1,4100,Ringsted,01/10 - 2017,31/05 - 2018,0
29190658,Region Sjælland,Platangården - Glentevej,Glentevej 1,4700,Næstved,26/11 - 2013,20/03 - 2018,0
29190658,Region Sjælland,Psykiatrien - Greve - Rådhusholmen,Rådhusholmen 5,2670,Greve,11/12 - 2007,31/05 - 2018,5-9
29190658,Region Sjælland,Himmelev Behandlingshjem - Bispegårdsvej,Bispegårdsvej 14,4320,Lejre,01/01 - 2015,28/02 - 2017,10-19
29190658,Region Sjælland,Koncern Service - Køkken - Slagelse (Ingemannsvej),Ingemannsvej 18,4200,Slagelse,12/12 - 2007,30/06 - 2018,10-19
29190658,Region Sjælland,Koncern Service - Service - Vordingborg,Færgegaardsvej 15,4760,Vordingborg,16/07 - 2013,30/06 - 2018,0
29190658,Region Sjælland,Himmelev Behandlingshjem - Havehuset,Munkholmvej 374,4060,Kirke Såby,06/02 - 2017,31/07 - 2018,0
29190658,Region Sjælland,Koncern Service - Service - Næstved,Rådmandsengen 1,4700,Næstved,16/07 - 2013,31/05 - 2018,0
29190658,Region Sjælland,Koncern Service - Vask - Holbæk,Gl Ringstedvej 1,4300,Holbæk,01/01 - 1993,30/06 - 2019,10-19
29190658,Region Sjælland,Regionshuset - IT - support Roskilde,Smedegade 10-16,4000,Roskilde,10/05 - 2012,10/05 - 2012,
29190658,Region Sjælland,Steno Diabetes Center,Akacievej 7,4300,Holbæk,01/10 - 2019,27/11 - 2020,20-49
29190658,Region Sjælland,Regionshuset - Roskilde - Vestermarksvej,Vestermarksvej 9,4000,Roskilde,10/05 - 2012,01/06 - 2017,5-9
29190658,Region Sjælland,Koncern Service - Service - Roskilde (Vestermarksvej),Vestermarksvej 27,4000,Roskilde,16/07 - 2013,31/05 - 2017,1
29190658,Region Sjælland,Koncern Service - Køkken - Roskilde (Vestermarksvej),Vestermarksvej 16,4000,Roskilde,16/07 - 2013,31/05 - 2018,0
29190658,Region Sjælland,Koncern Service - Service - Roskilde (Sygehusvej),Sygehusvej 10,4000,Roskilde,18/07 - 2013,30/06 - 2018,2-4
29190658,Region Sjælland,Hjælpemiddelcentralen,"Industrivej 22, 2",4000,Roskilde,01/01 - 1993,29/06 - 2008,1
29190658,Region Sjælland,Materielgården,Darupvej 1,4000,Roskilde,01/01 - 1993,31/07 - 2007,50-99
29190658,Region Sjælland,Udsigten,Store Valbyvej 150,4000,Roskilde,01/01 - 1993,10/12 - 2007,20-49
29190658,Region Sjælland,JORDEMODERCENTRET I KØGE,Lykkebækvej 1,4600,Køge,01/01 - 1993,10/12 - 2007,0
29190658,Region Sjælland,Region Sjælland,Køgevej 80,4000,Roskilde,01/01 - 1993,10/12 - 2007,5-9
29190658,Region Sjælland,EJENDOMMEN ANDERSVÆNGE,Rosenkildevej 47,4200,Slagelse,01/01 - 1993,31/07 - 2007,1
29190658,Region Sjælland,SYGEHUSAPOTEKET I HOLBÆK,Gl Ringstedvej 4,4300,Holbæk,01/01 - 1993,16/12 - 2007,20-49
29190658,Region Sjælland,VESTSJÆLLANDS AMTSVEJVÆSEN,Omfartsvejen 47A,4300,Holbæk,01/01 - 1993,29/06 - 2007,5-9
29190658,Region Sjælland,Region Sjælland,Parkvej 37,4800,Nykøbing F,01/01 - 1993,10/12 - 2007,20-49
29190658,Region Sjælland,Håndværkerafdelingen Rødbygård,K. H. Kofoedsvej 16,4970,Rødby,01/01 - 1993,10/12 - 2007,1
29190658,Region Sjælland,JORDEMODERCENTRET,Gl Ringstedvej 1,4300,Holbæk,01/01 - 1993,10/12 - 2007,0
29190658,Region Sjælland,Bo og naboskab Sydlolland,Strandagervej 102,4970,Rødby,01/01 - 1993,01/02 - 2007,2-4
29190658,Region Sjælland,Kofoedsminde - Sikrede afdelinger,Højbovej 6,4970,Rødby,01/01 - 1993,16/12 - 2007,50-99
29190658,Region Sjælland,Psykiatrien Vordingborg,Færgegaardsvej 15,4760,Vordingborg,01/01 - 1993,10/12 - 2007,500-999
29190658,Region Sjælland,Bo og naboskab Sydlolland,Lindsgade 5,4970,Rødby,01/01 - 1993,01/01 - 2007,2-4
29190658,Region Sjælland,VEJOMRÅDET,Fælledvej 1,4200,Slagelse,01/01 - 1998,10/12 - 2007,20-49
29190658,Region Sjælland,Koefoedsminde Boenheden Kofoedsvej,K. H. Kofoedsvej 5,4970,Rødby,01/01 - 1999,01/01 - 2007,2-4
29190658,Region Sjælland,Region Sjælland Hjerneskadesamrådet,Alleen 15,4180,Sorø,01/01 - 2000,28/02 - 2007,2-4
29190658,Region Sjælland,Ejendommen Andersvænget - Teknisk afdeling,Rosenkildevej 91,4200,Slagelse,01/01 - 2001,14/05 - 2007,1
29190658,Region Sjælland,Indkøb produktion og logistik - Transport - Skensved,Foldagervej 15,4623,Lille Skensved,01/02 - 2023,02/02 - 2023,
29190658,Region Sjælland,Psykiatrien + Nykøbing F. Sygehus - Maribo - Søndre Boulevard,Søndre Boulevard 84,4930,Maribo,11/12 - 2007,20/01 - 2023,45
29190658,Region Sjælland,Ringsted Sygehus - Bøllingsvej,Bøllingsvej 30,4100,Ringsted,01/01 - 1993,30/09 - 2023,1
29190658,Region Sjælland,Regionshuset - Fejø - Herredsvej,Herredsvej 179,4944,Fejø,09/05 - 2012,30/09 - 2023,2
29190658,Region Sjælland,Regionshuset - Roskilde - Sygehusvej,Sygehusvej 10,4000,Roskilde,01/07 - 2018,30/09 - 2023,1
29190658,Region Sjælland,Psykiatrien - Nykøbing F. - Fjordvej,Fjordvej 22,4800,Nykøbing F,11/12 - 2007,30/09 - 2023,1
29190658,Region Sjælland,Psykiatrien - Sorø - Slagelsevej,Slagelsevej 5,4180,Sorø,01/10 - 2015,30/09 - 2023,1
29190658,Region Sjælland,Bo og Naboskab Sydlolland - Poppelvej,Poppelvej 2,4970,Rødby,01/01 - 2015,30/09 - 2023,0
29190658,Region Sjælland,Regionshuset - Roskilde - Darupvej,Darupvej 19,4000,Roskilde,01/04 - 2020,30/09 - 2023,20-49
29190658,Region Sjælland,Regionshuset - Maribo - Søndre Boulevard,Søndre Boulevard 84,4930,Maribo,01/07 - 2018,30/09 - 2023,
29190658,Region Sjælland,Regionshuset - Slagelse - Skovvejen,Skovvejen 48,4200,Slagelse,01/11 - 2020,30/08 - 2023,1
29190658,Region Sjælland,Psykiatrien - København - Dantes Plads,"Dantes Plads 3, 3. th.",1556,København V,01/01 - 2021,30/09 - 2023,6
29190658,Region Sjælland,Regionshuset - Roskilde - Møllehusvej,Møllehusvej 13,4000,Roskilde,01/02 - 2021,30/09 - 2023,1
29190658,Region Sjælland,Regionshuset - Holbæk - Sports Allé,Sports Allé 1,4300,Holbæk,01/02 - 2021,30/09 - 2023,3
29190658,Region Sjælland,Regionshuset - Nykøbing F. - Ejegodvej,Ejegodvej 45,4800,Nykøbing F,01/02 - 2021,30/09 - 2023,1
29190658,Region Sjælland,Regionshuset - Stege - Katedralvej,Katedralvej 26,4780,Stege,30/08 - 2021,30/09 - 2023,
29190658,Region Sjælland,Regionshuset - Horslunde - Lægeklinik,Stationsvej 8,4913,Horslunde,01/03 - 2022,30/09 - 2023,1
29190658,Region Sjælland,Indkøb produktion og logistik - Lager - Køge,Lykkebækvej 1,4600,Køge,01/01 - 2022,30/09 - 2023,4
29190658,Region Sjælland,Regionshuset - Næstved - Grimstrupvej,Grimstrupvej 131,4700,Næstved,01/11 - 2022,30/09 - 2023,
29190658,Region Sjælland,Regionshuset - Nykøbing F. - Aarhusvej,Aarhusvej 38,4800,Nykøbing F,01/11 - 2022,30/09 - 2023,2
29190658,Region Sjælland,Præhospitalt center - Nørre Alslev - Baltivej,Baltivej 1,4840,Nørre Alslev,01/05 - 2023,30/09 - 2023,
29190658,Region Sjælland,Regionshuset - Nykøbing F. - Ejegodvej,Ejegodvej 33,4800,Nykøbing F,25/05 - 2023,30/09 - 2023,
29190658,Region Sjælland,Psykiatrien - Roskilde - Trekroner Centervej,"Trekroner Centervej 57, 2",4000,Roskilde,30/09 - 2013,30/09 - 2023,1
29190658,Region Sjælland,Regionshuset - Maribo - C.E. Christiansens Vej,C. E. Christiansens Vej 12,4930,Maribo,25/05 - 2020,30/09 - 2023,3
29190658,Region Sjælland,Regionshuset - Slagelse - Parkvej,Parkvej 33,4200,Slagelse,01/02 - 2021,30/09 - 2023,3
29190658,Region Sjælland,Regionshuset - Gadstrup - Køgevej,Køgevej 167,4621,Gadstrup,01/09 - 2020,30/09 - 2023,3
29190658,Region Sjælland,Indkøb produktion og logistik - Køkken - Holbæk,Smedelundsgade 60,4300,Holbæk,12/12 - 2007,31/05 - 2023,74
29190658,Region Sjælland,Regionshuset - Nykøbing F. - Århusvej,Aarhusvej 38,4800,Nykøbing F,01/11 - 2020,30/09 - 2023,1
29190658,Region Sjælland,Regionshuset - Holbæk - Rebslagervej,Rebslagervej 15,4300,Holbæk,01/11 - 2020,30/09 - 2023,27
29190658,Region Sjælland,Regionshuset - Næstved - Nygårdsvej,Nygårdsvej 110,4700,Næstved,01/02 - 2021,31/12 - 2023,2
29190658,Region Sjælland,Platangården - Ambjergvej,Ambjergvej 72,4760,Vordingborg,01/05 - 2018,11/04 - 2024,
29190658,Region Sjælland,Platangården - Skoleparken,"Skoleparken 3, 3. 1.",4760,Vordingborg,12/05 - 2016,11/04 - 2024,
29190658,Region Sjælland,Regionshuset - Ringsted - Nørregade,Nørregade 48A,4100,Ringsted,16/02 - 2010,11/04 - 2024,1
29190658,Region Sjælland,Regionshuset - Slagelse - Fælledvej,Fælledvej 1,4200,Slagelse,18/04 - 2013,31/12 - 2024,1
29190658,Region Sjælland,Sygehusapoteket - Næstved - Ringstedgade,Ringstedgade 61,4700,Næstved,01/08 - 2024,31/12 - 2024,
29190658,Region Sjælland,Regionshuset - Næstved - Grimstrupvej,Grimstrupvej 185,4700,Næstved,01/09 - 2020,11/04 - 2024,3
29190658,Region Sjælland,Præhospitalt Center - Rødvig Stevns,Korsnæbsvej 63,4673,Rødvig Stevns,01/11 - 2020,13/12 - 2024,8
29190658,Region Sjælland,Holbæk Sygehus - Gl Ringstedvej,Gl Ringstedvej 7,4300,Holbæk,01/02 - 2021,11/04 - 2024,3
29190658,Region Sjælland,Præhospitalt Center - Ringsted - Nørregade,Nørregade 50A,4100,Ringsted,01/10 - 2022,10/09 - 2024,19
29190658,Region Sjælland,Præhospitalt Center - Nykøbing F - Ejegodvej,Ejegodvej 33,4800,Nykøbing F,01/10 - 2022,31/12 - 2024,1
29190658,Region Sjælland,Præhospitalt Center - Køge - Ørnevej,Ørnevej 2,4600,Køge,01/02 - 2021,31/12 - 2025,1
29190658,Region Sjælland,Regionshuset - Stege - Nærklinik,Peblingerende 2,4780,Stege,15/03 - 2021,31/12 - 2025,1
29190658,Region Sjælland,Regionshuset - Nykøbing F. - Tværgade,"Tværgade 1A, 1. tv.",4800,Nykøbing F,15/08 - 2023,31/12 - 2025,
29190658,Region Sjælland,Præhospitalt Center - Nykøbing F. - Ejegodvej,Ejegodvej 33,4800,Nykøbing F,01/06 - 2025,31/12 - 2025,7
29190658,Region Sjælland,Midt- og Vestsjællands Hospital - Roskilde - Smedegade,Smedegade 16,4000,Roskilde,01/01 - 1993,,583
29190658,Region Sjælland,Fakse Sygehus,"Præstøvej 78, st",4640,Faxe,01/01 - 1993,,1
29190658,Region Sjælland,Nakskov Sygehus,Hoskiærsvej 17,4900,Nakskov,01/01 - 1993,,7
29190658,Region Sjælland,Produktion Lager og Transport - Vask - Nykøbing F.,Fjordvej 15,4800,Nykøbing F,01/01 - 1993,,29
29190658,Region Sjælland,Midt- og Vestsjællands Hospital + Holbæk sygehus - Nykøbing Sj. - Sygehusvej,Sygehusvej 5,4500,Nykøbing Sj,01/01 - 1993,,15
29190658,Region Sjælland,Sjællands Universitetshospital - Roskilde - Sygehusvej,Sygehusvej 10,4000,Roskilde,01/01 - 1993,,2276
29190658,Region Sjælland,Sjællands Universitetshospital - Køge,Lykkebækvej 1,4600,Køge,01/01 - 1993,,2677
29190658,Region Sjælland,Bo og naboskab Sydlolland - K.H. Kofoedsvej,K. H. Kofoedsvej 16,4970,Rødby,01/01 - 1993,,85
29190658,Region Sjælland,Platangården - Præstegårdsvej,Præstegårdsvej 8,4760,Vordingborg,01/01 - 1993,,95
29190658,Region Sjælland,Nykøbing F. Sygehus,Fjordvej 15,4800,Nykøbing F,01/01 - 1993,,1629
29190658,Region Sjælland,Bo- og aflastningstilbud Skelbakken,Skelbakken 9,2690,Karlslunde,01/01 - 1993,,102
29190658,Region Sjælland,Næstved Sygehus - Herlufsvænge,"Herlufsvænge 14A, 1",4700,Næstved,01/01 - 1993,,79
29190658,Region Sjælland,Bo og naboskab Sydlolland - Havebyvej,Havebyvej 3,4970,Rødby,01/01 - 1993,,17
29190658,Region Sjælland,Holbæk sygehus - Smedelundsgade,Smedelundsgade 60,4300,Holbæk,01/01 - 1993,,2200
29190658,Region Sjælland,Regionshuset,Alleen 15,4180,Sorø,01/01 - 1993,,1100
29190658,Region Sjælland,Bo og naboskab Sydlolland - Blochs Allé,Blochs Allé 1,4970,Rødby,01/01 - 1993,,42
29190658,Region Sjælland,Stevnsfortet (og Kofoedsminde - Uranus og Neptun),Korsnæbsvej 63,4673,Rødvig Stevns,18/12 - 2000,,102
29190658,Region Sjælland,Regionshuset - Næstved - Ringstedgade,"Ringstedgade 33, 1. 203.",4700,Næstved,01/01 - 2001,,15
29190658,Region Sjælland,Else Hus,Skelbakken 8,2690,Karlslunde,01/11 - 2002,,90
29190658,Region Sjælland,Synscenter Refsnæs,Kystvejen 112A,4400,Kalundborg,01/01 - 2003,,161
29190658,Region Sjælland,Midt- og Vestsjællands Hospital - Ringsted - Nørregade,Nørregade 48A,4100,Ringsted,20/02 - 2007,,10
29190658,Region Sjælland,Himmelev Behandlingshjem,Sofie Madsens Vej 5,4330,Hvalsø,17/12 - 2007,,136
29190658,Region Sjælland,Sygehusapoteket - Slagelse,Ingemannsvej 18,4200,Slagelse,12/12 - 2007,,29
29190658,Region Sjælland,Midt- og Vestsjællands Hospital - Køge - Sygehusvej,Sygehusvej 25,4600,Køge,11/12 - 2007,,48
29190658,Region Sjælland,Sygehusapoteket - Roskilde - Vestermarksvej,Vestermarksvej 6,4000,Roskilde,12/12 - 2007,,113
29190658,Region Sjælland,Bakkegården - Odsherredvej,Odsherredvej 8,4572,Nørre Asmindrup,12/12 - 2007,,10
29190658,Region Sjælland,Midt- og Vestsjællands Hospital - Kalundborg - Nørre Allé,"Nørre Alle 23, st",4400,Kalundborg,11/12 - 2007,,7
29190658,Region Sjælland,Midt- og Vestsjællands Hospital - Roskilde - Havnevej,"Havnevej 5, 1",4000,Roskilde,11/12 - 2007,,142
29190658,Region Sjælland,Forsorgshjemmet Roskildehjemmet,Gammelgårdsvej 1B,4000,Roskilde,17/12 - 2007,,41
29190658,Region Sjælland,Kofoedsminde - Kastanie Allé,Kastanie Allé 2,4970,Rødby,17/12 - 2007,,126
29190658,Region Sjælland,Bo og naboskab Sydlolland - Højbovej,Højbovej 3A,4970,Rødby,17/12 - 2007,,36
29190658,Region Sjælland,Midt- og Vestsjællands Hospital + Sjællands Universitetshospital - Roskilde - Ny Østergade,Ny Østergade 12,4000,Roskilde,11/12 - 2007,,85
29190658,Region Sjælland,Midt- og Vestsjællands Hospital - Vordingborg - Færgegaardsvej,Færgegaardsvej 15,4760,Vordingborg,11/12 - 2007,,478
29190658,Region Sjælland,Regionshuset - Sorø - Slagelsevej,Slagelsevej 5,4180,Sorø,17/07 - 2008,,24
29190658,Region Sjælland,Kofoedsminde - K.H. Kofoedsvej,K. H. Kofoedsvej 24,4970,Rødby,01/01 - 2008,,72
29190658,Region Sjælland,Vordingborg Sygehus,Sankelmarksvej 10,4760,Vordingborg,23/09 - 2008,,2
29190658,Region Sjælland,Midt- og Vestsjællands Hospital - Næstved - Ramsherred,Ramsherred 3,4700,Næstved,01/01 - 2008,,20
29190658,Region Sjælland,Steno Diabetes Center + Midt- og Vestsjællands Hospital - Holbæk - Birkevænget,Birkevænget 3,4300,Holbæk,16/02 - 2010,,73
29190658,Region Sjælland,Bo og naboskab Sydlolland - Syrenvej,Syrenvej 1,4970,Rødby,10/02 - 2010,,62
29190658,Region Sjælland,Sygehusapoteket - Nykøbing Falster,Fjordvej 15,4800,Nykøbing F,10/02 - 2010,,16
29190658,Region Sjælland,Slagelse Sygehus,Fælledvej 11,4200,Slagelse,10/02 - 2010,,1238
29190658,Region Sjælland,Sygehusapoteket - Køge,Lykkebækvej 1,4600,Køge,01/11 - 2010,,22
29190658,Region Sjælland,Kofoedsminde - Lindsgade,Lindsgade 5,4970,Rødby,18/07 - 2011,,17
29190658,Region Sjælland,Regionshuset - Holbæk - Smedelundsgade,Smedelundsgade 60,4300,Holbæk,10/05 - 2012,,4
29190658,Region Sjælland,Regionshuset - Næstved - Herlufsvænge,"Herlufsvænge 14A, st",4700,Næstved,09/05 - 2012,,14
29190658,Region Sjælland,Regionshuset - Slagelse - Ingemannsvej,Ingemannsvej 18,4200,Slagelse,10/05 - 2012,,11
29190658,Region Sjælland,Midt- og Vestsjællands Hospital - Næstved - Farimagsvej,Farimagsvej 40,4700,Næstved,09/05 - 2012,,10
29190658,Region Sjælland,Regionshuset - Køge - Lykkebækvej,Lykkebækvej 1,4600,Køge,09/05 - 2012,,24
29190658,Region Sjælland,Regionshuset - Nykøbing F. - Fjordvej,Fjordvej 15,4800,Nykøbing F,09/05 - 2012,,4
29190658,Region Sjælland,Kofoedsminde - Højbovej,Højbovej 9,4970,Rødby,14/08 - 2012,,254
29190658,Region Sjælland,Regionshuset - Roskilde - Ny Østergade,Ny Østergade 14,4000,Roskilde,22/02 - 2013,,68
29190658,Region Sjælland,Midt- og Vestsjællands Hospital - Køge - Glæisersvej,Glæisersvej 50,4600,Køge,13/03 - 2013,,1
29190658,Region Sjælland,Præhospitalt Center - Næstved - Ringstedgade,Ringstedgade 61,4700,Næstved,10/04 - 2013,,349
29190658,Region Sjælland,Midt- og Vestsjællands Hospital - Holbæk - Rosenvænget,Rosenvænget 15,4300,Holbæk,12/06 - 2013,,46
29190658,Region Sjælland,Kalundborg Sundheds- og akuthus,Nørre Alle 31 2.,4400,Kalundborg,01/05 - 2014,,16
29190658,Region Sjælland,Midt- og Vestsjællands Hospital - Roskilde - Toftebakken,Toftebakken 1A,4000,Roskilde,01/01 - 2015,,27
29190658,Region Sjælland,Uddannelseslæger fase 2 og 3,Alleen 15,4180,Sorø,01/01 - 2015,,52
29190658,Region Sjælland,Else Hus - Bispegårdsvej,Bispegårdsvej 5,4320,Lejre,01/03 - 2015,,10
29190658,Region Sjælland,Midt- og Vestsjællands Hospital - Slagelse - Fælledvej,Fælledvej 6,4200,Slagelse,01/05 - 2015,,979
29190658,Region Sjælland,Næstved Sygehus - Rådmandsengen,Rådmandsengen 1,4700,Næstved,01/06 - 2015,,161
29190658,Region Sjælland,Ringsted Sygehus - Ærtekildevej,Ærtekildevej 1,4100,Ringsted,01/06 - 2015,,6
29190658,Region Sjælland,Næstved Sygehus - Ringstedgade,Ringstedgade 29A,4700,Næstved,01/06 - 2015,,1079
29190658,Region Sjælland,Slagelse Sygehus - Fælledvej,Fælledvej 1,4200,Slagelse,01/06 - 2015,,1613
29190658,Region Sjælland,Regionshuset - Næstved - Ringstedgade,Ringstedgade 29A,4700,Næstved,01/06 - 2015,,246
29190658,Region Sjælland,Midt- og Vestsjællands Hospital - Roskilde - Københavnsvej,"Københavnsvej 26F, 1",4000,Roskilde,28/07 - 2015,,8
29190658,Region Sjælland,Midt- og Vestsjællands Hospital - Slagelse - Grønningen,Grønningen 15,4200,Slagelse,01/09 - 2015,,74
29190658,Region Sjælland,Bakkegården - Annebergparken,Annebergparken 62,4500,Nykøbing Sj,01/09 - 2015,,84
29190658,Region Sjælland,Sygehusapoteket - Næstved - Rådmandsengen,Rådmandsengen 7,4700,Næstved,25/11 - 2015,,15
29190658,Region Sjælland,Sygehusapoteket - Næstved - Ringstedgade,Ringstedgade 63,4700,Næstved,25/11 - 2015,,37
29190658,Region Sjælland,Sygehusapoteket - Holbæk,Smedelundsgade 60,4300,Holbæk,25/11 - 2015,,15
29190658,Region Sjælland,Ringsted Sygehus - Nørregade,Nørregade 52,4100,Ringsted,01/01 - 2016,,16
29190658,Region Sjælland,Sjællands Universitetshospital - Roskilde - Vestermarksvej,Vestermarksvej 2,4000,Roskilde,04/03 - 2016,,761
29190658,Region Sjælland,Sjællands Universitetshospital - Roskilde - Munkesøvej,Munkesøvej 22,4000,Roskilde,04/03 - 2016,,8
29190658,Region Sjælland,Regionshuset - Roskilde - Vestermarksvej,Vestermarksvej 9,4000,Roskilde,01/07 - 2017,,7
29190658,Region Sjælland,Regionshuset - Ringsted - Ærtekildevej,Ærtekildevej 1,4100,Ringsted,01/10 - 2017,,502
29190658,Region Sjælland,Produktion Lager og Transport - Transport - Nykøbing F.,Fjordvej 15,4800,Nykøbing F,01/06 - 2018,,7
29190658,Region Sjælland,Produktion Lager og Transport - Transport - Roskilde,Sygehusvej 10,4000,Roskilde,01/06 - 2018,,7
29190658,Region Sjælland,Produktion Lager og Transport - Transport - Holbæk,Roskildevej 22A,4300,Holbæk,01/06 - 2018,,11
29190658,Region Sjælland,Produktion Lager og Transport - Transport - Slagelse,Ingemannsvej 18,4200,Slagelse,01/06 - 2018,,2
29190658,Region Sjælland,Produktion Lager og Transport - Køkken - Slagelse,Ingemannsvej 38,4200,Slagelse,01/06 - 2018,,68
29190658,Region Sjælland,Midt- og Vestsjællands Hospital - Greve - Rådhusholmen,Rådhusholmen 5,2670,Greve,01/10 - 2018,,10
29190658,Region Sjælland,Bo og naboskab Sydlolland - Havnegade,Havnegade 71,4970,Rødby,15/02 - 2019,,9
29190658,Region Sjælland,Sygehusapoteket - Roskilde - Jernbanegade,Jernbanegade 3A,4000,Roskilde,01/01 - 2020,,21
29190658,Region Sjælland,Regionshuset - Nakskov - Hoskiærsvej,"Hoskiærsvej 17, 3",4900,Nakskov,01/03 - 2020,,21
29190658,Region Sjælland,Præhospitalt Center - Rødby,Højbovej 2,4970,Rødby,01/05 - 2020,,8
29190658,Region Sjælland,Præhospitalt Center og Indkøb Produktion Logistik - Kalundborg,Nørre Alle 31 2.,4400,Kalundborg,01/06 - 2020,,2
29190658,Region Sjælland,Regionshuset - Kalundborg - Nærklinik,Vestre Havneplads 10,4400,Kalundborg,01/10 - 2020,,10
29190658,Region Sjælland,Præhospitalt Center - Borup,"Møllevej 11B, st. 11.",4140,Borup,01/12 - 2020,,7
29190658,Region Sjælland,Sjællands Universitetshospital - Roskilde - Ny Østergade,Ny Østergade 16,4000,Roskilde,01/12 - 2020,,14
29190658,Region Sjælland,Regionshuset - Nykøbing Sj. - Nærklinik,Sygehusvej 5,4500,Nykøbing Sj,20/09 - 2021,,11
29190658,Region Sjælland,Præhospitalt Center - Holbæk,Rosenvænget 13,4300,Holbæk,01/10 - 2022,,19
29190658,Region Sjælland,Regionshuset - Holbæk - Gl. Ringstedvej,Gl Ringstedvej 7,4300,Holbæk,01/11 - 2022,,24
29190658,Region Sjælland,Midt- og Vestsjællands Hospital - Kidnakken - Maribo,Kidnakken 12,4930,Maribo,01/07 - 2022,,43
29190658,Region Sjælland,Produktion Lager og Transport - Køkken - Holbæk - Birkevænget,Birkevænget 44,4300,Holbæk,01/12 - 2022,,82
29190658,Region Sjælland,Produktion Lager og Transport - Transport - Skensved,Foldagervej 15,4623,Lille Skensved,01/01 - 2023,,30
29190658,Region Sjælland,Præhospitalt Center - Nykøbing F. - Kringelborg Allé,Kringelborg Alle 2,4800,Nykøbing F,01/05 - 2023,,59
29190658,Region Sjælland,Præhospitalt Center - Maribo - Rødbyvej,Rødbyvej 4,4930,Maribo,01/05 - 2023,,51
29190658,Region Sjælland,Præhospitalt Center - Ringsted - Industriparken,Industriparken 15,4100,Ringsted,01/05 - 2023,,79
29190658,Region Sjælland,Præhospitalt Center - Faxe - Køgevej,Køgevej 2B,4640,Faxe,01/05 - 2023,,9
29190658,Region Sjælland,Præhospitalt Center - Greve - Lunikvej,Lunikvej 4,2670,Greve,01/05 - 2023,,39
29190658,Region Sjælland,Præhospitalt Center - Præstø - Lindevej,Lindevej 17A,4720,Præstø,01/05 - 2023,,9
29190658,Region Sjælland,Præhospitalt Center - Stege - Pilevej,Pilevej 5,4780,Stege,01/05 - 2023,,8
29190658,Region Sjælland,Præhospitalt Center - Haslev - Grønlandsgade,Grønlandsgade 10,4690,Haslev,01/05 - 2023,,8
29190658,Region Sjælland,Præhospitalt Center - Nakskov - Maribovej 31,Maribovej 31,4900,Nakskov,01/05 - 2023,,22
29190658,Region Sjælland,Præhospitalt Center - Vordingborg - Kildemarksvej,Kildemarksvej 2,4760,Vordingborg,01/05 - 2023,,32
29190658,Region Sjælland,Præhospitalt Center - Nørre Alslev - Rigavej,Rigavej 4,4840,Nørre Alslev,01/05 - 2023,,12
29190658,Region Sjælland,Regionshuset - Nykøbing F. - Fjordvej,Fjordvej 22,4800,Nykøbing F,22/08 - 2023,,3
29190658,Region Sjælland,Præhospitalt Center - Ringsted - Bøllingsvej,Bøllingsvej 30,4100,Ringsted,01/02 - 2024,,6
29190658,Region Sjælland,Produktion Lager og Transport - Vaskeri - Holbæk (Tuse),Vaskerivej 10,4300,Holbæk,01/06 - 2024,,63
29190658,Region Sjælland,Sygehusapoteket - Roskilde - Smedegade,Smedegade 16,4000,Roskilde,01/08 - 2024,,3
29190658,Region Sjælland,Sygehusapoteket - Slagelse - Fælledvej,Fælledvej 6,4200,Slagelse,01/08 - 2024,,1
29190658,Region Sjælland,Sygehusapoteket - Vordingborg - Færgegaardsvej,Færgegaardsvej 15,4760,Vordingborg,01/08 - 2024,,2
29190658,Region Sjælland,Steno Diabetescenter,Akacievej 9,4300,Holbæk,01/06 - 2024,,33
29190658,Region Sjælland,Præhospitalt Center - Køge - Ymersvej,Ymersvej 1,4600,Køge,01/01 - 2025,,79
29190658,Region Sjælland,Præhospitalt Center - Store Heddinge,Nørregade 20,4660,Store Heddinge,13/12 - 2024,,7
29190658,Region Sjælland,Præhospitalt Center - Fuglebjerg - Falkevænget,Falkevænget 9,4250,Fuglebjerg,01/04 - 2025,,10
29190658,Region Sjælland,Regionshuset - Lolland - Nærklinik,Højrebygade 68,4920,Søllested,01/05 - 2025,,2
29190658,Region Sjælland,Regionshuset - Præstø - Nærklinik,Vesterbro 63,4720,Præstø,01/05 - 2025,,4
29190658,Region Sjælland,Else Hus - Bogøvej,Bogøvej 13,4060,Kirke Såby,26/05 - 2025,,6
29190658,Region Sjælland,Regionshuset - Holbæk - Nærklinik,Smedelundsgade 60,4300,Holbæk,01/06 - 2025,,3
29190658,Region Sjælland,Produktion Lager og Transport - Transport - Sorø,Alleen 15,4180,Sorø,01/09 - 2025,,3
29190658,Region Sjælland,Præhospitalt Center - Næstved - Herlufsvænge,"Herlufsvænge 14A, st",4700,Næstved,01/06 - 2025,,22
29190658,Region Sjælland,Platangården - Haminavej,Haminavej 3,4760,Vordingborg,26/11 - 2013,,
29190658,Region Sjælland,Regional Udvikling - Nørregade København,Nørregade 7B,1165,København K,17/05 - 2023,,2
29190658,Region Sjælland,Holbæk Sygehus - Mørkøv - Ringstedvej,Ringstedvej 7A,4440,Mørkøv,01/01 - 2026,,
29190658,Region Sjælland,Præhospitalt Center - Hvalsø - Horseager,Horseager 6,4330,Hvalsø,01/05 - 2023,,1
29190658,Region Sjælland,Midt- og Vestsjællands Hospital - Haslev - Grøndalsvej,Grøndalsvej 4A,4690,Haslev,09/05 - 2012,,
29190658,Region Sjælland,Midt- og Vestsjællands Hospital - Næstved - Bataljonsvej,Bataljonsvej 3,4700,Næstved,01/05 - 2025,,4
29190658,Region Sjælland,Regionshuset - Sejerø - Nærklinik,Mastrupvej 16,4592,Sejerø,01/10 - 2023,,
29190658,Region Sjælland,Regionshuset - Ringsted - Selandia Park,Selandia Park 8,4100,Ringsted,01/04 - 2024,,
11517498,365discount A/S,FAKTA A/S,Toften 9,9240,Nibe,31/01 - 2013,31/01 - 2013,
11517498,365discount A/S,FAKTA A/S,Roskildevej 65,2620,Albertslund,02/11 - 1987,06/10 - 2005,
11517498,365discount A/S,Fakta 0490,Norvangen 1,4220,Korsør,31/05 - 2012,31/05 - 2012,
11517498,365discount A/S,FAKTA A/S,Vinkældertorvet 8,4640,Faxe,15/05 - 2012,15/05 - 2012,
11517498,365discount A/S,Fakta,Tøndervej 4,6200,Aabenraa,27/02 - 2003,27/02 - 2003,
11517498,365discount A/S,FAKTA A/S,Svanes Torv 3,8700,Horsens,10/09 - 2009,10/09 - 2009,
11517498,365discount A/S,Fakta 0452,Lejrevej 4,4320,Lejre,02/10 - 2008,05/10 - 2008,
11517498,365discount A/S,Fakta 0464,Ved Åen 1,4930,Maribo,12/08 - 2010,18/08 - 2010,
11517498,365discount A/S,Fakta 0289,Bytorvet 11,8541,Skødstrup,28/08 - 2008,28/08 - 2008,
11517498,365discount A/S,Fakta,L. %,5230,Odense M,16/01 - 2007,16/01 - 2007,
11517498,365discount A/S,Fakta Ringsted,Jyllandsgade 11,4100,Ringsted,01/03 - 2011,26/04 - 2011,
11517498,365discount A/S,Fakta Thisted,Østerbakken 57,7700,Thisted,14/04 - 2011,26/04 - 2011,
11517498,365discount A/S,Fakta 0295,Guldsmedgade 42,8000,Århus C,03/02 - 2008,03/02 - 2008,
11517498,365discount A/S,Fakta 0236,Trojels Knæ 2,6760,Ribe,28/08 - 2008,28/08 - 2008,
11517498,365discount A/S,FAKTA A/S,Svanes Torv 3,8700,Horsens,10/09 - 2009,10/09 - 2009,
11517498,365discount A/S,Fakta,Sankt Kjelds Plads 12,2100,København Ø,27/04 - 2005,27/04 - 2005,
11517498,365discount A/S,Fakta,Skovvej 2,9510,Arden,03/04 - 2003,03/04 - 2003,
11517498,365discount A/S,FAKTA A/S,Svanes Torv 3,8700,Horsens,10/09 - 2009,10/09 - 2009,
11517498,365discount A/S,FAKTA A/S,Storegade 42,6780,Skærbæk,01/08 - 2011,01/08 - 2011,
11517498,365discount A/S,Fakta 0438,Gyngemose Parkvej 6,2860,Søborg,29/10 - 2008,24/08 - 2011,
11517498,365discount A/S,Fakta 0296,Vesterbro 62,9000,Aalborg,24/01 - 2008,24/01 - 2008,
11517498,365discount A/S,"Coop Danmark A/S, Fakta løn",Arnfredsvej 6,6600,Vejen,28/11 - 2011,01/06 - 2016,
11517498,365discount A/S,Fakta Jelling,Møllegade 5,7300,Jelling,04/01 - 2005,04/01 - 2005,
11517498,365discount A/S,Fakta,Jernbanegade 2,9560,Hadsund,25/01 - 2007,25/01 - 2007,
11517498,365discount A/S,Fakta - 447,Mellemvang 2,4573,Højby,25/06 - 2007,25/06 - 2007,
11517498,365discount A/S,"Fakta nr. 282, Sdr. Tranders",Mistrals Plads 1,9220,Aalborg Øst,16/10 - 2006,16/10 - 2006,
11517498,365discount A/S,Fakta - 448,Marielyst Strandpark 3,4873,Væggerløse,02/05 - 2007,02/05 - 2007,
11517498,365discount A/S,Fakta 0040,Nygårds Allé 3,8330,Beder,22/05 - 2001,15/06 - 2015,1
11517498,365discount A/S,Fakta 0404,Sct Jørgensbjerg 43,4400,Kalundborg,23/11 - 2000,01/11 - 2013,0
11517498,365discount A/S,Fakta 0433,Vesterbrogade 66,1620,København V,07/11 - 2002,04/04 - 2009,5-9
11517498,365discount A/S,Fakta 0045,Søndergade 11,8740,Brædstrup,04/10 - 2001,15/06 - 2015,0
11517498,365discount A/S,Fakta 0252,Lupinvej 95,8600,Silkeborg,10/03 - 2005,01/11 - 2013,0
11517498,365discount A/S,Fakta 0401,Ejbovej 35,4632,Bjæverskov,25/05 - 2000,15/06 - 2015,0
11517498,365discount A/S,Fakta 0031,Sønderskovvej 4,9370,Hals,06/05 - 2000,15/06 - 2015,0
11517498,365discount A/S,Fakta 0361,Herlev Hovedgade 129,2730,Herlev,01/01 - 1993,05/07 - 2011,0
11517498,365discount A/S,Fakta 0376,Holbækvej 2,4330,Hvalsø,30/06 - 1990,26/02 - 2012,0
11517498,365discount A/S,Fakta 0117,Indre Ringvej 7,5560,Aarup,24/03 - 1988,09/07 - 2011,0
11517498,365discount A/S,Fakta 0435,Ølbycenter 3,4600,Køge,01/01 - 1989,29/05 - 2010,10-19
11517498,365discount A/S,Fakta 0060,Danavej 2,5580,Nørre Aaby,26/06 - 2003,01/11 - 2013,0
11517498,365discount A/S,Fakta 0146,Nørregade 14A,8500,Grenaa,01/01 - 1984,16/08 - 2009,5-9
11517498,365discount A/S,FAKTA,Sindingvej 2B,7480,Vildbjerg,01/01 - 1994,16/11 - 2005,5-9
11517498,365discount A/S,Fakta 0224,Jernbanegade 2D,5500,Middelfart,01/01 - 1985,24/11 - 2011,20-49
11517498,365discount A/S,Fakta 0319,Bryggertorvet 1,3650,Ølstykke,01/09 - 1988,28/08 - 2007,10-19
11517498,365discount A/S,Fakta 0244,Gammel Stillingvej 432,8462,Harlev J,01/12 - 2004,31/12 - 2014,0
11517498,365discount A/S,Fakta 0113,Rotfelds Vej 3,9460,Brovst,01/01 - 1987,30/12 - 2012,0
11517498,365discount A/S,Fakta 0373,Algade 83,4760,Vordingborg,01/01 - 1993,18/03 - 2013,0
11517498,365discount A/S,Fakta 0357,Strandvejen 213,2900,Hellerup,01/01 - 1993,27/02 - 2011,0
11517498,365discount A/S,Fakta 0068,Jernbanegade 32,6360,Tinglev,01/01 - 1985,08/06 - 2013,0
11517498,365discount A/S,Fakta 0102,Vestergade 25,6270,Tønder,01/01 - 1985,24/08 - 2011,5-9
11517498,365discount A/S,Fakta 0150,Præstegårdsvej 5,9600,Aars,25/02 - 1988,02/11 - 2007,5-9
11517498,365discount A/S,Fakta 0416,Vallensbæk Nærcenter 3B,2665,Vallensbæk Strand,24/01 - 2002,31/12 - 2014,0
11517498,365discount A/S,Fakta 0232,Slotsvolden 7,4300,Holbæk,02/01 - 2006,23/09 - 2006,0
11517498,365discount A/S,Fakta 0442,Centervejen 43,3230,Græsted,12/04 - 2007,05/02 - 2013,0
11517498,365discount A/S,Fakta 0188,Haderslevvej 6,6070,Christiansfeld,01/01 - 1993,29/09 - 2012,0
11517498,365discount A/S,Fakta 0260,Lærkevej 21,6000,Kolding,01/07 - 1980,16/02 - 2010,10-19
11517498,365discount A/S,Fakta 0415,Tølløsevej 2,4340,Tølløse,30/08 - 1990,28/12 - 2011,10-19
11517498,365discount A/S,Fakta 0163,Stationsvej 14,9330,Dronninglund,01/01 - 1984,31/12 - 2014,10-19
11517498,365discount A/S,Fakta 0421,Storgade 31,4180,Sorø,24/01 - 1991,30/07 - 2007,1
11517498,365discount A/S,Fakta 0005,Toftekær 5,5471,Søndersø,01/01 - 1981,28/07 - 2007,5-9
11517498,365discount A/S,Fakta 0051,Fjordvej 28,5330,Munkebo,30/11 - 2000,10/03 - 2013,0
11517498,365discount A/S,Fakta 0286,Merkurvej 91,7400,Herning,28/09 - 2006,31/12 - 2014,0
11517498,365discount A/S,Fakta 0197,Brådhusvej 3,8700,Horsens,22/12 - 1980,10/03 - 2013,0
11517498,365discount A/S,Fakta 0386,Islevbrovej 24,2610,Rødovre,22/12 - 1980,03/12 - 2012,20-49
11517498,365discount A/S,Fakta 0078,Vollsmose Allé 10,5240,Odense NØ,10/04 - 2003,30/08 - 2008,10-19
11517498,365discount A/S,Fakta 0313,Hedeparken 9,2750,Ballerup,21/01 - 1988,01/09 - 2007,5-9
11517498,365discount A/S,Fakta 0026,Smedegade 7,7600,Struer,13/04 - 2000,23/09 - 2006,5-9
11517498,365discount A/S,Fakta 0052,Nørregade 22,6330,Padborg,21/03 - 2002,15/06 - 2015,0
11517498,365discount A/S,Fakta 0254,Østergaardsallé 5,7490,Aulum,10/03 - 2005,18/03 - 2013,0
11517498,365discount A/S,Fakta 0407,Frederiksborgvej 84,2400,København NV,01/01 - 1989,15/06 - 2015,1
11517498,365discount A/S,Fakta 0437,Cityringen 2 288.,2630,Taastrup,25/09 - 2003,29/06 - 2010,10-19
11517498,365discount A/S,Fakta 0343,Madvigs Plads 10A,4500,Nykøbing Sj,01/01 - 1994,31/12 - 2014,0
11517498,365discount A/S,Fakta 0308,Vester Farimagsgade 13,1606,København V,25/03 - 2004,27/02 - 2011,0
11517498,365discount A/S,Fakta 0422,Halsskovvej 46,4220,Korsør,05/06 - 2002,27/05 - 2012,0
11517498,365discount A/S,Fakta 0293,Søndre Ringvej 12,5610,Assens,16/09 - 2008,15/06 - 2015,0
11517498,365discount A/S,Fakta 0027,Bytoften 20,6710,Esbjerg V,01/06 - 1999,25/02 - 2014,10-19
11517498,365discount A/S,Fakta 0137 RØDEKRO MIDTPUNKT,Vestergade 1,6230,Rødekro,21/06 - 1990,07/11 - 2006,10-19
11517498,365discount A/S,Fakta 0195,Tarphagevej 54,6710,Esbjerg V,01/01 - 1994,16/04 - 2013,0
11517498,365discount A/S,Fakta 0101,Rådhuscentret 13,6500,Vojens,01/01 - 1985,15/06 - 2015,0
11517498,365discount A/S,Fakta 0103,Kirkegade 2A,7330,Brande,01/01 - 1985,20/11 - 2011,0
11517498,365discount A/S,Fakta 0189,Laurits Christensens Vej 53,9300,Sæby,01/01 - 1994,22/06 - 2007,2-4
11517498,365discount A/S,Fakta 0388,Sankt Kjelds Plads 12,2100,København Ø,02/06 - 2005,25/02 - 2012,10-19
11517498,365discount A/S,Fakta 0258,Åboulevarden 51A,6880,Tarm,12/05 - 2005,31/12 - 2014,0
11517498,365discount A/S,Fakta 0261,Nørremark Center 10,7100,Vejle,01/01 - 1992,31/12 - 2014,0
11517498,365discount A/S,Fakta 0013,Kettingvej 41,6440,Augustenborg,01/01 - 1984,15/06 - 2015,0
11517498,365discount A/S,Fakta 0065,Herregårdscentret 19,5600,Faaborg,27/06 - 2002,15/06 - 2015,0
11517498,365discount A/S,Fakta 0445,Sølunden 1,4684,Holmegaard,28/08 - 2007,15/06 - 2015,0
11517498,365discount A/S,Fakta 0207,Novovej 2,9560,Hadsund,18/05 - 2010,01/11 - 2013,5-9
11517498,365discount A/S,Fakta 0136,Bakkevænget 1,8600,Silkeborg,31/05 - 1990,28/02 - 2014,1
11517498,365discount A/S,Fakta 0129,Bogensevej 62,5270,Odense N,01/01 - 1989,02/06 - 2013,10-19
11517498,365discount A/S,Fakta 0395,Tofthøjvej 10,4130,Viby Sjælland,10/02 - 2005,27/05 - 2012,0
11517498,365discount A/S,Fakta 0298,Solbjerg Hedevej 25,8355,Solbjerg,04/09 - 2008,24/08 - 2011,10-19
11517498,365discount A/S,Fakta 0176,Sønderbrogade 80,8700,Horsens,01/01 - 1993,22/09 - 2011,0
11517498,365discount A/S,Fakta 0036,Søndergade 70,5620,Glamsbjerg,01/11 - 1999,04/04 - 2009,1
11517498,365discount A/S,Fakta 0411,Trippendalscentret 1-5,2600,Glostrup,16/05 - 1984,07/08 - 2007,10-19
11517498,365discount A/S,Fakta 0056,Bredgade 17,5450,Otterup,01/01 - 1984,21/03 - 2010,10-19
11517498,365discount A/S,Fakta 0025,Hjallerup Centret 20A,9320,Hjallerup,01/09 - 1999,23/11 - 2013,1
11517498,365discount A/S,Fakta 0179,Ørbækvej 42,5700,Svendborg,01/01 - 1984,15/06 - 2013,0
11517498,365discount A/S,Fakta 0106,Kongevej 16A,6270,Tønder,01/01 - 1985,14/03 - 2008,5-9
11517498,365discount A/S,Fakta 0043,Herningvej 39,6950,Ringkøbing,29/03 - 2001,28/03 - 2010,10-19
11517498,365discount A/S,Fakta 0075,Seminarievej 2,6760,Ribe,01/01 - 1985,21/03 - 2010,5-9
11517498,365discount A/S,FAKTA A/S,Guldregnvej 3,9830,Tårs,10/12 - 2009,26/04 - 2011,0
11517498,365discount A/S,Fakta 0253,Broen 2,7900,Nykøbing M,03/03 - 2005,26/10 - 2012,0
11517498,365discount A/S,Fakta 0329,Vestervej 2,4100,Ringsted,01/01 - 1992,27/02 - 2011,0
11517498,365discount A/S,Fakta 0116,Nørre Skærbækvej 1,6780,Skærbæk,01/01 - 1984,09/08 - 2011,0
11517498,365discount A/S,Fakta 0311,Torvet 4,4293,Dianalund,01/01 - 1991,12/05 - 2013,0
11517498,365discount A/S,Fakta 0192,Bredgade 2,9490,Pandrup,01/01 - 1994,16/08 - 2009,10-19
11517498,365discount A/S,Fakta 0135,Bredgade 5,9670,Løgstør,17/05 - 1990,05/07 - 2011,0
11517498,365discount A/S,Fakta 0134,Engvej 1B,7200,Grindsted,15/03 - 1990,17/03 - 2012,0
11517498,365discount A/S,Fakta 0355,Peter Bangs Vej 61,2000,Frederiksberg,01/01 - 1993,13/12 - 2015,0
11517498,365discount A/S,Fakta 0127,Rådhus Alle 56,9900,Frederikshavn,09/10 - 2003,09/03 - 2012,0
11517498,365discount A/S,Fakta 0020,Toften 3B,9240,Nibe,25/08 - 2004,18/03 - 2013,0
11517498,365discount A/S,Fakta 0212,Skaadsmosevej 17,6950,Ringkøbing,01/01 - 2010,29/02 - 2016,0
11517498,365discount A/S,FAKTA,Storegade 32,6430,Nordborg,01/01 - 1984,31/12 - 2004,5-9
11517498,365discount A/S,Fakta 0277,Møllegade 9,6240,Løgumkloster,15/06 - 2006,31/12 - 2014,0
11517498,365discount A/S,Fakta 0088,Storegade 101,6670,Holsted,29/01 - 2004,06/12 - 2011,10-19
11517498,365discount A/S,Fakta 0412,Centret 5-7,4470,Svebølle,04/01 - 2002,15/06 - 2015,0
11517498,365discount A/S,Fakta 0155,Vejlevej 101,7000,Fredericia,01/01 - 1983,18/05 - 2008,2-4
11517498,365discount A/S,Fakta 0441,Nygade 1,3600,Frederikssund,17/02 - 2010,01/03 - 2017,0
11517498,365discount A/S,Fakta 0111,Strandvejen 25,8400,Ebeltoft,01/01 - 1987,06/06 - 2016,0
11517498,365discount A/S,Fakta 0255,Assensvej 1,5500,Middelfart,11/01 - 2007,29/02 - 2016,0
11517498,365discount A/S,Fakta 0325,Jagtvej 85,2200,København N,01/01 - 1992,10/02 - 2013,0
11517498,365discount A/S,Fakta 0263,Jernbane Alle 7,7480,Vildbjerg,22/12 - 1980,27/11 - 2016,0
11517498,365discount A/S,Fakta 0346,Borupgårdcentret 1,3070,Snekkersten,01/01 - 1994,08/05 - 2016,0
11517498,365discount A/S,Fakta 0001,Vestergårdsvej 16,8260,Viby J,01/01 - 1984,29/02 - 2016,0
11517498,365discount A/S,Fakta 0230,Gl Vardevej 230,6715,Esbjerg N,07/10 - 2008,24/08 - 2011,2-4
11517498,365discount A/S,FAKTA 0857,Glentevej 16,7400,Herning,17/01 - 2013,29/02 - 2016,0
11517498,365discount A/S,FAKTA 0490,Norvangen 1A,4220,Korsør,31/05 - 2012,22/05 - 2016,0
11517498,365discount A/S,Fakta 0049,Rendebanen 13,6000,Kolding,13/09 - 2012,29/02 - 2016,0
11517498,365discount A/S,Fakta 0382,Torvegade 21,4640,Faxe,01/12 - 2005,12/05 - 2012,0
11517498,365discount A/S,Fakta 0077,H I Bies Plads 11,9500,Hobro,01/01 - 1985,29/02 - 2016,0
11517498,365discount A/S,Fakta 0425,Søborg Torv 1,2860,Søborg,01/01 - 1992,29/02 - 2016,0
11517498,365discount A/S,Fakta 0545,Højengen 3,2980,Kokkedal,18/03 - 2013,27/12 - 2016,0
11517498,365discount A/S,Fakta 0326,Storegade 76,4780,Stege,01/01 - 1992,10/03 - 2013,0
11517498,365discount A/S,Fakta 0333,Bytorvet 2,4281,Gørlev,01/01 - 1993,23/09 - 2006,10-19
11517498,365discount A/S,Fakta 0305,Torvet 1B,4990,Sakskøbing,01/01 - 1989,07/06 - 2013,0
11517498,365discount A/S,Fakta 0023,Ny Boder 31,7080,Børkop,24/02 - 2000,02/04 - 2013,0
11517498,365discount A/S,Fakta 0821,Stationsvej 7,5464,Brenderup Fyn,09/04 - 2013,01/12 - 2014,10-19
11517498,365discount A/S,FAKTA,Aftensang 26,6040,Egtved,01/01 - 1984,31/12 - 2004,2-4
11517498,365discount A/S,Fakta 0094,Hørretvej 16,8320,Mårslet,03/03 - 2005,15/06 - 2015,0
11517498,365discount A/S,Fakta 0079,Støvring Bycenter 1,9530,Støvring,22/11 - 1990,07/08 - 2007,10-19
11517498,365discount A/S,Fakta 0130,Nymarksvej 34B,7000,Fredericia,23/11 - 2012,22/05 - 2016,0
11517498,365discount A/S,Fakta 0070,Østergade 8,6240,Løgumkloster,01/01 - 1985,23/09 - 2006,10-19
11517498,365discount A/S,Fakta 0152,Aftensang 8,6040,Egtved,22/04 - 2004,15/06 - 2015,1
11517498,365discount A/S,Fakta 0378,Teglporten 3,3460,Birkerød,01/01 - 1994,23/09 - 2006,1
11517498,365discount A/S,Fakta,Nørremark Center 10,7100,Vejle,04/11 - 2004,04/11 - 2004,10-19
11517498,365discount A/S,Fakta 0054,Mosevej 68,6000,Kolding,13/06 - 2002,15/06 - 2015,0
11517498,365discount A/S,Fakta 0190,Østergade 3C,6840,Oksbøl,01/01 - 1993,30/08 - 2015,0
11517498,365discount A/S,Fakta 0014,Østerbrogade 24,8500,Grenaa,01/03 - 1999,07/10 - 2010,10-19
11517498,365discount A/S,Fakta 0424,Stengårds Alle 65,2800,Kgs. Lyngby,01/01 - 1992,15/06 - 2015,0
11517498,365discount A/S,Fakta 0248,Møllegade 5,7300,Jelling,24/02 - 2005,15/06 - 2015,0
11517498,365discount A/S,FAKTA,Markedsgade 24,8900,Randers C,01/01 - 1984,16/11 - 2005,2-4
11517498,365discount A/S,Fakta 0289,Bytorvet 11,8541,Skødstrup,27/08 - 2008,13/11 - 2013,2-4
11517498,365discount A/S,Fakta,Jens Baggesens Vej 7,8210,Århus V,28/02 - 1966,01/01 - 2005,2-4
11517498,365discount A/S,FAKTA,Engdraget 1,5900,Rudkøbing,01/01 - 1984,31/12 - 2004,10-19
11517498,365discount A/S,FAKTA,Vestergade 53,8600,Silkeborg,01/01 - 1984,01/01 - 2004,10-19
11517498,365discount A/S,FAKTA,Østergade 19,7500,Holstebro,15/05 - 1997,31/12 - 2003,1
11517498,365discount A/S,FAKTA,Engdraget 2,6880,Tarm,01/01 - 1989,16/11 - 2005,5-9
11517498,365discount A/S,FAKTA,Østergade 56,6520,Toftlund,01/01 - 1984,31/12 - 2004,0
11517498,365discount A/S,FAKTA ISLEV CENTER,Islevbrovej 26,2610,Rødovre,01/01 - 1993,31/12 - 2004,1
11517498,365discount A/S,Fakta 0022,Solbjerg Hovedgade 90A,8355,Solbjerg,13/04 - 2000,29/08 - 2008,2-4
11517498,365discount A/S,Fakta 0099,Vestergade 11,9870,Sindal,16/02 - 1995,14/03 - 2008,10-19
11517498,365discount A/S,FAKTA VAMDRUP,Nørregade 15A,6580,Vamdrup,01/01 - 1989,31/12 - 2004,0
11517498,365discount A/S,FAKTA,Storegade 93,6670,Holsted,01/01 - 1987,31/12 - 2004,5-9
11517498,365discount A/S,Fakta 0130,Svinget 2,6800,Varde,01/01 - 1989,23/09 - 2006,0
11517498,365discount A/S,FAKTA,Engen 8,7620,Lemvig,01/01 - 1983,16/11 - 2005,5-9
11517498,365discount A/S,Fakta 0274,Strandvejen 61,7120,Vejle Øst,16/08 - 2006,31/12 - 2014,0
11517498,365discount A/S,Fakta 0115,Aabybro Centret 13,9440,Aabybro,01/01 - 1984,30/12 - 2013,0
11517498,365discount A/S,Fakta 0337,Kongensgade 1,3550,Slangerup,01/01 - 1993,31/12 - 2014,0
11517498,365discount A/S,Fakta 0126,Sofiendalvej 10,5500,Middelfart,28/08 - 2003,07/12 - 2014,10-19
11517498,365discount A/S,FAKTA 0342,Falkoner Alle 13,2000,Frederiksberg,18/09 - 2012,13/12 - 2015,0
11517498,365discount A/S,Fakta 0009,Nørregade 4,7400,Herning,01/01 - 1984,04/04 - 2009,5-9
11517498,365discount A/S,Fakta 0114,Bredgade 67,7600,Struer,12/11 - 1987,22/01 - 2012,10-19
11517498,365discount A/S,Fakta 0006 CITY VEST,Gudrunsvej 7,8220,Brabrand,01/06 - 1997,31/12 - 2006,10-19
11517498,365discount A/S,Fakta 0041,Hjortkjærsvej 2,9600,Aars,01/01 - 1985,20/10 - 2007,5-9
11517498,365discount A/S,Fakta 0097,Rugårdsvej 191,5210,Odense NV,01/01 - 1989,04/04 - 2009,2-4
11517498,365discount A/S,Fakta 0085,Grønnegade 51,6700,Esbjerg,01/01 - 1988,04/04 - 2009,5-9
11517498,365discount A/S,Fakta 0214,Randersvej 40,6700,Esbjerg,20/10 - 2011,25/03 - 2013,0
11517498,365discount A/S,Fakta 0398,Ishøj Østergade 10,2635,Ishøj,01/01 - 1993,29/07 - 2011,0
11517498,365discount A/S,Fakta 0066,Nordre Boulevard 76,6800,Varde,03/10 - 2002,01/12 - 2014,20-49
11517498,365discount A/S,Fakta 0271,Odshøjvej 3,8800,Viborg,17/11 - 2005,30/12 - 2012,0
11517498,365discount A/S,Fakta 0007,Jernbanegade 18,8382,Hinnerup,01/12 - 1997,03/10 - 2009,10-19
11517498,365discount A/S,Fakta 0381,Hovedgaden 60E,4140,Borup,01/04 - 1997,12/05 - 2012,0
11517498,365discount A/S,Fakta 0371,Vestergade 4,4930,Maribo,01/01 - 1993,06/08 - 2010,10-19
11517498,365discount A/S,Fakta 0191,Gravene 30E,8800,Viborg,12/10 - 1995,29/02 - 2016,0
11517498,365discount A/S,Fakta 0843,Fynsvej 100,6000,Kolding,06/06 - 2013,22/05 - 2016,0
11517498,365discount A/S,Fakta 0037,Hjertingvej 15,6800,Varde,01/01 - 1984,29/02 - 2016,0
11517498,365discount A/S,Fakta 0168,Sundsnæs 15A,6300,Gråsten,01/01 - 1984,29/02 - 2016,0
11517498,365discount A/S,Fakta 0391,Jernbanegade 8,4700,Næstved,06/01 - 2007,29/02 - 2016,0
11517498,365discount A/S,Fakta 0283,Gl. Jennumvej 3,8930,Randers NØ,26/06 - 2008,29/02 - 2016,0
11517498,365discount A/S,Fakta 0358,Slotsvolden 7,4300,Holbæk,10/07 - 2012,29/02 - 2016,0
11517498,365discount A/S,Fakta 0474,Store Kongensgade 21,1264,København K,27/04 - 2011,31/12 - 2017,0
11517498,365discount A/S,Fakta 0180,Skansevej 50,7000,Fredericia,01/01 - 1992,29/02 - 2016,0
11517498,365discount A/S,Fakta 0323,Perlestikkergade 15C,4900,Nakskov,01/01 - 1992,29/02 - 2016,0
11517498,365discount A/S,Fakta 0182,Vestergade 32,5800,Nyborg,02/09 - 2004,22/11 - 2015,0
11517498,365discount A/S,Fakta 0204,Marsvej 26,8960,Randers SØ,11/11 - 2010,19/06 - 2016,0
11517498,365discount A/S,Fakta 0448,Marielyst Strandpark 4,4873,Væggerløse,12/07 - 2007,29/02 - 2016,0
11517498,365discount A/S,FAKTA 0477,Nordre Strandvej 349,3100,Hornbæk,01/12 - 2011,08/01 - 2017,0
11517498,365discount A/S,Fakta 0167,Jørgen Fibigersgade 25,9850,Hirtshals,01/01 - 1984,11/11 - 2017,10-19
11517498,365discount A/S,Fakta 0024,Ørbækvej 75,5220,Odense SØ,20/03 - 2000,21/05 - 2018,0
11517498,365discount A/S,Fakta 0874,Randersvej 42,6700,Esbjerg,05/02 - 2013,21/05 - 2018,0
11517498,365discount A/S,Fakta 0410,Amagerbrogade 49,2300,København S,27/03 - 2003,30/06 - 2019,0
11517498,365discount A/S,Fakta 0112,Viborgvej 21,8600,Silkeborg,27/06 - 2012,21/05 - 2018,0
11517498,365discount A/S,Fakta 0087,Smøgen 11,9990,Skagen,10/03 - 1988,21/05 - 2018,0
11517498,365discount A/S,Fakta 0170,Strandvejen 31,7130,Juelsminde,01/01 - 1984,21/05 - 2018,0
11517498,365discount A/S,Fakta 0064,Egå Havvej 2V,8250,Egå,22/08 - 2002,21/05 - 2018,0
11517498,365discount A/S,Fakta 0389,Sigerslevvej 1,4660,Store Heddinge,03/02 - 2005,21/05 - 2018,0
11517498,365discount A/S,Fakta 0104,Mejlstedgade 9,9700,Brønderslev,01/01 - 1985,21/05 - 2018,0
11517498,365discount A/S,Fakta 0301,Sct Jørgens Park 92,4700,Næstved,10/11 - 1988,07/08 - 2019,10-19
11517498,365discount A/S,Fakta 0302,Østerbro 17,4720,Præstø,30/03 - 2004,21/05 - 2018,0
11517498,365discount A/S,Fakta 0017,Vestergade 35,6200,Aabenraa,01/01 - 1984,21/05 - 2018,0
11517498,365discount A/S,Fakta 0166,Langegade 49,5300,Kerteminde,01/01 - 1984,21/05 - 2018,0
11517498,365discount A/S,Fakta 0124,Sydbanegade 3,6000,Kolding,01/01 - 1989,30/06 - 2019,0
11517498,365discount A/S,FAKTA A/S,Birke Alle 15,8981,Spentrup,23/05 - 2018,30/06 - 2019,0
11517498,365discount A/S,Fakta 0396,Drivsåtvej 4A,4450,Jyderup,10/03 - 2005,21/05 - 2018,0
11517498,365discount A/S,Fakta 0427,Nivå Center 60,2990,Nivå,01/01 - 1991,21/05 - 2018,0
11517498,365discount A/S,Fakta 0574,Møllemarken 10,4622,Havdrup,25/01 - 2014,21/05 - 2018,0
11517498,365discount A/S,Fakta 0079,Jernbanegade 5,9530,Støvring,10/04 - 2003,21/05 - 2018,0
11517498,365discount A/S,Fakta 0818,Toftekær 6,5471,Søndersø,01/03 - 2013,21/05 - 2018,0
11517498,365discount A/S,Fakta 0164,Gravene 18,6100,Haderslev,01/01 - 1984,21/05 - 2018,0
11517498,365discount A/S,Fakta 0368,Allerød Stationsvej 3,3450,Allerød,01/01 - 1993,21/05 - 2018,0
11517498,365discount A/S,Fakta 0084,Dalumvej 42,5250,Odense SV,11/02 - 1988,21/05 - 2018,0
11517498,365discount A/S,Fakta 0418,Jyllingecentret 6,4040,Jyllinge,15/11 - 1990,21/05 - 2018,0
11517498,365discount A/S,Fakta 0456,Brogade 10,4990,Sakskøbing,12/04 - 2013,25/10 - 2018,10-19
11517498,365discount A/S,Fakta 0059,Vejlevej 317-321,6000,Kolding,09/01 - 2003,29/04 - 2018,10-19
11517498,365discount A/S,Fakta 0429,Nordre Fasanvej 15,2000,Frederiksberg,27/03 - 2008,25/04 - 2018,0
11517498,365discount A/S,Fakta 0132,Vimmelskaftet 3,7323,Give,22/02 - 1990,10/09 - 2017,0
11517498,365discount A/S,Fakta 0466,Nygårds Plads 23B,2605,Brøndby,13/10 - 2011,17/06 - 2018,0
11517498,365discount A/S,Fakta 0336,Smedegade 10,4200,Slagelse,01/01 - 1992,21/05 - 2018,0
11517498,365discount A/S,Fakta 0241,Sjællandsgade 16-22,9000,Aalborg,30/12 - 1995,21/05 - 2018,0
11517498,365discount A/S,Fakta 0236,Trojels Knæ 2,6760,Ribe,11/09 - 2008,21/05 - 2018,0
11517498,365discount A/S,Fakta 0029,Vindegade 124,5000,Odense C,01/01 - 1983,01/03 - 2017,0
11517498,365discount A/S,Fakta 0071,Sunds Hovedgade 58-60,7451,Sunds,11/09 - 2003,21/05 - 2018,0
11517498,365discount A/S,Fakta 0039,Nylandsvej 11,7830,Vinderup,22/03 - 2001,21/05 - 2018,0
11517498,365discount A/S,Fakta 0440,Skallegårdsvej 9,4700,Næstved,01/02 - 2007,21/05 - 2018,0
11517498,365discount A/S,Fakta 0070,Lind Hovedgade 17,7400,Herning,01/06 - 2012,21/05 - 2018,0
11517498,365discount A/S,Fakta 0015,Holmegade 34,6990,Ulfborg,01/06 - 2012,21/05 - 2018,0
11517498,365discount A/S,FAKTA 0531,Nørrebrogade 174,2200,København N,28/02 - 2014,21/05 - 2018,0
11517498,365discount A/S,Fakta 0295,Guldsmedgade 42,8000,Aarhus C,18/12 - 2007,21/05 - 2018,0
11517498,365discount A/S,Fakta 0449,Kofod Anchers Vej 61,3060,Espergærde,18/12 - 2007,21/05 - 2018,0
11517498,365discount A/S,Fakta 0269,Gammelbro 62,7190,Billund,03/08 - 2006,21/05 - 2018,0
11517498,365discount A/S,fakta 0563,Greve Midtby Center 14A,2670,Greve,11/03 - 2014,21/05 - 2018,0
11517498,365discount A/S,Fakta 0162,Adelgade 101,5400,Bogense,22/12 - 1980,21/05 - 2018,0
11517498,365discount A/S,Fakta 0154,Tingvallavej 5,5210,Odense NV,01/01 - 1984,21/05 - 2018,0
11517498,365discount A/S,Fakta 0172,Vodskovvej 19A,9310,Vodskov,01/01 - 1991,21/05 - 2018,0
11517498,365discount A/S,Fakta 0018,N.A.Jørgensens Plads 5,6740,Bramming,01/01 - 1984,16/04 - 2018,0
11517498,365discount A/S,Fakta 0464,Ved Åen 1,4930,Maribo,12/08 - 2010,21/05 - 2018,0
11517498,365discount A/S,Fakta 0119,Nørregade 12,6580,Vamdrup,27/05 - 2004,21/05 - 2018,0
11517498,365discount A/S,Fakta 0033,Kolt Østervej 25,8361,Hasselager,19/10 - 2000,21/05 - 2018,0
11517498,365discount A/S,Fakta 0380,Hvedevænget 86,4700,Næstved,15/03 - 1998,21/05 - 2018,0
11517498,365discount A/S,Fakta 0362,Østerbrogade 125,2100,København Ø,01/12 - 2005,21/05 - 2018,0
11517498,365discount A/S,Fakta 0296,Vesterbro 62,9000,Aalborg,06/12 - 2007,21/05 - 2018,0
11517498,365discount A/S,Fakta 0016,Hobrovej 446A,9200,Aalborg SV,01/07 - 1997,21/05 - 2018,0
11517498,365discount A/S,Fakta 0299,Ved Banen 14,9870,Sindal,18/12 - 2007,21/05 - 2018,0
11517498,365discount A/S,Fakta 0090,Vestergade 16,7500,Holstebro,04/09 - 2003,21/05 - 2018,0
11517498,365discount A/S,Fakta 0055,Løgumklostervej 121,6200,Aabenraa,30/10 - 2003,31/10 - 2018,10-19
11517498,365discount A/S,FAKTA 0234,Vestergade 32,7200,Grindsted,01/03 - 2012,31/10 - 2018,10-19
11517498,365discount A/S,Fakta,Sjællandsgade 16-22,9000,Aalborg,27/02 - 2006,27/02 - 2006,
11517498,365discount A/S,FAKTA ÅRUP,Indre Ringvej 9-11,5560,Aarup,14/07 - 2011,17/07 - 2011,
11517498,365discount A/S,Fakta 0089,Nørreled 6,9620,Aalestrup,14/08 - 2003,17/05 - 2020,1
11517498,365discount A/S,Fakta 0184,"Jagtvej 53, st",6705,Esbjerg Ø,01/01 - 1993,27/02 - 2020,2
11517498,365discount A/S,Fakta 0159,Marievej 5,6700,Esbjerg,14/01 - 2005,12/03 - 2020,1
11517498,365discount A/S,Fakta 0262,Industrivej 1,7430,Ikast,10/02 - 2005,10/11 - 2019,10-19
11517498,365discount A/S,Fakta 0081,Skovvej 2,9510,Arden,01/01 - 1989,26/04 - 2020,14
11517498,365discount A/S,Fakta 0011,Strøget 4,7430,Ikast,01/01 - 1984,13/10 - 2019,1
11517498,365discount A/S,Fakta 0107,Toldbodvej 15B,5700,Svendborg,01/11 - 1986,13/06 - 2021,1
11517498,365discount A/S,Fakta 0120,Nørre Alle 16,8362,Hørning,01/01 - 1984,03/09 - 2021,1
11517498,365discount A/S,Fakta 0044,Nattergalvej 35,8930,Randers NØ,29/11 - 2001,27/02 - 2022,2
11517498,365discount A/S,Fakta 0042,Mejerivej 1,6870,Ølgod,03/04 - 2003,17/12 - 2021,2
11517498,365discount A/S,Fakta 0432,Pantholm 45,4200,Slagelse,21/12 - 2005,17/12 - 2021,8
11517498,365discount A/S,Fakta 0231,Søndergade 61,5620,Glamsbjerg,16/09 - 2008,17/12 - 2021,2
11517498,365discount A/S,Fakta 0438,"Gyngemose Parkvej 76, st",2860,Søborg,03/10 - 2008,20/06 - 2021,1
11517498,365discount A/S,Fakta 0454,Smidstrup Strandvej 49-51,3250,Gilleleje,09/03 - 2009,01/04 - 2021,1
11517498,365discount A/S,Fakta 0213,Energivej 22,8920,Randers NV,01/08 - 2010,13/02 - 2022,23
11517498,365discount A/S,Fakta 0446,Herlev Torv 28,2730,Herlev,27/04 - 2011,17/12 - 2021,1
11517498,365discount A/S,FAKTA 0183,Havborgvej 4,6710,Esbjerg V,01/05 - 2012,15/01 - 2021,2
11517498,365discount A/S,Fakta,Frydenlunds Allé 7,8210,Aarhus V,21/01 - 2013,14/11 - 2021,5
11517498,365discount A/S,Fakta 0047,Rømersvej 2,5200,Odense V,29/05 - 2013,21/02 - 2022,1
11517498,365discount A/S,Fakta 0155,Vejlevej 101,7000,Fredericia,28/04 - 2009,24/04 - 2022,4
11517498,365discount A/S,FAKTA 0580,Frederiksborggade 15,1360,København K,17/01 - 2013,29/09 - 2022,9
11517498,365discount A/S,Fakta 0267,Jens Baggesens Vej 7,8210,Aarhus V,24/02 - 2005,06/11 - 2022,9
11517498,365discount A/S,Fakta 0402,Trojels Gård 2,4850,Stubbekøbing,01/07 - 1994,30/11 - 2022,4
11517498,365discount A/S,Fakta 0338,Farum Bytorv 63,3520,Farum,01/01 - 1993,30/11 - 2022,6
11517498,365discount A/S,Fakta 0160,Sankt Jørgens Gade 35-39,6400,Sønderborg,01/01 - 1984,25/11 - 2022,8
11517498,365discount A/S,Fakta 0062,Enghaven 12,7500,Holstebro,29/08 - 2002,01/12 - 2022,3
11517498,365discount A/S,Fakta 0294,Markedsvej 3A,9600,Aars,19/10 - 2007,30/11 - 2022,7
11517498,365discount A/S,Fakta 0826,Dytmærsken 9,8900,Randers C,02/11 - 2012,09/12 - 2022,7
11517498,365discount A/S,Fakta 0836,Bygaden 64,8700,Horsens,04/01 - 2013,01/12 - 2022,3
11517498,365discount A/S,Fakta 0811,Bredgade 33,7480,Vildbjerg,30/09 - 2016,01/12 - 2022,1
11517498,365discount A/S,Fakta 0061,Baggersgade 6,5800,Nyborg,01/01 - 1984,16/02 - 2023,2
11517498,365discount A/S,Fakta 0356,Nordre Fasanvej 117,2000,Frederiksberg,11/10 - 2004,16/02 - 2023,1
11517498,365discount A/S,Coop 365discount Odense Nørregade,Nørregade 63,5000,Odense C,01/03 - 2012,18/12 - 2022,6
11517498,365discount A/S,FAKTA 0494,Vinkældertorvet 8,4640,Faxe,15/05 - 2012,16/02 - 2023,1
11517498,365discount A/S,Fakta 0360,Amagerbrogade 242,2300,København S,01/01 - 1993,30/11 - 2022,5
11517498,365discount A/S,Fakta 0375,Frederikssundsvej 123,2700,Brønshøj,01/01 - 1993,30/11 - 2022,5
11517498,365discount A/S,Fakta 0143,Erritsø Bygade 122,7000,Fredericia,01/01 - 1985,30/11 - 2022,4
11517498,365discount A/S,Fakta 0303,Krogshøjvej 1,2880,Bagsværd,26/02 - 2004,30/11 - 2022,13
11517498,365discount A/S,Fakta 0259,Fridtjof Nansens Vej 2A,9210,Aalborg SØ,25/08 - 2005,16/02 - 2023,5
11517498,365discount A/S,Fakta 0275,Jernbanegade 2,9560,Hadsund,25/01 - 2007,30/11 - 2022,5
11517498,365discount A/S,Fakta 0457,Frederikssundsvej 324,2700,Brønshøj,17/02 - 2010,30/11 - 2022,11
11517498,365discount A/S,Fakta 0849,Bogensevej 62,5270,Odense N,03/10 - 2013,27/11 - 2022,1
11517498,365discount A/S,Fakta 0819,Frijsenborgvej 5,8240,Risskov,01/10 - 2014,18/12 - 2022,1
11517498,365discount A/S,Fakta 0181,Ormhøjgårdvej 1,8700,Horsens,07/10 - 2004,01/12 - 2022,3
11517498,365discount A/S,365discount Industriens Hus,Vesterbrogade 1A,1620,København V,06/02 - 2023,06/10 - 2023,
11517498,365discount A/S,Coop 365discount Roskilde,Køgevej 108B,4000,Roskilde,01/01 - 1992,11/06 - 2023,5
11517498,365discount A/S,365discount Kbh K Borgergade,Borgergade 27,1300,København K,01/01 - 1993,10/09 - 2023,1
11517498,365discount A/S,Coop 365discount Nykøbing Mors,Algade 5,7900,Nykøbing M,13/09 - 2012,13/08 - 2023,2
11517498,365discount A/S,365discount Køge Park,Rådhusstræde 10H,4600,Køge,19/04 - 2018,27/08 - 2023,3
11517498,365discount A/S,365discount Aalborg Kastetvej,Kastetvej 37,9000,Aalborg,01/01 - 1985,05/05 - 2024,27
11517498,365discount A/S,365discount Frederiksværk,Nørregade 38,3300,Frederiksværk,01/01 - 1993,05/04 - 2024,3
11517498,365discount A/S,365discount Herfølge,Billesborgvej 8,4681,Herfølge,01/01 - 1994,16/07 - 2025,2
11517498,365discount A/S,365discount Helsinge,Frederiksborgvej 18,3200,Helsinge,01/07 - 1999,14/03 - 2024,6
11517498,365discount A/S,365discount Odense C Benediktsgade,Benediktsgade 46,5000,Odense C,27/02 - 2003,16/04 - 2025,5
11517498,365discount A/S,365discount Jægerspris,"Hovedgaden 40A, st",3630,Jægerspris,27/01 - 2005,03/03 - 2024,1
11517498,365discount A/S,"365discount Sæby, Rådhus Centret",Sophus Falcks Vej 1C,9300,Sæby,07/04 - 2005,16/04 - 2025,1
11517498,365discount A/S,365discount Højby Sjælland,Mellemvang 2,4573,Højby,02/08 - 2007,12/10 - 2024,18
11517498,365discount A/S,365discount Terndrup,Terndrup Center 1A,9575,Terndrup,25/06 - 2007,16/04 - 2025,1
11517498,365discount A/S,365discount Solbjerg,Solbjerg Hedevej 25,8355,Solbjerg,27/08 - 2008,18/02 - 2024,33
11517498,365discount A/S,365discount Ejby Sj,Ejbyvej 66,4623,Lille Skensved,01/01 - 2011,16/04 - 2025,2
11517498,365discount A/S,365discount Årup,Indre Ringvej 9,5560,Aarup,06/07 - 2011,28/01 - 2025,1
11517498,365discount A/S,"365discount Fr. Berg, Peter Bangsvej",Peter Bangs Vej 24,2000,Frederiksberg,01/03 - 2012,16/04 - 2025,14
11517498,365discount A/S,365discount Vestbjerg,Blomsterbakken 2A,9380,Vestbjerg,29/11 - 2013,16/04 - 2025,1
11517498,365discount A/S,"365discount Ringsted, Jyllandsgade",Jyllandsgade 13,4100,Ringsted,28/02 - 2011,28/01 - 2025,4
11517498,365discount A/S,"365discount Kbh, Æbeløgade",Æbeløgade 20,2100,København Ø,01/03 - 2012,16/04 - 2025,1
11517498,365discount A/S,365discount Glostrup,Diget 60,2600,Glostrup,23/03 - 1995,30/09 - 2025,1
11517498,365discount A/S,365discount Hedensted,Bytorvet 32,8722,Hedensted,01/01 - 1984,16/04 - 2025,2
11517498,365discount A/S,365discount Kbh N Hamletsgade,Hamletsgade 8,2200,København N,01/01 - 1993,16/04 - 2025,1
11517498,365discount A/S,365discount Vejle Enghavecentret,Enghavevej 9A,7100,Vejle,01/01 - 1989,16/04 - 2025,1
11517498,365discount A/S,365discount Kibæk,Sandfeldparken 34,6933,Kibæk,07/10 - 2004,16/04 - 2025,1
11517498,365discount A/S,365discount Frberg H C Ørstedsvej,"H.C. Ørsteds Vej 4B, st",1879,Frederiksberg C,13/03 - 2007,16/04 - 2025,4
11517498,365discount A/S,365discount Pandrup,Blokhusvej 9,9490,Pandrup,30/07 - 2009,16/04 - 2025,1
11517498,365discount A/S,"365discount Hillerød, Helsongørgade",Østergade 7,3400,Hillerød,06/02 - 2023,16/04 - 2025,4
11517498,365discount A/S,365discount Højby Odense,Svendborgvej 319A,5260,Odense S,12/10 - 2000,16/04 - 2025,1
11517498,365discount A/S,"365discount Gråsten, Torvet",August Kraags Plads 12,6300,Gråsten,28/04 - 2005,16/04 - 2025,20
11517498,365discount A/S,365discount Lemvig,Ågade 12,7620,Lemvig,09/06 - 2005,16/04 - 2025,1
11517498,365discount A/S,"365discount Randers, Vorup",Bøsbrovej 22,8940,Randers SV,11/01 - 2007,16/04 - 2025,1
11517498,365discount A/S,365discount Gistrup,Nøvlingvej 27,9260,Gistrup,27/08 - 2007,16/04 - 2025,2
11517498,365discount A/S,365discount Tommerup,Møllebakken 20,5690,Tommerup,13/10 - 2011,16/04 - 2025,1
11517498,365discount A/S,365discount Metropolen,Njalsgade 72A,2300,København S,18/09 - 2012,16/04 - 2025,3
11517498,365discount A/S,"365discount Odense, Faaborgvej",Faaborgvej 102,5250,Odense SV,05/02 - 2015,16/04 - 2025,1
11517498,365discount A/S,365discount Smidstrup,Smidstrup Strandvej 65,3250,Gilleleje,15/01 - 2021,16/04 - 2025,20
11517498,365discount A/S,365discount Islands Brygge,Islands Brygge 79E,2300,København S,06/02 - 2023,16/04 - 2025,1
11517498,365discount A/S,"365discount Roskilde, Astersvej",Astersvej 3-55,4000,Roskilde,11/08 - 2005,,12
11517498,365discount A/S,365discount Skørping,Skørping Center 16,9520,Skørping,12/01 - 1995,,47
11517498,365discount A/S,365discount Vissenbjerg,Østergade 4,5492,Vissenbjerg,17/03 - 2005,,26
11517498,365discount A/S,365discount Hinnerup,Storegade 20,8382,Hinnerup,17/08 - 2009,,31
11517498,365discount A/S,365discount Tranbjerg,Ingerslevtoften 2,8310,Tranbjerg J,17/08 - 2009,,30
11517498,365discount A/S,365discount Taulov,Adelvej 63,7000,Fredericia,02/05 - 2005,,37
11517498,365discount A/S,"365discount Rødovre, Valhøjs Alle",Valhøjs Alle 67A,2610,Rødovre,09/06 - 2005,,30
11517498,365discount A/S,"365discount Kbh N, Jagtvej 141",Jagtvej 141,2200,København N,01/11 - 1990,,1
11517498,365discount A/S,365discount Svendborg Vesterløkken,Vesterløkken 4,5700,Svendborg,01/01 - 1989,,5
11517498,365discount A/S,365discount Eternitten,Alexander Foss Gade 10,9000,Aalborg,25/11 - 2014,,2
11517498,365discount A/S,365discount Lejre,Kornvænget 2,4320,Lejre,16/09 - 2008,,26
11517498,365discount A/S,365discount Tårs,Guldregnvej 3,9830,Tårs,28/11 - 2009,,22
11517498,365discount A/S,"365discount Hvidovre, Gl Køge Landevej",Gammel Køge Landevej 258,2650,Hvidovre,14/03 - 2007,,22
11517498,365discount A/S,"365discount Odense, La Ringsvej",L.A. Rings Vej 100,5230,Odense M,01/01 - 1992,,1
11517498,365discount A/S,"365discount Frederiksberg, Rolighedsvej",Rolighedsvej 7,1958,Frederiksberg C,01/01 - 1993,,16
11517498,365discount A/S,"365discount Frederiksh, Hjørringvej",Hjørringvej 143A,9900,Frederikshavn,22/02 - 1990,,28
11517498,365discount A/S,"365discount Randers, Kristrup",Engboulevarden 5,8960,Randers SØ,01/01 - 1993,,36
11517498,365discount A/S,365discount Vejen,Søndergade 103,6600,Vejen,01/01 - 1984,,26
11517498,365discount A/S,365discount Kbh S Amagerbrogade 150,Amagerbrogade 150,2300,København S,01/01 - 1992,,24
11517498,365discount A/S,"365discount Skive, Asylgade",Asylgade 3,7800,Skive,01/01 - 1993,,31
11517498,365discount A/S,365discount Taastrup,Østerparken 8 1.,2630,Taastrup,01/01 - 1992,,39
11517498,365discount A/S,365discount Horsens Langemarksvej,Langmarksvej 105,8700,Horsens,01/01 - 1989,,28
11517498,365discount A/S,365discount Valby,Vigerslev Allé 126,2500,Valby,22/11 - 1990,,26
11517498,365discount A/S,365discount Kbh N Lundtoftegade,Lundtoftegade 1,2200,København N,01/01 - 1991,,20
11517498,365discount A/S,"365discount Fredericia, Vendersgade",Vendersgade 1L,7000,Fredericia,01/01 - 1994,,28
11517498,365discount A/S,365discount Kbh Ø Lundehus,Lyngbyvej 151,2100,København Ø,01/01 - 1992,,20
11517498,365discount A/S,365discount Kingosgade Frb C,Kingosgade 11,1818,Frederiksberg C,12/07 - 1990,,17
11517498,365discount A/S,365discount Smørum,Flodvej 75A,2765,Smørum,05/07 - 1990,,34
11517498,365discount A/S,365discount Odder,Lundevej 1,8300,Odder,01/01 - 1984,,29
11517498,365discount A/S,"365discount Kbh SV, Mozartsplads",Mozarts Plads 1,2450,København SV,22/11 - 1990,,24
11517498,365discount A/S,365discount A/S,Roskildevej 65,2620,Albertslund,01/01 - 1985,,124
11517498,365discount A/S,365discount Kbh N Nørrebrogade,Nørrebrogade 16,2200,København N,01/01 - 1992,,33
11517498,365discount A/S,365discount Bording,Bredgade 15,7441,Bording,01/01 - 1989,,20
11517498,365discount A/S,365discount Hasle,Kappelvænget 8A,8210,Aarhus V,01/01 - 1989,,35
11517498,365discount A/S,365discount Rønde,Hovedgaden 57,8410,Rønde,01/03 - 1990,,17
11517498,365discount A/S,"365discount Århus, Norges Alle",Norges Allé 1-53,8200,Aarhus N,22/12 - 1980,,29
11517498,365discount A/S,365discount Kjellerup,Søndergade 14,8620,Kjellerup,01/01 - 1987,,25
11517498,365discount A/S,365discount Lyngby Station,Jernbanepladsen 49,2800,Kgs. Lyngby,01/01 - 1993,,20
11517498,365discount A/S,365discount Ringe,Stationsvej 13,5750,Ringe,01/01 - 1989,,27
11517498,365discount A/S,"365discount Herlev, Vindebyvej",Vindebyvej 25,2730,Herlev,03/11 - 1988,,27
11517498,365discount A/S,"365discount Hvidovre, A Niels Boulev",Arnold Nielsens Boulevard 2,2650,Hvidovre,01/01 - 1989,,28
11517498,365discount A/S,365discount Vejle Vindinggaard,Vindinggård Center 29,7100,Vejle,14/01 - 1988,,25
11517498,365discount A/S,365discount Aabenraa Tøndervej,Tøndervej 4,6200,Aabenraa,01/01 - 1993,,23
11517498,365discount A/S,365discount Vanløse Ålekistevej,Ålekistevej 47,2720,Vanløse,01/01 - 1993,,26
11517498,365discount A/S,365discount Solrød,Solrød Center 60,2680,Solrød Strand,01/01 - 1993,,23
11517498,365discount A/S,365discount Hedehusene,Hovedgaden 435,2640,Hedehusene,01/01 - 1992,,40
11517498,365discount A/S,365discount Langenæs,Skanderborgvej 26,8000,Aarhus C,01/01 - 1991,,28
11517498,365discount A/S,365discount Esbjerg Tordenskjoldsgade,Tordenskjoldsgade 22,6700,Esbjerg,01/01 - 1984,,33
11517498,365discount A/S,"365discount Frederiksberg,Finsensvej","Finsensvej 47A, st",2000,Frederiksberg,22/12 - 1980,,22
11517498,365discount A/S,365discount Ølstykke,Ørnebjergvej 3,3650,Ølstykke,02/01 - 2001,,31
11517498,365discount A/S,"365discount Kbh S, Njalsgade",Njalsgade 13,2300,København S,01/01 - 1992,,24
11517498,365discount A/S,365discount Kbh Sv Borgbjergsvej,Borgbjergsvej 28,2450,København SV,01/01 - 1993,,26
11517498,365discount A/S,"365discount Charlottenl,Jægersb Alle",Jægersborg Alle 14,2920,Charlottenlund,01/01 - 1989,,30
11517498,365discount A/S,365discount Helsingør,Gurrevej 97,3000,Helsingør,01/11 - 1990,,23
11517498,365discount A/S,365discount Bjerringbro,Torvegade 15,8850,Bjerringbro,01/01 - 1984,,19
11517498,365discount A/S,365discount Trøjborg,Tordenskjoldsgade 75A,8200,Aarhus N,01/01 - 1984,,24
11517498,365discount A/S,"365discount Haderslev, Bygnaf",Bygnaf 9A,6100,Haderslev,17/11 - 1988,,20
11517498,365discount A/S,365discount Esbjerg Sp Møllevej,Spangsbjerg Møllevej 5,6715,Esbjerg N,30/08 - 1990,,19
11517498,365discount A/S,365discount Humlebæk,Humlebæk Center 3,3050,Humlebæk,01/01 - 1992,,42
11517498,365discount A/S,365discount Randers Hadsundvej,Hadsundvej 83,8930,Randers NØ,11/01 - 1990,,36
11517498,365discount A/S,365discount Virum,Virum Torv 5,2830,Virum,01/01 - 1993,,24
11517498,365discount A/S,"365discount Odense C, Skibhusvej",Skibhusvej 53,5000,Odense C,01/01 - 1984,,31
11517498,365discount A/S,365discount Viborg Jegstrupvej,Jegstrupvej 21,8800,Viborg,07/04 - 1988,,26
11517498,365discount A/S,"365discount Brøndby, Kærdammen",Kærdammen 1A,2605,Brøndby,20/09 - 1990,,21
11517498,365discount A/S,365discount Kbh Ø Strandvejen,Strandvejen 32,2100,København Ø,01/01 - 1993,,16
11517498,365discount A/S,365discount Korup,Åbakkevej 69,5210,Odense NV,01/01 - 1994,,40
11517498,365discount A/S,365discount Ordrupvej,Ordrupvej 101,2920,Charlottenlund,01/01 - 1991,,30
11517498,365discount A/S,365discount Hvide Sande,Parallelvej 74,6960,Hvide Sande,01/01 - 1989,,16
11517498,365discount A/S,365discount Masnedøgade Kbh Ø,Masnedøgade 11,2100,København Ø,01/01 - 1991,,29
11517498,365discount A/S,365discount Gentofte Vangede Bygade,Vangede Bygade 40,2820,Gentofte,01/01 - 1993,,21
11517498,365discount A/S,"365discount Rødovre, Fortvej",Fortvej 9,2610,Rødovre,01/01 - 1989,,36
11517498,365discount A/S,365discount Rørmosen,Rørmosen 1,4000,Roskilde,01/01 - 1979,,38
11517498,365discount A/S,365discount Viby Holme Møllevej,Holme Møllevej 49,8260,Viby J,01/01 - 1991,,19
11517498,365discount A/S,365discount Assens,Nørre Alle 14,5610,Assens,05/07 - 1990,,27
11517498,365discount A/S,365discount Hillerød,Frederiksværksgade 6A,3400,Hillerød,01/01 - 1993,,27
11517498,365discount A/S,365discount Vejle Vestergade,"Vestergade 20A, 1. 1.",7100,Vejle,01/01 - 1983,,22
11517498,365discount A/S,365discount Hørve,Vallekildevej 27,4534,Hørve,19/07 - 1964,,31
11517498,365discount A/S,365discount Odense C Nyborgvej,Nyborgvej 93,5000,Odense C,01/01 - 1984,,24
11517498,365discount A/S,365discount Frederikshavn Koktvedvej,Koktvedvej 33,9900,Frederikshavn,01/01 - 1991,,26
11517498,365discount A/S,"365discount Kbh S, Amagerbrogade 29",Amagerbrogade 29,2300,København S,01/01 - 1991,,25
11517498,365discount A/S,365discount Porsvænget,Fruehøjvej 43,7400,Herning,01/01 - 1989,,29
11517498,365discount A/S,365discount Haslev,Gamle By 3,4690,Haslev,01/01 - 1992,,26
11517498,365discount A/S,365discount Kbh S Wittenberggade,Wittenberggade 45,2300,København S,01/01 - 1991,,25
11517498,365discount A/S,365discount Kastrup,Kongelundsvej 273,2770,Kastrup,02/03 - 1995,,28
11517498,365discount A/S,365discount Boholtegård Køge,Marksvinget 21,4600,Køge,02/02 - 1995,,34
11517498,365discount A/S,365discount Hammel,Banealle 6A,8450,Hammel,06/04 - 1995,,26
11517498,365discount A/S,"365discount Frederikssund, Østergade",Østergade 12,3600,Frederikssund,01/01 - 1994,,18
11517498,365discount A/S,365discount Odense Sv Mågebakken,Mågebakken 2,5250,Odense SV,09/08 - 1995,,33
11517498,365discount A/S,365discount Kolding Haderslevvej,Haderslevvej 104,6000,Kolding,01/01 - 1996,,20
11517498,365discount A/S,365discount Karise,Banevej 1,4653,Karise,25/09 - 1995,,24
11517498,365discount A/S,365discount Kolding Agtrupvej,Agtrupvej 165,6000,Kolding,08/12 - 1997,,28
11517498,365discount A/S,"365discount Thisted, Kastet",Kastet 39,7700,Thisted,01/08 - 1999,,27
11517498,365discount A/S,365discount Silkeborg Padborgvej,Padborgvej 298,8600,Silkeborg,16/11 - 2000,,22
11517498,365discount A/S,365discount Farsø,Dr. Ingrids Vej 3A,9640,Farsø,27/01 - 2000,,20
11517498,365discount A/S,365discount Nakskov,Birkevænget 7,4900,Nakskov,13/06 - 2002,,28
11517498,365discount A/S,365discount Roskilde Hyrdehøj,Hyrdehøj Alle 1,4000,Roskilde,10/10 - 2002,,24
11517498,365discount A/S,"365discount Hjørring, Åstrupvej",Åstrupvej 1,9800,Hjørring,10/04 - 2003,,15
11517498,365discount A/S,"365discount Herlev, Dildhaven",Dildhaven 47,2730,Herlev,07/08 - 2003,,22
11517498,365discount A/S,"365discount Svendborg, Nyborgvej",Nyborgvej 134,5700,Svendborg,04/09 - 2003,,40
11517498,365discount A/S,365discount Nr Sundby Forbindelsesvejen,Forbindelsesvejen 148,9400,Nørresundby,20/11 - 2003,,24
11517498,365discount A/S,"365discount Aalborg, Saltumvej",Saltumvej 1,9220,Aalborg Øst,22/01 - 2004,,29
11517498,365discount A/S,"365discount Skanderborg, Kildevej",Højvang Centret 3,8660,Skanderborg,08/01 - 2004,,32
11517498,365discount A/S,"365discount Esbjerg, Jernbanegade 48",Jernbanegade 48,6700,Esbjerg,26/02 - 2004,,25
11517498,365discount A/S,"365discount Århus, Viborgvej 155-159",Viborgvej 155A,8210,Aarhus V,18/03 - 2004,,26
11517498,365discount A/S,365discount Ahlefeldtsgade Rudkøbing,Ahlefeldtsgade 8,5900,Rudkøbing,18/04 - 2004,,24
11517498,365discount A/S,"365discount Århusgade, Kbh Ø",Århusgade 88,2100,København Ø,25/03 - 2004,,19
11517498,365discount A/S,"365discount Kbh K, Nr Farimagsgade",Nørre Farimagsgade 64A,1364,København K,05/05 - 2004,,22
11517498,365discount A/S,365discount Langå,Bredgade 24,8870,Langå,10/06 - 2004,,21
11517498,365discount A/S,365discount Glesborg,Torvet 6,8585,Glesborg,19/05 - 2004,,25
11517498,365discount A/S,365discount Svenstrup,Hobrovej 751,9230,Svenstrup J,02/09 - 2004,,23
11517498,365discount A/S,365discount Glumsø,Sorøvej 30,4171,Glumsø,19/08 - 2004,,21
11517498,365discount A/S,365discount Markedsgade,Markedsgade 8,8900,Randers C,26/08 - 2004,,32
11517498,365discount A/S,"365discount Vallensbæk, Tværbækvej",Tværbækvej 3,2625,Vallensbæk,01/12 - 2004,,23
11517498,365discount A/S,365discount Broager,Storegade 22,6310,Broager,20/01 - 2005,,22
11517498,365discount A/S,365discount Vejgaard,Odinsgade 1,9000,Aalborg,11/11 - 2004,,27
11517498,365discount A/S,365discount Mariendals Alle,Mariendals Alle 29A,4200,Slagelse,10/03 - 2005,,22
11517498,365discount A/S,365discount Vester Hassing,Springvandspladsen 5,9310,Vodskov,11/08 - 2005,,27
11517498,365discount A/S,"365discount Vejle, Søndermarken",Pedersholms Allé 1,7100,Vejle,03/11 - 2005,,46
11517498,365discount A/S,365discount Østervrå,Bredgade 5,9750,Østervrå,01/12 - 2005,,19
11517498,365discount A/S,365discount Hårlev,Hovedgaden 41,4652,Hårlev,05/01 - 2006,,28
11517498,365discount A/S,365discount Galten,Søndergade 49,8464,Galten,01/12 - 2005,,27
11517498,365discount A/S,"365discount Esbjerg, Storegade",Storegade 125,6700,Esbjerg,12/01 - 2006,,32
11517498,365discount A/S,365discount Malling,Stationspladsen 7,8340,Malling,30/03 - 2006,,20
11517498,365discount A/S,365discount Nørre Nebel,Bredgade 5,6830,Nørre Nebel,16/03 - 2006,,21
11517498,365discount A/S,365discount Hornslet,Tingvej 6,8543,Hornslet,22/06 - 2006,,28
11517498,365discount A/S,365discount Gørlev,Kirkevangen 26,4281,Gørlev,24/08 - 2006,,34
11517498,365discount A/S,365discount Aalborg Sdr Tranders,Mistrals Plads 1,9220,Aalborg Øst,16/11 - 2006,,23
11517498,365discount A/S,365discount Søborg Hovedgade Søborg,Søborg Hovedgade 66,2860,Søborg,11/01 - 2007,,31
11517498,365discount A/S,"365discount Ølstykke,Niels Olsensvej",Niels Olsens Vej 1A,3650,Ølstykke,25/06 - 2007,,25
11517498,365discount A/S,365discount Vanløse Sallingvej,Sallingvej 60,2720,Vanløse,08/08 - 2007,,21
11517498,365discount A/S,"365discount Silkeborg, Randersvej",Randersvej 12,8600,Silkeborg,08/08 - 2007,,35
11517498,365discount A/S,365discount Hadsten,Kirketorvet 1,8370,Hadsten,24/08 - 2007,,26
11517498,365discount A/S,365discount Sønderris,Vandmandens Kvarter 4,6710,Esbjerg V,24/08 - 2007,,20
11517498,365discount A/S,"365discount Valby, Spinderiet",Valby Torvegade 13,2500,Valby,19/10 - 2007,,28
11517498,365discount A/S,"365discount Tønder, Kongevej",Kongevej 5A,6270,Tønder,18/12 - 2007,,20
11517498,365discount A/S,365discount Løkken,Industrivej 4,9480,Løkken,17/04 - 2008,,15
11517498,365discount A/S,"365discount Roskilde, Trekronercent",Trekroner Centervej 73,4000,Roskilde,24/08 - 2008,,29
11517498,365discount A/S,365discount Esbjerg Storcenter,Gl Vardevej 230,6715,Esbjerg N,28/08 - 2008,,19
11517498,365discount A/S,"365discount Odensen, Rugårdsvej",Rugårdsvej 240,5210,Odense NV,16/09 - 2008,,26
11517498,365discount A/S,"365discount Grenå, Nørregade",Nørregade 18,8500,Grenaa,01/04 - 2009,,24
11517498,365discount A/S,"365discount Horsens, Svanenstorv",Svanes Torv 3,8700,Horsens,17/08 - 2009,,28
11517498,365discount A/S,365discount Otterup,Søndergade 38,5450,Otterup,13/01 - 2010,,23
11517498,365discount A/S,365discount Værløse,Bymidten 39A,3500,Værløse,27/03 - 2010,,34
11517498,365discount A/S,365discount Stenlille,Hovedgaden 58,4295,Stenlille,24/03 - 2010,,32
11517498,365discount A/S,365discount Ubby,Torvet 11,4490,Jerslev Sjælland,01/11 - 2010,,24
11517498,365discount A/S,365discount Hammerum,Hammerum Hovedgade 51,7400,Herning,01/11 - 2010,,30
11517498,365discount A/S,365discount Brøderup,Østre Brøderupvej 4,4733,Tappernøje,01/11 - 2010,,38
11517498,365discount A/S,"365discount Brønderslev, Aalborgvej",Ålborgvej 80,9700,Brønderslev,28/10 - 2010,,17
11517498,365discount A/S,"365discount Grenå, Østerbrogade",Østerbrogade 63,8500,Grenaa,01/10 - 2010,,25
11517498,365discount A/S,365discount Godthåbsparken,Rypehusene 1-51,2620,Albertslund,23/01 - 2011,,42
11517498,365discount A/S,"365discount Thisted, Østerbakken",Østerbakken 57,7700,Thisted,28/02 - 2011,,29
11517498,365discount A/S,"365discount Vejle, Uhrhøj",Merkurvej 5,7100,Vejle,28/02 - 2011,,38
11517498,365discount A/S,365discount Brejning,Hasselvang 2,7080,Børkop,17/03 - 2011,,28
11517498,365discount A/S,365discount Løgstør,Bredgade 43,9670,Løgstør,17/03 - 2011,,33
11517498,365discount A/S,365discount Hasseris,Thulebakken 42,9000,Aalborg,04/04 - 2011,,35
11517498,365discount A/S,365discount Skærbæk,Storegade 42,6780,Skærbæk,06/07 - 2011,,25
11517498,365discount A/S,"365discount Horsens, Vejlevej",Vejlevej 14,8700,Horsens,29/09 - 2011,,22
11517498,365discount A/S,365discount Brande,Lærkevej 1,7330,Brande,04/10 - 2011,,34
11517498,365discount A/S,365discount Holsted,Østergade 1,6670,Holsted,08/12 - 2011,,22
11517498,365discount A/S,365discount Struer,Bredgade 61,7600,Struer,26/01 - 2012,,25
11517498,365discount A/S,"365discount Horsens, Egebjerg",Langagergård 3,8700,Horsens,16/11 - 2011,,23
11517498,365discount A/S,365discount Kastruplundgade,Kastruplundgade 21,2770,Kastrup,23/02 - 2012,,21
11517498,365discount A/S,365discount Borup,Hovedgaden 58A,4140,Borup,15/05 - 2012,,28
11517498,365discount A/S,"365discount Næstved, Ringstedgade",Ringstedgade 200,4700,Næstved,16/05 - 2012,,24
11517498,365discount A/S,365discount Viborg Houlkær,Odshøjvej 1F,8800,Viborg,01/06 - 2012,,35
11517498,365discount A/S,365discount Hermodsgade,Hermodsgade 3,2200,København N,01/06 - 2012,,23
11517498,365discount A/S,"365discount Middelfart, Jernbanegade",Jernbanegade 2D,5500,Middelfart,06/06 - 2012,,27
11517498,365discount A/S,365discount Brovst,Toftevej 18,9460,Brovst,01/09 - 2012,,23
11517498,365discount A/S,"365discount Hobro, Hostrupvej",Hostrupvej 87,9500,Hobro,26/06 - 2012,,21
11517498,365discount A/S,365discount Christiansfeld,Lindegade 61,6070,Christiansfeld,13/07 - 2012,,20
11517498,365discount A/S,365discount Søllested,Jernbanegade 18,4920,Søllested,09/08 - 2012,,35
11517498,365discount A/S,365discount Herning Grøndahlsvej,Grøndahlsvej 20,7400,Herning,09/08 - 2012,,23
11517498,365discount A/S,"365discount Helsingør, Jernbanevej",Jernbanevej 7,3000,Helsingør,24/08 - 2012,,19
11517498,365discount A/S,365discount Tved,Tvedvej 139A,5700,Svendborg,20/08 - 2012,,27
11517498,365discount A/S,365discount Måløv,Østerhøj Bygade 2,2750,Ballerup,06/09 - 2012,,28
11517498,365discount A/S,365discount Næstved Præstøvej,Præstøvej 106,4700,Næstved,18/09 - 2012,,24
11517498,365discount A/S,"365discount Rødovre, Islevbrovej",Islevbrovej 39,2610,Rødovre,01/10 - 2012,,37
11517498,365discount A/S,"365discount Vordingborg,Ndr Vindinge",Ndr Vindingevej 2,4760,Vordingborg,01/10 - 2012,,40
11517498,365discount A/S,365discount Bremensgade,Holmbladsgade 96,2300,København S,17/01 - 2013,,31
11517498,365discount A/S,365discount Vordingborg,Falunvej 6,4760,Vordingborg,17/01 - 2013,,27
11517498,365discount A/S,365discount Søholm,Frederikssundsvej 202,2700,Brønshøj,17/01 - 2013,,29
11517498,365discount A/S,365discount Ågerup,Højgårdsvej 2,4000,Roskilde,21/01 - 2013,,20
11517498,365discount A/S,365discount Hanstholm,Bytorvet 1,7730,Hanstholm,29/01 - 2013,,27
11517498,365discount A/S,365discount Skipperen Aalborg,Vestre Alle 13,9000,Aalborg,13/02 - 2013,,34
11517498,365discount A/S,365discount Jagtvej Kbh N,Jagtvej 85,2200,København N,13/02 - 2013,,20
11517498,365discount A/S,365discount Stege,Østervangsvej 2,4780,Stege,08/02 - 2013,,41
11517498,365discount A/S,365discount Børkop,Ny Boder 2,7080,Børkop,11/02 - 2013,,30
11517498,365discount A/S,365discount Bredballe Center,Bredballe Center 7,7120,Vejle Øst,26/02 - 2013,,31
11517498,365discount A/S,365discount Risskov,Nordre Strandvej 19,8240,Risskov,26/02 - 2013,,23
11517498,365discount A/S,"365discount Hjørring, Sct Olai Plads",Sct Olai Plads 5,9800,Hjørring,26/02 - 2013,,27
11517498,365discount A/S,365discount Dianalund,Dr Sells Vej 3,4293,Dianalund,19/03 - 2013,,35
11517498,365discount A/S,365discount Strandby-Elling,Grundtvigsvej 86,9900,Frederikshavn,13/03 - 2013,,28
11517498,365discount A/S,365discount Sædding Centeret,Fyrvej 34,6710,Esbjerg V,01/01 - 2013,,60
11517498,365discount A/S,365discount Christianshavn,Dronningensgade 68,1420,København K,25/03 - 2013,,24
11517498,365discount A/S,365discount Hjallesevej Odense M,Hjallesevej 144,5230,Odense M,03/04 - 2013,,49
11517498,365discount A/S,365discount Høng,Centervej 2,4270,Høng,02/04 - 2013,,26
11517498,365discount A/S,"365discount Sønderport, Nørresundby",Østerbrogade 54,9400,Nørresundby,02/05 - 2013,,27
11517498,365discount A/S,365discount Budddinge,Søborg Hovedgade 219,2860,Søborg,03/05 - 2013,,28
11517498,365discount A/S,365discount Tinglev,Centerpladsen 11,6360,Tinglev,02/05 - 2013,,29
11517498,365discount A/S,365discount Aabybro,Passagen 70,9440,Aabybro,20/06 - 2013,,26
11517498,365discount A/S,365discount Espergærde,Hovvej 30,3060,Espergærde,05/08 - 2013,,37
11517498,365discount A/S,"365discount Ringsted, Huginsvej",Huginsvej 2B,4100,Ringsted,23/08 - 2013,,26
11517498,365discount A/S,365discount Benløse,Hesteskoen 11,4100,Ringsted,08/08 - 2013,,23
11517498,365discount A/S,365discount Strandlodsvej,Strandlodsvej 45,2300,København S,07/08 - 2013,,32
11517498,365discount A/S,365discount Elmegade,Elmegade 20,4400,Kalundborg,23/08 - 2013,,30
11517498,365discount A/S,365discount Englandsvej,Englandsvej 204,2300,København S,23/08 - 2013,,23
11517498,365discount A/S,365discount Hjallerup,Hjallerup Centret 22,9320,Hjallerup,03/10 - 2013,,21
11517498,365discount A/S,365discount Skødstrup,Fuglehegnet 2,8541,Skødstrup,03/10 - 2013,,35
11517498,365discount A/S,365discount Ferritslev,Ørbækvej 924,5863,Ferritslev Fyn,14/10 - 2013,,18
11517498,365discount A/S,365discount Horsens Høegh Guldbergsgade,Grønlandsvej 7A,8700,Horsens,29/11 - 2013,,22
11517498,365discount A/S,"365discount Odense, Enebærvej",Enebærvej 6,5260,Odense S,03/01 - 2014,,29
11517498,365discount A/S,"365discount Esbjerg, Hjertingvej",Hjertingvej 70,6700,Esbjerg,10/02 - 2014,,23
11517498,365discount A/S,365discount Tølløse,Industrivej 1A,4340,Tølløse,04/02 - 2014,,24
11517498,365discount A/S,"365discount Nykøbing Sj, Jernbanevej",Jernbanevej 6,4500,Nykøbing Sj,10/02 - 2014,,27
11517498,365discount A/S,"365discount Frederikshavn, Skagensvej",Apholmenvej 5,9900,Frederikshavn,14/02 - 2014,,24
11517498,365discount A/S,365discount Rødovrevej,Rødovrevej 210,2610,Rødovre,10/02 - 2014,,32
11517498,365discount A/S,"365discount Slangerup, Brobæksgade",Brobæksgade 12B,3550,Slangerup,11/03 - 2014,,37
11517498,365discount A/S,365discount Løgumkloster,Omfartsvej 2,6240,Løgumkloster,11/03 - 2014,,30
11517498,365discount A/S,365discount Dronninglund,Smedegade 5,9330,Dronninglund,11/03 - 2014,,32
11517498,365discount A/S,"365discount Holbæk, Taastrup Møllevej",Tåstrup Møllevej 2,4300,Holbæk,24/03 - 2014,,33
11517498,365discount A/S,365discount Ålsgårde,Ålsgårdecentret 1,3140,Ålsgårde,22/04 - 2014,,24
11517498,365discount A/S,"365discount Viborg, Gl Århusvej",Gl. Århusvej 34,8800,Viborg,22/04 - 2014,,26
11517498,365discount A/S,365discount Stavtrup,Ormslevvej 269,8260,Viby J,22/04 - 2014,,31
11517498,365discount A/S,365discount Ringkøbing Holstebrovej,Rindumgaards Allé 90,6950,Ringkøbing,22/04 - 2014,,22
11517498,365discount A/S,"365discount Viby, Mega Syd",Ringvej Syd 84,8260,Viby J,26/05 - 2014,,24
11517498,365discount A/S,365discount Gilleleje,Peter Fjelstrups Vej 2,3250,Gilleleje,13/06 - 2014,,24
11517498,365discount A/S,365discount Skjern,Bredgade 49,6900,Skjern,22/07 - 2014,,25
11517498,365discount A/S,365discount Kolind,Stadion Alle 1,8560,Kolind,25/09 - 2014,,31
11517498,365discount A/S,"365discount Kolding, Tøndervej",Vestre Ringgade 2,6000,Kolding,25/11 - 2014,,28
11517498,365discount A/S,"365discount Odense, Kochgade",Kochsgade 120,5000,Odense C,03/08 - 2015,,36
11517498,365discount A/S,"365discount Nyborg, Kohavevænget",Kohavevænget 1,5800,Nyborg,06/10 - 2015,,16
11517498,365discount A/S,365discount Vesterbro Odense,Vesterbro 33,5000,Odense C,21/12 - 2016,,27
11517498,365discount A/S,365discount Løjtegårdsvej,Amager Landevej 196,2770,Kastrup,22/10 - 2020,,26
11517498,365discount A/S,365discount Give,Bøgetorvet 10,7323,Give,11/07 - 2017,,24
11517498,365discount A/S,365discount Gug. Pandoravej,Pandoravej 1,9210,Aalborg SØ,08/09 - 2017,,38
11517498,365discount A/S,365discount Hirtshals,Nejstdalen 2,9850,Hirtshals,28/09 - 2017,,32
11517498,365discount A/S,365discount Bramming,Storegade 59,6740,Bramming,22/02 - 2018,,22
11517498,365discount A/S,365discount Bramdrupdam,Vejlevej 307,6000,Kolding,27/02 - 2018,,22
11517498,365discount A/S,365discount Sønder Omme,Hovedgaden 3,7260,Sønder Omme,27/02 - 2019,,23
11517498,365discount A/S,365discount Sct. Jørgens Park,Sct Jørgens Park 34,4700,Næstved,08/08 - 2019,,20
11517498,365discount A/S,365discount Hals,Midtergade 20,9370,Hals,13/09 - 2019,,23
11517498,365discount A/S,"365discount Grønlandsgade, Ikast",Grønlandsgade 15,7430,Ikast,18/09 - 2019,,33
11517498,365discount A/S,365discount Rønne,Søndergårds Alle 2,3700,Rønne,04/11 - 2019,,24
11517498,365discount A/S,365discount Strandby Kirkevej,Niels Lambertsens Vej 6,6705,Esbjerg Ø,23/03 - 2020,,33
11517498,365discount A/S,365discount Arden,Vestergade 15,9510,Arden,24/01 - 2020,,28
11517498,365discount A/S,365discount Vesterkøb,Vesterkøb 39,2640,Hedehusene,29/10 - 2020,,37
11517498,365discount A/S,365discount Kirkendrup,Ærtebjerghaven 3,5270,Odense N,09/10 - 2020,,29
11517498,365discount A/S,"365discount Mølleparken, Århus","Vestergade 55B, st",8000,Aarhus C,14/12 - 2020,,37
11517498,365discount A/S,365discount Odensevej,Odensevej 10,5260,Odense S,25/01 - 2021,,30
11517498,365discount A/S,365discount Mørkhøj,Rybjerg Alle 64,2860,Søborg,05/02 - 2021,,32
11517498,365discount A/S,365discount Hørning,Rådhuspladsen 1,8362,Hørning,10/03 - 2021,,24
11517498,365discount A/S,365discount Lerchesvej,Lerchesvej 2,5700,Svendborg,10/03 - 2021,,28
11517498,365discount A/S,365discount Frederiksbro,Frederiksbro Torv 2,3400,Hillerød,01/04 - 2021,,20
11517498,365discount A/S,365discount Gartnerbyen,Gartnertorvet 8 th.,5200,Odense V,09/08 - 2021,,30
11517498,365discount A/S,365discount Randers Mariagervej,Mariagervej 65,8920,Randers NV,01/01 - 2022,,33
11517498,365discount A/S,365discount Løsning,Vestergade 44A,8723,Løsning,01/01 - 2022,,25
11517498,365discount A/S,365discount Nexø,Sdr Landevej 1,3730,Nexø,19/01 - 2022,,25
11517498,365discount A/S,365discount Hvissinge,Granskoven 2,2600,Glostrup,01/03 - 2022,,32
11517498,365discount A/S,"365discount Horsens, Bjerrevej",Bøllingvej 3,8700,Horsens,06/10 - 2022,,26
11517498,365discount A/S,365discount Vildbjerg,Bredgade 35,7480,Vildbjerg,13/12 - 2022,,25
11517498,365discount A/S,365discount Tingbjerg,Ruten 14,2700,Brønshøj,16/01 - 2023,,20
11517498,365discount A/S,365discount Ndr Fasanvej,Nordre Fasanvej 175,2000,Frederiksberg,06/02 - 2023,,34
11517498,365discount A/S,"365discount Silkeborg, Spættevej",Spættevej 16,8600,Silkeborg,01/02 - 2023,,35
11517498,365discount A/S,365discount Espergærde Center,Nørre Torv 9,3060,Espergærde,06/02 - 2023,,32
11517498,365discount A/S,365discount Birkerød,Hovedgaden 42,3460,Birkerød,06/02 - 2023,,20
11517498,365discount A/S,365discount Farum Bytorv,Farum Bytorv 72,3520,Farum,06/02 - 2023,,27
11517498,365discount A/S,365discount Stengårds Alle,Stengårds Alle 38A,2800,Kongens Lyngby,06/02 - 2023,,22
11517498,365discount A/S,365discount Borgergade,Borgergade 24A,1300,København K,06/02 - 2023,,32
11517498,365discount A/S,365discount Kastrupvej 223,Kastrupvej 223,2770,Kastrup,06/02 - 2023,,31
11517498,365discount A/S,365discount Jernbane Alle,Jernbane Allé 53,2720,Vanløse,06/02 - 2023,,25
11517498,365discount A/S,365discount Køge,Rådhusstræde 10A,4600,Køge,06/02 - 2023,,34
11517498,365discount A/S,365discount Helsingør,"Gefionsvej 47D, st",3000,Helsingør,06/02 - 2023,,18
11517498,365discount A/S,365discount Sluseholmen,Sluseholmen 18,2450,København SV,06/02 - 2023,,33
11517498,365discount A/S,365discount Smedetoften,Smedetoften 10,2400,København NV,06/02 - 2023,,34
11517498,365discount A/S,365discount Nærum,Nærumvænge Torv 1,2850,Nærum,06/02 - 2023,,24
11517498,365discount A/S,365discount Bagsværd,"Bagsværd Hovedgade 107C, st",2880,Bagsværd,06/02 - 2023,,25
11517498,365discount A/S,365discount Mozartsvej,Mozartsvej 32,2450,København SV,06/02 - 2023,,23
11517498,365discount A/S,365discount Holte Midtpunkt,Holte Stationsvej 6,2840,Holte,06/02 - 2023,,22
11517498,365discount A/S,365discount Rantzausgade,Rantzausgade 11,2200,København N,06/02 - 2023,,25
11517498,365discount A/S,365discount Tagensvej,Tagensvej 70,2200,København N,06/02 - 2023,,21
11517498,365discount A/S,365discount Lyngbyvej,Lyngbyvej 32,2100,København Ø,06/02 - 2023,,17
11517498,365discount A/S,365discount Valby Langgade 46-48,Valby Langgade 48,2500,Valby,06/02 - 2023,,21
11517498,365discount A/S,365discount Strandboulevarden,Strandboulevarden 94,2100,København Ø,06/02 - 2023,,24
11517498,365discount A/S,365discount Lyngby Hovedgade,Lyngby Hovedgade 21,2800,Kongens Lyngby,06/02 - 2023,,24
11517498,365discount A/S,365discount Greve Strandvej,Greve Strandvej 4A,2670,Greve,06/02 - 2023,,22
11517498,365discount A/S,365discount Nørreport,"Nørre Voldgade 80, st",1358,København K,06/02 - 2023,,19
11517498,365discount A/S,365discount Roskilde,Skomagergade 21,4000,Roskilde,06/02 - 2023,,45
11517498,365discount A/S,"365discount Nykøbing Mors, Broen","Broen 2, st",7900,Nykøbing M,16/03 - 2023,,28
11517498,365discount A/S,"365discount Ejby, Fyn",Møllevænget 1,5592,Ejby,03/04 - 2023,,28
11517498,365discount A/S,365discount Helsinge,Bymosevej 9B,3200,Helsinge,01/01 - 2024,,23
11517498,365discount A/S,365discount Solbjerg,Østergårdsvej 278,8355,Solbjerg,01/12 - 2023,,33
11517498,365discount A/S,365discount Nyborg Vestergade,Vestergade 41,5800,Nyborg,01/11 - 2023,,21
11517498,365discount A/S,365discount Holstebro Alstrupvej,Mozartsvej 15,7500,Holstebro,24/10 - 2023,,27
11517498,365discount A/S,365discount Aalborg Dannebrogsgade,Dannebrogsgade 58,9000,Aalborg,12/03 - 2024,,30
11517498,365discount A/S,"365discount Birkerød, Lupinkrogen",Lupinkrogen 6,3460,Birkerød,15/03 - 2024,,26
11517498,365discount A/S,"365discount Brøndby, Park Alle",Park Allé 235,2605,Brøndby,04/09 - 2024,,29
11517498,365discount A/S,365discount Albanigade,Albanigade 42,5000,Odense C,02/06 - 2025,,40
11517498,365discount A/S,365discount Diget,Stadionvej 2B,2600,Glostrup,03/09 - 2025,,25
11517498,365discount A/S,365discount Kvaglundcentret,Kvaglundparken 6-56,6705,Esbjerg Ø,27/02 - 1989,,1
11517498,365discount A/S,365discount Kirke Hyllinge,Bygaden 38,4070,Kirke Hyllinge,21/11 - 2002,,1
11517498,365discount A/S,"365discount Nordborg, Løjtertoft",Løjtertoft 24,6430,Nordborg,08/01 - 2004,,1
11517498,365discount A/S,365discount Tilst,Haurumsvej 8,8381,Tilst,15/01 - 2004,,2
11517498,365discount A/S,365discount Rødekro,Hærvejen 10,6230,Rødekro,09/11 - 2006,,1
11517498,365discount A/S,365discount Ørslev,Hartkornsvej 51,4760,Vordingborg,28/11 - 2009,,1
11517498,365discount A/S,365discount Pedersborg,Pedersborg Torv 14,4180,Sorø,22/04 - 2010,,2
11517498,365discount A/S,365discount Hvalsø,Søvej 10,4330,Hvalsø,01/03 - 2012,,2
11517498,365discount A/S,365discount Søndergade Frederikshavn,Søndergade 14,9900,Frederikshavn,26/02 - 2013,,1
11517498,365discount A/S,365discount Græsted,Centervejen 4,3230,Græsted,11/12 - 2012,,1
11517498,365discount A/S,365discount Frederiksborgvej,Frederiksborgvej 73,2400,København NV,23/02 - 2015,,1
11517498,365discount A/S,365discount Hundested,Nørregade 5-55,3390,Hundested,23/08 - 2012,,25
11517498,365discount A/S,"365discount Skive, Egeris",Kirke Alle 92,7800,Skive,01/03 - 2013,,28
11517498,365discount A/S,365discount Nibe,Toften 9,9240,Nibe,28/01 - 2013,,22
11517498,365discount A/S,365discount Hovedgaard,Ørridslevvej 1,8732,Hovedgård,09/08 - 2012,,29
11517498,365discount A/S,365discount Munkebo,Troels Alle 1,5330,Munkebo,15/02 - 2013,,31
11517498,365discount A/S,365discount Aulum,Skolegade 7,7490,Aulum,28/01 - 2013,,29
11517498,365discount A/S,365discount Hjørring,Idræts Alle 4,9800,Hjørring,22/11 - 2001,,18
11517498,365discount A/S,365discount Kbh Nv Frederikssundsvej,Frederikssundsvej 44,2400,København NV,17/03 - 1988,,1
11517498,365discount A/S,365discount Hurup Thy,Bredgade 102,7760,Hurup Thy,01/01 - 1984,,1
11517498,365discount A/S,"365discount Herning, Vestergade",Vestergade 10C,7400,Herning,25/06 - 2007,,1
11517498,365discount A/S,365discount Skive Dalgas Torv,Dalgas Alle 18,7800,Skive,01/01 - 1989,,2
11517498,365discount A/S,"Coop 365discount Ejby, Fyn",Møllevænget 1,5592,Ejby,03/04 - 2023,,
11517498,365discount A/S,"365discount Glostrup, Trippendal Center",Tjørnehusene 1,2600,Glostrup,29/03 - 2007,,23
11517498,365discount A/S,365discount Silkeborg Vestergade,Vestergade 53,8600,Silkeborg,23/01 - 2003,,34
11517498,365discount A/S,365discount Valbyvej,Valbyvej 65B,4200,Slagelse,10/06 - 2004,,25
11517498,365discount A/S,365discount Nykøbing Falster,Vestensborg Alle 28,4800,Nykøbing F,09/06 - 2005,,21
11517498,365discount A/S,365discount Bellinge Brogårdsvej,Brogårdsvej 15,5250,Odense SV,15/01 - 2004,,30
11517498,365discount A/S,"365discount Åbyhøj, Silkeborgvej 340",Silkeborgvej 340,8230,Åbyhøj,01/04 - 2004,,29
11517498,365discount A/S,"365discount Frugtparken, Skive",Frugtparken 3,7800,Skive,10/02 - 2005,,27
11517498,365discount A/S,365discount Asserbo,Nyvej 21,3360,Liseleje,09/06 - 2005,,26
11517498,365discount A/S,365discount Toftlund,Østergade 5,6520,Toftlund,10/06 - 2004,,24
11517498,365discount A/S,365discount Klarup,Klarupvej 39,9270,Klarup,28/10 - 2004,,27
22756214,A.P. MØLLER - MÆRSK A/S,A.P. Møller Mærsk A/S (Maersk LNG),Gammel Lundtoftevej 1B,2800,Kgs.Lyngby,22/04 - 2009,26/10 - 2010,
22756214,A.P. MØLLER - MÆRSK A/S,A.P. Møller - Mærsk A/S (Maersk Drilling),Kanalen 1,6700,Esbjerg,17/12 - 2008,30/09 - 2018,
22756214,A.P. MØLLER - MÆRSK A/S,Cadet Education & Recruitment,"Tinghusgade 28, 1",5700,Svendborg,03/02 - 2010,12/12 - 2018,
22756214,A.P. MØLLER - MÆRSK A/S,AKTIESELSKABET DAMPSKIBSSELSKABET SVENDBORG, 50,9999,Ukendt,16/04 - 1904,30/09 - 1976,
22756214,A.P. MØLLER - MÆRSK A/S,A.P. Møller - Mærsk A/S (Maersk FPSOs),Gammel Lundtoftevej 1E,2800,Kgs.Lyngby,02/03 - 2009,26/10 - 2010,
22756214,A.P. MØLLER - MÆRSK A/S,A.P. Møller - Mærsk A/S (Maersk Drilling),Svejservejen 10,5330,Munkebo,10/10 - 2012,23/05 - 2016,
22756214,A.P. MØLLER - MÆRSK A/S,Maersk Contractors,Kanalen 1,6700,Esbjerg,01/12 - 2002,31/12 - 2002,
22756214,A.P. MØLLER - MÆRSK A/S,A.P. Møller - Mærsk A/S (Maersk Drilling),Lyngby Hovedgade 85,2800,Kgs. Lyngby,27/02 - 2009,30/09 - 2018,0
22756214,A.P. MØLLER - MÆRSK A/S,"A.P. Møller Mærsk A/S (Maersk Drilling, Lindø","Kystvejen 100B, 1",5330,Munkebo,10/10 - 2012,23/05 - 2016,
22756214,A.P. MØLLER - MÆRSK A/S,A.P. MØLLER - MÆRSK A/S,Esplanaden 50,1263,København K,01/10 - 1976,,3
22756214,A.P. MØLLER - MÆRSK A/S,The Leadership Centre at Rolighed,Skodsborg Strandvej 303,2942,Skodsborg,27/10 - 2011,,0
22756214,A.P. MØLLER - MÆRSK A/S,A.P. Møller - Mærsk A/S,Sundkrogsgade 7,2100,København Ø,03/09 - 2025,,
22756214,A.P. MØLLER - MÆRSK A/S,A.P. Møller - Mærsk A/S,Sundkrogsgade 9,2100,København Ø,03/09 - 2025,,
41826614,AARHUS UNIVERSITET,AARHUS UNIVERSITET,Nordre Ringgade 1,8000,Århus C,02/01 - 2002,02/01 - 2002,
41826614,AARHUS UNIVERSITET,"Aarhus Universitet, Bygning 1328",Bartholins Allé 16,8000,Århus C,21/03 - 2007,17/11 - 2010,20-49
41826614,AARHUS UNIVERSITET,Anatomisk Institut,Wilhelm Meyers Allé,8000,Århus C,11/07 - 2002,06/01 - 2011,100-199
41826614,AARHUS UNIVERSITET,Instit. f. Molekylær og StrukturelBiologi Aarhus Universitet,Gustav Wieds Vej,8000,Århus C,27/08 - 2002,06/01 - 2011,50-99
41826614,AARHUS UNIVERSITET,AARHUS UNIVERSITET,Universitetsparken 1,8000,Århus C,01/01 - 1993,17/11 - 2010,50-99
41826614,AARHUS UNIVERSITET,ÅRHUS UNIVERSITET. INSTITUT FOR MEDICINSK MIKROBIOLOGI +IMMUNOLOGI.,Wilhelm Meyers Allé,8000,Århus C,01/01 - 2003,06/01 - 2011,5-9
41826614,AARHUS UNIVERSITET,"AARHUS UNIVERSITET, Institut for human genetik",Wilhelm Meyers Allé,8000,Århus C,04/06 - 2002,06/01 - 2011,50-99
41826614,AARHUS UNIVERSITET,AARHUS UNIVERSITET BOTANISK INSTITUT,Nordlandsvej 68,8240,Risskov,01/01 - 1993,17/11 - 2010,20-49
41826614,AARHUS UNIVERSITET,"Århus Universitet, Biologisk Institut",Ny Munkegade,8000,Århus C,04/08 - 2005,06/01 - 2011,100-199
41826614,AARHUS UNIVERSITET,Molekylærbiologisk Institut,C.F. Møllers Allé 1,8000,Århus C,01/01 - 2003,17/11 - 2010,100-199
41826614,AARHUS UNIVERSITET,Innovation og Entreprenørskab,Universitetsbyen 14,8000,Aarhus C,10/05 - 2021,10/05 - 2021,
41826614,AARHUS UNIVERSITET,AARHUS UNIVERSITET,Finlandsgade 26,8200,Aarhus N,01/01 - 1993,31/12 - 2003,2-4
41826614,AARHUS UNIVERSITET,AARHUS UNIVERSITET,Willemoesgade 15D,8200,Aarhus N,01/01 - 1993,31/12 - 1999,5-9
41826614,AARHUS UNIVERSITET,National Centre for Register-basedResearch,Tåsingegade 1,8000,Århus C,01/10 - 1995,31/12 - 2002,2-4
41826614,AARHUS UNIVERSITET,AARHUS UNIVERSITET Medicinsk afdeling RC,Østervangsvej 26,8900,Randers C,01/01 - 1999,31/12 - 2001,1
41826614,AARHUS UNIVERSITET,AARHUS UNIVERSITET,Finlandsgade 8,8200,Århus N,01/01 - 1999,31/01 - 2007,1
41826614,AARHUS UNIVERSITET,AARHUS UNIVERSITET,Nordre Ringgade 1,8000,Aarhus C,01/10 - 1964,,476
41826614,AARHUS UNIVERSITET,"Aarhus Universitet, BSS studier",Universitetsbyen 73,8000,Aarhus C,27/01 - 2026,,
41826614,AARHUS UNIVERSITET,"Aarhus Universitet, Bygning 1870-1876",Universitetsbyen 81,8000,Aarhus C,28/01 - 2026,,
41826614,AARHUS UNIVERSITET,Aarhus Universitet,Jens Baggesens Vej 53,8200,Aarhus N,01/01 - 2020,,114
41826614,AARHUS UNIVERSITET,"Aarhus Universitet, Foulum",Blichers Alle 20,8830,Tjele,01/01 - 2020,,
41826614,AARHUS UNIVERSITET,"Aarhus Universitet, Flakkebjerg",Forsøgsvej 1,4200,Slagelse,01/01 - 2020,,
41826614,AARHUS UNIVERSITET,"Aarhus Universitet, Fuglsangs Allé 4",Fuglesangs Allé 4,8210,Aarhus V,01/01 - 2020,,
41826614,AARHUS UNIVERSITET,"Aarhus Universitet, Årslev",Kirstinebjergvej 10,5792,Årslev,01/01 - 2020,,
41826614,AARHUS UNIVERSITET,"Aarhus Universitet, Væksthusene",Møllevejen 10,8000,Aarhus C,01/01 - 2020,,
41826614,AARHUS UNIVERSITET,"Aarhus Universitet, NAVITAS",Inge Lehmanns Gade 10,8000,Aarhus C,01/01 - 2020,,
41826614,AARHUS UNIVERSITET,"Aarhus Universitet, Bygning 5125",Finlandsgade 22,8200,Aarhus N,01/01 - 2020,,
41826614,AARHUS UNIVERSITET,"Aarhus Universitet, Emdrup",Tuborgvej 164,2400,København NV,01/01 - 2020,,
41826614,AARHUS UNIVERSITET,"Aarhus Universitet, Bygning 1445, 1448",Fredrik Nielsens Vej 5,8000,Aarhus C,11/03 - 2020,,
41826614,AARHUS UNIVERSITET,"Aarhus Universitet, Moesgård",Moesgård Allé 20,8270,Højbjerg,11/03 - 2020,,
41826614,AARHUS UNIVERSITET,"Aarhus Universitet, Bygning 1260, 1261, 1262",Bartholins Allé 2,8000,Aarhus C,11/03 - 2020,,
41826614,AARHUS UNIVERSITET,"Aarhus Universitet, Bygning 1240-1243",Wilhelm Meyers Allé 4,8000,Aarhus C,11/03 - 2020,,
41826614,AARHUS UNIVERSITET,"Aarhus Universitet, Forsøgsmarkerne",Hvidbjergvej 21,8380,Trige,11/03 - 2020,,
41826614,AARHUS UNIVERSITET,"Aarhus Universitet, Bygning 1100-1102",C.F. Møllers Allé 2,8000,Aarhus C,11/03 - 2020,,
41826614,AARHUS UNIVERSITET,"Aarhus Universitet, Bygning 1610-1614",Vennelyst Boulevard 9,8000,Aarhus C,11/03 - 2020,,
41826614,AARHUS UNIVERSITET,"Aarhus Universitet, Bygning 1510-1514",Langelandsgade 140,8000,Aarhus C,11/03 - 2020,,
41826614,AARHUS UNIVERSITET,"Aarhus Universitet, Bygning 1440-1443, 1446",Tåsingegade 3,8000,Aarhus C,11/03 - 2020,,
41826614,AARHUS UNIVERSITET,"Aarhus Universitet, Bygning 1520, 1522-1529",Ny Munkegade 120,8000,Aarhus C,11/03 - 2020,,
41826614,AARHUS UNIVERSITET,"Aarhus Universitet, Markforsøg Askov",Vejenvej 55,6600,Vejen,01/01 - 2020,,
41826614,AARHUS UNIVERSITET,"Aarhus Universitet, Bygning 1912-1918",Trøjborgvej 82,8000,Aarhus C,01/01 - 2020,,
41826614,AARHUS UNIVERSITET,"Aarhus Universitet, Bygn. 1115-1116",Høegh-Guldbergs Gade 10,8000,Aarhus C,01/02 - 2020,,
41826614,AARHUS UNIVERSITET,"Aarhus Universitet, Roskilde",Frederiksborgvej 399,4000,Roskilde,31/12 - 2019,,
41826614,AARHUS UNIVERSITET,"Aarhus Universitet, Forsøgsstation Gl. Estrup",Randersvej 8H,8963,Auning,10/12 - 2025,,
41826614,AARHUS UNIVERSITET,"Kitchen, Aarhus Universitet",Universitetsbyen 76,8000,Aarhus C,18/12 - 2025,,
41826614,AARHUS UNIVERSITET,BSS IT og Kommunikation,Universitetsbyen 71,8000,Aarhus C,18/12 - 2025,,
41826614,AARHUS UNIVERSITET,Forskningsklinikken for Funktionelle Lidelser,Universitetsbyen 21,8000,Aarhus C,03/05 - 2021,,
41826614,AARHUS UNIVERSITET,"Aarhus Universitet, Bygning 5123",Helsingforsgade 10,8200,Aarhus N,01/01 - 2020,,
41826614,AARHUS UNIVERSITET,"Aarhus Universitet, Foulum - Burrehøjvej",Burrehøjvej 43,8830,Tjele,11/02 - 2026,,
41826614,AARHUS UNIVERSITET,"Aarhus Universitet, Bygning 5789",Finlandsgade 24A,8200,Aarhus N,11/02 - 2026,,
13227500,ACCENTURE A/S,Accenture A/S,Industrivej 19B,8752,Østbirk,17/06 - 2009,17/06 - 2009,
13227500,ACCENTURE A/S,ACCENTURE DENMARK HOLDINGS A/S,Lautrupsgade 7,2100,København Ø,01/06 - 1989,30/06 - 2001,
13227500,ACCENTURE A/S,ACCENTURE DENMARK HOLDINGS A/S,Hollandsvej 12,2800,Kgs.Lyngby,01/01 - 2003,01/01 - 2003,
13227500,ACCENTURE A/S,ACCENTURE A/S,Hollandsvej 12,2800,Kgs. Lyngby,01/01 - 2003,29/02 - 2008,20-49
13227500,ACCENTURE A/S,ACCENTURE A/S,Krumtappen 4,2500,Valby,01/01 - 2006,31/01 - 2012,0
13227500,ACCENTURE A/S,ACCENTURE A/S,Ørstedsvej 3,8600,Silkeborg,01/01 - 2003,30/12 - 2007,5-9
13227500,ACCENTURE A/S,ACCENTURE TECHNOLOGY SOLUTIONS A/S,Arne Jacobsens Allé 15-17,2300,København S,01/04 - 2002,28/06 - 2011,1
13227500,ACCENTURE A/S,ACCENTURE,Ludvigsgårdevej 32,5591,Gelsted,21/09 - 2006,31/08 - 2023,8
13227500,ACCENTURE A/S,Accenture A/S,Jupitervej 4,6000,Kolding,18/10 - 2007,31/08 - 2023,20
13227500,ACCENTURE A/S,Accenture A/S,"Bredskifte Allé 5, 1",8210,Aarhus V,01/10 - 2018,15/08 - 2025,8
13227500,ACCENTURE A/S,ACCENTURE A/S,Bohrsgade 35,1799,København V,16/08 - 1991,,780
13227500,ACCENTURE A/S,Accenture A/S,Vestergade 10B,1456,København K,01/01 - 2023,,81
13227500,ACCENTURE A/S,Accenture A/S,Jernbanegade 27,6000,Kolding,01/09 - 2023,,15
13227500,ACCENTURE A/S,Accenture A/S,"Kalkværksvej 3, 5",8000,Aarhus C,01/05 - 2025,,8
13227500,ACCENTURE A/S,Accenture A/S,Kronprinsensgade 7,1114,København K,20/03 - 2026,,
43432133,Aeven A/S,Aeven A/S,Østmarken 3A,2860,Søborg,09/08 - 2022,10/04 - 2025,6
43432133,Aeven A/S,Aeven A/S,Hedeager 1,8200,Aarhus N,01/05 - 2023,,74
43432133,Aeven A/S,Aeven A/S,Industriparken 32,2750,Ballerup,06/02 - 2025,,717
43432133,Aeven A/S,Aeven A/S,"Møllekajen 7, 1. tv.",5000,Odense C,10/02 - 2025,,14
43432133,Aeven A/S,Aeven A/S,"Prinsensgade 15, 2",9000,Aalborg,01/04 - 2025,,29
43432133,Aeven A/S,Aeven A/S,Brudelysvej 28,2880,Bagsværd,01/05 - 2025,,4
43432133,Aeven A/S,Aeven A/S,Ejby Industrivej 11,2600,Glostrup,01/05 - 2025,,7
43432133,Aeven A/S,Aeven A/S,Literbuen 17,2740,Skovlunde,01/05 - 2025,,3
12626509,AL Sydbank A/S,Løgumkloster,Storegade 13,6240,Løgumkloster,20/06 - 2013,18/12 - 2013,
12626509,AL Sydbank A/S,Toftlund,Søndergade 8,6520,Toftlund,20/06 - 2013,18/12 - 2013,
12626509,AL Sydbank A/S,SYDBANK A/S, 4,9999,Ukendt,02/01 - 1986,31/12 - 1988,
12626509,AL Sydbank A/S,Sydbank,Holmegaardsvej 1A,4684,Holmegaard,15/09 - 2014,13/05 - 2015,0
12626509,AL Sydbank A/S,Sydbank A/S,Rådhuscentret 27,6500,Vojens,27/11 - 2012,04/12 - 2015,0
12626509,AL Sydbank A/S,Sydbank,Algade 19,4660,Store Heddinge,15/09 - 2014,13/05 - 2015,0
12626509,AL Sydbank A/S,Skive afdeling,Østergade 15B,7800,Skive,14/06 - 2013,01/09 - 2015,2-4
12626509,AL Sydbank A/S,Sydbank A/S,Søndergade 8,6520,Toftlund,27/11 - 2012,01/06 - 2014,0
12626509,AL Sydbank A/S,Sydbank,Aasen 3,3730,Nexø,15/09 - 2014,09/10 - 2015,0
12626509,AL Sydbank A/S,Sydbank A/S,Storegade 13,6240,Løgumkloster,27/11 - 2012,01/06 - 2014,0
12626509,AL Sydbank A/S,Sydbank A/S,"Rådhustorvet 1, 2",3520,Farum,26/08 - 2013,31/10 - 2014,0
12626509,AL Sydbank A/S,Sydbank A/S,Adelgade 1,9500,Hobro,26/08 - 2013,01/01 - 2021,2
12626509,AL Sydbank A/S,Sydbank,Brogade 19,4600,Køge,01/03 - 2014,24/03 - 2021,18
12626509,AL Sydbank A/S,SYDBANK A/S,Sundgade 79,6320,Egernsund,01/01 - 1991,31/12 - 2004,2-4
12626509,AL Sydbank A/S,SYDBANK A/S,Storegade 12,6310,Broager,01/01 - 1991,01/12 - 2014,2-4
12626509,AL Sydbank A/S,SYDBANK A/S Munkeris Afd.,Hjallesevej 143,5230,Odense M,01/05 - 1994,07/12 - 2017,0
12626509,AL Sydbank A/S,SYDBANK A/S,Madevej 9,6200,Aabenraa,01/01 - 1991,12/11 - 1999,50-99
12626509,AL Sydbank A/S,SYDBANK A/S SUNDTORV AFD.,Chr M Østergaards Vej 1A,8700,Horsens,01/05 - 1994,29/02 - 2008,5-9
12626509,AL Sydbank A/S,SYDBANK A/S ØSTERBRO AFD,Østerbrogade 41,2100,København Ø,01/01 - 1991,30/06 - 2006,2-4
12626509,AL Sydbank A/S,SYDBANK A/S,Gl Jernbanevej 8,8763,Rask Mølle,01/05 - 1994,10/07 - 2003,2-4
12626509,AL Sydbank A/S,SYDBANK A/S,Vestergade 2B,6823,Ansager,01/01 - 1994,08/02 - 2002,0
12626509,AL Sydbank A/S,SYDBANK A/S,Hærvejen 41,6230,Rødekro,01/01 - 1991,01/02 - 2016,0
12626509,AL Sydbank A/S,SYDBANK A/S TÅSINGE AFD,Bregningevej 43,5700,Svendborg,01/01 - 1991,15/05 - 2014,0
12626509,AL Sydbank A/S,SYDBANK A/S KVÆRNDRUP AFD,Bøjdenvejen 2,5772,Kværndrup,01/01 - 1991,31/12 - 2004,2-4
12626509,AL Sydbank A/S,SYDBANK A/S,Apotekerbakken 20,8783,Hornsyld,01/05 - 1994,30/04 - 2014,0
12626509,AL Sydbank A/S,SYDBANK A/S Vamdrup / Lunderskov,Østergade 14,6580,Vamdrup,01/05 - 1994,19/03 - 2016,0
12626509,AL Sydbank A/S,SYDBANK A/S VIBY AFD.,Skanderborgvej 213,8260,Viby J,01/05 - 1994,01/05 - 2021,1
12626509,AL Sydbank A/S,SYDBANK A/S,Aftensang 4 th.,6040,Egtved,01/05 - 1994,19/09 - 2014,0
12626509,AL Sydbank A/S,SYDBANK A/S,Tingvej 15A,8543,Hornslet,01/01 - 1991,10/06 - 2016,0
12626509,AL Sydbank A/S,SYDBANK A/S,Nørregade 90A,6690,Gørding,01/01 - 1994,25/09 - 2012,0
12626509,AL Sydbank A/S,SYDBANK A/S,Vestergade 33,5000,Odense C,01/01 - 1982,07/12 - 2017,0
12626509,AL Sydbank A/S,SYDBANK A/S,Storegade 38,6780,Skærbæk,01/01 - 1991,01/02 - 2016,0
12626509,AL Sydbank A/S,SYDBANK A/S,Søren Frichs Vej 68,8230,Åbyhøj,01/01 - 1991,16/03 - 2009,2-4
12626509,AL Sydbank A/S,SYDBANK A/S,Torvet 5,7323,Give,01/05 - 1994,31/10 - 2014,5-9
12626509,AL Sydbank A/S,SYDBANK A/S,Storegade 31,6753,Agerbæk,01/01 - 1994,30/06 - 2006,2-4
12626509,AL Sydbank A/S,SYDBANK A/S KIPLEV AFD.,Skolegade 1,6200,Aabenraa,01/01 - 1991,31/08 - 2012,0
12626509,AL Sydbank A/S,SYDBANK A/S,Kystvejen 29,8000,Aarhus C,01/01 - 1991,30/11 - 2002,50-99
12626509,AL Sydbank A/S,SYDBANK A/S FRØSLEV AFD,Motorvejen 2,6330,Padborg,01/01 - 1991,31/12 - 2004,2-4
12626509,AL Sydbank A/S,SYDBANK A/S GUDERUP AFD.,Søndergade 1,6430,Nordborg,01/01 - 1991,28/06 - 2013,0
12626509,AL Sydbank A/S,SYDBANK A/S,Nørretorv 27,8700,Horsens,01/05 - 1994,16/10 - 2010,10-19
12626509,AL Sydbank A/S,SYDBANK A/S HJORDKÆR AFD.,Kirkegade 31,6230,Rødekro,01/01 - 1991,16/04 - 2008,1
12626509,AL Sydbank A/S,SYDBANK A/S BRØRUP AFD.,Nørregade 10,6650,Brørup,01/01 - 1994,13/12 - 2013,5-9
12626509,AL Sydbank A/S,SYDBANK A/S VARDE CENTRET / SDR.VARDE AFD.,Hjertingvej 17,6800,Varde,01/01 - 1994,30/06 - 2008,2-4
12626509,AL Sydbank A/S,SYDBANK A/S,Ringgade 177,6400,Sønderborg,01/01 - 1991,30/06 - 2010,5-9
12626509,AL Sydbank A/S,Sydbank A/S Kolding Storcenter,Skovvangen 42,6000,Kolding,01/05 - 1994,01/11 - 2012,5-9
12626509,AL Sydbank A/S,SYDBANK A/S HØRUPHAV AFD.,Østerbakken 1A,6470,Sydals,01/01 - 1991,24/08 - 2012,0
12626509,AL Sydbank A/S,SYDBANK A/S,Strandvejen 82,2900,Hellerup,01/05 - 1994,30/12 - 2021,4
12626509,AL Sydbank A/S,SYDBANK A/S SÆDDING CENTRET,Fyrvej 34,6710,Esbjerg V,01/01 - 1994,05/02 - 2010,5-9
12626509,AL Sydbank A/S,SYDBANK A/S OLLERUP AFD,Øster Skerningevej 2,5762,Vester Skerninge,01/01 - 1991,01/04 - 2010,2-4
12626509,AL Sydbank A/S,SYDBANK A/S,Flensborgvej 26,6340,Kruså,01/01 - 1991,21/12 - 2012,2-4
12626509,AL Sydbank A/S,SYDBANK A/S,Banegårdspladsen 9,8000,Aarhus C,01/01 - 1991,01/10 - 2015,1
12626509,AL Sydbank A/S,SYDBANK A/S TARP AFD.,Tarp Byvej 51,6715,Esbjerg N,01/01 - 1994,07/07 - 2000,10-19
12626509,AL Sydbank A/S,SYDBANK A/S,Kirkeplads 2,6200,Aabenraa,01/01 - 1991,30/06 - 2014,0
12626509,AL Sydbank A/S,SYDBANK A/S,Storegade 20,6640,Lunderskov,01/05 - 1994,28/01 - 2011,0
12626509,AL Sydbank A/S,SYDBANK A/S Nr. Lyndelse Afd.,Kærvej 4,5792,Årslev,22/10 - 1979,08/05 - 2013,0
12626509,AL Sydbank A/S,SYDBANK A/S ØSTRE AFD,Ørbækvej 1,5700,Svendborg,01/01 - 1991,29/11 - 2012,0
12626509,AL Sydbank A/S,SYDBANK A/S,Algade 49,5683,Haarby,01/05 - 1994,26/09 - 2014,2-4
12626509,AL Sydbank A/S,SYDBANK A/S,Skolegade 8,6280,Højer,01/01 - 1991,27/06 - 2008,2-4
12626509,AL Sydbank A/S,SYDBANK A/S VESTRE AFD.,Vestergade 49,7100,Vejle,01/05 - 1994,03/04 - 2009,5-9
12626509,AL Sydbank A/S,SYDBANK A/S,Bredgade 29,7160,Tørring,01/05 - 1994,01/08 - 2015,0
12626509,AL Sydbank A/S,SYDBANK A/S,Købmagergade 45,1150,København K,01/05 - 1994,31/12 - 2006,10-19
12626509,AL Sydbank A/S,SYDBANK A/S,Engvej 8,6372,Bylderup-Bov,01/01 - 1991,31/08 - 2012,0
12626509,AL Sydbank A/S,SYDBANK A/S JERNE AFD.,Jagtvej 45,6705,Esbjerg Ø,01/01 - 1994,31/03 - 2014,0
12626509,AL Sydbank A/S,SYDBANK A/S HOLSTED AFD,Storegade 53,6670,Holsted,01/01 - 1994,31/10 - 2003,0
12626509,AL Sydbank A/S,SYDBANK A/S,Vestergade 2,8723,Løsning,01/05 - 1994,15/11 - 2013,1
12626509,AL Sydbank A/S,SYDBANK A/S,Stationsvej 8,7300,Jelling,01/05 - 1994,31/10 - 2014,2-4
12626509,AL Sydbank A/S,SYDBANK A/S SØNDERPORT AFD.,Agtrupvej 2,6000,Kolding,01/05 - 1994,19/09 - 2014,1
12626509,AL Sydbank A/S,SYDBANK A/S FYNSHAV AFD,Toftevej 2,6440,Augustenborg,01/01 - 1991,31/12 - 2004,2-4
12626509,AL Sydbank A/S,SYDBANK A/S,Vestergade 25,6500,Vojens,01/01 - 1991,21/12 - 2012,1
12626509,AL Sydbank A/S,SYDBANK A/S,Storegade 49,6440,Augustenborg,01/01 - 1991,01/01 - 2016,2-4
12626509,AL Sydbank A/S,SYDBANK A/S LANGENÆS AFD,Skanderborgvej 16,8000,Århus C,01/01 - 1991,31/12 - 2004,2-4
12626509,AL Sydbank A/S,SYDBANK A/S TANDSLETAFD.,Mommarkvej 270,6470,Sydals,01/01 - 1991,30/06 - 2006,2-4
12626509,AL Sydbank A/S,SYDBANK A/S PBI,Torvet 2,6300,Gråsten,01/01 - 1991,31/12 - 2011,5-9
12626509,AL Sydbank A/S,SYDBANK A/S,Storegade 2,6261,Bredebro,01/01 - 1991,30/12 - 2010,2-4
12626509,AL Sydbank A/S,SYDBANK A/S LØJT KIRKEBY,Storegade 10,6200,Aabenraa,01/01 - 1991,29/10 - 2010,5-9
12626509,AL Sydbank A/S,SYDBANK A/S,Bredgade 3,8766,Nørre Snede,01/05 - 1994,31/12 - 2004,2-4
12626509,AL Sydbank A/S,SYDBANK A/S HJERTING AFD.,Hjerting Strandvej 16,6710,Esbjerg V,01/01 - 1994,01/04 - 2016,0
12626509,AL Sydbank A/S,SYDBANK A/S ULLERUP AFD.,Kirkepold 6,6400,Sønderborg,01/01 - 1991,26/06 - 2003,0
12626509,AL Sydbank A/S,SYDBANK A/S,Brystrupvej 1,6230,Rødekro,01/01 - 1991,07/07 - 2000,0
12626509,AL Sydbank A/S,SYDBANK A/S BOULEVARD AFD.,H.C. Andersens Boulevard 37,1553,København V,01/01 - 1991,31/05 - 2013,0
12626509,AL Sydbank A/S,SYDBANK A/S,Kærvej 2,6731,Tjæreborg,01/01 - 1994,07/02 - 2002,0
12626509,AL Sydbank A/S,SYDBANK A/S RUGKOBBELCENTRET,Farversmøllevej 12,6200,Aabenraa,01/01 - 1991,21/12 - 2012,5-9
12626509,AL Sydbank A/S,SYDBANK A/S FELSTED AFD.,Møgelmosevej 2,6200,Aabenraa,01/01 - 1991,22/06 - 2007,2-4
12626509,AL Sydbank A/S,SYDBANK A/S BOVRUP AFD,Kidingvej 2,6200,Aabenraa,01/01 - 1991,31/12 - 2001,2-4
12626509,AL Sydbank A/S,SYDBANK A/S TØNDER VEST AFD,Plantagevej 40,6270,Tønder,01/01 - 1991,21/12 - 2012,2-4
12626509,AL Sydbank A/S,SYDBANK A/S,Hovedgaden 23,6360,Tinglev,01/01 - 1991,01/02 - 2016,0
12626509,AL Sydbank A/S,SYDBANK A/S,Bredgade 8,8740,Brædstrup,01/05 - 1994,01/10 - 2015,1
12626509,AL Sydbank A/S,SYDBANK A/S,Vestergade 157,5700,Svendborg,01/01 - 1991,13/10 - 2000,0
12626509,AL Sydbank A/S,SYDBANK A/S DAGNÆS AFD.,Bjerrevej 95,8700,Horsens,01/05 - 1994,30/04 - 2014,0
12626509,AL Sydbank A/S,SYDBANK A/S TOFTERUP AFD.,Hovborgvej 48,7200,Grindsted,01/01 - 1994,23/12 - 2000,0
12626509,AL Sydbank A/S,SYDBANK A/S,Stationsvej 1,4241,Vemmelev,01/01 - 1981,12/12 - 2013,2-4
12626509,AL Sydbank A/S,SYDBANK A/S,Klosterbanken 1,4200,Slagelse,01/01 - 1993,11/06 - 2010,2-4
12626509,AL Sydbank A/S,SYDBANK A/S,Strandvejen 48,4200,Slagelse,01/01 - 1981,21/12 - 2012,5-9
12626509,AL Sydbank A/S,SYDBANK A/S VEJGAARD AFD.,Hadsundvej 41,9000,Aalborg,01/01 - 1994,15/05 - 2013,0
12626509,AL Sydbank A/S,SYDBANK A/S,Storegade 25,6862,Tistrup,01/01 - 1994,04/07 - 2014,0
12626509,AL Sydbank A/S,SYDBANK A/S,Kongensgade 74-76,5000,Odense C,01/01 - 1995,31/12 - 2001,5-9
12626509,AL Sydbank A/S,SYDBANK A/S,Skibhusvej 65,5000,Odense C,01/06 - 1997,11/06 - 2010,5-9
12626509,AL Sydbank A/S,SYDBANK A/S BLÅVAND AFD.,Blåvandvej 24,6857,Blåvand,01/01 - 1998,30/11 - 2008,1
12626509,AL Sydbank A/S,SYDBANK A/S SØNDRE AFD.,Koldingvej 144B,7100,Vejle,01/01 - 1998,31/12 - 2001,2-4
12626509,AL Sydbank A/S,SYDBANK A/S STRANDBYPLADS AFD.,Gl Færgevej 2,6700,Esbjerg,01/01 - 1998,29/02 - 2008,5-9
12626509,AL Sydbank A/S,SYDBANK A/S,Algade 9,4230,Skælskør,01/11 - 2000,09/10 - 2015,0
12626509,AL Sydbank A/S,SYDBANK A/S,Amagerbrogade 69,2300,København S,15/03 - 2011,30/12 - 2021,1
12626509,AL Sydbank A/S,SYDBANK A/S,Badstuevælen 4,2791,Dragør,04/04 - 2011,01/03 - 2019,0
12626509,AL Sydbank A/S,SYDBANK A/S,Jernbanegade 6,8800,Viborg,01/01 - 2004,31/12 - 2021,6
12626509,AL Sydbank A/S,SYDBANK A/S,Nørregade 54B,4600,Køge,01/04 - 2007,26/02 - 2014,0
12626509,AL Sydbank A/S,SYDBANK A/S,Lejrvejen 9,6330,Padborg,01/01 - 2006,31/05 - 2013,0
12626509,AL Sydbank A/S,Sydbank Landbrug,Hærvejen 41,6230,Rødekro,01/02 - 2016,31/12 - 2022,2
12626509,AL Sydbank A/S,Sydbank A/S,Saltebakken 29,9900,Frederikshavn,15/03 - 2021,28/04 - 2023,5
12626509,AL Sydbank A/S,SYDBANK A/S Dalum Afd.,Faaborgvej 106,5250,Odense SV,01/01 - 2000,,1
12626509,AL Sydbank A/S,SYDBANK A/S LYNGBY AFD,Jernbanevej 4,2800,Kgs. Lyngby,01/01 - 1991,,13
12626509,AL Sydbank A/S,SYDBANK A/S,Søndergade 18-20,8700,Horsens,01/01 - 1991,,48
12626509,AL Sydbank A/S,SYDBANK A/S,Rosenvangs Allé 184,8270,Højbjerg,01/05 - 1994,,7
12626509,AL Sydbank A/S,SYDBANK A/S FREDERIKSBERG AFD.,Gammel Kongevej 64,1850,Frederiksberg C,01/01 - 1991,,14
12626509,AL Sydbank A/S,SYDBANK A/S ESBJERG AFD.,Kongensgade 62,6700,Esbjerg,01/01 - 1994,,56
12626509,AL Sydbank A/S,SYDBANK A/S,Kirkegade 1,8900,Randers C,01/01 - 1991,,9
12626509,AL Sydbank A/S,SYDBANK A/S BILLUND AFD.,"Gammelbro 26, st",7190,Billund,01/01 - 1994,,17
12626509,AL Sydbank A/S,SYDBANK A/S,Møllegade 3,6330,Padborg,01/01 - 1991,,11
12626509,AL Sydbank A/S,SYDBANK A/S,Bredgade 48,6900,Skjern,01/01 - 1994,,5
12626509,AL Sydbank A/S,SYDBANK A/S,Søndergade 5,6600,Vejen,01/01 - 1994,,10
12626509,AL Sydbank A/S,SYDBANK A/S,"Vendersgade 74, st",7000,Fredericia,01/01 - 1991,,11
12626509,AL Sydbank A/S,SYDBANK A/S,"Østre Havnepromenade 26, st",9000,Aalborg,01/01 - 1991,,24
12626509,AL Sydbank A/S,AL Sydbank A/S,Peberlyk 4,6200,Aabenraa,01/01 - 1989,,629
12626509,AL Sydbank A/S,SYDBANK A/S,Hovedvejen 87,2600,Glostrup,01/01 - 1991,,16
12626509,AL Sydbank A/S,SYDBANK A/S,Vestergade 4,6800,Varde,01/01 - 1994,,13
12626509,AL Sydbank A/S,SYDBANK A/S,Odelsgade 11A,7130,Juelsminde,01/05 - 1994,,4
12626509,AL Sydbank A/S,SYDBANK A/S,Store Torv 12,8000,Aarhus C,01/01 - 1991,,83
12626509,AL Sydbank A/S,SYDBANK A/S,Nygade 17,6300,Gråsten,01/01 - 1991,,6
12626509,AL Sydbank A/S,AL SYDBANK A/S,Dalgasgade 22,7400,Herning,01/01 - 1991,,43
12626509,AL Sydbank A/S,SYDBANK A/S,Vesterbrogade 3,8722,Hedensted,01/05 - 1994,,5
12626509,AL Sydbank A/S,SYDBANK A/S,Storegade 28,6270,Tønder,01/01 - 1991,,18
12626509,AL Sydbank A/S,SYDBANK A/S,Storegade 5-7,6100,Haderslev,01/01 - 1991,,9
12626509,AL Sydbank A/S,SYDBANK A/S,Saltgade 6,6760,Ribe,01/01 - 1994,,4
12626509,AL Sydbank A/S,SYDBANK A/S,Torvet 1,5600,Faaborg,01/05 - 1994,,8
12626509,AL Sydbank A/S,SYDBANK A/S,Jernbanegade 35,6400,Sønderborg,01/01 - 1991,,38
12626509,AL Sydbank A/S,SYDBANK A/S VEJLBY - RISSKOV AFD.,Lystrupvej 4,8240,Risskov,01/05 - 1994,,7
12626509,AL Sydbank A/S,SYDBANK A/S,Klosterplads 2,5700,Svendborg,01/01 - 1991,,25
12626509,AL Sydbank A/S,SYDBANK A/S,Kirketorvet 4,7100,Vejle,01/01 - 1991,,65
12626509,AL Sydbank A/S,SYDBANK A/S,Kolding Åpark 8B,6000,Kolding,01/01 - 1991,,46
12626509,AL Sydbank A/S,SYDBANK A/S,Storegade 18,6200,Aabenraa,01/01 - 1991,,116
12626509,AL Sydbank A/S,SYDBANK A/S KONGENS NYTORV AFD,Kongens Nytorv 30,1050,København K,01/01 - 1991,,82
12626509,AL Sydbank A/S,SYDBANK A/S GJESING AFD.,Gl Vardevej 183,6715,Esbjerg N,01/01 - 1994,,8
12626509,AL Sydbank A/S,SYDBANK A/S,Torvet 1,7330,Brande,01/05 - 1994,,4
12626509,AL Sydbank A/S,SYDBANK A/S,Schweizerpladsen 1A,4200,Slagelse,01/01 - 1981,,54
12626509,AL Sydbank A/S,SYDBANK A/S Tarup Afd.,Rugårdsvej 176,5210,Odense NV,22/10 - 1979,,9
12626509,AL Sydbank A/S,SYDBANK A/S GRINDSTED AFD,Jernbanegade 1,7200,Grindsted,01/01 - 1994,,6
12626509,AL Sydbank A/S,SYDBANK A/S,Storegade 30,6740,Bramming,01/01 - 1994,,6
12626509,AL Sydbank A/S,SYDBANK A/S,Ole Lund Kirkegaards Stræde 3,8660,Skanderborg,11/04 - 2002,,5
12626509,AL Sydbank A/S,SYDBANK A/S,Søndergade 25,8600,Silkeborg,15/08 - 2001,,9
12626509,AL Sydbank A/S,SYDBANK A/S,Tinggade 8,4100,Ringsted,01/01 - 2002,,8
12626509,AL Sydbank A/S,SYDBANK A/S,Axeltorv 4,4700,Næstved,01/01 - 2002,,54
12626509,AL Sydbank A/S,SYDBANK A/S,Nygade 15,7500,Holstebro,01/09 - 2003,,3
12626509,AL Sydbank A/S,SYDBANK A/S,Søndre Jernbanevej 18C,3400,Hillerød,01/01 - 2004,,17
12626509,AL Sydbank A/S,SYDBANK A/S,Sct. Jacobsvej 15,2750,Ballerup,01/09 - 2006,,5
12626509,AL Sydbank A/S,Sydbank A/S,Greve Strandvej 3-5,2670,Greve,22/09 - 2008,,6
12626509,AL Sydbank A/S,SYDBANK A/S,Københavnsvej 9,4000,Roskilde,01/10 - 2008,,11
12626509,AL Sydbank A/S,Sydbank A/S,Hovedgaden 53,2970,Hørsholm,21/02 - 2011,,6
12626509,AL Sydbank A/S,Sydbank,Ahlgade 63,4300,Holbæk,15/09 - 2014,,6
12626509,AL Sydbank A/S,Sydbank,Lille Torv 1,3700,Rønne,15/09 - 2014,,9
12626509,AL Sydbank A/S,Sydbank A/S,Sdr. Boulevard 39-41,5000,Odense C,01/09 - 2017,,69
12626509,AL Sydbank A/S,SYDBANK A/S,Peberlyk 2,6200,Aabenraa,01/05 - 2018,,209
12626509,AL Sydbank A/S,SYDBANK A/S,Solbæk 7,6200,Aabenraa,01/06 - 2018,,52
12626509,AL Sydbank A/S,Sydbank A/S,Sct. Mathias Gade 25,8800,Viborg,01/01 - 2021,,6
12626509,AL Sydbank A/S,Sydbank A/S,Torvet 6,4600,Køge,01/01 - 2021,,13
12626509,AL Sydbank A/S,Sydbank A/S,Lyngbyvej 2,2100,København Ø,01/01 - 2021,,1
12626509,AL Sydbank A/S,Sydbank A/S,Vejlevej 24,7000,Fredericia,01/01 - 2021,,54
12626509,AL Sydbank A/S,Sydbank A/S,Midtermolen 7,2100,København Ø,01/01 - 2021,,2
12626509,AL Sydbank A/S,Sydbank A/S,Dronningensvej 6,5800,Nyborg,01/07 - 2021,,7
12626509,AL Sydbank A/S,Sydbank Direkte/Operations,"Stationsparken 25, 3",2600,Glostrup,01/12 - 2021,,45
12626509,AL Sydbank A/S,Sydbank Aalborg,Østre Havnegade 14,9000,Aalborg,05/09 - 2023,,14
12626509,AL Sydbank A/S,Sydbank A/S,Storegade 22,6270,Tønder,27/11 - 2012,,0
12626509,AL Sydbank A/S,Sydbank A/S,H.P. Hanssens Gade 21,6200,Aabenraa,27/03 - 2014,,0
12626509,AL Sydbank A/S,Sydbank A/S,Nygade 5,6200,Aabenraa,13/04 - 2015,,1
12626509,AL Sydbank A/S,Landbrugscenter Midt,"Gammelbro 28, st",7190,Billund,09/06 - 2015,,
12626509,AL Sydbank A/S,Sydbank A/S Kirkeplads,Kirkeplads 2,6200,Aabenraa,01/06 - 2017,,2
12626509,AL Sydbank A/S,AL Sydbank A/S - Ikast,Østergade 21,7430,Ikast,08/12 - 2025,,
12626509,AL Sydbank A/S,AL Sydbank A/S - Lemvig,Torvet 4,7620,Lemvig,08/12 - 2025,,
12626509,AL Sydbank A/S,AL Sydbank A/S - Forretningssupport Odense,"Nyborgvej 200D, 1",5220,Odense SØ,08/12 - 2025,,
12626509,AL Sydbank A/S,AL Sydbank A/S - Helsingør,Klostergade 1A,3000,Helsingør,08/12 - 2025,,
12626509,AL Sydbank A/S,AL Sydbank A/S - Frederikssund,Havnegade 18,3600,Frederikssund,08/12 - 2025,,
12626509,AL Sydbank A/S,AL Sydbank A/S - Gug,Gugvej 223,9210,Aalborg SØ,08/12 - 2025,,
12626509,AL Sydbank A/S,AL Sydbank A/S - Frederikshavn,"Silovej 8, st",9900,Frederikshavn,08/12 - 2025,,
12626509,AL Sydbank A/S,AL Sydbank A/S - Enghave Plads,Enghave Plads 5,1670,København V,08/12 - 2025,,
12626509,AL Sydbank A/S,AL Sydbank A/S - Herning,Østergade 44,7400,Herning,08/12 - 2025,,
12626509,AL Sydbank A/S,AL Sydbank A/S - Herlev,"Herlev Hovedgade 136, st",2730,Herlev,08/12 - 2025,,
12626509,AL Sydbank A/S,AL Sydbank A/S - Erhverv Midt,Runevej 2B,8210,Aarhus V,08/12 - 2025,,
12626509,AL Sydbank A/S,AL Sydbank A/S - Hillerød,Nordstensvej 2,3400,Hillerød,08/12 - 2025,,
12626509,AL Sydbank A/S,AL Sydbank A/S - Fredericia,Vejlevej 101,7000,Fredericia,08/12 - 2025,,
12626509,AL Sydbank A/S,AL Sydbank A/S - Dalum,Dalumvej 52,5250,Odense SV,08/12 - 2025,,
12626509,AL Sydbank A/S,AL Sydbank A/S - Esbjerg,Kongensgade 13,6700,Esbjerg,08/12 - 2025,,
12626509,AL Sydbank A/S,AL Sydbank A/S - Frederiksberg,Falkoner Alle 62,2000,Frederiksberg,08/12 - 2025,,
12626509,AL Sydbank A/S,AL Sydbank A/S - Holbæk,Smedelundsgade 16,4300,Holbæk,08/12 - 2025,,
12626509,AL Sydbank A/S,AL Sydbank A/S - Slagelse,Jernbanegade 2,4200,Slagelse,08/12 - 2025,,
12626509,AL Sydbank A/S,AL Sydbank A/S - Skive,Nørregade 34,7800,Skive,08/12 - 2025,,
12626509,AL Sydbank A/S,AL Sydbank A/S - Vejle,Havnegade 22A,7100,Vejle,08/12 - 2025,,
12626509,AL Sydbank A/S,AL Sydbank A/S - Sluseholmen,Sluseholmen 3,2450,København SV,08/12 - 2025,,
12626509,AL Sydbank A/S,AL Sydbank A/S - Seden,Svendsagervej 2A,5240,Odense NØ,08/12 - 2025,,
12626509,AL Sydbank A/S,AL Sydbank A/S - Odense,"Torvegade 3, st",5000,Odense C,08/12 - 2025,,
12626509,AL Sydbank A/S,AL Sydbank A/S - Svendborg,Voldgade 16,5700,Svendborg,08/12 - 2025,,
12626509,AL Sydbank A/S,AL Sydbank A/S - Silkeborg,Papirfabrikken 20B,8600,Silkeborg,08/12 - 2025,,
12626509,AL Sydbank A/S,AL Sydbank A/S - Skanderborg,Adelgade 78,8660,Skanderborg,08/12 - 2025,,
12626509,AL Sydbank A/S,AL Sydbank A/S - Randers,Østervold 18,8900,Randers C,08/12 - 2025,,
12626509,AL Sydbank A/S,AL Sydbank A/S - Roskilde,Algade 14,4000,Roskilde,08/12 - 2025,,
12626509,AL Sydbank A/S,AL Sydbank A/S - Stjernepladsen,Funch Thomsens Gade 2A,8200,Aarhus N,08/12 - 2025,,
12626509,AL Sydbank A/S,AL Sydbank A/S - Valby,Valby Langgade 136,2500,Valby,08/12 - 2025,,
12626509,AL Sydbank A/S,AL Sydbank A/S - Taastrup,Taastrup Hovedgade 75,2630,Taastrup,08/12 - 2025,,
12626509,AL Sydbank A/S,AL Sydbank A/S - Ringsted,Nørregade 25,4100,Ringsted,08/12 - 2025,,
12626509,AL Sydbank A/S,AL Sydbank A/S - Vestegnen,Hovedvejen 107,2600,Glostrup,08/12 - 2025,,
12626509,AL Sydbank A/S,AL Sydbank A/S - Brønshøj,Frederikssundsvej 160,2700,Brønshøj,08/12 - 2025,,
12626509,AL Sydbank A/S,AL Sydbank A/S - Åbyhøj,Silkeborgvej 228,8230,Åbyhøj,08/12 - 2025,,
12626509,AL Sydbank A/S,AL Sydbank A/S - Haderslev,Gravene 3,6100,Haderslev,08/12 - 2025,,
12626509,AL Sydbank A/S,AL Sydbank A/S - Viborg,"Vestervangsvej 4A, st",8800,Viborg,08/12 - 2025,,
12626509,AL Sydbank A/S,AL Sydbank A/S - Østerbro,Nordre Frihavnsgade 74,2100,København Ø,08/12 - 2025,,
12626509,AL Sydbank A/S,AL Sydbank A/S - Bornholm,Krystalgade 13,3700,Rønne,08/12 - 2025,,
12626509,AL Sydbank A/S,AL Sydbank A/S - Amagerbro,Amagerbrogade 60,2300,København S,08/12 - 2025,,
12626509,AL Sydbank A/S,AL Sydbank A/S - Aabenraa,H P Hanssens Gade 5,6200,Aabenraa,08/12 - 2025,,
12626509,AL Sydbank A/S,AL Sydbank A/S - Aalborg,Vingårdsgade 9,9000,Aalborg,08/12 - 2025,,
12626509,AL Sydbank A/S,AL Sydbank A/S - Sønderborg,Møllebakken 3,6400,Sønderborg,08/12 - 2025,,
12626509,AL Sydbank A/S,AL Sydbank A/S - Vanløse,Jernbane Allé 66,2720,Vanløse,08/12 - 2025,,
12626509,AL Sydbank A/S,AL Sydbank A/S - Ballerup,Centrumgaden 35,2750,Ballerup,08/12 - 2025,,
12626509,AL Sydbank A/S,AL Sydbank A/S - København 2,Nørre Voldgade 17,1358,København K,08/12 - 2025,,
12626509,AL Sydbank A/S,AL Sydbank A/S - Aarhus 2,Søndergade 15,8000,Aarhus C,08/12 - 2025,,
12626509,AL Sydbank A/S,AL Sydbank A/S - Dalgas Alle 1,Dalgas Alle 1,7400,Herning,08/12 - 2025,,
12626509,AL Sydbank A/S,AL Sydbank A/S - Holstebro,Vestergade 1,7500,Holstebro,08/12 - 2025,,
12626509,AL Sydbank A/S,AL Sydbank A/S - Skjern,Bredgade 38,6900,Skjern,08/12 - 2025,,
12626509,AL Sydbank A/S,AL Sydbank A/S - Kolding,Haderslevvej 121,6000,Kolding,08/12 - 2025,,
12626509,AL Sydbank A/S,AL Sydbank A/S - Struer,Vestergade 5,7600,Struer,08/12 - 2025,,
12626509,AL Sydbank A/S,AL Sydbank A/S - Grindsted,Borgergade 3,7200,Grindsted,08/12 - 2025,,
12626509,AL Sydbank A/S,AL Sydbank A/S - Herning,Dalgasgade 29B,7400,Herning,08/12 - 2025,,
12626509,AL Sydbank A/S,AL Sydbank A/S - Hovedkontoret Herning,Industrivej Syd 13C,7400,Herning,08/12 - 2025,,
12626509,AL Sydbank A/S,AL Sydbank A/S - Ringkøbing,Torvet 2,6950,Ringkøbing,08/12 - 2025,,
12626509,AL Sydbank A/S,AL Sydbank A/S - Vejle,Havnepladsen 2,7100,Vejle,08/12 - 2025,,
12626509,AL Sydbank A/S,AL Sydbank A/S - Juelsminde,Rousthøjs Alle 8,7130,Juelsminde,08/12 - 2025,,
12626509,AL Sydbank A/S,AL Sydbank A/S - Horsens,Løvenørnsgade 13,8700,Horsens,08/12 - 2025,,
12626509,AL Sydbank A/S,AL Sydbank A/S - Aarhus,Åboulevarden 67,8000,Aarhus C,08/12 - 2025,,
12626509,AL Sydbank A/S,AL Sydbank A/S - Randers,St. Voldgade 4,8900,Randers C,08/12 - 2025,,
12626509,AL Sydbank A/S,AL Sydbank A/S - Thyborøn,Bredgade 2,7680,Thyborøn,08/12 - 2025,,
12626509,AL Sydbank A/S,AL Sydbank A/S - Viborg,St. Sct. Peder Stræde 4,8800,Viborg,08/12 - 2025,,
12626509,AL Sydbank A/S,AL Sydbank A/S - Lyngby,Jernbanepladsen 14,2800,Kongens Lyngby,08/12 - 2025,,
12626509,AL Sydbank A/S,AL Sydbank A/S - Hadsten,Østergade 15,8370,Hadsten,08/12 - 2025,,
12626509,AL Sydbank A/S,AL Sydbank A/S - Næstved,Banegårdspladsen 1,4700,Næstved,08/12 - 2025,,
12626509,AL Sydbank A/S,AL Sydbank A/S - Esbjerg,Torvegade 8,6700,Esbjerg,08/12 - 2025,,
12626509,AL Sydbank A/S,AL Sydbank A/S - Nykøbing F,Langgade 32,4800,Nykøbing F,08/12 - 2025,,
12626509,AL Sydbank A/S,AL Sydbank A/S - Videbæk,Bredgade 38,6920,Videbæk,08/12 - 2025,,
12626509,AL Sydbank A/S,AL Sydbank A/S - Brande,Storegade 5,7330,Brande,08/12 - 2025,,
12626509,AL Sydbank A/S,AL Sydbank A/S - Nørrebro,Nørrebrogade 50,2200,København N,08/12 - 2025,,
12626509,AL Sydbank A/S,AL Sydbank A/S - Hvide Sande,Bredgade 4,6960,Hvide Sande,08/12 - 2025,,
12626509,AL Sydbank A/S,AL Sydbank A/S - Billund,Byens Plads 11,7190,Billund,08/12 - 2025,,
12626509,AL Sydbank A/S,AL Sydbank A/S - Nyborg,Strandvejen 1,5800,Nyborg,08/12 - 2025,,
12626509,AL Sydbank A/S,AL Sydbank A/S - Farsø,Nørregade 1,9640,Farsø,08/12 - 2025,,
12626509,AL Sydbank A/S,AL Sydbank A/S - Ølgod,Gartnerpassagen 4,6870,Ølgod,08/12 - 2025,,
12626509,AL Sydbank A/S,AL Sydbank A/S - Give,Nytorv 10,7323,Give,08/12 - 2025,,
12626509,AL Sydbank A/S,AL Sydbank A/S - Kastrup,Kastrupvej 201,2770,Kastrup,08/12 - 2025,,
12626509,AL Sydbank A/S,AL Sydbank A/S - Holstebro,Vestergade 6,7500,Holstebro,08/12 - 2025,,
12626509,AL Sydbank A/S,AL Sydbank A/S - Horsens,Søndergade 48,8700,Horsens,08/12 - 2025,,
12626509,AL Sydbank A/S,AL Sydbank A/S - Hjørring,Sct Olai Plads 2B,9800,Hjørring,08/12 - 2025,,
12626509,AL Sydbank A/S,AL Sydbank A/S - Højstrup,Rismarksvej 115,5210,Odense NV,08/12 - 2025,,
12626509,AL Sydbank A/S,AL Sydbank A/S - Kalundborg,Bredgade 55,4400,Kalundborg,08/12 - 2025,,
12626509,AL Sydbank A/S,AL Sydbank A/S - Køge,Lerbæk Torv 9,4600,Køge,08/12 - 2025,,
12626509,AL Sydbank A/S,AL Sydbank A/S - Kolding,Buen 1,6000,Kolding,08/12 - 2025,,
12626509,AL Sydbank A/S,SYDBANK A/S,Storgade 28,4180,Sorø,16/06 - 1997,,2
12626509,AL Sydbank A/S,SYDBANK A/S,Bredgade 32,6830,Nørre Nebel,01/01 - 1994,,0
12626509,AL Sydbank A/S,SYDBANK A/S ÆRØ AFD.,Kirkestræde 17,5960,Marstal,01/05 - 1994,,0
12626509,AL Sydbank A/S,SYDBANK A/S,Storegade 11,6430,Nordborg,01/01 - 1991,,1
12626509,AL Sydbank A/S,SYDBANK A/S RØDOVRE AFD,Damhustorvet 11,2610,Rødovre,01/01 - 1991,,0
12626509,AL Sydbank A/S,SYDBANK A/S,Vestergade 5,6840,Oksbøl,01/01 - 1994,,0
12626509,AL Sydbank A/S,SYDBANK A/S ØLGOD AFD.,Torvegade 11,6870,Ølgod,01/01 - 1994,,5
12626509,AL Sydbank A/S,SYDBANK A/S,Caspar Brands Plads 5,4220,Korsør,16/09 - 1995,,6
71017516,ALERIS A/S,PRIVATHOSPITALET HAMLET A/S,Gyngemose Parkvej 66,2860,Søborg,30/04 - 1982,31/08 - 2013,0
71017516,ALERIS A/S,Aleris Hamlet Hospitaler Tueager,Tueager 5,8200,Aarhus N,01/04 - 2016,31/03 - 2018,0
71017516,ALERIS A/S,Aleris Hamlet Kennedy Arkaden,"John F. Kennedys Plads 1R, st",9000,Aalborg,01/04 - 2016,31/12 - 2020,0
71017516,ALERIS A/S,Aleris-Hamlet Hospitaler - Parken,"Øster Allé 42, 2. sal.",2100,København Ø,01/04 - 2016,30/09 - 2020,9
71017516,ALERIS A/S,Aleris Hamlet Hospitaler - Transformervej,Transformervej 8,2860,Søborg,01/02 - 2019,15/09 - 2023,1
71017516,ALERIS A/S,Aleris Generatorvej 8F,"Generatorvej 8F, 1. th.",2860,Søborg,15/09 - 2023,31/03 - 2026,24
71017516,ALERIS A/S,ALERIS A/S,Gyngemose Parkvej 66,2860,Søborg,03/12 - 2007,,341
71017516,ALERIS A/S,Aleris Hospitaler - Aarhus,Brendstrupgårdsvej 21A,8200,Aarhus N,02/01 - 2012,,160
71017516,ALERIS A/S,Aleris Hospitaler - Aalborg,Sofiendalsvej 97,9200,Aalborg SV,09/07 - 2013,,103
71017516,ALERIS A/S,Aleris Hospitaler - Herning,"Poulsgade 6, 2",7400,Herning,09/07 - 2013,,27
71017516,ALERIS A/S,Aleris Hospitaler - Esbjerg,"Bavnehøjvej 6, 1",6700,Esbjerg,09/07 - 2013,,14
71017516,ALERIS A/S,Aleris Hospitaler - Odense,J.B. Winsløws Vej 17B,5000,Odense C,18/11 - 2024,,22
71017516,ALERIS A/S,Aleris Tueager,Tueager 5,8200,Aarhus N,01/04 - 2023,,
31501296,ALK-ABELLÓ NORDIC A/S,ALK-ABELLÓ NORDIC A/S,Bøge Alle 6-8,2970,Hørsholm,01/05 - 2008,,14
10526949,ALM. BRAND FORSIKRING A/S,ALM BRAND EJENDOM,Sct Hansgade 31,4100,Ringsted,01/01 - 1997,31/12 - 2004,1
10526949,ALM. BRAND FORSIKRING A/S,ALM. BRAND EJENDOM,Strandvejen 223M,2920,Charlottenlund,01/01 - 1984,31/12 - 2004,0
10526949,ALM. BRAND FORSIKRING A/S,ALM BRAND EJENDOM,Bjergegade 10,3000,Helsingør,01/01 - 1996,31/12 - 2004,0
10526949,ALM. BRAND FORSIKRING A/S,Alm. Brand Forsikring A/S - Vejle,Sønderbrogade 35,7100,Vejle,01/07 - 2018,01/07 - 2021,10
10526949,ALM. BRAND FORSIKRING A/S,"Alm. Brand Forsikring A/S, Brørup","Søndergade 16, 1",6650,Brørup,01/09 - 2018,01/07 - 2021,4
10526949,ALM. BRAND FORSIKRING A/S,FORSIKRINGSAKTIESELSKABET ALM BRAND-ARBEJDSSKADE,"Midtermolen 5, 7. 4.",2100,København Ø,28/11 - 1986,20/08 - 2002,
10526949,ALM. BRAND FORSIKRING A/S,ALM BRAND FORSIKRING A/S GRINDSTED KUNDEKONTOR,Nørre Torv 2,7200,Grindsted,01/01 - 1991,31/05 - 2003,5-9
10526949,ALM. BRAND FORSIKRING A/S,ALM BRAND FORSIKRING A/S ROSKILDE REGIONSKONTOR,Støden 6,4000,Roskilde,22/10 - 1979,01/07 - 2021,22
10526949,ALM. BRAND FORSIKRING A/S,ALM BRAND FORSIKRING A/S VEJLE REGIONSKONTOR,Søndergade 3,7100,Vejle,22/10 - 1979,01/09 - 2011,0
10526949,ALM. BRAND FORSIKRING A/S,ALM. BRAND FORSIKRING A/S,Lyngby Hovedgade 10,2800,Kgs. Lyngby,28/02 - 1972,31/07 - 2020,7
10526949,ALM. BRAND FORSIKRING A/S,ALM BRAND FORSIKRING A/S HORSENS REGIONSKONTOR,Torvet 24,8700,Horsens,22/10 - 1979,01/09 - 2011,0
10526949,ALM. BRAND FORSIKRING A/S,ALM BRAND FORSIKRING A/S SILKEBORG KUNDEKONTOR,Vestergade 25B,8600,Silkeborg,22/10 - 1979,01/07 - 2021,1
10526949,ALM. BRAND FORSIKRING A/S,ALM BRAND FORSIKRING A/S SLAGELSE REGIONSKONTOR,Gl.Torv 3,4200,Slagelse,22/10 - 1979,31/08 - 2018,0
10526949,ALM. BRAND FORSIKRING A/S,ALM BRAND FORSIKRING A/S HOBRO KUNDEKONTOR,Adelgade 32,9500,Hobro,01/01 - 1987,31/05 - 2003,1
10526949,ALM. BRAND FORSIKRING A/S,ALM BRAND FORSIKRING A/S SVENDBORG KUNDEKONTOR,Ramsherred 2,5700,Svendborg,22/10 - 1979,01/09 - 2011,0
10526949,ALM. BRAND FORSIKRING A/S,ALM BRAND FORSIKRING A/S HOLBÆK KUNDEKONTOR,Nygade 3,4300,Holbæk,22/10 - 1979,31/05 - 2003,0
10526949,ALM. BRAND FORSIKRING A/S,ALM BRAND FORSIKRING A/S BORNHOLM-KUNDEKONTOR,Store Torvegade 26,3700,Rønne,28/02 - 1972,31/07 - 2020,1
10526949,ALM. BRAND FORSIKRING A/S,ALM BRAND FORSIKRING A/S FREDERIKSHAVN KUNDEKONTOR,Danmarksgade 43,9900,Frederikshavn,22/10 - 1979,31/05 - 2003,0
10526949,ALM. BRAND FORSIKRING A/S,ALM BRAND FORSIKRING A/S GRENAA KUNDEKONTOR,Ågade 2,8500,Grenaa,22/10 - 1979,31/05 - 2003,0
10526949,ALM. BRAND FORSIKRING A/S,ALM. BRAND FORSIKRING A/S KØGE KUNDEKONTOR,Torvet 6,4600,Køge,22/10 - 1979,01/07 - 2021,1
10526949,ALM. BRAND FORSIKRING A/S,ALM BRAND FORSIKRING A/S NÆSTVED REGIONSKONTOR,Jernbanegade 16,4700,Næstved,22/10 - 1979,01/09 - 2011,0
10526949,ALM. BRAND FORSIKRING A/S,ALM BRAND FORSIKRING A/S AABENRAA REGIONSKONTOR,Storegade 14,6200,Aabenraa,01/01 - 1991,31/05 - 2003,1
10526949,ALM. BRAND FORSIKRING A/S,ALM BRAND FORSIKRING A/S LOLLAND FALSTER KUNDEKONTOR,Nygade 28,4800,Nykøbing F,22/10 - 1979,31/07 - 2020,2
10526949,ALM. BRAND FORSIKRING A/S,ALM BRAND FORSIKRING A/S HADERSLEV KUNDEKONTOR,Nørregade 1,6100,Haderslev,22/10 - 1979,31/12 - 2004,0
10526949,ALM. BRAND FORSIKRING A/S,ALM BRAND FORSIKRING A/S INDUSTRI,Bredgade 15,6000,Kolding,01/01 - 1993,31/05 - 2003,1
10526949,ALM. BRAND FORSIKRING A/S,ALM BRAND FORSIKRING A/S MIDDELFART KUNDEKONTOR,Algade 62,5500,Middelfart,22/10 - 1979,31/05 - 2003,1
10526949,ALM. BRAND FORSIKRING A/S,ALM BRAND FORSIKRING A/S THISTED KUNDEKONTOR,Jernbanegade 11,7700,Thisted,22/10 - 1979,31/05 - 2003,0
10526949,ALM. BRAND FORSIKRING A/S,ALM BRAND FORSIKRING A/S FREDERICIA KUNDEKONTOR,Vendersgade 17,7000,Fredericia,01/01 - 1994,31/05 - 2003,0
10526949,ALM. BRAND FORSIKRING A/S,ALM. BRAND FORSIKRING A/S,Bjergegade 10,3000,Helsingør,01/07 - 1996,31/05 - 2003,0
10526949,ALM. BRAND FORSIKRING A/S,ALM. BRAND FORSIKRING A/S,Sct Hansgade 31,4100,Ringsted,01/01 - 1997,31/05 - 2003,5-9
10526949,ALM. BRAND FORSIKRING A/S,ALM BRAND FORSIKRING A/S TØNDER KUNDEKONTOR,Vestergade 67,6270,Tønder,01/02 - 1997,31/05 - 2003,0
10526949,ALM. BRAND FORSIKRING A/S,ALM. BRAND FORSIKRING A/S,Hovedgaden 53,2970,Hørsholm,01/01 - 1998,01/09 - 2011,0
10526949,ALM. BRAND FORSIKRING A/S,ALM. BRAND FORSIKRING A/S,Firskovvej 36,2800,Kgs.Lyngby,01/01 - 1998,31/12 - 2008,2-4
10526949,ALM. BRAND FORSIKRING A/S,ALM. BRAND FORSIKRING A/S,Thinggade 19C,7800,Skive,01/01 - 1998,31/05 - 2003,0
10526949,ALM. BRAND FORSIKRING A/S,ALM. BRAND FORSIKRING A/S,Strandvejen 76,2900,Hellerup,01/11 - 1999,01/09 - 2011,0
10526949,ALM. BRAND FORSIKRING A/S,ALM BRAND FORSIKRING A/S,Nørregade 41,7500,Holstebro,01/11 - 2006,31/03 - 2013,0
10526949,ALM. BRAND FORSIKRING A/S,"Alm. Brand Forsikring A/S, Middelfart","Odensevej 25, 2",5500,Middelfart,01/11 - 2006,31/07 - 2020,1
10526949,ALM. BRAND FORSIKRING A/S,ALM. BRAND FORSIKRING A/S,Stilling Kirkevej 10,8660,Skanderborg,01/01 - 2001,31/07 - 2005,2-4
10526949,ALM. BRAND FORSIKRING A/S,ALM BRAND FORSIKRING A/S,Nørregade 41,7500,Holstebro,01/01 - 2002,31/05 - 2003,0
10526949,ALM. BRAND FORSIKRING A/S,ALM BRAND FORSIKRING A/S - Ringsted,"Søgade 16, 2",4100,Ringsted,01/11 - 2006,01/07 - 2021,2
10526949,ALM. BRAND FORSIKRING A/S,ALM BRAND FORSIKRING A/S,Vestergade 67,6270,Tønder,01/11 - 2006,23/03 - 2016,0
10526949,ALM. BRAND FORSIKRING A/S,ALM BRAND FORSIKRING A/S,Banegårdsvej 13,8660,Skanderborg,01/11 - 2006,01/09 - 2011,5-9
10526949,ALM. BRAND FORSIKRING A/S,"Alm. Brand Forsikring A/S, Holbæk",Jernbanevej 9,4300,Holbæk,01/11 - 2006,01/01 - 2021,0
10526949,ALM. BRAND FORSIKRING A/S,ALM BRAND FORSIKRING A/S,Storegade 82,6100,Haderslev,01/11 - 2006,31/08 - 2018,5-9
10526949,ALM. BRAND FORSIKRING A/S,ALM BRAND FORSIKRING A/S,Thinggade 19C,7800,Skive,01/11 - 2006,31/08 - 2018,0
10526949,ALM. BRAND FORSIKRING A/S,ALM. BRAND FORSIKRING A/S,Midtermolen 7,2100,København Ø,01/01 - 2001,31/05 - 2003,1
10526949,ALM. BRAND FORSIKRING A/S,"Alm. Brand Forsikring A/S, Helsingør",I L Tvedes Vej 12,3000,Helsingør,01/11 - 2006,31/08 - 2018,0
10526949,ALM. BRAND FORSIKRING A/S,ALM BRAND FORSIKRING A/S,Damhus Boulevard 63,2610,Rødovre,01/11 - 2006,31/07 - 2010,5-9
10526949,ALM. BRAND FORSIKRING A/S,ALM BRAND FORSIKRING A/S,Danmarksgade 1,7000,Fredericia,01/11 - 2006,01/09 - 2011,5-9
10526949,ALM. BRAND FORSIKRING A/S,ALM BRAND FORSIKRING A/S,Danmarksgade 43,9900,Frederikshavn,01/11 - 2006,31/12 - 2012,5-9
10526949,ALM. BRAND FORSIKRING A/S,ALM BRAND FORSIKRING A/S HILLERØD REGIONSKONTOR,Slotsgade 38,3400,Hillerød,22/10 - 1979,,1
10526949,ALM. BRAND FORSIKRING A/S,Alm Brand Forsikring - Herning,Dalgas Plads 6,7400,Herning,22/10 - 1979,,21
10526949,ALM. BRAND FORSIKRING A/S,ALM BRAND FORSIKRING A/S - KOLDING,Albuen 5A,6000,Kolding,22/10 - 1979,,40
10526949,ALM. BRAND FORSIKRING A/S,ALM BRAND FORSIKRING A/S ODENSE REGIONSKONTOR,"Cortex Park 12, 5. 1.",5230,Odense M,22/10 - 1979,,134
10526949,ALM. BRAND FORSIKRING A/S,ALM BRAND FORSIKRING A/S RANDERS REGIONSKONTOR,Østervold 42,8900,Randers C,22/10 - 1979,,3
10526949,ALM. BRAND FORSIKRING A/S,ALM. BRAND FORSIKRING A/S,"Midtermolen 5, 7. 4.",2100,København Ø,20/07 - 1998,,1246
10526949,ALM. BRAND FORSIKRING A/S,ALM. BRAND FORSIKRING A/S,Ny Østergade 9,4000,Roskilde,10/01 - 2008,,94
10526949,ALM. BRAND FORSIKRING A/S,ALM. BRAND FORSIKRING A/S - Aarhus - Hedeager,Hedeager 44,8200,Aarhus N,01/01 - 2009,,255
10526949,ALM. BRAND FORSIKRING A/S,Alm. Brand Forsikring A/S,"Paul Bergsøes Vej 16, 1",2600,Glostrup,16/11 - 2011,,4
10526949,ALM. BRAND FORSIKRING A/S,ALM. BRAND FORSIKRING A/S,"Østre Havnepromenade 26, 3. th.",9000,Aalborg,01/11 - 2021,,86
10526949,ALM. BRAND FORSIKRING A/S,ALM. BRAND FORSIKRING A/S,"Axeltorv 5, 1",4700,Næstved,01/06 - 2021,,15
10526949,ALM. BRAND FORSIKRING A/S,ALM. BRAND FORSIKRING A/S,"Asmildklostervej 11, 2",8800,Viborg,01/08 - 2021,,8
10526949,ALM. BRAND FORSIKRING A/S,Alm. Brand Forsikring A/S,Omega 3,8382,Hinnerup,01/07 - 2022,,235
10526949,ALM. BRAND FORSIKRING A/S,Alm. Brand Forsikring A/S,Gammel Kongevej 60,1850,Frederiksberg C,01/07 - 2022,,177
10526949,ALM. BRAND FORSIKRING A/S,Codan Forsikring A/S,Midtermolen 7,2100,København Ø,21/12 - 2020,,1
10526949,ALM. BRAND FORSIKRING A/S,ALM. BRAND FORSIKRING A/S,Lysholt Allé 11,7100,Vejle,01/09 - 2021,,1
10526949,ALM. BRAND FORSIKRING A/S,Alm. Brand Group,Omega 3,8382,Hinnerup,01/04 - 2022,,11
10526949,ALM. BRAND FORSIKRING A/S,Codan Forsikring A/S,Kuussuaq 2,3900,Nuuk,02/05 - 2022,,
10526949,ALM. BRAND FORSIKRING A/S,"Alm. Brand Forsikring A/S, Aalborg",Ved Stranden 10,9000,Aalborg,22/10 - 1979,,1
10526949,ALM. BRAND FORSIKRING A/S,Alm. Brand Forsikring A/S - Grønland,Kuussuaq 2,3900,Nuuk,01/01 - 2024,,
10526949,ALM. BRAND FORSIKRING A/S,ALM BRAND FORSIKRING A/S VIBORG REGIONSKONTOR,Sct. Mathias Gade 25,8800,Viborg,22/10 - 1979,,1
10526949,ALM. BRAND FORSIKRING A/S,ALM BRAND FORSIKRING A/S HJØRRING REGIONSKONTOR,"Vendelbogade 50A, 1",9800,Hjørring,22/10 - 1979,,1
10526949,ALM. BRAND FORSIKRING A/S,ALM BRAND FORSIKRING A/S ÅRHUS REGIONSKONTOR,Hans Hartvig Seedorffs Stræde 6,8000,Aarhus C,22/10 - 1979,,1
10526949,ALM. BRAND FORSIKRING A/S,ALM BRAND FORSIKRING A/S ESBJERG Kundekontor,"Dokken 10, st",6700,Esbjerg,22/10 - 1979,,1
10526949,ALM. BRAND FORSIKRING A/S,ALM BRAND FORSIKRING A/S SØNDERBORG KUNDEKONTOR,Grundtvigs Alle 183,6400,Sønderborg,01/07 - 1995,,1
10526949,ALM. BRAND FORSIKRING A/S,ALM. BRAND FORSIKRING A/S - København,Lyngbyvej 2,2100,København Ø,01/09 - 1997,,1
35141138,ANTOAX HOLDING A/S,ANTOAX HOLDING A/S,Rørvangsvej 30,4300,Holbæk,01/03 - 2013,,
43405810,Arbejdsmarkedets Tillægspension,Arbejdsmarkedets Tillægspension - Aalborg Storcenter,Hobrovej 450,9200,Aalborg SV,15/01 - 2013,10/09 - 2015,
43405810,Arbejdsmarkedets Tillægspension,"EJENDOMMEN MIDDELFARTVEJ 129 5200 ODENSE V, MATR. 8 P BOLBRO ATP FONDS - EJENDOMME","Gothersgade 49, 1. TH.",1123,København K,01/01 - 1997,31/12 - 1999,
43405810,Arbejdsmarkedets Tillægspension,Arbejdsmarkedets Tillægspension - Odense Banegårdscenter,Østre Stationsvej 27,5000,Odense C,15/01 - 2013,10/09 - 2015,0
43405810,Arbejdsmarkedets Tillægspension,Arbejdsmarkedets Tillægspension - Odense,Egeparken 2A,5240,Odense NØ,14/08 - 2012,01/03 - 2015,0
43405810,Arbejdsmarkedets Tillægspension,Arbejdsmarkedets Tillægspension - Aarhus,Dusager 8,8200,Aarhus N,14/08 - 2012,14/01 - 2013,5-9
43405810,Arbejdsmarkedets Tillægspension,Arbejdsmarkedets Tillægspension - Aarhus,Dusager 8,8200,Aarhus N,15/01 - 2013,01/03 - 2015,1
43405810,Arbejdsmarkedets Tillægspension,Arbejdsmarkedets Tillægspension - Østerbro,Sankt Kjelds Plads 11,2100,København Ø,01/07 - 2016,31/12 - 2018,0
43405810,Arbejdsmarkedets Tillægspension,Arbejdsmarkedets Tillægspension - SAM København,Landgreven 4,1301,København K,01/10 - 2016,01/01 - 2017,0
43405810,Arbejdsmarkedets Tillægspension,Arbejdsmarkedets Tillægspension,Kongens Vænge 8,3400,Hillerød,10/07 - 1964,,1661
43405810,Arbejdsmarkedets Tillægspension,Arbejdsmarkedets Tillægspension - Holstebro,Hostrupsvej 8,7500,Holstebro,14/08 - 2012,,222
43405810,Arbejdsmarkedets Tillægspension,Arbejdsmarkedets Tillægspension - Haderslev,Kulhavnsvej 1,6100,Haderslev,14/08 - 2012,,283
43405810,Arbejdsmarkedets Tillægspension,Arbejdsmarkedets Tillægspension - Frederikshavn,Havnepladsen 9,9900,Frederikshavn,14/08 - 2012,,268
43405810,Arbejdsmarkedets Tillægspension,Arbejdsmarkedets Tillægspension - Vordingborg,Kuskevej 51,4760,Vordingborg,14/08 - 2012,,268
43405810,Arbejdsmarkedets Tillægspension,Arbejdsmarkedets Tillægspension - Aarhus,"Europaplads 16, 3. tv.",8000,Aarhus C,15/08 - 2023,,68
43405810,Arbejdsmarkedets Tillægspension,Arbejdsmarkedets Tillægspension - Lillerød,Borupvang 2,3450,Allerød,01/06 - 2017,,1
43405810,Arbejdsmarkedets Tillægspension,Arbejdsmarkedets Tillægspension - Allerød,Sortemosevej 2,3450,Allerød,13/08 - 2012,,28
25313763,ARLA FOODS AMBA,"Tholstrup Cheese, Gjesing Mejeri",Gammel Horsensvej 389,8660,Skanderborg,18/01 - 2007,18/01 - 2007,
25313763,ARLA FOODS AMBA,Arla Castello pop up store,Købmagergade 41,1150,København K,25/02 - 2014,10/03 - 2014,
25313763,ARLA FOODS AMBA,Castello-vognen,Overgaden Neden Vandet 7,1414,København K,25/02 - 2014,10/03 - 2014,
25313763,ARLA FOODS AMBA,"1003046627 Øresundsvej 15, 6715",Øresundsvej 15,6715,Esbjerg N,06/03 - 2013,06/03 - 2013,
25313763,ARLA FOODS AMBA,Arla Foods amba division Danmark,Viborgvej 65,7100,Vejle,25/06 - 2003,25/06 - 2003,
25313763,ARLA FOODS AMBA,"Tholstrup Cheese, Korsvej Mejeri",Højrupvej 116,7000,Fredericia,18/01 - 2007,18/01 - 2007,
25313763,ARLA FOODS AMBA,ARLA FOODS AMBA ISHØJ,Baldershøj 7,2635,Ishøj,01/01 - 2001,01/01 - 2001,
25313763,ARLA FOODS AMBA,ARLA FOODS AMBA,Skanderborgvej 277,8260,Viby J,11/04 - 2000,25/04 - 2000,
25313763,ARLA FOODS AMBA,Arla Foods Amba Ørbæk Mejeri,Hulvejen 12,5853,Ørbæk,10/03 - 2011,28/02 - 2013,0
25313763,ARLA FOODS AMBA,Arla Foods Amba Allested Mejeri,Ny Vestergade 4,5672,Broby,06/10 - 1980,30/09 - 2000,2-4
25313763,ARLA FOODS AMBA,ARLA FOODS AMBA Århus Mejericenter,Graham Bells Vej 3,8200,Århus N,14/04 - 1989,01/12 - 2004,20-49
25313763,ARLA FOODS AMBA,Arla Foods Amba Bredebro Mejeri,Jernbanegade 15,6261,Bredebro,01/04 - 1986,17/04 - 2000,50-99
25313763,ARLA FOODS AMBA,Arla Foods Amba Aars Mejeri,Vestre Boulevard 3,9600,Aars,16/04 - 1984,05/07 - 2011,0
25313763,ARLA FOODS AMBA,Arla Foods Amba Ribe Mejeri,Plantagevej 10,6760,Ribe,15/10 - 1979,31/12 - 2001,5-9
25313763,ARLA FOODS AMBA,Arla Foods Amba Varde Smørpakkeri,Lerpøtvej 56,6800,Varde,01/10 - 1986,24/04 - 2014,0
25313763,ARLA FOODS AMBA,Arla Foods Amba Rødekærsbro Smørmejeri,Århusvej 1,8840,Rødkærsbro,26/06 - 1978,30/06 - 2001,2-4
25313763,ARLA FOODS AMBA,Arla Foods Amba Distribution,Norgesvej 2,7100,Vejle,01/04 - 1986,31/05 - 2006,5-9
25313763,ARLA FOODS AMBA,ARLA FOODS AMBA,Skanderborgvej 234,8260,Viby J,01/01 - 2002,12/06 - 2012,0
25313763,ARLA FOODS AMBA,Arla Foods Amba Demonstratricer,UKENDT,,,01/01 - 1993,21/11 - 2001,20-49
25313763,ARLA FOODS AMBA,Arla Foods Amba Kørselsafd. Vestjylland,Sønderupvej 15,6920,Videbæk,17/04 - 2000,31/12 - 2003,2-4
25313763,ARLA FOODS AMBA,Arla Foods Amba Centralværksted,Brændstrup Røddingvej 23,6630,Rødding,21/04 - 1980,24/03 - 2006,2-4
25313763,ARLA FOODS AMBA,Arla Foods Amba Hjørring Osteri,Ålborgvej 86,9800,Hjørring,15/10 - 1979,24/03 - 2014,0
25313763,ARLA FOODS AMBA,Arla Foods Amba Samden,Varnæsvej 1,6200,Aabenraa,01/01 - 1985,30/06 - 2006,10-19
25313763,ARLA FOODS AMBA,ARLA FOODS AMBA Gjesing mejeri,Gammel Horsensvej 387,8660,Skanderborg,18/10 - 1999,07/01 - 2007,100-199
25313763,ARLA FOODS AMBA,Borup Mejeri,Borupvej 80-84,3330,Gørløse,01/07 - 2008,30/06 - 2010,20-49
25313763,ARLA FOODS AMBA,Arla Foods Amba Kirkeby Mejeri A/S,Assensvej 13,5771,Stenstrup,16/12 - 1983,30/09 - 2000,2-4
25313763,ARLA FOODS AMBA,ARLA FOODS AMBA,Kolding Landevej 27,7000,Fredericia,18/10 - 1999,17/01 - 2007,50-99
25313763,ARLA FOODS AMBA,ARLA FOODS AMBA,Vestre Kongevej 4-6,8260,Viby J,01/01 - 2002,31/10 - 2006,10-19
25313763,ARLA FOODS AMBA,Arla Foods Amba Udenlandsansatte,UKENDT,,,01/01 - 1985,21/11 - 2001,2-4
25313763,ARLA FOODS AMBA,Arla Foods Amba Glejbjerg Mejeri,Grenevej 8,6752,Glejbjerg,01/04 - 1986,31/03 - 2004,5-9
25313763,ARLA FOODS AMBA,Salgskontor Nordatlanten,Toldbodvej 1,6700,Esbjerg,01/01 - 1992,12/06 - 2012,5-9
25313763,ARLA FOODS AMBA,Arla Foods Amba Thorning Mejeri,Aalborgvej 51,8620,Kjellerup,01/01 - 1989,31/12 - 2003,0
25313763,ARLA FOODS AMBA,Arla Foods Amba Høng Mejeri,Herslevvejen 1,4270,Høng,15/10 - 1979,31/05 - 2001,10-19
25313763,ARLA FOODS AMBA,Arla Foods Amba Vellev Mejeri,Bygaden 11,8860,Ulstrup,01/01 - 1985,31/08 - 2004,5-9
25313763,ARLA FOODS AMBA,Arla Foods Amba Videbæk Afd,Mælkevejen 4,6920,Videbæk,01/02 - 1990,30/09 - 2000,0
25313763,ARLA FOODS AMBA,Arla Foods Amba Glostrup Afd,Midtager 37,2605,Brøndby,01/04 - 1990,30/06 - 2001,1
25313763,ARLA FOODS AMBA,Arla Foods Amba,Thorslundsvej 3,5000,Odense C,06/10 - 1980,30/09 - 2000,5-9
25313763,ARLA FOODS AMBA,Arla Foods Amba Fredericia Afdeling,Vejlevej 10,7000,Fredericia,01/01 - 1973,30/06 - 2001,2-4
25313763,ARLA FOODS AMBA,Arla Foods Amba Vordingborg Ost,Marienbergvej 136,4760,Vordingborg,01/10 - 1986,30/06 - 2001,5-9
25313763,ARLA FOODS AMBA,Arla Foods Amba Grenaa Mejeri,Åstrupvej 33,8500,Grenaa,21/04 - 1980,31/12 - 2004,20-49
25313763,ARLA FOODS AMBA,Arla Foods Amba Tørring Mejeri,Aagade 12,7160,Tørring,15/10 - 1979,30/09 - 2000,1
25313763,ARLA FOODS AMBA,Arla Foods Amba Snejbjerg Mejeri,Snejbjerg Hovedgade 38,7400,Herning,07/01 - 1985,31/12 - 2004,2-4
25313763,ARLA FOODS AMBA,Arla Foods Amba Cremo,Toftegårdsvej 3,5620,Glamsbjerg,01/01 - 1993,31/07 - 2004,5-9
25313763,ARLA FOODS AMBA,Arla Foods Amba Nordenskov Mejeri,Sønderskovvej 74,6800,Varde,01/10 - 1986,31/12 - 2001,10-19
25313763,ARLA FOODS AMBA,Arla Foods Amba Farsø Mejeri,Søndergade 53,9640,Farsø,01/04 - 1971,31/12 - 2002,5-9
25313763,ARLA FOODS AMBA,Arla Foods Amba Tyrstrup Mejericenter,Lindegade 64,6070,Christiansfeld,15/10 - 1979,31/12 - 2001,100-199
25313763,ARLA FOODS AMBA,ARLA FOODS AMBA HELLEVAD ANDELSMEJERI,Hovedgaden 30,6230,Rødekro,01/04 - 1964,31/12 - 2004,0
25313763,ARLA FOODS AMBA,Arla Foods Amba Durup Mejeri,Hovedgaden 40,7870,Roslev,01/01 - 1985,31/12 - 2001,0
25313763,ARLA FOODS AMBA,Arla Foods Amba,Andelsgade 6,6771,Gredstedbro,17/04 - 2000,31/12 - 2000,1
25313763,ARLA FOODS AMBA,Arla Foods Amba,Limfjordsvej 4,6715,Esbjerg N,01/04 - 1964,31/12 - 2003,0
25313763,ARLA FOODS AMBA,Arla Foods Amba Faster-Skjern Mejeri,Højevej 25,6900,Skjern,01/01 - 1987,30/09 - 2000,5-9
25313763,ARLA FOODS AMBA,Arla Foods Amba Grøndal Mejeri,Hornelandevej 43,5600,Faaborg,01/01 - 1979,30/04 - 2002,0
25313763,ARLA FOODS AMBA,Arla Foods Amba Thrane Mejeri,Svendborgvej 27,5853,Ørbæk,10/03 - 2011,31/12 - 2012,0
25313763,ARLA FOODS AMBA,Arla Foods Amba Brørup Mejeri,Ladelundvej 37,6650,Brørup,15/10 - 1979,31/12 - 2003,2-4
25313763,ARLA FOODS AMBA,Arla Foods Amba Kjersing,Limfjordsvej 4,6715,Esbjerg N,01/01 - 1998,31/03 - 2004,5-9
25313763,ARLA FOODS AMBA,Arla Foods Amba Vrinners Flødeost,Vrinners Bygade 45,8420,Knebel,01/10 - 1986,31/12 - 2006,50-99
25313763,ARLA FOODS AMBA,Arla Foods Amba Vejle Ostelager og Pakkeri,Viborgvej 65,7100,Vejle,01/10 - 1986,31/05 - 2006,10-19
25313763,ARLA FOODS AMBA,ARLA FOODS AMBA,Vestre Kongevej 10,8260,Viby J,01/01 - 2002,30/11 - 2006,20-49
25313763,ARLA FOODS AMBA,ARLA FOODS AMBA HIRTSHALS ANDELSMEJERI,Søndergade 50,9850,Hirtshals,01/04 - 1964,15/04 - 2011,0
25313763,ARLA FOODS AMBA,Arla Foods Amba Englevaad Mejeri,Holbækvej 150,4450,Jyderup,01/01 - 1983,30/09 - 2000,2-4
25313763,ARLA FOODS AMBA,Arla Foods Amba Innovation Center Brabrand,Rørdrumvej 10,8220,Brabrand,01/10 - 2001,20/03 - 2020,1
25313763,ARLA FOODS AMBA,"Arla Foods amba, Ishøj Friskvareterminal",Industrikrogen 30,2635,Ishøj,08/07 - 2014,04/02 - 2021,
25313763,ARLA FOODS AMBA,Arla Foods Amba Udviklingscenter,Rørdrumvej 2,8220,Brabrand,01/01 - 1987,20/03 - 2020,17
25313763,ARLA FOODS AMBA,Arla Foods HOCO lager,Drejervej 2,7490,Aulum,23/11 - 2009,01/06 - 2021,0
25313763,ARLA FOODS AMBA,Sønderhøj 16,Sønderhøj 16,8260,Viby J,14/10 - 2015,31/01 - 2021,7
25313763,ARLA FOODS AMBA,Arla Foods HOCO Jens Hvidbergs Vej 9,Jens Hvidbergs Vej 9,7500,Holstebro,01/06 - 2021,28/11 - 2022,
25313763,ARLA FOODS AMBA,Sønderhøj 7,Sønderhøj 7,8260,Viby J,14/10 - 2015,01/08 - 2022,1
25313763,ARLA FOODS AMBA,Arla Foods Amba Thrane Mejeri,Thulevej 6,5210,Odense NV,10/03 - 2011,30/04 - 2023,0
25313763,ARLA FOODS AMBA,"Arla Foods amba, Arinco Engrolager",Transportvej 7,6900,Skjern,27/11 - 2012,17/01 - 2024,
25313763,ARLA FOODS AMBA,Glejbjerg Lager,Grenevej 8,6752,Glejbjerg,10/07 - 2013,30/04 - 2023,
25313763,ARLA FOODS AMBA,"Arla Foods amba, Arinco",Farverivej 1,6900,Skjern,06/01 - 2015,17/01 - 2024,
25313763,ARLA FOODS AMBA,Endrup Mejeri,Bygaden 43,6740,Bramming,12/10 - 2017,30/04 - 2023,2-4
25313763,ARLA FOODS AMBA,Arla Foods Amba Brabrand Mejeri,Gjellerupvej 105,8220,Brabrand,21/04 - 1980,30/04 - 2023,13
25313763,ARLA FOODS AMBA,Arla Foods Amba Klovborg Mejeri,Storegade 70,8765,Klovborg,01/01 - 1983,30/04 - 2023,1
25313763,ARLA FOODS AMBA,ARLA FOODS AMBA Lillebælt Mejeri,Kolding Landevej 79,7000,Fredericia,18/01 - 2007,30/04 - 2023,10
25313763,ARLA FOODS AMBA,"Arla Foods amba, Arla Unika","Klostergade 20, st",8000,Aarhus C,30/03 - 2016,01/02 - 2024,1
25313763,ARLA FOODS AMBA,"AFI Group PS, Danmark Protein (Arla Foods amba, HR)",Sønderupvej 26,6920,Videbæk,01/04 - 1976,,826
25313763,ARLA FOODS AMBA,Arla Foods Amba Arinco,Mælkevejen 4,6920,Videbæk,01/10 - 1990,,376
25313763,ARLA FOODS AMBA,Arla Foods amba,Sønderhøj 14,8260,Viby J,26/04 - 2000,,1816
25313763,ARLA FOODS AMBA,Arla Foods Amba Høgelund Mejeri,Bregnehøjvej 16,6500,Vojens,01/10 - 1986,,99
25313763,ARLA FOODS AMBA,Arla Foods Amba Hoco,Bülowsvej 9,7500,Holstebro,09/05 - 1987,,199
25313763,ARLA FOODS AMBA,Arla Foods amba,"Kildepladsen 6, 3",1799,København V,01/01 - 1991,,97
25313763,ARLA FOODS AMBA,Arla Foods Amba Birkum Ost,Ørbækvej 723,5220,Odense SØ,01/10 - 1986,,113
25313763,ARLA FOODS AMBA,Arla Foods Amba Bislev Mejeri,Hvalpsundvej 3D,9240,Nibe,01/10 - 1984,,99
25313763,ARLA FOODS AMBA,Arla Foods Amba Kruså Mejeri,Aabenraavej 2A,6340,Kruså,01/01 - 1988,,215
25313763,ARLA FOODS AMBA,Arla Foods Amba Tistrup Mejeri,Vardevej 31,6862,Tistrup,01/10 - 1986,,21
25313763,ARLA FOODS AMBA,Arla Foods Amba Slagelse Mejericenter,Karolinevej 1,4200,Slagelse,01/01 - 1985,,383
25313763,ARLA FOODS AMBA,Arla Foods Amba Holstebro mejeri,Hjermvej 24,7500,Holstebro,01/01 - 1980,,288
25313763,ARLA FOODS AMBA,"Arla Foods amba, Nr. Vium Mejeri",Sønderupvej 24,6920,Videbæk,15/10 - 1979,,427
25313763,ARLA FOODS AMBA,Arla Foods Amba Christiansfeld Mejericenter,Arlavej 2,6070,Christiansfeld,01/01 - 1982,,460
25313763,ARLA FOODS AMBA,Arla Foods Amba Akafa,Svenstrup Skolevej 25,9230,Svenstrup J,01/10 - 1989,,163
25313763,ARLA FOODS AMBA,Arla Foods Amba Branderup Mejeri,Engdraget 4,6535,Branderup J,15/10 - 1979,,197
25313763,ARLA FOODS AMBA,Arla Foods Amba Esbjerg Mejeri,Kvaglundvej 84,6705,Esbjerg Ø,01/04 - 1986,,395
25313763,ARLA FOODS AMBA,Arla Foods Amba Troldhede Mejeri,Industrivej 1,6920,Videbæk,15/10 - 1979,,132
25313763,ARLA FOODS AMBA,Arla Foods Amba Rødkærsbro Mejeri,Århusvej 15,8840,Rødkærsbro,01/01 - 1994,,434
25313763,ARLA FOODS AMBA,Arla Foods amba Terminal og Distribution Ishøj,Industrikrogen 28,2635,Ishøj,01/01 - 1987,,234
25313763,ARLA FOODS AMBA,Arla Foods Amba Hobro Mejericenter,Skivevej 39,9500,Hobro,22/01 - 1979,,467
25313763,ARLA FOODS AMBA,Arla Foods Amba Holstebro Flødeost,Hjermvej 28,7500,Holstebro,01/10 - 1986,,357
25313763,ARLA FOODS AMBA,Arla Foods Amba Vejle Eksportterminal,Dofovej 2B,7100,Vejle,01/01 - 1998,,52
25313763,ARLA FOODS AMBA,Arla Foods Amba Korsvej Mejeri,Højrupvej 116,7000,Fredericia,18/10 - 1999,,88
25313763,ARLA FOODS AMBA,Arla Foods Amba Taulov mejeri,Danbovej 2,7000,Fredericia,01/01 - 1999,,335
25313763,ARLA FOODS AMBA,Arla Foods amba,Sønderhøj 34,8260,Viby J,01/01 - 2002,,19
25313763,ARLA FOODS AMBA,"Arla Foods Amba, Kørselscenter Vestjylland",Sønderupvej 15,6920,Videbæk,21/06 - 2006,,94
25313763,ARLA FOODS AMBA,Arla Foods Amba - Kørselscenter Syd,Danbovej 2,7000,Fredericia,20/11 - 2006,,40
25313763,ARLA FOODS AMBA,Arla Foods Amba,Sønderhøj 48,8260,Viby J,01/01 - 2006,,10
25313763,ARLA FOODS AMBA,Arla Foods Amba,Sønderhøj 46,8260,Viby J,01/01 - 2006,,312
25313763,ARLA FOODS AMBA,Arla Foods Amba Gjesing Mejeri,Gammel Horsensvej 385,8660,Skanderborg,08/01 - 2007,,151
25313763,ARLA FOODS AMBA,Arla Foods Amba - Kørselscenter AKAFA,Svenstrup Skolevej 25,9230,Svenstrup J,18/01 - 2007,,57
25313763,ARLA FOODS AMBA,Cocio Chokolademælk A/S,Øresundsvej 15,6715,Esbjerg N,08/01 - 2013,,81
25313763,ARLA FOODS AMBA,Sønderhøj 1,Sønderhøj 1,8260,Viby J,14/10 - 2015,,1
25313763,ARLA FOODS AMBA,"Arla Foods amba, Torvehallerne",Rømersgade 18,1362,København K,30/03 - 2016,,8
25313763,ARLA FOODS AMBA,Arla Foods amba Arla Innovation Center,Agro Food Park 19,8200,Aarhus N,02/01 - 2017,,258
25313763,ARLA FOODS AMBA,Arla Foods-Innovation og FMP,Sønderupvej 22,6920,Videbæk,19/07 - 2005,,20-49
25313763,ARLA FOODS AMBA,Emballage- og engroslager for Arla Foods Holstebro Mejeri,Mads Bjerres Vej 5,7500,Holstebro,18/11 - 2009,,
25313763,ARLA FOODS AMBA,Arla Foods HOCO lager,Jens Hvidbergs Vej 11,7500,Holstebro,23/11 - 2009,,
25313763,ARLA FOODS AMBA,Arla Foods amba Terminal og Distribution Slagelse,"Karolinevej 1B, 1",4200,Slagelse,18/11 - 2011,,
25313763,ARLA FOODS AMBA,Arla Foods amba Terminal og Distribution Christiansfeld,Arlavej 2,6070,Christiansfeld,07/12 - 2011,,
25313763,ARLA FOODS AMBA,Arla Foods amba Terminal og Distribution Hobro,Skivevej 39,9500,Hobro,07/12 - 2011,,
25313763,ARLA FOODS AMBA,Arla Foods amba,Sønderhøj 12,8260,Viby J,01/02 - 2012,,2-4
25313763,ARLA FOODS AMBA,Arla Foods amba,Sønderhøj 10,8260,Viby J,01/02 - 2012,,
25313763,ARLA FOODS AMBA,"Arla Foods amba, Arinco Engroslager",Fabriksvej 17,6920,Videbæk,27/11 - 2012,,
25313763,ARLA FOODS AMBA,"Arla Foods amba, Arinco Engroslager",Trøstrupvej 1,6920,Videbæk,27/11 - 2012,,
25313763,ARLA FOODS AMBA,Arla Foods Distribution A/S,Sønderhøj 14,8260,Viby J,27/06 - 2013,,
25313763,ARLA FOODS AMBA,"Arla Foods amba, Arinco Engroslager",Malervej 8,6920,Videbæk,14/08 - 2013,,
25313763,ARLA FOODS AMBA,"Arla Foods amba, Holstebro Mejeri, Lager",Hjermvej 3,7500,Holstebro,01/08 - 2025,,
25313763,ARLA FOODS AMBA,Castello bilen,Sønderhøj 46,8260,Viby J,15/04 - 2016,,
25313763,ARLA FOODS AMBA,Videbæk,Midtgårdsvej 26,6920,Videbæk,23/11 - 2016,,
25313763,ARLA FOODS AMBA,"Arla Foods amba, Branderup Garage",Engdraget 4,6535,Branderup J,02/01 - 2017,,
25313763,ARLA FOODS AMBA,"Arla Foods amba, Inbound Logistics DK",Sønderhøj 14,8260,Viby J,20/12 - 2019,,
25313763,ARLA FOODS AMBA,Arla Foods amba Esbjerg Færdigvarelager (ekstern),Alssundvej 2,6705,Esbjerg Ø,23/02 - 2021,,
25313763,ARLA FOODS AMBA,Arla Foods amba Ingrediens lager (ekstern),Ravnevej 4,6705,Esbjerg Ø,20/12 - 2021,,
25313763,ARLA FOODS AMBA,Emballage og engroslager Holstebro Mejeri Jens Hvidbergsvej 9 7500,Jens Hvidbergs Vej 9,7500,Holstebro,14/01 - 2022,,
25313763,ARLA FOODS AMBA,Holstebro Mejeri Flødeost - lager,Dominovej 1,7500,Holstebro,16/05 - 2024,,
25313763,ARLA FOODS AMBA,Holstebro Mejeri Flødeost - lager,Nybovej 34,7500,Holstebro,16/05 - 2024,,
29189692,Assens Kommune,Ældreområdet Distrikt 1 - Madame blå,"Korsvang 78, 1",5610,Assens,04/12 - 2008,06/01 - 2010,
29189692,Assens Kommune,Børne- og familiecenter Syd - Børneterapeuter,"Willemoesgade 15, 1. D.",5610,Assens,28/09 - 2011,31/12 - 2013,
29189692,Assens Kommune,Børne- og familiecenter Nord - Børneterapeuter,Møllebakken 22A,5690,Tommerup,28/09 - 2011,31/12 - 2013,
29189692,Assens Kommune,Erhvervs og Aktivitetscentre,Lindebjerg Allé 16,5560,Aarup,14/03 - 2012,16/02 - 2014,
29189692,Assens Kommune,Renseanlæg Aarup,Stadionvej 17,5560,Aarup,27/10 - 2008,20/10 - 2009,
29189692,Assens Kommune,Gustavsminde Gårdbørnehave,Kærumvej 8,5610,Assens,16/07 - 2007,01/08 - 2011,
29189692,Assens Kommune,Renseanlæg Å Strand,Bjørnemosevej 27,5631,Ebberup,27/10 - 2008,20/10 - 2009,
29189692,Assens Kommune,Ældreområdet Distrikt 1 - Daghjemmet,Korsvang 78,5610,Assens,04/12 - 2008,06/01 - 2010,
29189692,Assens Kommune,Entreprenørgården,Krabbeløkkevej 1,5610,Assens,03/04 - 2008,03/04 - 2008,
29189692,Assens Kommune,Landsbyordning - Den Røde Æske,Snavevej 27,5683,Haarby,03/08 - 2011,21/09 - 2011,
29189692,Assens Kommune,Assens kommunale Træningscenter - Vissenbjerg,Østergade 7,5492,Vissenbjerg,01/08 - 2011,28/09 - 2011,
29189692,Assens Kommune,Børnehaven Solbakken,Skolevej 44,5690,Tommerup,02/08 - 2011,21/08 - 2011,
29189692,Assens Kommune,Hørvangen,Vestervangen 120,5690,Tommerup,03/04 - 2008,16/02 - 2014,
29189692,Assens Kommune,Plejeboliger Æblehaven,Syrenvej 22,5683,Haarby,22/09 - 2011,29/09 - 2011,
29189692,Assens Kommune,Korsvang daghjem,Korsvang 78,5610,Assens,21/09 - 2011,16/02 - 2014,
29189692,Assens Kommune,Kildebakkens daghjem,Østergade 7,5492,Vissenbjerg,21/09 - 2011,16/02 - 2014,
29189692,Assens Kommune,Renseanlæg Holmehave,Knarreborgvej 9,5690,Tommerup,27/10 - 2008,20/10 - 2009,
29189692,Assens Kommune,Ældreområdet Distrikt 1 - Daghjemmet,Korsvang 78,5610,Assens,04/12 - 2008,06/03 - 2011,
29189692,Assens Kommune,Vissenbjerg Musikaftenskole,Bøgholmvej 12,5672,Broby,17/03 - 2014,08/05 - 2014,
29189692,Assens Kommune,Assens kommune,Willemoesgade 15,5610,Assens,01/01 - 2007,01/01 - 2007,
29189692,Assens Kommune,Asabo / Døgn,Pilehaven 84,5610,Assens,16/07 - 2007,16/01 - 2008,
29189692,Assens Kommune,"Sundhedsplejen Syd, Assens, Glamsbjerg og Haarby","Willemoesgade 15C, 1. tv.",5610,Assens,03/04 - 2008,16/02 - 2014,
29189692,Assens Kommune,Asabo / Udehold,Odensevej 2,5610,Assens,16/07 - 2007,16/01 - 2008,
29189692,Assens Kommune,Sygepleje og Træning,Indre Ringvej 8,5560,Aarup,16/09 - 2010,29/09 - 2011,
29189692,Assens Kommune,Plejeboliger,Østergade 7,5492,Vissenbjerg,27/10 - 2010,06/03 - 2011,
29189692,Assens Kommune,Skolefritidsordningen ved Tallerupskolen,Lilleskovvej 3,5690,Tommerup,09/05 - 2011,09/05 - 2011,
29189692,Assens Kommune,Aktive Ældre,Østergade 4A,5492,Vissenbjerg,17/03 - 2014,31/12 - 2014,
29189692,Assens Kommune,Madam blå,"Korsvang 78, 2",5610,Assens,04/12 - 2008,16/02 - 2014,
29189692,Assens Kommune,Renseanlæg Gummerup,Krogen 3A,5620,Glamsbjerg,27/10 - 2008,20/10 - 2009,
29189692,Assens Kommune,SFO Skallebølle,Kelstrupvej 80,5492,Vissenbjerg,16/07 - 2007,16/01 - 2008,
29189692,Assens Kommune,Aktiveringssteder Assens,Fredensvej 27,5620,Glamsbjerg,16/07 - 2007,18/10 - 2007,
29189692,Assens Kommune,Genbrugspladsen Glamsbjerg,Fredensvej 25,5620,Glamsbjerg,07/04 - 2008,20/10 - 2009,
29189692,Assens Kommune,Café Drivhuset,Dærupvej 5,5620,Glamsbjerg,16/07 - 2007,16/07 - 2007,
29189692,Assens Kommune,Genbrugspladsen Vissenbjerg,Højmarken 1,5492,Vissenbjerg,07/04 - 2008,20/10 - 2009,
29189692,Assens Kommune,Køkken A Centralkøkken,Odensevej 29C,5610,Assens,16/07 - 2007,16/01 - 2008,
29189692,Assens Kommune,Sundhedsplejen - Vissenbjerg / Skalbjerg området,Skolevej 4,5492,Vissenbjerg,03/04 - 2008,18/09 - 2013,
29189692,Assens Kommune,Asabo-sekretariatet - §85 Korps,Pilehaven 84,5610,Assens,31/01 - 2012,31/12 - 2013,
29189692,Assens Kommune,Ældreområdet Distrikt 1 - Daghjemmet,Korsvang 78,5610,Assens,04/12 - 2008,04/12 - 2008,
29189692,Assens Kommune,Madservice,Møllebakken 22,5690,Tommerup,16/07 - 2007,16/01 - 2008,
29189692,Assens Kommune,Erhvervs og Aktivitetscenter,Krabbeløkkevej 1,5610,Assens,24/03 - 2014,01/07 - 2015,0
29189692,Assens Kommune,Familiehuset - Vissenbjerg/Aarup,Skolevej 4,5492,Vissenbjerg,01/01 - 2002,03/05 - 2011,5-9
29189692,Assens Kommune,Assens Sundhedscenter,Odensevej 29C,5610,Assens,16/07 - 2007,31/12 - 2015,2-4
29189692,Assens Kommune,Genbrugspladsen Tommerup,Ellehaven 52,5690,Tommerup,01/01 - 1993,20/10 - 2009,2-4
29189692,Assens Kommune,Børnehaven Fuglereden,Korsvang 76,5610,Assens,01/01 - 1993,01/08 - 2011,0
29189692,Assens Kommune,Ungdomsskolen Vissenbjerg,Søndersøvej 16,5492,Vissenbjerg,01/01 - 1993,31/12 - 2013,0
29189692,Assens Kommune,Æblehavens daghjem,Syrenvej 22,5683,Haarby,01/01 - 1993,29/09 - 2011,0
29189692,Assens Kommune,SFO Flemløse Skole og Børnehave,Langgade 24,5620,Glamsbjerg,01/01 - 1993,03/11 - 2009,10-19
29189692,Assens Kommune,"Værkstederne, - for afklaring og aktivering, Assens",Fåborgvej 28,5610,Assens,01/01 - 1996,14/07 - 2010,2-4
29189692,Assens Kommune,Flemløse Klubben,Langgade 24,5620,Glamsbjerg,01/01 - 1996,18/09 - 2011,0
29189692,Assens Kommune,Sygeplejen - Flemløse,Th. Bangsvej 4,5620,Glamsbjerg,03/04 - 2008,31/07 - 2011,0
29189692,Assens Kommune,Sygeplejen - Årup,Indre Ringvej 8,5560,Aarup,03/04 - 2008,16/02 - 2014,0
29189692,Assens Kommune,Ungdomsskolen Glamsbjerg,Kaj Nielsens Vej 10,5620,Glamsbjerg,01/01 - 1993,31/12 - 2013,20-49
29189692,Assens Kommune,Ældreområdet Distrikt 1 Assens,Østergade 89D,5610,Assens,01/01 - 1999,13/09 - 2010,20-49
29189692,Assens Kommune,Pilehaveskolens SFO,Stadionvej 10,5610,Assens,01/01 - 1995,03/11 - 2009,20-49
29189692,Assens Kommune,Køkken Flemløse,Th. Bangsvej 4,5620,Glamsbjerg,16/07 - 2007,31/03 - 2011,0
29189692,Assens Kommune,Assens havn,Nordre Havnevej 21,5610,Assens,01/01 - 2008,20/10 - 2009,5-9
29189692,Assens Kommune,Skolefritidsordning Solsikken,Søndersøvej 16,5492,Vissenbjerg,01/01 - 1993,16/01 - 2008,10-19
29189692,Assens Kommune,SFO Kridthuset,Møllebakken 31,5560,Aarup,01/01 - 1993,03/11 - 2009,10-19
29189692,Assens Kommune,Flemløse Skole,Langgade 26,5620,Glamsbjerg,01/01 - 1993,01/08 - 2011,0
29189692,Assens Kommune,Børnehaven Spiloppen,Mosevangen 2,5683,Haarby,01/01 - 1997,15/01 - 2014,5-9
29189692,Assens Kommune,Musikskolen Tommerup,Møllebakken 22,5690,Tommerup,01/01 - 1993,03/11 - 2010,20-49
29189692,Assens Kommune,Aktivcentret,Dærupvej 5,5620,Glamsbjerg,01/01 - 1993,30/01 - 2014,1
29189692,Assens Kommune,Dagplejen - Distrikt 1 Aaarup/Vissenbjerg,Skolevej 4,5492,Vissenbjerg,16/07 - 2007,03/05 - 2011,0
29189692,Assens Kommune,Ungdomsskolen Haarby,Sportsvej 16,5683,Haarby,01/01 - 1993,31/12 - 2013,0
29189692,Assens Kommune,Gummerup Skoles SFO,Byvejen 57,5620,Glamsbjerg,01/01 - 1997,03/11 - 2009,20-49
29189692,Assens Kommune,Hjemmeplejen Glamsbjerg,Krengerupvej 3,5620,Glamsbjerg,03/04 - 2008,02/10 - 2011,0
29189692,Assens Kommune,Renseanlæg Assens,Melvej 10,5610,Assens,01/01 - 2002,20/10 - 2009,5-9
29189692,Assens Kommune,Dagplejen - Distrikt 3 Haarby / Glamsbjerg,Linien 2,5683,Haarby,16/07 - 2007,02/01 - 2011,2-4
29189692,Assens Kommune,Rådhuset Tommerup,Møllebakken 22,5690,Tommerup,01/01 - 1993,03/05 - 2011,0
29189692,Assens Kommune,Rådhuset Vissenbjerg,Vestergade 2,5492,Vissenbjerg,01/01 - 1993,06/03 - 2011,0
29189692,Assens Kommune,Børnehaven Spiloppen,Mosevangen 2,5683,Haarby,01/01 - 1993,18/09 - 2013,0
29189692,Assens Kommune,Renseanlæg Vissenbjerg,Smedegyden 15,5492,Vissenbjerg,01/01 - 1993,20/10 - 2009,2-4
29189692,Assens Kommune,Drivhuset-Glamsbjerg,Dærupvej 5,5620,Glamsbjerg,01/01 - 1993,14/03 - 2011,5-9
29189692,Assens Kommune,Tommerup Borgerservice,Møllebakken 22A,5690,Tommerup,04/05 - 2011,18/09 - 2013,0
29189692,Assens Kommune,Kildevangen,Fuglekildevej 101,5690,Tommerup,04/10 - 2011,16/02 - 2014,0
29189692,Assens Kommune,Plejebolig administration,Østergade 7,5492,Vissenbjerg,22/09 - 2011,13/02 - 2012,0
29189692,Assens Kommune,Genbrugspladen Assens,Torø Huse Vej 15,5610,Assens,14/02 - 2002,20/10 - 2009,5-9
29189692,Assens Kommune,SFO Tommerup Pilebo,Stadionvænget 9,5690,Tommerup,01/01 - 1993,03/11 - 2009,20-49
29189692,Assens Kommune,Genbrugspladsen Haarby,Trunderupvej 3,5683,Haarby,07/04 - 2008,20/10 - 2009,2-4
29189692,Assens Kommune,Sundhed,Rådhus Allé 5,5610,Assens,13/01 - 2011,27/11 - 2013,5-9
29189692,Assens Kommune,Sundhedsplejen - Glamsbjerg / Haarby området,Linien 2,5683,Haarby,03/04 - 2008,18/09 - 2013,0
29189692,Assens Kommune,Assens kommunale Træningscenter - Aarup,Indre Ringvej 8,5560,Aarup,01/01 - 2001,28/09 - 2011,2-4
29189692,Assens Kommune,Børne- og familiecenter Syd - Dagplejen,Willemoesgade 15A,5610,Assens,16/07 - 2007,27/09 - 2011,2-4
29189692,Assens Kommune,Plejeboliger administration,Odensevej 29C,5610,Assens,14/02 - 2012,16/02 - 2014,0
29189692,Assens Kommune,Hjemmeplejen Vissenbjerg,Østergade 7,5492,Vissenbjerg,01/01 - 1993,20/12 - 2012,50-99
29189692,Assens Kommune,Integrerede pleje Tommerup,Sortebrovej 3,5690,Tommerup,01/01 - 1997,30/07 - 2010,50-99
29189692,Assens Kommune,Ungdomsskolen Tommerup,Møllebakken 22,5690,Tommerup,01/01 - 1993,31/12 - 2013,5-9
29189692,Assens Kommune,Børnehaven Solbakken,Skolevej 44,5690,Tommerup,01/01 - 1993,01/08 - 2011,10-19
29189692,Assens Kommune,Rådhuset Aarup,Indre Ringvej 2,5560,Aarup,01/01 - 1993,06/03 - 2011,0
29189692,Assens Kommune,Trænede terapeuter - Vissenbjerg,Østergade 7,5492,Vissenbjerg,29/09 - 2011,16/02 - 2014,0
29189692,Assens Kommune,Børnehaven Regnbuen,Skolevej 6,5683,Haarby,01/01 - 1993,13/01 - 2014,5-9
29189692,Assens Kommune,Integreret Daginstitution Regnbuen,Gelstedvej 12,5560,Aarup,01/01 - 1993,14/03 - 2011,10-19
29189692,Assens Kommune,Renseanlæg Helnæs,Strandbakken 14B,5631,Ebberup,27/10 - 2008,20/10 - 2009,0
29189692,Assens Kommune,Hjemmeplejen Haarby,Syrenvej 22,5683,Haarby,03/04 - 2008,29/09 - 2011,1
29189692,Assens Kommune,Jordløse Børnecenter,Jordløse Møllevej 12,5683,Haarby,01/01 - 1994,31/10 - 2013,0
29189692,Assens Kommune,Aarup bibliotek,Bredgade 73,5560,Aarup,01/01 - 1993,16/02 - 2014,2-4
29189692,Assens Kommune,SFO Assensskolen Verdenshjørnet,Skelvej 29,5610,Assens,01/01 - 1993,03/11 - 2009,10-19
29189692,Assens Kommune,Sygeplejen - Assens,Østergade 89 D.,5610,Assens,03/04 - 2008,16/02 - 2014,0
29189692,Assens Kommune,Ældreområdet Kildebakken 2 - Distrikt 2,Østergade 7,5492,Vissenbjerg,03/04 - 2008,19/09 - 2011,0
29189692,Assens Kommune,SFO Ebberup Skole,Skolevej 4,5631,Ebberup,01/01 - 1993,03/11 - 2009,10-19
29189692,Assens Kommune,Glamsbjerg Bibliotek,Søndergade 3A,5620,Glamsbjerg,01/01 - 1993,16/02 - 2014,2-4
29189692,Assens Kommune,PPR,Rådhus Allé 5,5610,Assens,16/07 - 2007,22/02 - 2011,0
29189692,Assens Kommune,Landsbyordning - Brylle Børnehave,Tobovej 43A,5690,Tommerup,16/07 - 2007,31/07 - 2014,0
29189692,Assens Kommune,Beredskab,Rådhus Allé 5,5610,Assens,16/07 - 2007,03/05 - 2011,0
29189692,Assens Kommune,Børnetandklinikken i Ebberup,Skolevej 5,5631,Ebberup,01/01 - 1993,20/02 - 2012,2-4
29189692,Assens Kommune,Ældreområdet Hjemmeplejen Tommerup ST,Østergade 7,5492,Vissenbjerg,03/04 - 2008,14/03 - 2011,0
29189692,Assens Kommune,Hjemmeplejen Tommerup,Vestervangen 100,5690,Tommerup,03/04 - 2008,02/10 - 2011,20-49
29189692,Assens Kommune,Ældreområde Distrikt 1 - Skelvej ude,Østergade 89 C.,5610,Assens,03/04 - 2008,06/03 - 2011,1
29189692,Assens Kommune,Entreprenørgården Assens,Krabbeløkkevej 1,5610,Assens,02/04 - 2008,17/02 - 2014,5-9
29189692,Assens Kommune,Flemløse Børnehave,Langgade 26,5620,Glamsbjerg,03/08 - 2011,11/11 - 2013,0
29189692,Assens Kommune,Aktivitshuset Paletten,Sortebrovej 1,5690,Tommerup,01/01 - 1993,14/03 - 2011,0
29189692,Assens Kommune,Daginstitution Gnisten,Orte Vejsmark 20,5560,Aarup,01/01 - 1993,01/08 - 2011,0
29189692,Assens Kommune,Hjemmeplejen Aarup,Indre Ringvej 8,5560,Aarup,03/04 - 2008,02/10 - 2011,0
29189692,Assens Kommune,Skolefritidsordningen ved Tallerupskolen,Lilleskovvej 3,5690,Tommerup,09/05 - 2011,31/12 - 2013,10-19
29189692,Assens Kommune,SFO Salbrovad,Salbrovad 28,5610,Assens,16/07 - 2007,03/11 - 2009,5-9
29189692,Assens Kommune,Bofællesskabet Odensevej,Odensevej 29E,5610,Assens,22/08 - 2008,03/10 - 2011,20-49
29189692,Assens Kommune,SFO Tallerupskolen,Lilleskovvej 3,5690,Tommerup,01/01 - 1994,03/11 - 2009,10-19
29189692,Assens Kommune,Rensningsanlæg,Ellehaven 46,5690,Tommerup,01/01 - 2006,20/10 - 2009,2-4
29189692,Assens Kommune,Erhvervs og Aktivitetscentre,Odensevej 2,5610,Assens,01/01 - 1993,16/02 - 2014,1
29189692,Assens Kommune,Sundhedsplejen Aarup,Møllebakken 31,5560,Aarup,01/01 - 1996,18/09 - 2013,2-4
29189692,Assens Kommune,Vissenbjerg Bibliotek,Østergade 11D,5492,Vissenbjerg,01/01 - 1993,31/12 - 2013,5-9
29189692,Assens Kommune,SFO Brylle Åndehullet,Tobovej 45,5690,Tommerup,01/01 - 1993,03/11 - 2009,5-9
29189692,Assens Kommune,Børnehaven Solbakken,Skolevej 44,5690,Tommerup,02/08 - 2011,26/08 - 2014,0
29189692,Assens Kommune,Køkken Hårby,Syrenvej 22,5683,Haarby,16/07 - 2007,31/03 - 2011,0
29189692,Assens Kommune,Køkken Vissenbjerg,Østergade 7,5492,Vissenbjerg,16/07 - 2007,31/03 - 2011,0
29189692,Assens Kommune,Træning Aarup,Indre Ringvej 8,5560,Aarup,04/10 - 2011,27/02 - 2017,0
29189692,Assens Kommune,Renseanlæg Haarby,Strandgade 100,5683,Haarby,01/01 - 1994,20/10 - 2009,2-4
29189692,Assens Kommune,Assens Musikskole,Tobaksgården 7,5610,Assens,01/01 - 1995,03/11 - 2010,1
29189692,Assens Kommune,Fuglebakken - Børnehave,Fuglebakken 41,5560,Aarup,01/01 - 1993,01/08 - 2011,0
29189692,Assens Kommune,Bofællesskabet Odensevej,Odensevej 29 E.,5610,Assens,23/10 - 2007,06/01 - 2010,20-49
29189692,Assens Kommune,Tommerup Bibliotek,Stadionvænget 21,5690,Tommerup,01/01 - 1998,16/02 - 2014,1
29189692,Assens Kommune,Genbrugspladsen Aarup,Indre Ringvej 22,5560,Aarup,07/04 - 2008,20/10 - 2009,1
29189692,Assens Kommune,"Det Aktiverende Team - EDEN koordinator, sparring og udvikling","Odensevej 29C, 1",5610,Assens,07/01 - 2013,30/09 - 2016,0
29189692,Assens Kommune,Kildevangen,Fuglekildevej 101,5690,Tommerup,01/01 - 1993,03/10 - 2011,20-49
29189692,Assens Kommune,Haarby SFO Firkløveren,Sportsvej 16,5683,Haarby,01/01 - 1996,03/11 - 2009,10-19
29189692,Assens Kommune,Renseanlæg Ørsted,Bogensevej 151,5620,Glamsbjerg,27/10 - 2008,20/10 - 2009,1
29189692,Assens Kommune,SFO Skallebølle,Kelstrupvej 80,5492,Vissenbjerg,01/01 - 2004,03/11 - 2009,5-9
29189692,Assens Kommune,Assens kommunale Træningscenter - Assens,Odensevej 29A,5610,Assens,16/07 - 2007,28/09 - 2011,1
29189692,Assens Kommune,Assens Vandrehjem,Adelgade 26,5610,Assens,01/01 - 1993,02/02 - 2014,1
29189692,Assens Kommune,SFO Verninge Skole,Langstedvej 1,5690,Tommerup,01/01 - 1997,03/11 - 2009,5-9
29189692,Assens Kommune,"Værkstederne, - for afklaring og aktivering, Glamsbjerg",Fredensvej 27,5620,Glamsbjerg,01/01 - 1998,14/07 - 2010,1
29189692,Assens Kommune,Daginstitution 1000-Ben,Kertevej 59,5560,Aarup,01/01 - 1996,01/08 - 2011,0
29189692,Assens Kommune,Assens Hjemmepleje,Ramsherred 50,5610,Assens,01/01 - 2002,16/01 - 2008,20-49
29189692,Assens Kommune,Lokalhistorisk Arkiv,Bredgade 73,5560,Aarup,01/01 - 1993,14/03 - 2011,0
29189692,Assens Kommune,Plejecenter,Indre Ringvej 8,5560,Aarup,16/07 - 2007,21/09 - 2011,100-199
29189692,Assens Kommune,Hjemmeplejen - Assens Syd,Odensevej 29C,5610,Assens,15/08 - 2002,02/10 - 2011,20-49
29189692,Assens Kommune,Ungdomsskolen Aarup,Møllebakken 33,5560,Aarup,01/01 - 1993,31/12 - 2013,0
29189692,Assens Kommune,SFO Humlebien,Kaj Nielsens Vej 10,5620,Glamsbjerg,01/01 - 1997,03/11 - 2009,10-19
29189692,Assens Kommune,Dagplejen Syd (Assens/Haarby/Glamsbjerg),Willemoesgade 15A,5610,Assens,04/05 - 2011,14/10 - 2013,0
29189692,Assens Kommune,Assens Turistinformation - Visit Assens,Willemoesgade 15a,5610,Assens,01/09 - 2014,01/03 - 2015,0
29189692,Assens Kommune,Bostedet Poul Mose Parken,Poul Mose Parken 43,5620,Glamsbjerg,21/02 - 2008,31/12 - 2013,1
29189692,Assens Kommune,Assens Vandværk,Kildebakken 3,5610,Assens,01/01 - 2002,20/10 - 2009,2-4
29189692,Assens Kommune,Dagplejen - Distrikt 4 Tommerup,Tallerupvej 85A,5690,Tommerup,01/01 - 2000,31/01 - 2011,0
29189692,Assens Kommune,SFO Solsikken,Søndersøvej 16,5492,Vissenbjerg,16/07 - 2007,03/11 - 2009,20-49
29189692,Assens Kommune,Musikskolen Glamsbjerg,Kaj Nielsens Vej 10,5620,Glamsbjerg,01/01 - 1996,03/11 - 2010,5-9
29189692,Assens Kommune,Materialegården Tommerup,Ellehaven 48,5690,Tommerup,01/01 - 1993,01/05 - 2013,10-19
29189692,Assens Kommune,Aflastningen Korsvang,Korsvang 80,5610,Assens,04/12 - 2008,30/08 - 2011,0
29189692,Assens Kommune,Rosenhaven,Th. Bangsvej 4,5620,Glamsbjerg,03/02 - 2005,06/03 - 2011,2-4
29189692,Assens Kommune,Erhvervs og Aktivitetscentre,Krabbeløkkevej 1,5610,Assens,01/01 - 1993,31/12 - 2013,1
29189692,Assens Kommune,Haarby Bibliotek,Skolevej 10A,5683,Haarby,01/01 - 1993,16/02 - 2014,2-4
29189692,Assens Kommune,Hjemmeplejens administration,Syrenvej 22,5683,Haarby,16/07 - 2007,29/09 - 2011,100-199
29189692,Assens Kommune,Renseanlæg Tommerup st.,Tunnelvej 15B,5690,Tommerup,27/10 - 2008,20/10 - 2009,0
29189692,Assens Kommune,Materialegården,Krabbeløkkevej 1,5610,Assens,01/01 - 2004,16/01 - 2008,20-49
29189692,Assens Kommune,Skallebølle Skole,Kelstrupvej 84,5492,Vissenbjerg,01/01 - 1993,31/12 - 2018,1
29189692,Assens Kommune,Børnehaven Tommerup,Stenløkkevej 16,5690,Tommerup,03/08 - 2011,16/02 - 2014,1
29189692,Assens Kommune,Willemoesgade - Teknisk service,Willemoesgade 15,5610,Assens,01/01 - 2016,02/01 - 2017,2-4
29189692,Assens Kommune,Hjemmeplejen - Glamsbjerg,Krengerupvej 3,5620,Glamsbjerg,03/10 - 2011,03/01 - 2017,20-49
29189692,Assens Kommune,Børnehaven Bøgedal,Bredgade 84A,5492,Vissenbjerg,01/01 - 1997,26/02 - 2019,0
29189692,Assens Kommune,Dreslette Skole,Snavevej 27,5683,Haarby,01/01 - 1993,31/07 - 2017,0
29189692,Assens Kommune,Landsbyordning Den røde æske,Snavevej 27,5683,Haarby,01/01 - 1993,31/12 - 2018,1
29189692,Assens Kommune,Dagplejen Assens,Møllebakken 22A,5690,Tommerup,04/05 - 2011,31/03 - 2019,0
29189692,Assens Kommune,Familiehus Nord,Møllebakken 22A,5690,Tommerup,01/01 - 1997,31/03 - 2018,0
29189692,Assens Kommune,Det Kommunale Daghjem,Syrenvej 22,5683,Haarby,12/03 - 2014,31/12 - 2018,2-4
29189692,Assens Kommune,"Jobcenter Assens, Stab og Integration",Willemoesgade 15F,5610,,01/11 - 2015,27/03 - 2019,0
29189692,Assens Kommune,Hjemmeplejen - Assens Nord,"Odensevej 29C, 1",5610,Assens,22/08 - 2008,27/03 - 2019,0
29189692,Assens Kommune,Plejeboliger Hørvangen,Vestervangen 111-120,5690,Tommerup,22/09 - 2011,16/02 - 2014,
29189692,Assens Kommune,"Assens Rådhus, Serviceloven",Rådhus Allé 5,5610,Assens,01/01 - 2020,21/09 - 2021,
29189692,Assens Kommune,Familiehuset,"Willemoesgade 15C, 1. tv.",5610,Assens,03/04 - 2008,30/06 - 2021,3
29189692,Assens Kommune,Tommerup MotoCross & Speedway klub,Ellehaven 50,5690,Tommerup,01/01 - 2004,01/02 - 2022,1
29189692,Assens Kommune,Rådhuset Haarby,Møllevej 2,5683,Haarby,01/01 - 1993,16/01 - 2008,20-49
29189692,Assens Kommune,Brandmænd Assens,Ramsherred 50,5610,Assens,01/01 - 1993,08/01 - 2008,1
29189692,Assens Kommune,Skolefritidsordningen Salbrovadskolen,Salbrovad 28,5610,Assens,01/01 - 1993,31/12 - 2013,2-4
29189692,Assens Kommune,Genbrugspladsen Haarby,Trunderupvej 3,5683,Haarby,01/01 - 1993,06/04 - 2008,5-9
29189692,Assens Kommune,Rådhuset Glamsbjerg,Søndergade 99,5620,Glamsbjerg,01/01 - 1993,16/01 - 2008,50-99
29189692,Assens Kommune,Skolefritidsordningen Assensskolen,Skelvej 29,5610,Assens,01/01 - 1993,16/01 - 2008,1
29189692,Assens Kommune,BRAHESHOLMSKOLEN,Bogensevej 135,5620,Glamsbjerg,01/01 - 1993,15/07 - 2007,2-4
29189692,Assens Kommune,Genbrugspladsen Glamsbjerg,Fredensvej 25,5620,Glamsbjerg,01/01 - 1993,06/04 - 2008,5-9
29189692,Assens Kommune,Beskæftigelsessekretariatet Haarby,Møllevej 2,5683,Haarby,01/01 - 1993,15/07 - 2007,0
29189692,Assens Kommune,FRITIDS- OG UNGDOMSKLUBBEN MYRETUEN,Nygade 4,5610,Assens,01/01 - 1993,08/01 - 2008,2-4
29189692,Assens Kommune,Genbrugspladsen Vissenbjerg,Højmarken 1,5492,Vissenbjerg,01/01 - 1993,06/04 - 2008,5-9
29189692,Assens Kommune,Redningsberedskab,Ellehaven 45,5690,Tommerup,01/01 - 1993,16/01 - 2008,0
29189692,Assens Kommune,VISSENBJERG MUSIKSKOLE,Søndersøvej 14,5492,Vissenbjerg,01/01 - 1993,16/01 - 2008,5-9
29189692,Assens Kommune,Skolefritidsordningen Brahesholm,Bogensevej 135,5620,Glamsbjerg,01/01 - 1999,16/01 - 2008,1
29189692,Assens Kommune,Sofienhøj,Skovvej 3,5610,Assens,01/01 - 2000,16/01 - 2008,2-4
29189692,Assens Kommune,Sygeplejen Assens,Østergade 89D,5610,Assens,27/02 - 2017,04/07 - 2022,13
29189692,Assens Kommune,Landsbyordning - Husets Børnehave Gummerup,Byvejen 57,5620,Glamsbjerg,03/08 - 2011,31/03 - 2022,2
29189692,Assens Kommune,Sundhedsordningen,Rådhus Allé 25,5610,Assens,30/01 - 2014,22/03 - 2023,2
29189692,Assens Kommune,"Jobcenter Assens, Verninge - Arbejdsfastholdelse",Fuglekildevej 101 1.,5690,Tommerup,17/08 - 2010,22/05 - 2023,41
29189692,Assens Kommune,Aktivitetscenter Lindebjerg Allé,Lindebjerg Allé 16,5560,Aarup,24/03 - 2014,01/01 - 2024,6
29189692,Assens Kommune,Bostedet Møller Eriksensvej,Møller Eriksensvej 1-3,5690,Tommerup,01/01 - 1995,31/12 - 2023,0
29189692,Assens Kommune,Bryggervangen,Bryggermarken 22,5620,Glamsbjerg,01/03 - 2000,31/12 - 2023,0
29189692,Assens Kommune,Rytterskolen i Brylle,Ryttergade 3,5690,Tommerup,17/03 - 2014,01/01 - 2024,1
29189692,Assens Kommune,Bostedet Poul Mose Parken,Poul Mose Parken 22-32,5620,Glamsbjerg,01/01 - 1997,15/09 - 2024,3
29189692,Assens Kommune,Helhedsskolen,Møllebakken 31,5560,Aarup,01/08 - 2001,24/10 - 2024,7
29189692,Assens Kommune,OPHØRT Hjemmeplejen Vissenbjerg,Østervang 1,5492,Vissenbjerg,21/12 - 2012,09/03 - 2026,10
29189692,Assens Kommune,OPHØRT - Sygeplejen Assens,Møllebakken 22A,5690,Tommerup,27/02 - 2017,09/03 - 2026,2
29189692,Assens Kommune,OPHØRT - Hjemmeplejen Assens Syd,Korsvangcentret 5,5610,Assens,03/10 - 2011,09/03 - 2026,1
29189692,Assens Kommune,Bågø Naturcenter,Prinsehøjsvej 17,5610,Assens,01/01 - 1993,,1
29189692,Assens Kommune,Børnetandklinikken i Assens,Skelvej 29,5610,Assens,01/01 - 1993,,1
29189692,Assens Kommune,Børnehaven Fuglereden,Korsvang 76,5610,Assens,03/08 - 2011,,1
29189692,Assens Kommune,Assens Madservice,Odensevej 29D,5610,Assens,01/01 - 1993,,26
29189692,Assens Kommune,Bofællesskabet Korsvang,Korsvang 78,5610,Assens,01/01 - 1993,,48
29189692,Assens Kommune,Lindebjerg,Lindebjerg Allé 18,5560,Aarup,01/01 - 1993,,107
29189692,Assens Kommune,Brylle Skole,Tobovej 43,5690,Tommerup,01/01 - 1993,,25
29189692,Assens Kommune,Børnehuset Sangglad,Østerled 12,5610,Assens,01/01 - 1993,,8
29189692,Assens Kommune,Bøllehuset børnehave og vuggestue,Kelstrupvej 80-82,5492,Vissenbjerg,01/01 - 1993,,5
29189692,Assens Kommune,Assens Rådhus,Rådhus Allé 5,5610,Assens,01/01 - 1993,,495
29189692,Assens Kommune,Børnehaven Uglebo,Kaj Nielsens Vej 2,5620,Glamsbjerg,01/01 - 1993,,12
29189692,Assens Kommune,Pilebakken,Pilehaven 84,5610,Assens,01/01 - 1993,,69
29189692,Assens Kommune,Flemløse Plejehjem,Th. Bangsvej 4,5620,Glamsbjerg,01/01 - 1993,,41
29189692,Assens Kommune,Beskæftigelsescenter Pilevej,Pilevej 4,5560,Aarup,01/01 - 1993,,89
29189692,Assens Kommune,Børnehaven Skovbrynet,Lindevej 1,5492,Vissenbjerg,01/01 - 1993,,61
29189692,Assens Kommune,De Gamles Hjem,Krengerupvej 3,5620,Glamsbjerg,01/01 - 1993,,93
29189692,Assens Kommune,Verninge Skole,Langstedvej 1,5690,Tommerup,01/01 - 1993,,18
29189692,Assens Kommune,AssensBibliotekerne,Willemoes' Plads 3,5610,Assens,01/01 - 1993,,24
29189692,Assens Kommune,Aarupskolen,Møllebakken 31,5560,Aarup,01/01 - 1993,,73
29189692,Assens Kommune,Landsbyordningen - Fuglekilden Børnehave,Fuglekildevej 101A,5690,Tommerup,01/01 - 1993,,12
29189692,Assens Kommune,Børnehaven Børnenes Hus,Skolevej 4,5492,Vissenbjerg,01/01 - 1993,,7
29189692,Assens Kommune,Ebberup Skole,Skolevej 4,5631,Ebberup,01/01 - 1993,,68
29189692,Assens Kommune,Vissenbjerg Skole,Søndersøvej 14,5492,Vissenbjerg,01/01 - 1993,,91
29189692,Assens Kommune,Haarby Skole,Sportsvej 16,5683,Haarby,01/01 - 1993,,48
29189692,Assens Kommune,Strandgården,Strandgade 81,5683,Haarby,01/01 - 2005,,44
29189692,Assens Kommune,Salbrovadskolen,Salbrovad 28,5610,Assens,01/01 - 1993,,28
29189692,Assens Kommune,Tallerupskolen,Lilleskovvej 3,5690,Tommerup,01/01 - 1993,,72
29189692,Assens Kommune,Tommerup Skole,Stadionvænget 7,5690,Tommerup,01/01 - 1993,,61
29189692,Assens Kommune,Peter Willemoesskolen,Skelvej 29,5610,Assens,01/01 - 1993,,52
29189692,Assens Kommune,Børnetandklinikken i Tommerup,Stadionvænget 2,5690,Tommerup,01/01 - 1993,,19
29189692,Assens Kommune,Glamsbjergskolen,Kaj Nielsens Vej 10,5620,Glamsbjerg,01/01 - 1993,,55
29189692,Assens Kommune,Gårdbørnehaven Overmarksgården,Skovstrupvej 32,5690,Tommerup,01/01 - 1994,,55
29189692,Assens Kommune,Landsbyordning - Agerholm Børnehave,Ryttergade 16,5690,Tommerup,01/01 - 1995,,23
29189692,Assens Kommune,Plejeboliger Holmely,Indre Ringvej 8,5560,Aarup,01/01 - 1995,,57
29189692,Assens Kommune,Bofællesskabet Skelvej,Skelvej 4A,5610,Assens,01/01 - 1995,,42
29189692,Assens Kommune,Assens Musikskole,Tobaksgården 7,5610,Assens,01/01 - 1996,,26
29189692,Assens Kommune,Entreprenørgården,Indre Ringvej 15,5560,Aarup,01/01 - 1996,,55
29189692,Assens Kommune,Børnehuset NaturLigheden,Pilehaven 93,5610,Assens,01/01 - 1998,,40
29189692,Assens Kommune,Børnehuset Møllebakken,Indre Ringvej 4,5560,Aarup,01/01 - 1993,,56
29189692,Assens Kommune,Døgntilbud Duedalen,Duedalen 80B,5492,Vissenbjerg,01/01 - 1999,,40
29189692,Assens Kommune,Bostedet Østerbo,Østergade 31K,5560,Aarup,01/10 - 2000,,7
29189692,Assens Kommune,Landsbyordning - Børnehuset Salbrohave,Barløsevej 11,5610,Assens,01/01 - 2000,,8
29189692,Assens Kommune,Bostedet Stærevænget,Stærevænget 17,5610,Assens,01/01 - 2001,,13
29189692,Assens Kommune,Assens Ungdomsskole,Kaj Nielsens Vej 10,5620,Glamsbjerg,01/01 - 2002,,41
29189692,Assens Kommune,Nyholmgården,Nyholmsvej 12,5690,Tommerup,01/01 - 2004,,5
29189692,Assens Kommune,Jobcenter Assens,Rådhus Allé 5,5610,Assens,01/01 - 2007,,86
29189692,Assens Kommune,Plejeboliger Kildebakken,Østergade 7A,5492,Vissenbjerg,02/07 - 2007,,48
29189692,Assens Kommune,Pilehaveskolen,Stadionvej 10,5610,Assens,16/07 - 2007,,82
29189692,Assens Kommune,Børnehuset Himmelrummet,Teglbakken 1,5690,Tommerup,16/07 - 2007,,15
29189692,Assens Kommune,Sundhedspleje og Forebyggelse,Rådhus Allé 5,5610,Assens,03/04 - 2008,,27
29189692,Assens Kommune,Rengøring Nord - Assens,Søndersøvej 14,5492,Vissenbjerg,01/10 - 2009,,38
29189692,Assens Kommune,Misbrugscenter Assens Kommune,Dærupvej 5,5620,Glamsbjerg,02/12 - 2010,,13
29189692,Assens Kommune,Aktivitetscenter Vestervangen,Vestervangen 100,5690,Tommerup,25/01 - 2011,,10
29189692,Assens Kommune,Brahesholm,Bogensevej 133,5620,Glamsbjerg,11/04 - 2011,,8
29189692,Assens Kommune,Børnehaven Fuglebakken,Fuglebakken 41,5560,Aarup,03/08 - 2011,,18
29189692,Assens Kommune,Center for Rehabilitering og Akutpleje,Østergade 7B,5492,Vissenbjerg,01/08 - 2011,,45
29189692,Assens Kommune,Hjælpemiddeldepotet,Bogensevej 135,5620,Glamsbjerg,24/08 - 2011,,8
29189692,Assens Kommune,Træning Team Bred,Bredgade 80,5492,Vissenbjerg,29/09 - 2011,,11
29189692,Assens Kommune,Helhedspleje Tommerup,Møllebakken 22A,5690,Tommerup,03/10 - 2011,,85
29189692,Assens Kommune,Helhedspleje Aarup/Vissenbjerg,Indre Ringvej 8,5560,Aarup,03/10 - 2011,,88
29189692,Assens Kommune,Plejeboliger Æblehaven,Syrenvej 22,5683,Haarby,30/09 - 2011,,53
29189692,Assens Kommune,Administration ældreplejen,Rådhus Allé 5,5610,Assens,30/09 - 2011,,131
29189692,Assens Kommune,Helhedspleje Haarby/Glamsbjerg,Syrenvej 22,5683,Haarby,30/09 - 2011,,76
29189692,Assens Kommune,Træning Assens,Korsvangcentret 5,5610,Assens,29/09 - 2011,,17
29189692,Assens Kommune,Bofællesskabet Odensevej,Odensevej 29E,5610,Assens,04/10 - 2011,,35
29189692,Assens Kommune,Børnehaven Drømmebakken,Indre Ringvej 2,5560,Aarup,12/01 - 2012,,16
29189692,Assens Kommune,Lindebjerg Team 5/Skovvangen,Lindebjerg Allé 16,5560,Aarup,24/01 - 2012,,13
29189692,Assens Kommune,Børnehuset Haarby,Kærvangen 28,5683,Haarby,28/11 - 2013,,50
29189692,Assens Kommune,Assens 10.klassecenter,Langbygårdsvej 8,5620,Glamsbjerg,17/03 - 2014,,10
29189692,Assens Kommune,Aktivitetscenter Odensevej,Odensevej 2,5610,Assens,24/03 - 2014,,11
29189692,Assens Kommune,Aftenskoler i Assens Kommune,Rådhus Allé 5,5610,Assens,08/05 - 2014,,7
29189692,Assens Kommune,Unge Uddannelse og Familie,Skovvej 2B,5610,Assens,01/06 - 2014,,22
29189692,Assens Kommune,SSP,Skelvej 29,5610,Assens,01/01 - 2015,,3
29189692,Assens Kommune,Assens - Baagø Færgen,Nordre Havnevej 12,5610,Assens,01/01 - 2018,,6
29189692,Assens Kommune,Assens Havn,Nordre Havnevej 12,5610,Assens,01/01 - 2018,,3
29189692,Assens Kommune,Opgangsfællesskab Korsvang,Korsvang 80,5610,Assens,03/06 - 2019,,11
29189692,Assens Kommune,Ejendomsservice,Rådhus Allé 5,5610,Assens,01/01 - 2020,,1
29189692,Assens Kommune,Assens Rådhus Serviceloven,Rådhus Allé 5,5610,Assens,01/01 - 2020,,266
29189692,Assens Kommune,"Bostøtte paragraf 85, Aarup",Birkevej 3,5560,Aarup,01/01 - 2021,,13
29189692,Assens Kommune,"Bostøtte paragraf 85, Assens",Østergade 89D,5610,Assens,01/01 - 2021,,17
29189692,Assens Kommune,Helhedspleje Assens,Korsvangcentret 5,5610,Assens,01/03 - 2021,,91
29189692,Assens Kommune,Rengøring Syd - Assens,Rådhus Allé 5,5610,Assens,01/04 - 2022,,38
29189692,Assens Kommune,Teknisk Service distrikt Nord,Søndersøvej 14,5492,Vissenbjerg,01/04 - 2022,,16
29189692,Assens Kommune,Teknisk Service distrikt Syd,Skelvej 29,5610,Assens,01/04 - 2022,,18
29189692,Assens Kommune,Vuggestuen Himmelrummet,Stenløkkevej 16,5690,Tommerup,31/08 - 2022,,3
29189692,Assens Kommune,Pilehuset,Pilehaven 84C,5610,Assens,15/01 - 2023,,22
29189692,Assens Kommune,Kildevangen,Fuglekildevej 101A,5690,Tommerup,27/01 - 2026,,
29189692,Assens Kommune,Café Tusindfryd,Odensevej 29C,5610,Assens,16/07 - 2007,,1
29189692,Assens Kommune,UHUS Ungdomskulturhuset (Gl. Erhvervsskolen),Søndergade 57,5620,Glamsbjerg,16/01 - 2012,,1
29189692,Assens Kommune,Kompas'et,Søndre Havnevej 5,5610,Assens,23/01 - 2012,,1
29189692,Assens Kommune,"Aktivitet, Forebyggelse og Demens",Rådhus Allé 5,5610,Assens,01/01 - 2019,,1
29189692,Assens Kommune,Tidl. Gummerup Skole,Byvejen 57,5620,Glamsbjerg,01/01 - 1993,,2
29189692,Assens Kommune,Landsbyordning - Børnehuset Ebberup,Skolevej 6,5631,Ebberup,01/01 - 1993,,10-19
29189420,Aalborg Kommune,Kloakforsyningen Pumpestation,Vestre Havnepromenade 25,9000,Aalborg,01/01 - 2005,18/05 - 2010,
29189420,Aalborg Kommune,Dagbeskæftigelsen Røllikevej,Røllikevej 15,9310,Vodskov,23/02 - 2009,24/02 - 2009,
29189420,Aalborg Kommune,Plejeboliger Tornhøjhaven,Tornhøjvej 6A,9220,Aalborg Øst,01/06 - 2018,02/06 - 2018,
29189420,Aalborg Kommune,Plejeboliger Tornhøjhaven,Tornhøjvej 6A,9220,Aalborg Øst,01/06 - 2018,02/06 - 2018,
29189420,Aalborg Kommune,Udegruppe Skalborg,Stationsmestervej 3,9200,Aalborg SV,01/04 - 2009,01/04 - 2009,
29189420,Aalborg Kommune,Børnehaven Hans Egede,Grønlands Torv 2,9210,Aalborg SØ,01/01 - 2013,01/01 - 2013,
29189420,Aalborg Kommune,Genbrugspladsen Vester Hassing,Elsamvej 13,9310,Vodskov,16/11 - 2007,19/06 - 2013,
29189420,Aalborg Kommune,Børnehaven Bislev,Halkærvej 38,9240,Nibe,01/01 - 2008,31/12 - 2009,
29189420,Aalborg Kommune,Døgncentret Øster Uttrup,Brinken 6,9220,Aalborg Øst,04/02 - 2011,10/04 - 2011,
29189420,Aalborg Kommune,Hjemmeplejen Beltoften,Beltoften 61,9260,Gistrup,08/10 - 2007,31/12 - 2011,
29189420,Aalborg Kommune,Gartneriets kantine,Viren 14,9310,Vodskov,01/01 - 2007,31/12 - 2011,
29189420,Aalborg Kommune,Boligerne,Løkkegade 10,9000,Aalborg,01/01 - 2007,06/10 - 2010,
29189420,Aalborg Kommune,Genbrugspladsen Gandrup,Teglværksvej 31,9362,Gandrup,16/11 - 2007,19/06 - 2013,
29189420,Aalborg Kommune,Dag Hammerskjoldsgade,Dag Hammarskjølds Gade 3,9000,Aalborg,25/08 - 2011,14/04 - 2013,
29189420,Aalborg Kommune,Værestedet Fjordglimt,Koldsmindevej 1,9240,Nibe,10/03 - 2008,03/01 - 2011,
29189420,Aalborg Kommune,Bofællesskabet,Lundbyes Passage 2,9000,Aalborg,01/01 - 2007,18/06 - 2012,
29189420,Aalborg Kommune,Genbrugspladsen Ulsted,Langtvedvej 48C,9370,Hals,20/11 - 2007,19/06 - 2013,
29189420,Aalborg Kommune,Botilbud Gl. Kongevej 56 B,Gammel Kongevej 56B,9400,Nørresundby,06/07 - 2009,04/01 - 2011,
29189420,Aalborg Kommune,Botilbuddet Valmuehaven,Toftegårdsvej 1,9381,Sulsted,08/06 - 2010,09/06 - 2010,
29189420,Aalborg Kommune,Døgncentret Limfjorden,Langelandsvej 3,9280,Storvorde,29/05 - 2009,31/12 - 2009,
29189420,Aalborg Kommune,Botilbud Gl. Kongevej 56 A,Gammel Kongevej 56A,9400,Nørresundby,06/07 - 2009,31/12 - 2011,
29189420,Aalborg Kommune,Genbrugspladsen Hals,Ulstedvej 15,9370,Hals,16/11 - 2007,19/06 - 2013,
29189420,Aalborg Kommune,Hjemmeplejen Humlebakken,Smedegårdsvej 58,9220,Aalborg Øst,01/07 - 2015,01/09 - 2015,
29189420,Aalborg Kommune,Børn og unge med varigt nedsat funktionsevne,Strandvejen 35E,9000,Aalborg,18/06 - 2014,01/12 - 2015,
29189420,Aalborg Kommune,Laden,Byplanvej 99,9210,Aalborg SØ,12/02 - 2010,03/01 - 2011,
29189420,Aalborg Kommune,Specialbørnehaven Birken,Vestvej 1A,9310,Vodskov,17/06 - 2014,31/12 - 2015,
29189420,Aalborg Kommune,Efterbehandlingen og udslusningsbolig,Poul Paghs Gade 17,9000,Aalborg,26/02 - 2016,30/05 - 2016,
29189420,Aalborg Kommune,Hasserishave Ældreboliger,Thorsens Alle 1,9000,Aalborg,01/01 - 2007,31/12 - 2011,
29189420,Aalborg Kommune,Sundhed og Bæredygtig Udvikling,Strandgade 1,9240,Nibe,01/01 - 2007,01/01 - 2007,
29189420,Aalborg Kommune,Kirkens Korshærs Bofællesskab,Hobrovej 600,9230,Svenstrup J,07/03 - 2014,30/09 - 2016,
29189420,Aalborg Kommune,Opgangsfællesskabet,Istedgade 17,9000,Aalborg,01/01 - 2007,31/12 - 2009,
29189420,Aalborg Kommune,Boligadministrationen,Kjærulfsgade 2,9400,Nørresundby,01/01 - 2007,01/01 - 2007,
29189420,Aalborg Kommune,Aalborg kommune,Boulevarden 13,9000,Aalborg,01/01 - 2007,31/01 - 2007,
29189420,Aalborg Kommune,Ca-specialprojekt/Hou,Vagtelvej 26,9370,Hals,01/01 - 2006,12/05 - 2013,
29189420,Aalborg Kommune,Farstrup Bibliotek,Vårvej 9,9240,Nibe,01/01 - 2015,01/06 - 2017,
29189420,Aalborg Kommune,Omegavej Ældreboliger,Omegavej 4,9000,Aalborg,01/01 - 2007,31/12 - 2011,
29189420,Aalborg Kommune,Varmecentral Aalborg,Borgmester Jørgensens Vej 9,9000,Aalborg,01/01 - 2003,31/12 - 2017,
29189420,Aalborg Kommune,Vestbjerg Varmecentral,Marie Grubbes Vej 7,9380,Vestbjerg,19/02 - 2008,31/12 - 2017,
29189420,Aalborg Kommune,Varmecentral Aalborg,Larsensvej 34A,9400,Nørresundby,01/01 - 2003,31/12 - 2017,
29189420,Aalborg Kommune,Nørre Uttrup Varmecentral,Teglværket 12,9400,Nørresundby,18/04 - 2012,31/12 - 2017,
29189420,Aalborg Kommune,Specialgrupperne Gennem Bakkerne,Gennem Bakkerne 17,9310,Vodskov,15/04 - 2013,12/05 - 2013,
29189420,Aalborg Kommune,Bofællesskabet Syrenbakken 1. sal,"Syrenbakken 49, 1",9400,Nørresundby,01/01 - 1993,01/07 - 2015,0
29189420,Aalborg Kommune,Administrationscenter for Ældre og Handicappede Lokalområde Syd,Gundorfslund 6,9000,Aalborg,28/11 - 2001,30/04 - 2007,20-49
29189420,Aalborg Kommune,Fritidshjemmet Paraplyen,Attrupgårdvej 4,9310,Vodskov,01/01 - 2001,21/11 - 2011,5-9
29189420,Aalborg Kommune,Løvbo,Gennem Bakkerne 17,9310,Vodskov,13/01 - 2011,26/03 - 2013,0
29189420,Aalborg Kommune,Støberiet Plejehjemsboliger,Henning Smiths Vej 9,9000,Aalborg,01/01 - 2003,28/10 - 2015,0
29189420,Aalborg Kommune,Ældreområde Centrum,Østerbro 7,9000,Aalborg,10/11 - 2008,21/12 - 2015,0
29189420,Aalborg Kommune,Hasserisgruppen,Thulebakken 6,9000,Aalborg,13/05 - 2011,01/07 - 2015,0
29189420,Aalborg Kommune,Kærby Hvilehjem,Ny Kærvej 16,9000,Aalborg,01/01 - 2003,28/10 - 2015,5-9
29189420,Aalborg Kommune,"Hjemmeplejen midtby, Lindholm med nat",Vesterbrogade 5,9400,Nørresundby,19/07 - 2011,01/07 - 2015,0
29189420,Aalborg Kommune,Vaarst Ungdomsklub,Vaarstvej 203,9260,Gistrup,01/01 - 1999,30/09 - 2018,2-4
29189420,Aalborg Kommune,SKØJTEHALLEN,Samsøgade 45,9000,Aalborg,01/01 - 1995,04/01 - 2011,2-4
29189420,Aalborg Kommune,De Frivilliges Hus,Mølholmsvej 2,9000,Aalborg,01/01 - 2006,31/12 - 2015,5-9
29189420,Aalborg Kommune,Svalebo,Bodil Hjorths Vej 20,9310,Vodskov,01/01 - 2007,23/11 - 2010,20-49
29189420,Aalborg Kommune,MINIBO BRINKEN,Storemosevej 22,9310,Vodskov,01/01 - 1994,27/04 - 2009,1
29189420,Aalborg Kommune,BOENHEDEN,Bjerggade 14,9400,Nørresundby,01/01 - 1993,27/04 - 2009,10-19
29189420,Aalborg Kommune,OBSERVATIONSSKOLEN FJORDSKOLEN,Langelandsvej 3,9280,Storvorde,01/01 - 1993,01/01 - 2012,20-49
29189420,Aalborg Kommune,BØRNEHAVEN PILFINGER,Vestvej 1A,9310,Vodskov,01/01 - 1993,09/05 - 2010,5-9
29189420,Aalborg Kommune,SUNDHEDSCENTRET,Sygehusvej 14,9240,Nibe,01/01 - 1993,07/08 - 2012,2-4
29189420,Aalborg Kommune,Socialcenter Vest,Badehusvej 11,9000,Aalborg,01/01 - 1993,09/07 - 2009,20-49
29189420,Aalborg Kommune,Dagplejen Øst,Gasværksvej 24,9000,Aalborg,01/01 - 1999,31/12 - 2011,5-9
29189420,Aalborg Kommune,Center for autisme,Hjørringvej 60,9900,Frederikshavn,01/01 - 2001,04/09 - 2012,0
29189420,Aalborg Kommune,Botilbud Umanakvej,Umanakvej 1,9210,Aalborg SØ,01/01 - 1999,31/12 - 2013,0
29189420,Aalborg Kommune,Nørresundby Midtby,Lindholmsvej 50,9400,Nørresundby,01/01 - 2002,31/05 - 2016,0
29189420,Aalborg Kommune,Mors Garage,Vesterbro 25,9000,Aalborg,01/01 - 2004,28/03 - 2011,2-4
29189420,Aalborg Kommune,Specialgrupperne Pitten og Kløvermarken,"Tårnvej 6, 1. th.",9310,Vodskov,11/01 - 2011,26/03 - 2013,0
29189420,Aalborg Kommune,GenbrugNord Gandrup,Poul Smeds Vej 4,9362,Gandrup,20/01 - 2011,30/03 - 2014,0
29189420,Aalborg Kommune,Stjernehusene,Niels Dahls Alle 15,9210,Aalborg SØ,01/01 - 1993,28/11 - 2011,50-99
29189420,Aalborg Kommune,Botilbudet Hjørringvej,Hjørringvej 166,9400,Nørresundby,01/01 - 2001,01/01 - 2007,10-19
29189420,Aalborg Kommune,Hjemmeplejen Svenstrup,Bautastenen 3,9230,Svenstrup J,08/04 - 2009,01/07 - 2015,0
29189420,Aalborg Kommune,Specialgrupperne Tårnvej og Rønnebo,Tårnvej 8,9310,Vodskov,11/01 - 2011,26/03 - 2013,0
29189420,Aalborg Kommune,Fjordkøkkenet,Fjordparken 2,9370,Hals,01/01 - 2003,31/12 - 2007,2-4
29189420,Aalborg Kommune,Elforsyningen Aalborg,Hjulmagervej 22,9000,Aalborg,01/01 - 1993,31/05 - 2011,0
29189420,Aalborg Kommune,Værestedet Væksthuset,Poul Smeds Vej 4,9362,Gandrup,10/03 - 2008,03/01 - 2011,0
29189420,Aalborg Kommune,Egestadshus Plejehjem,Prinsensgade 36,9000,Aalborg,01/01 - 2003,19/05 - 2009,20-49
29189420,Aalborg Kommune,Dagtilbud Pontoppidan,Pontoppidanstræde 61,9220,Aalborg Øst,01/01 - 2003,26/04 - 2011,0
29189420,Aalborg Kommune,Botilbud Restrup Kærvej,Restrup Kærvej 35,9240,Nibe,01/01 - 2004,30/04 - 2007,10-19
29189420,Aalborg Kommune,BØRNEHAVEN LÆRKEREDEN,Lærkestien 1,9240,Nibe,01/01 - 1993,22/05 - 2010,2-4
29189420,Aalborg Kommune,Stjernehusene,Kræmmergade 20,9240,Nibe,01/01 - 1993,28/11 - 2011,0
29189420,Aalborg Kommune,UNGDOMSCENTRET,Kayerødsgade 46,9000,Aalborg,01/01 - 1993,25/03 - 2013,20-49
29189420,Aalborg Kommune,Aktivitetscentret Servicehuset,Thulebakken 6,9000,Aalborg,03/10 - 2003,30/04 - 2007,20-49
29189420,Aalborg Kommune,Køkkenet Mou,Dokkedalvej 20,9280,Storvorde,01/01 - 2007,31/12 - 2011,10-19
29189420,Aalborg Kommune,Distriktskontor Vest Aalborg,Badehusvej 11,9000,Aalborg,01/01 - 2001,30/04 - 2007,2-4
29189420,Aalborg Kommune,Engbo Klarup,Sneppevej 7,9270,Klarup,01/01 - 2007,30/01 - 2013,0
29189420,Aalborg Kommune,Ældreboliger Fredericiagade,Fredericiagade 3-7,9000,Aalborg,01/01 - 2004,31/12 - 2012,10-19
29189420,Aalborg Kommune,Forebyggelse og behandling,Kastetvej 24,9000,Aalborg,01/01 - 2007,27/05 - 2008,20-49
29189420,Aalborg Kommune,"Ældre- og Handicapforvaltningen ,Ældreområde Nordvest",Sankt Peders Gade 3,9400,Nørresundby,01/01 - 2001,22/02 - 2011,0
29189420,Aalborg Kommune,Ældre- og Handicapforvaltningen Aalborg Lokalområde Centrum,Østerbro 7,9000,Aalborg,01/01 - 2001,31/01 - 2007,1
29189420,Aalborg Kommune,Rengøringscenter Nord,"Lille Borgergade 33, st. th.",9400,Nørresundby,01/12 - 2006,27/10 - 2013,20-49
29189420,Aalborg Kommune,Støttecenter Døveområdet,Hadsundvej 34A,9000,Aalborg,01/01 - 2007,16/05 - 2013,0
29189420,Aalborg Kommune,Visitationen Voksen - Handicap,"Rantzausgade 8, 2",9000,Aalborg,01/01 - 1993,25/11 - 2015,0
29189420,Aalborg Kommune,Projektafsnittet,Østerbro 7,9000,Aalborg,01/07 - 2006,01/12 - 2014,0
29189420,Aalborg Kommune,Ungdomshøjskolen,Studievej 19,9400,Nørresundby,01/01 - 1993,29/08 - 2013,0
29189420,Aalborg Kommune,Tylstrup Ungdomsklub,Ultvedvej 35,9382,Tylstrup,01/01 - 1999,25/05 - 2009,2-4
29189420,Aalborg Kommune,Farstrup Produktion,Nymøllevej 155,9240,Nibe,25/03 - 2009,31/12 - 2017,0
29189420,Aalborg Kommune,Demenshuset Lollandsgade,Lollandsgade 15,9000,Aalborg,08/03 - 2011,04/02 - 2016,20-49
29189420,Aalborg Kommune,Rengøringscenter Sydvest,Steen Billes Gade 17,9000,Aalborg,01/01 - 2008,22/02 - 2009,50-99
29189420,Aalborg Kommune,Servicelijlighed Lille Tingbakke,Lille Tingbakke 4,9310,Vodskov,01/01 - 2007,30/12 - 2010,2-4
29189420,Aalborg Kommune,Frejaparken ældreboliger/ude,Henning Smiths Vej 9,9000,Aalborg,29/10 - 2010,01/07 - 2015,0
29189420,Aalborg Kommune,KILDEHUSET FOUNTAIN-HOUSE I AALBORG,Anders Mørchs Vej 1,9400,Nørresundby,01/01 - 1993,27/08 - 2012,20-49
29189420,Aalborg Kommune,Bovinsgade,"Bovinsgade 4, 1",9900,Frederikshavn,02/05 - 2011,20/03 - 2013,0
29189420,Aalborg Kommune,Energicentret,Østerbro 9,9000,Aalborg,01/01 - 2005,31/12 - 2017,0
29189420,Aalborg Kommune,Børnehaven Birken,Vestvej 1A,9310,Vodskov,01/01 - 2007,23/05 - 2012,20-49
29189420,Aalborg Kommune,Specialprojekt Egebo,Pitsvej 7,9310,Vodskov,13/01 - 2011,26/03 - 2013,0
29189420,Aalborg Kommune,BOENHEDEN,Vinkelvej 21B,9370,Hals,01/01 - 1993,27/04 - 2009,10-19
29189420,Aalborg Kommune,SFO Klarup skole,Hellasvej 17,9270,Klarup,01/01 - 2005,30/04 - 2007,20-49
29189420,Aalborg Kommune,Kloakforsyningen Renseanlæg Vest,Mølholmsvej 30,9000,Aalborg,01/01 - 2002,18/05 - 2010,50-99
29189420,Aalborg Kommune,Fjernvarmeforsyningen,Hjulmagervej 20,9000,Aalborg,01/01 - 1993,31/12 - 2015,0
29189420,Aalborg Kommune,Jobforberedende Hus,Hjulmagervej 5,9000,Aalborg,20/01 - 2011,13/05 - 2012,0
29189420,Aalborg Kommune,Kongerslev Bibliotek,Kongensgade 4,9400,Nørresundby,01/01 - 2002,18/06 - 2012,0
29189420,Aalborg Kommune,Jobcenter Sydvest,Hobrovej 461,9200,Aalborg SV,01/07 - 2006,02/03 - 2015,0
29189420,Aalborg Kommune,Kloakforsyningen,Stigsborg Brygge 5,9400,Nørresundby,01/01 - 2005,31/12 - 2010,0
29189420,Aalborg Kommune,Aktiviteten Riishøjcentret,Havrevangen 1,9000,Aalborg,01/01 - 2003,15/05 - 2017,1
29189420,Aalborg Kommune,Sonjavejs Ældreboliger,Sonjavej 21A,9000,Aalborg,01/01 - 2003,07/02 - 2012,0
29189420,Aalborg Kommune,Gundorfslund Plejehjemsboliger,Gundorfslund 5,9000,Aalborg,01/01 - 2003,03/10 - 2013,50-99
29189420,Aalborg Kommune,Hjælpemiddelservice,Hjulmagervej 7,9000,Aalborg,01/01 - 2007,13/05 - 2012,0
29189420,Aalborg Kommune,Fysioterpien,Bodil Hjorths Vej 18,9310,Vodskov,01/01 - 2007,31/12 - 2011,20-49
29189420,Aalborg Kommune,Dagbeskæftigelse Karolineværket,Violvej 1-3,9300,Sæby,01/01 - 2007,29/11 - 2016,0
29189420,Aalborg Kommune,DUS Svenstrup skole,Svenstrup Skolevej 17,9230,Svenstrup J,01/01 - 1999,25/03 - 2013,0
29189420,Aalborg Kommune,Vodskov by,Vodskovvej 28,9310,Vodskov,29/10 - 2008,22/02 - 2011,0
29189420,Aalborg Kommune,Storkøkken - Vest,Annebergvej 8A,9000,Aalborg,01/01 - 2003,14/11 - 2010,10-19
29189420,Aalborg Kommune,DØGNCENTERET SKINNELY,Poul Paghs Gade 1,9000,Aalborg,01/01 - 1993,13/05 - 2013,0
29189420,Aalborg Kommune,Herberget for kvinder,Danmarksgade 24,9000,Aalborg,01/01 - 2005,31/01 - 2007,10-19
29189420,Aalborg Kommune,PPR Hasserisgaard,Skelagervej 379A,9000,Aalborg,07/07 - 2009,17/06 - 2015,20-49
29189420,Aalborg Kommune,"Specialbørnehaven Birken, Langholt afd.",Vestvej 1A,9310,Vodskov,10/05 - 2010,09/12 - 2013,5-9
29189420,Aalborg Kommune,Børnehaven Hurlumhejhuset,Landmandsgade 34,9293,Kongerslev,01/01 - 2005,05/11 - 2008,5-9
29189420,Aalborg Kommune,Stjernehusene,Wibroesvej 16,9000,Aalborg,01/01 - 1998,30/12 - 2010,20-49
29189420,Aalborg Kommune,Hjemmeplejen Skalborg,Stationsmestervej 1-3,9200,Aalborg SV,01/01 - 1993,03/10 - 2013,0
29189420,Aalborg Kommune,BOENHEDEN,Fuglevænget 14,9000,Aalborg,01/01 - 1993,31/05 - 2010,10-19
29189420,Aalborg Kommune,LANGHOLT ungdomsklub,Vestvej 1,9310,Vodskov,01/01 - 1996,25/05 - 2009,1
29189420,Aalborg Kommune,Vandforsyningen,Sønderbro 53,9000,Aalborg,01/01 - 1993,07/06 - 2010,20-49
29189420,Aalborg Kommune,Pædagogisk Mediecenter,Saltumvej 9A,9220,Aalborg Øst,01/01 - 1993,31/03 - 2014,0
29189420,Aalborg Kommune,Børn- og Ungehus Regnbuen,Gammel Skolevej 1B,9382,Tylstrup,01/01 - 2007,05/11 - 2008,5-9
29189420,Aalborg Kommune,Familiehuset Lindholmhus,Lindholmsvej 37,9400,Nørresundby,01/01 - 2007,04/07 - 2011,0
29189420,Aalborg Kommune,NØRHOLM UNGDOMSKLUB,Nørholmsvej 480,9240,Nibe,01/01 - 1993,25/05 - 2009,0
29189420,Aalborg Kommune,Hjemmesygeplejen Nord,Sankt Peders Gade 3A,9400,Nørresundby,01/01 - 2004,30/04 - 2007,1
29189420,Aalborg Kommune,Opgangsfællesskabet,Suensonsgade 19-23,9000,Aalborg,01/01 - 2007,31/12 - 2009,5-9
29189420,Aalborg Kommune,Botilbud Vejgård Bymidte,Vejgård Bymidte 101,9000,Aalborg,01/01 - 2007,19/05 - 2009,0
29189420,Aalborg Kommune,Børne- og Familieområde Nord,Kjærulfsgade 2,9400,Nørresundby,22/08 - 2008,25/04 - 2011,0
29189420,Aalborg Kommune,Thulebakken 20,Thulebakken 20,9000,Aalborg,01/01 - 2007,28/11 - 2010,20-49
29189420,Aalborg Kommune,Boformen Storemosevej,Storemosevej 22,9310,Vodskov,13/01 - 2011,30/01 - 2013,0
29189420,Aalborg Kommune,Børnehaven Hvepsereden,Halsvej 199C,9310,Vodskov,01/01 - 1999,08/04 - 2016,0
29189420,Aalborg Kommune,Distriktskontor Nordøst,Borgergade 39,9362,Gandrup,01/01 - 1993,11/10 - 2010,50-99
29189420,Aalborg Kommune,Distriktskontor Gistrup Aalborg,Roden 2,9260,Gistrup,01/01 - 2001,30/04 - 2007,5-9
29189420,Aalborg Kommune,BØRNEHAVEN STRUBJERG,Strubjerg 163,9400,Nørresundby,01/01 - 1993,27/05 - 2015,0
29189420,Aalborg Kommune,Ungdomsskolen Afdeling for to-sprogede,Ny Kastetvej 1-3,9000,Aalborg,01/01 - 2004,07/09 - 2009,50-99
29189420,Aalborg Kommune,Optræningscenter Riishøj,Petersborgvej 67A,9000,Aalborg,01/01 - 2003,08/07 - 2009,10-19
29189420,Aalborg Kommune,Institutionen Bøgen,Røllikevej 13,9310,Vodskov,01/01 - 2002,30/04 - 2007,10-19
29189420,Aalborg Kommune,Manderådgivning Nordjylland,"Niels Ebbesens Gade 24, 1. tv.",9000,Aalborg,01/01 - 1997,05/07 - 2011,1
29189420,Aalborg Kommune,Rensningsanlæg Nibe,Aalborgvej 45,9240,Nibe,01/01 - 1993,18/05 - 2010,2-4
29189420,Aalborg Kommune,Engbo afd. B,Viren 6,9310,Vodskov,01/01 - 1993,30/01 - 2013,0
29189420,Aalborg Kommune,BOENHEDEN,Johannesmindevej 44,9000,Aalborg,01/01 - 1993,31/05 - 2010,10-19
29189420,Aalborg Kommune,Special for døve/Lektorvej 51,Lektorvej 51,9000,Aalborg,01/01 - 2000,21/05 - 2013,0
29189420,Aalborg Kommune,Børne- og Familieområde Sydvest/Dagplejen Sydvest,Digtervejen 9,9200,Aalborg SV,01/01 - 2007,28/04 - 2014,2-4
29189420,Aalborg Kommune,Hjemmesygeplejen Uttrupgaard,Lerumbakken 1,9400,Nørresundby,19/07 - 2011,31/12 - 2017,0
29189420,Aalborg Kommune,DAGCENTRET,Perikumvej 4,9000,Aalborg,01/01 - 1993,31/12 - 2011,10-19
29189420,Aalborg Kommune,Hou Produktion,Skippervej 50A,9370,Hals,03/02 - 2009,31/12 - 2017,0
29189420,Aalborg Kommune,Absalonsgård Plejehjem,Absalonsgade 9A,9000,Aalborg,01/01 - 2003,31/12 - 2016,0
29189420,Aalborg Kommune,Botilbud Kvisten,Gundorfslund 7,9000,Aalborg,01/01 - 2003,30/12 - 2010,5-9
29189420,Aalborg Kommune,Rengøringscentret Vest,Sofiendalsvej 95,9200,Aalborg SV,23/02 - 2009,27/10 - 2013,0
29189420,Aalborg Kommune,BIBLIOTEKET GRØNLANDSTORV,Grønlands Torv 1,9210,Aalborg SØ,01/01 - 1993,13/06 - 2019,0
29189420,Aalborg Kommune,Varmecentral Aalborg,Gasværksvej 28A,9000,Aalborg,01/01 - 2003,31/12 - 2017,0
29189420,Aalborg Kommune,"Ældreområde Nord, sekr.",Borgergade 39,9362,Gandrup,13/11 - 2008,15/05 - 2017,0
29189420,Aalborg Kommune,Vodskov Varmecentral,Brorsonsvej 8,9310,Vodskov,19/02 - 2008,31/12 - 2017,0
29189420,Aalborg Kommune,Norddanmarks EU-kontor,"Boulevarden 13, 2",9000,Aalborg,01/12 - 2006,01/01 - 2016,0
29189420,Aalborg Kommune,Aalborg Renseanlæg Øst,Rørdalsvej 200,9220,Aalborg Øst,01/01 - 2001,18/05 - 2010,0
29189420,Aalborg Kommune,Jobcenter Nordøst,Borgergade 39,9362,Gandrup,01/01 - 2007,11/10 - 2010,10-19
29189420,Aalborg Kommune,Familieplejen,"Østerbro 7, 1",9000,Aalborg,01/01 - 2007,17/02 - 2016,0
29189420,Aalborg Kommune,Døgncentret Multisystemisk Terapi-MST,Annebergvej 8B,9000,Aalborg,01/01 - 2006,31/12 - 2009,10-19
29189420,Aalborg Kommune,Driftsafdelingen Park og Natur,Roden 2,9260,Gistrup,01/01 - 1993,25/04 - 2010,20-49
29189420,Aalborg Kommune,Bøgemarkscentret,Bøgemarksvej 3,9230,Svenstrup J,01/01 - 2003,31/12 - 2011,0
29189420,Aalborg Kommune,Botilbud Rebildparken,Rebildparken 46,9220,Aalborg Øst,01/01 - 2003,30/04 - 2007,2-4
29189420,Aalborg Kommune,Børnehuset Globussen,Skydebanevej 6,9000,Aalborg,01/01 - 2004,31/01 - 2009,5-9
29189420,Aalborg Kommune,Langholt Produktion Kraftvarmeværk,Bjerget 11,9310,Vodskov,01/01 - 2007,31/12 - 2017,0
29189420,Aalborg Kommune,Værestedet,Koldsmindevej 1,9240,Nibe,01/01 - 1998,03/01 - 2011,0
29189420,Aalborg Kommune,AALBORG FOR DØVE GÅRDEN,Tornhøjparken 226,9220,Aalborg Øst,01/01 - 1998,27/02 - 2014,0
29189420,Aalborg Kommune,Udsigten,Skeldalsvej 9,9310,Vodskov,01/01 - 2001,26/03 - 2013,0
29189420,Aalborg Kommune,Visitation Støtte og omsorg,Sankt Peders Gade 3A,9400,Nørresundby,27/06 - 2011,01/07 - 2015,0
29189420,Aalborg Kommune,Aflastningstilbuddet Gården,"Bodil Hjorths Vej 7, 1",9310,Vodskov,01/01 - 2005,30/04 - 2007,10-19
29189420,Aalborg Kommune,A-værket Inst. for autisme,Pitsvej 10,9310,Vodskov,01/01 - 2002,10/06 - 2009,10-19
29189420,Aalborg Kommune,Midlertidige boliger - færdigbehandlede sygehus,"Gundorfslund 7, 2. tv.",9000,Aalborg,26/02 - 2008,30/12 - 2010,0
29189420,Aalborg Kommune,SVENSTRUP SKOLE DUS-ORDNINGEN,Svenstrup Skolevej 17,9230,Svenstrup J,01/01 - 1993,15/12 - 2010,10-19
29189420,Aalborg Kommune,Værestedet,Bredgade 4,9362,Gandrup,01/01 - 1993,31/12 - 2011,0
29189420,Aalborg Kommune,Limfjordsbroen Aalborg,Vesterbro 106,9000,Aalborg,01/01 - 1997,25/03 - 2014,0
29189420,Aalborg Kommune,Socialområde øst,Stationsvej 5,9280,Storvorde,01/01 - 2006,23/11 - 2010,50-99
29189420,Aalborg Kommune,Specialprojekt Hanebjælken,Hanebjælken 112-114,9380,Vestbjerg,13/01 - 2011,26/03 - 2013,0
29189420,Aalborg Kommune,Småbørnsafsnittet,Østerbro 7,9000,Aalborg,29/11 - 2010,07/05 - 2015,2-4
29189420,Aalborg Kommune,Døgncentret Øster Uttrup,Brinken 6,9220,Aalborg Øst,04/02 - 2011,14/04 - 2013,0
29189420,Aalborg Kommune,Børnehaven Skovtrolden,Bredgade 3-15,9362,Gandrup,01/01 - 2008,31/12 - 2011,10-19
29189420,Aalborg Kommune,Ældreområde Sydøst,Stationsvej 5,9280,Storvorde,08/10 - 2007,22/05 - 2010,100-199
29189420,Aalborg Kommune,Ældreområde Øst,Gasværksvej 24,9000,Aalborg,27/03 - 2014,15/05 - 2017,0
29189420,Aalborg Kommune,Fritidscentret Griffen,Magisterparken 24,9000,Aalborg,01/01 - 2007,05/11 - 2008,1
29189420,Aalborg Kommune,Sindklubben,Sankt Peders Gade 14,9400,Nørresundby,01/01 - 2007,27/08 - 2012,0
29189420,Aalborg Kommune,Administration Syd,Sofiendalsvej 95,9200,Aalborg SV,27/08 - 2008,03/01 - 2011,0
29189420,Aalborg Kommune,Specialgruppen Skovbo,Ravnstrupvej 38,9320,Hjallerup,01/01 - 2006,26/03 - 2013,0
29189420,Aalborg Kommune,BØRNEHAVEN BONDERUPGÅRDEN,Voergårdvej 12,9200,Aalborg SV,01/01 - 1993,06/10 - 2010,5-9
29189420,Aalborg Kommune,Bevillingsenhed Øst,Diskovej 2D,9210,Aalborg SØ,01/01 - 2003,15/05 - 2018,0
29189420,Aalborg Kommune,Clementsvej Plejehjemsboliger,Clementsvej 1,9000,Aalborg,01/01 - 2003,31/12 - 2011,1
29189420,Aalborg Kommune,Aktivitet Hasserishave,Thorsens Alle 1A,9000,Aalborg,01/01 - 2003,30/04 - 2007,5-9
29189420,Aalborg Kommune,Markusgruppen,Fyensgade 34,9000,Aalborg,01/01 - 2003,11/06 - 2009,20-49
29189420,Aalborg Kommune,Værksteds Huset,Østre Alle 91,9000,Aalborg,20/01 - 2011,30/03 - 2014,0
29189420,Aalborg Kommune,Ungdomscenteret Bisgårdsvej,Bisgårdsvej 12,9200,Aalborg SV,01/01 - 2004,31/01 - 2007,1
29189420,Aalborg Kommune,BIBLIOTEKET VESTBJERG,Jørgen Steins Vej 7,9380,Vestbjerg,01/01 - 1993,18/06 - 2012,0
29189420,Aalborg Kommune,Jobcenter Vest,Badehusvej 11,9000,Aalborg,01/07 - 2006,31/12 - 2009,2-4
29189420,Aalborg Kommune,BEREDSKABSCENTER AALBORG,Thomas Boss Gade 6,9000,Aalborg,01/01 - 1993,04/04 - 2016,0
29189420,Aalborg Kommune,"Behandlingscentret Hammer Bakker, afd. Skovbrynet",Merkurvej 7,9700,Brønderslev,01/01 - 1993,31/12 - 2017,0
29189420,Aalborg Kommune,Børne- og familiehjemmet Toppen,Annebergvej 71,9000,Aalborg,01/01 - 1999,05/07 - 2011,0
29189420,Aalborg Kommune,BOENHEDEN,Jeppe Åkjærs Vej 7,9200,Aalborg SV,01/01 - 1993,19/05 - 2009,20-49
29189420,Aalborg Kommune,Døgninstitutionen Grenen,"Bodil Hjorths Vej 7, st",9310,Vodskov,01/01 - 1993,04/07 - 2011,0
29189420,Aalborg Kommune,PILEBO,Smedegade 2,9330,Dronninglund,01/01 - 1996,01/10 - 2016,0
29189420,Aalborg Kommune,Løvenborg,Løvenborgparken 145-149,9400,Nørresundby,01/01 - 2003,05/07 - 2011,5-9
29189420,Aalborg Kommune,Vadum Varmecentral,Møllevænget 9,9430,Vadum,19/02 - 2008,31/12 - 2017,0
29189420,Aalborg Kommune,Kontaktcentret,Diskovej 2D,9210,Aalborg SØ,24/04 - 2016,15/05 - 2018,1
29189420,Aalborg Kommune,Dagplejen i Aalborg Kommune - Dagplejesekretariatet,"Louisegade 2A, st. tv.",9000,Aalborg,23/02 - 2010,24/10 - 2013,10-19
29189420,Aalborg Kommune,Rengøringscenter Vest,Steen Billes Gade 17,9000,Aalborg,01/01 - 2006,22/02 - 2009,50-99
29189420,Aalborg Kommune,DAGINSTITUTIONEN FOR AUTISME - Specialprojekt Egebo,Pitsvej 7,9310,Vodskov,01/01 - 1996,12/01 - 2011,0
29189420,Aalborg Kommune,Børnehuset Løvbakken,Løvbakken 1,9400,Nørresundby,01/01 - 2007,08/01 - 2016,0
29189420,Aalborg Kommune,Visitation støtte og omsorg,Gundorfslund 5-6,9000,Aalborg,27/06 - 2011,21/04 - 2016,0
29189420,Aalborg Kommune,Perikumvej,Perikumvej 4,9000,Aalborg,31/01 - 2014,30/04 - 2018,0
29189420,Aalborg Kommune,Jobcenter Sydøst,Stationsvej 5,9280,Storvorde,01/01 - 2007,31/12 - 2009,20-49
29189420,Aalborg Kommune,Bostøtte Gandrup,Poul Smeds Vej 4,9362,Gandrup,01/01 - 2007,31/03 - 2014,0
29189420,Aalborg Kommune,Svendborgvej Central,Svendborgvej 12,9220,Aalborg Øst,01/01 - 2003,31/12 - 2017,0
29189420,Aalborg Kommune,Gasforsyningen Aalborg,Gasværksvej 28,9000,Aalborg,01/01 - 1993,01/02 - 2017,5-9
29189420,Aalborg Kommune,Ældrecenter Tylstrup,Luneborgvej 16G,9382,Tylstrup,07/05 - 2002,07/06 - 2017,0
29189420,Aalborg Kommune,BØRNEHAVEN SKANSEBAKKEN,Skansevej 80,9400,Nørresundby,01/01 - 1993,31/08 - 2016,0
29189420,Aalborg Kommune,Uddannelseshuset Socialcenter,Kayerødsgade 37,9000,Aalborg,01/07 - 2006,31/12 - 2017,0
29189420,Aalborg Kommune,Hjemmesygeplejen Elmely,Lindholmsvej 24,9400,Nørresundby,19/07 - 2011,31/12 - 2017,0
29189420,Aalborg Kommune,Bøgeskolen,Bodil Hjorths Vej 18,9310,Vodskov,01/09 - 2015,22/02 - 2017,5-9
29189420,Aalborg Kommune,BØRNEHAVEN GL. HASSERIS,Las Poulsens Vej 50,9000,Aalborg,01/01 - 1996,31/12 - 2017,1
29189420,Aalborg Kommune,Hjemmeplejen,Beatesmindevej 30,9210,Aalborg SØ,01/01 - 2003,31/12 - 2017,0
29189420,Aalborg Kommune,Kastanjebo,Gennem Bakkerne 23A,9310,Vodskov,01/01 - 1993,31/12 - 2017,20-49
29189420,Aalborg Kommune,Ældreområde Vest,Badehusvej 11,9000,Aalborg,09/07 - 2009,10/05 - 2017,0
29189420,Aalborg Kommune,LØVVANGSKOLEN,Løvbakken 6,9400,Nørresundby,01/01 - 1993,31/08 - 2017,0
29189420,Aalborg Kommune,Brobyggerselskab - De udstødte Aalborg,"Badehusvej 1, st",9000,Aalborg,01/01 - 1997,16/03 - 2017,0
29189420,Aalborg Kommune,Egestadshus Plejehjem,Prinsensgade 36,9000,Aalborg,12/06 - 2009,31/12 - 2016,0
29189420,Aalborg Kommune,JobForm,Gasværksvej 32E,9000,Aalborg,20/01 - 2011,01/02 - 2019,0
29189420,Aalborg Kommune,Lager- og indkøbskontoret,Hjulmagervej 24,9000,Aalborg,01/01 - 2005,01/01 - 2018,10-19
29189420,Aalborg Kommune,Varmecentral Aalborg,Hellekisten 4,9230,Svenstrup J,01/01 - 2003,31/12 - 2017,1
29189420,Aalborg Kommune,Varmecentral Aalborg,Lyngvej 6,9000,Aalborg,01/01 - 2003,31/12 - 2017,0
29189420,Aalborg Kommune,Bo- og Gadeteamet,Danmarksgade 24,9000,Aalborg,01/01 - 2007,08/03 - 2017,0
29189420,Aalborg Kommune,Socialcenter Integration,Kastetvej 26,9000,Aalborg,01/12 - 2014,12/09 - 2019,0
29189420,Aalborg Kommune,Poul Paghs Gade kollegiet,"Poul Paghs Gade 1, st",9000,Aalborg,01/01 - 2018,19/02 - 2020,0
29189420,Aalborg Kommune,RCA - Haveprojektet,Rebslagervej 4,9000,Aalborg,12/11 - 2003,31/05 - 2019,0
29189420,Aalborg Kommune,Botilbud Henning Smiths Vej,Henning Smiths Vej 7,9000,Aalborg,01/01 - 2003,01/03 - 2019,2-4
29189420,Aalborg Kommune,Projektafsnittet,Kayerødsgade 37,9000,Aalborg,24/05 - 2011,30/06 - 2018,0
29189420,Aalborg Kommune,Gug Plejehjem,Fortunavej 2,9210,Aalborg SØ,25/08 - 2011,12/06 - 2019,50-99
29189420,Aalborg Kommune,Grindsted Produktion,Energivej 10,9310,Vodskov,01/10 - 1991,31/12 - 2017,1
29189420,Aalborg Kommune,HR/arbejdsmiljø,Boulevarden 13,9000,Aalborg,24/09 - 2003,01/07 - 2019,2-4
29189420,Aalborg Kommune,Enghavevej,Enghavevej 30,9000,Aalborg,15/08 - 2013,01/03 - 2019,5-9
29189420,Aalborg Kommune,Botilbud Visborggårdvej,Visborggårdvej 12,9200,Aalborg SV,01/07 - 2006,01/03 - 2019,5-9
29189420,Aalborg Kommune,Hjemmeplejen Øst land,Jernbanegade 11,9293,Kongerslev,01/07 - 2015,31/08 - 2018,0
29189420,Aalborg Kommune,Bofællesskabet Lykkebo,Toften 30,9240,Nibe,01/01 - 1993,01/03 - 2019,2-4
29189420,Aalborg Kommune,Saxohuset,Saxogade 2,9000,Aalborg,01/01 - 2007,31/12 - 2019,0
29189420,Aalborg Kommune,Plejecenter Ulstedparken,Ulstedparken 13,9370,Hals,01/01 - 1996,31/03 - 2019,2-4
29189420,Aalborg Kommune,Handicapsekretariatet,"Rantzausgade 8, 1",9000,Aalborg,01/01 - 1993,15/10 - 2018,1
29189420,Aalborg Kommune,Plejehjemmet Gabrielsværk,Sankt Peders Gade 3B,9400,Nørresundby,01/01 - 2007,31/03 - 2019,0
29189420,Aalborg Kommune,Familiehuset Victoria,Bisgårdsvej 14,9200,Aalborg SV,01/01 - 2007,30/11 - 2020,0
29189420,Aalborg Kommune,Plejehjemmet MALIK,Umanakvej 1-3,9210,Aalborg SØ,08/06 - 2010,01/09 - 2018,0
29189420,Aalborg Kommune,Tylstrup Produktion,Luneborgvej 45,9382,Tylstrup,01/01 - 2006,31/12 - 2017,0
29189420,Aalborg Kommune,BØRNEHAVEN SPILOPPEN,Svenstrupvej 33,9200,Aalborg SV,01/01 - 1993,31/01 - 2017,10-19
29189420,Aalborg Kommune,Ældreboliger Lilletoften,Lilletoften 1-39,9000,Aalborg,01/01 - 2007,31/12 - 2011,
29189420,Aalborg Kommune,Opgangsfællesskabet,Poul Paghs Gade 17A-17,9000,Aalborg,01/01 - 2007,31/12 - 2011,
29189420,Aalborg Kommune,Bofællesskabet,Øster Sundby Vej 10-12,9000,Aalborg,01/01 - 2007,18/06 - 2012,
29189420,Aalborg Kommune,Skole- og Dagtilbud - Vissegård,Bodil Hjorths Vej 18,9310,Vodskov,01/01 - 2004,20/07 - 2021,9
29189420,Aalborg Kommune,Træningshøjskolen Nørholmsvej,Nørholmsvej 13,9000,Aalborg,01/01 - 2004,31/01 - 2020,9
29189420,Aalborg Kommune,"Træningsenhed Nord, Solsiden",Lerumbakken 11A,9400,Nørresundby,01/01 - 1996,01/06 - 2020,12
29189420,Aalborg Kommune,Skole- og Dagtilbud - Bådgruppen,Bådebyggervej 15,9000,Aalborg,01/01 - 1997,20/07 - 2021,2
29189420,Aalborg Kommune,Virksomhedscentret,Vejgård Bymidte 12,9000,Aalborg,01/01 - 2010,31/12 - 2019,6
29189420,Aalborg Kommune,Skole- og Dagtilbud - Bakkeø,Tingvej 161,9310,Vodskov,01/12 - 2003,20/07 - 2021,0
29189420,Aalborg Kommune,Øster Uttrup Skole,Brinken 6,9220,Aalborg Øst,01/01 - 2000,30/03 - 2022,1
29189420,Aalborg Kommune,Hjemmeplejen Gug,Grønlands Torv 3,9210,Aalborg SØ,01/01 - 2003,16/05 - 2022,2-4
29189420,Aalborg Kommune,Plejeboligerne Litvadhus,Nibevej 14,9200,Aalborg SV,01/01 - 2007,31/12 - 2021,0
29189420,Aalborg Kommune,Løvvang bibliotek,Løvbakken 4,9400,Nørresundby,01/01 - 1993,31/05 - 2022,1
29189420,Aalborg Kommune,Botilbuddet Kongensgade,Kongensgade 16,9293,Kongerslev,01/01 - 2007,26/03 - 2021,10
29189420,Aalborg Kommune,"AK Belysning, TM",Hjulmagervej 22,9000,Aalborg,09/06 - 2011,31/01 - 2022,16
29189420,Aalborg Kommune,CLEMENTHUS,Clementsvej 7,9000,Aalborg,01/01 - 1993,31/01 - 2007,5-9
29189420,Aalborg Kommune,Børnehaven Skovtrolden,Bredgade 3-15,9362,Gandrup,01/01 - 1993,27/05 - 2008,10-19
29189420,Aalborg Kommune,SPECIALPROJEKTET BØGEN,Bodil Hjorths Vej 2,9310,Vodskov,01/01 - 1993,31/01 - 2007,20-49
29189420,Aalborg Kommune,Folkeregister- og Ejendomsadm. Aalborg,"Rantzausgade 4, st",9000,Aalborg,01/01 - 1993,30/04 - 2007,1
29189420,Aalborg Kommune,Daginstitutionen Kastanjen,Saltholmsgade 14,9000,Aalborg,01/01 - 1993,05/11 - 2008,5-9
29189420,Aalborg Kommune,BØRNE- OG UNGDOMSHUSET,Østre Alle 89,9000,Aalborg,01/01 - 1994,31/01 - 2007,2-4
29189420,Aalborg Kommune,INSTITUTIONEN BØGEN,Pitsvej 2,9310,Vodskov,01/01 - 1995,30/04 - 2007,20-49
29189420,Aalborg Kommune,Ungdomscenteret Bratbjærggård,Brinken 6,9220,Aalborg Øst,01/01 - 1995,30/04 - 2007,5-9
29189420,Aalborg Kommune,BØRNEHAVEN HYLDEHAVEN,Ryesgade 50A,9000,Aalborg,01/01 - 1996,31/01 - 2007,5-9
29189420,Aalborg Kommune,Specialcentret for voksne,John F. Kennedys Plads 1B,9000,Aalborg,01/01 - 1996,30/04 - 2007,20-49
29189420,Aalborg Kommune,INSTITUTIONEN BØGEN,Gennem Bakkerne 17,9310,Vodskov,01/01 - 1996,30/04 - 2007,10-19
29189420,Aalborg Kommune,SOCIALPSYKIATRISK TRÆNINGSINSTITUTION,Sandtuevej 30,9200,Aalborg SV,01/01 - 1996,30/04 - 2007,50-99
29189420,Aalborg Kommune,Team 43 Aalborg,Østerbro 7,9000,Aalborg,01/01 - 1997,31/01 - 2007,1
29189420,Aalborg Kommune,KLUBBEN I NIBE,Lundevej 59,9240,Nibe,01/01 - 1997,30/04 - 2007,20-49
29189420,Aalborg Kommune,Aflastningshjemmet,Storemosevej 33,9310,Vodskov,01/01 - 1998,31/01 - 2007,10-19
29189420,Aalborg Kommune,GENOPTRÆNINGSCENTER,Kirkevej 50,9310,Vodskov,01/01 - 1998,31/01 - 2007,5-9
29189420,Aalborg Kommune,UNGDOMSCENTRET BIXEN,Kastetvej 24,9000,Aalborg,01/01 - 1998,30/04 - 2007,10-19
29189420,Aalborg Kommune,Kommunekontor Aalborg,Boulevarden 13,9000,Aalborg,01/01 - 1999,30/04 - 2007,10-19
29189420,Aalborg Kommune,Vodskov Ungdomsskole,Brorsonsvej 1,9310,Vodskov,01/01 - 1999,31/01 - 2007,2-4
29189420,Aalborg Kommune,Kollektiv trafik,Danmarksgade 17,9000,Aalborg,15/03 - 2012,01/07 - 2022,13
29189420,Aalborg Kommune,Døgncentret Nibe,Kildegade 4,9240,Nibe,01/01 - 1993,30/11 - 2022,7
29189420,Aalborg Kommune,Ak Vikar,Lions Parken 6,9400,Nørresundby,25/10 - 2018,20/07 - 2022,4
29189420,Aalborg Kommune,Udskrivningsenheden,"Hobrovej 42D, st",9000,Aalborg,17/06 - 2014,31/03 - 2023,17
29189420,Aalborg Kommune,Tilsynsenhed,Lyøgade 10,9000,Aalborg,01/01 - 2019,31/03 - 2023,16
29189420,Aalborg Kommune,AAK Bygninger,"Danmarksgade 19, 1",9000,Aalborg,01/01 - 2004,25/07 - 2023,30
29189420,Aalborg Kommune,Socialområde Sydvest,Hobrovej 461,9200,Aalborg SV,01/01 - 2006,01/05 - 2015,0
29189420,Aalborg Kommune,Afklarende forløb,Østerågade 27,9000,Aalborg,01/01 - 2006,31/03 - 2011,0
29189420,Aalborg Kommune,Nøddehuset Dronninglund,Nørregade 19a,9330,Dronninglund,01/04 - 2017,01/11 - 2023,0
29189420,Aalborg Kommune,Familiegruppe Sydvest,Tingstedet 10,9230,Svenstrup J,01/01 - 1997,31/01 - 2023,2
29189420,Aalborg Kommune,Genbrugsplads og genbrugscenter Hou,Skovsgårdsvej 145,9370,Hals,20/11 - 2007,01/04 - 2024,
29189420,Aalborg Kommune,Genbrugspladsen Storvorde,Engvej 26,9280,Storvorde,16/11 - 2007,01/04 - 2024,0
29189420,Aalborg Kommune,Genbrugspladsen Over Kæret,Over Bækken 1,9000,Aalborg,16/11 - 2007,01/04 - 2024,0
29189420,Aalborg Kommune,Genbrugspladsen Sundsholmen,Sundsholmen 20,9400,Nørresundby,16/11 - 2007,01/04 - 2024,0
29189420,Aalborg Kommune,Genbrugspladsen Gandrup,Teglvænget 13,9362,Gandrup,20/06 - 2013,01/04 - 2024,0
29189420,Aalborg Kommune,GENBRUGSPLADSEN NIBE,Aalborgvej 55,9240,Nibe,12/12 - 2007,01/04 - 2024,0
29189420,Aalborg Kommune,Dagtilbud Syrenbakken,Syrenbakken 49,9400,Nørresundby,01/08 - 2017,31/05 - 2024,
29189420,Aalborg Kommune,Rusmiddelafsnittet – Behandlerhuset,Sofiendalsvej 7,9200,Aalborg SV,07/03 - 2014,31/05 - 2024,32
29189420,Aalborg Kommune,RCA Kantinen Kayerødsgade,Kayerødsgade 37,9000,Aalborg,01/01 - 2015,31/07 - 2024,5-9
29189420,Aalborg Kommune,Korma Aalborg,Hasserisgade 10,9000,Aalborg,18/08 - 2022,01/04 - 2025,
29189420,Aalborg Kommune,Aalborg Renovation,Over Bækken 2,9000,Aalborg,01/01 - 1993,01/04 - 2024,3
29189420,Aalborg Kommune,BØRNEHAVEN VAARST,Vaarstvej 203,9260,Gistrup,01/01 - 1993,30/11 - 2024,4
29189420,Aalborg Kommune,BYPLANVEJENS SKOLE,Byplanvej 2,9210,Aalborg SØ,01/01 - 1993,30/11 - 2024,1
29189420,Aalborg Kommune,TORNHØJSKOLEN - DUS,Tornhøjvej 1,9220,Aalborg Øst,01/01 - 1993,30/11 - 2024,2
29189420,Aalborg Kommune,BYPLANVEJENS SKOLE DUS-ORDNINGEN,Byplanvej 2,9210,Aalborg SØ,01/01 - 1993,30/11 - 2024,1
29189420,Aalborg Kommune,Børnehaven Stjernedrys,Hellevangen 55,9210,Aalborg SØ,01/01 - 1993,31/12 - 2024,6
29189420,Aalborg Kommune,BOFÆLLESSKABET SYRENBAKKEN,Syrenbakken 49,9400,Nørresundby,01/01 - 1998,31/05 - 2024,78
29189420,Aalborg Kommune,"Ældre- og Sundhed, Sygeplejen Sydvest",Bautastenen 3,9230,Svenstrup J,01/01 - 2001,31/03 - 2025,26
29189420,Aalborg Kommune,Cafe Væxt,"Poul Paghs Gade 6A, 1",9000,Aalborg,01/01 - 2002,31/05 - 2024,5
29189420,Aalborg Kommune,Uddannelseshuset Jobcenter,Kayerødsgade 37,9000,Aalborg,01/01 - 2003,07/11 - 2024,2
29189420,Aalborg Kommune,Uddannelseshuset,Vestre Havnepromenade 15,9000,Aalborg,01/01 - 2004,18/11 - 2024,2
29189420,Aalborg Kommune,Sygepleje Distrikt Øst,Smedegårdsvej 58,9220,Aalborg Øst,17/05 - 2017,31/03 - 2025,3
29189420,Aalborg Kommune,Demenssygeplejersker,Sofiendalsvej 92,9200,Aalborg SV,14/07 - 2015,19/06 - 2024,16
29189420,Aalborg Kommune,Sygepleje Storevorde,Stationsvej 5,9280,Storvorde,01/08 - 2015,31/03 - 2025,26
29189420,Aalborg Kommune,Sygepleje Nibe,Sygehusvej 5,9240,Nibe,01/08 - 2015,31/03 - 2025,15
29189420,Aalborg Kommune,Sygeplejen Nord,Storemosevej 12,9310,Vodskov,01/09 - 2015,31/03 - 2025,6
29189420,Aalborg Kommune,Projekt ARN,Hjulmagervej 18,9000,Aalborg,28/09 - 2018,22/05 - 2024,3
29189420,Aalborg Kommune,Daginstitutionen Damgården,Hellasvej 5,9270,Klarup,03/01 - 2023,30/04 - 2025,9
29189420,Aalborg Kommune,Træningsenheden Nordøst,Bodil Hjorths Vej 16-18,9310,Vodskov,01/01 - 1993,27/10 - 2025,1
29189420,Aalborg Kommune,"Jobcenter Aalborg, Gasværksvej",Gasværksvej 32E,9000,Aalborg,14/10 - 2009,01/11 - 2025,20-49
29189420,Aalborg Kommune,Hjemmeplejen Vest,"Sofiendalsvej 88C, st. tv.",9200,Aalborg SV,01/01 - 2003,31/03 - 2025,61
29189420,Aalborg Kommune,Hjemmeplejen Nibe,Sygehusvej 5,9240,Nibe,08/04 - 2009,31/03 - 2025,48
29189420,Aalborg Kommune,Kontinenssygeplejen Øst,Diskovej 2D,9210,Aalborg SØ,29/11 - 2010,31/03 - 2025,48
29189420,Aalborg Kommune,Hjemmeplejen Lindholm Høje,Lions Parken 10,9400,Nørresundby,23/02 - 2011,31/03 - 2025,94
29189420,Aalborg Kommune,Hjemmeplejen Humlebakken,Gasværksvej 3,9000,Aalborg,01/07 - 2015,31/03 - 2025,89
29189420,Aalborg Kommune,Hjemmepleje Tofthøj,Stationsvej 5,9280,Storvorde,01/07 - 2015,31/03 - 2025,67
29189420,Aalborg Kommune,Tjenestebiler i Senior og Omsorg,Storemosevej 19,9310,Vodskov,12/11 - 2024,31/12 - 2025,
29189420,Aalborg Kommune,TORNHØJSKOLEN,Tornhøjvej 1,9220,Aalborg Øst,01/01 - 1993,30/11 - 2024,1
29189420,Aalborg Kommune,Hjemmeplejen Anneberg,Absalonsgade 9A,9000,Aalborg,31/08 - 2009,31/03 - 2025,80
29189420,Aalborg Kommune,Kunsthal Nord,"Kjellerups Torv 5, 2",9000,Aalborg,21/10 - 2009,01/04 - 2025,1
29189420,Aalborg Kommune,Kontinenssygeplejen Nord,Sankt Peders Gade 3A,9400,Nørresundby,23/02 - 2011,31/03 - 2025,50
29189420,Aalborg Kommune,Hjemmeplejen Nord,Hjørringvej 170,9400,Nørresundby,01/07 - 2015,31/03 - 2025,57
29189420,Aalborg Kommune,Aalborg Genoptræning,"Teglgårds Plads 1, 9. 1.",9000,Aalborg,01/01 - 2022,01/01 - 2026,2
29189420,Aalborg Kommune,Støttekontaktpersonordning,"Helgolandsgade 23, st",9000,Aalborg,01/06 - 2015,01/02 - 2026,3
29189420,Aalborg Kommune,13´EREN,Helgolandsgade 23,9000,Aalborg,01/01 - 1997,01/02 - 2026,3
29189420,Aalborg Kommune,Hjemmepleje Nr. Tranders og Nat,Smedegårdsvej 58,9220,Aalborg Øst,01/09 - 2018,31/03 - 2025,101
29189420,Aalborg Kommune,Nattevagterne,"Fyrkildevej 7, 1. 3.",9220,Aalborg Øst,13/01 - 2025,01/12 - 2025,22
29189420,Aalborg Kommune,Fagspeciale Ortopædisk og Reumatologisk,Vesterbro 14,9000,Aalborg,07/03 - 2012,01/01 - 2026,9
29189420,Aalborg Kommune,Grindsted Ungdomsklub,Espelunden 5,9310,Vodskov,01/01 - 1999,,1
29189420,Aalborg Kommune,Løvvang Ungdomsklub,Løvbakken 6,9400,Nørresundby,01/01 - 1999,,1
29189420,Aalborg Kommune,Ellidshøj Ungdomsklub,Ellidshøjvej 60,9230,Svenstrup J,01/01 - 1999,,2
29189420,Aalborg Kommune,TOM - Daginstitutionen Fortuna,Korevej 2,9210,Aalborg SØ,01/01 - 1993,,5
29189420,Aalborg Kommune,TOM - Børnehuset Guldsmeden,Grenen 4,9260,Gistrup,01/01 - 1994,,3
29189420,Aalborg Kommune,SVØMMESALEN ØSTRE ALLE,Samsøgade 45,9000,Aalborg,01/01 - 1993,,1
29189420,Aalborg Kommune,Sjællandsgade Centret,Sjællandsgade 26-28,9000,Aalborg,01/01 - 1993,,1
29189420,Aalborg Kommune,Støttecenter Louiseplads,Louisegade 2B,9000,Aalborg,01/01 - 1996,,1
29189420,Aalborg Kommune,FRITIDSCENTRET BYGGEREN,Sebbersundvej 2B,9220,Aalborg Øst,01/01 - 1998,,1
29189420,Aalborg Kommune,Gug Kirkes Ungdomsklub,Nøhr Sørensens Vej 7,9210,Aalborg SØ,01/01 - 1999,,3
29189420,Aalborg Kommune,Botilbud Badebo,Badehusvej 4,9000,Aalborg,01/01 - 2003,,2
29189420,Aalborg Kommune,Hjemmeplejen Solsiden,Søndre Kongevej 66,9400,Nørresundby,01/01 - 2003,,1
29189420,Aalborg Kommune,Støtteboliger,Golfparken 10,9000,Aalborg,01/01 - 2007,,19
29189420,Aalborg Kommune,Bostøtte Øst Damhuset,Pontoppidanstræde 59,9220,Aalborg Øst,01/01 - 2007,,2
29189420,Aalborg Kommune,Kvarterværkstedet,Sebbersundvej 2A,9220,Aalborg Øst,24/08 - 2010,,1
29189420,Aalborg Kommune,Tanklinik Løvvangskolen,Løvbakken 6,9400,Nørresundby,19/06 - 2014,,7
29189420,Aalborg Kommune,Sygepleje Ambulatorie Vodskov,Hüttel-Sørensens Vej 61,9310,Vodskov,01/08 - 2015,,1
29189420,Aalborg Kommune,TOM - Daginstitution Fryd,Nørholmsvej 13,9000,Aalborg,01/11 - 2021,,1
29189420,Aalborg Kommune,Egebakken Agernhuset,Toftegårdsvej 22,9381,Sulsted,01/01 - 2000,,0
29189420,Aalborg Kommune,NØRHOLM SKOLE,Nørholmsvej 480,9240,Nibe,01/01 - 1993,,18
29189420,Aalborg Kommune,BØRNEHAVEN HELLASVEJ,Hellasvej 3,9270,Klarup,01/01 - 1993,,8
29189420,Aalborg Kommune,Administrationscentret,Boulevarden 13,9000,Aalborg,01/01 - 1993,,259
29189420,Aalborg Kommune,VUGGESTUEN TORNHØJVEJ,Tornhøjvej 12,9220,Aalborg Øst,01/01 - 1993,,15
29189420,Aalborg Kommune,BØRNEHAVEN SKALLERUPVEJ,Skallerupvej 226,9220,Aalborg Øst,01/01 - 1993,,10
29189420,Aalborg Kommune,Børnehaven Æblehaven,Ridefogedvej 2,9000,Aalborg,01/01 - 1993,,6
29189420,Aalborg Kommune,FYENSGADE CENTRET,Fyensgade 25,9000,Aalborg,01/01 - 1993,,17
29189420,Aalborg Kommune,NØVLING SKOLE,Nøvling Skolevej 5,9260,Gistrup,01/01 - 1993,,19
29189420,Aalborg Kommune,Lykkesminde Plejehjemsboliger,Jernbanegade 11,9293,Kongerslev,01/01 - 1993,,32
29189420,Aalborg Kommune,Vokseværket,Beltoften 18,9260,Gistrup,01/01 - 1993,,29
29189420,Aalborg Kommune,Voksenskolen for Undervisning og Kommunikation,Studievej 5,9400,Nørresundby,01/01 - 1993,,56
29189420,Aalborg Kommune,Løvdal,Bodil Hjorths Vej 12A,9310,Vodskov,01/01 - 1993,,87
29189420,Aalborg Kommune,AKTIVITETSCENTER VESTERGÅRDEN,Annebergvej 73,9000,Aalborg,01/01 - 1993,,1
29189420,Aalborg Kommune,VEJGÅRD ØSTRE SKOLE,Christen Kolds Vej 1,9000,Aalborg,01/01 - 1993,,74
29189420,Aalborg Kommune,KLARUP SKOLE DUS-ORDNINGEN,Klarup Skolevej 19,9270,Klarup,01/01 - 1993,,27
29189420,Aalborg Kommune,VADUM HALLEN,Søndermarken 20,9430,Vadum,01/01 - 1993,,6
29189420,Aalborg Kommune,Daginstitutionen Bakkeskoven afd Skoven,Gammel Hedevej 29,9310,Vodskov,01/01 - 1993,,11
29189420,Aalborg Kommune,Daginstitutionen Tophøj,Vissevej 112,9210,Aalborg SØ,01/01 - 1993,,12
29189420,Aalborg Kommune,Teknik og Miljø,Stigsborg Brygge 105,9400,Nørresundby,01/01 - 1993,,455
29189420,Aalborg Kommune,Værestedet Perlen,Kastetvej 26,9000,Aalborg,01/01 - 1993,,5
29189420,Aalborg Kommune,Boformen Vester Hassing,Nåleøjet 70 30.,9310,Vodskov,01/01 - 1993,,73
29189420,Aalborg Kommune,SØNDERHOLM SKOLES UNGDOMSKLUB,Stadionvej 2,9240,Nibe,01/01 - 1993,,3
29189420,Aalborg Kommune,Fritidscenter Fundamentet,Tornhøjvej 1,9220,Aalborg Øst,01/01 - 1993,,30
29189420,Aalborg Kommune,GL.HASSERIS SKOLE,Mester Eriks Vej 57,9000,Aalborg,01/01 - 1993,,85
29189420,Aalborg Kommune,Børnehuset Egholm Færgevej,Egholm Færgevej 2,9000,Aalborg,01/01 - 1993,,24
29189420,Aalborg Kommune,VESTER MARIENDAL SKOLE,Stjernevej 1,9200,Aalborg SV,01/01 - 1993,,100
29189420,Aalborg Kommune,MOU PLEJECENTER,Dokkedalvej 18,9280,Storvorde,01/01 - 1993,,46
29189420,Aalborg Kommune,ULSTED SKOLEFRITIDSORDNING,Købmagergade 23B,9370,Hals,01/01 - 1993,,12
29189420,Aalborg Kommune,Børn og Unge,Godthåbsgade 8,9400,Nørresundby,01/01 - 1993,,868
29189420,Aalborg Kommune,FILSTEDVEJENS SKOLE,Filstedvej 16,9000,Aalborg,01/01 - 1993,,86
29189420,Aalborg Kommune,DUS - Stigsborg Skole,Stigsborg Bygade 50,9400,Nørresundby,01/01 - 1993,,22
29189420,Aalborg Kommune,STOLPEDALSSKOLEN,Stolpedalsvej 2,9000,Aalborg,01/01 - 1993,,78
29189420,Aalborg Kommune,GRINDSTED SKOLE,Uggerhalnevej 4,9310,Vodskov,01/01 - 1993,,20
29189420,Aalborg Kommune,TOFTHØJSKOLEN,Tofthøjvej 32,9280,Storvorde,01/01 - 1993,,92
29189420,Aalborg Kommune,MELLERVANGSKOLEN - DUS,Frøstrupvej 4,9220,Aalborg Øst,01/01 - 1993,,24
29189420,Aalborg Kommune,DUS-ORDNINGEN VED SØNDERHOLM SKOLE,Stadionvej 2,9240,Nibe,01/01 - 1993,,8
29189420,Aalborg Kommune,Plejecenter Fjordparken,Fjordparken 2,9370,Hals,01/01 - 1993,,63
29189420,Aalborg Kommune,BØRNEHAVEN REGNBUEN,Hadsundvej 119A,9000,Aalborg,01/01 - 1993,,10
29189420,Aalborg Kommune,Lundbyescentret,Lundbyesgade 33,9000,Aalborg,01/01 - 1993,,92
29189420,Aalborg Kommune,Pensionatet Sofiebo,Sofiendalsvej 76,9200,Aalborg SV,01/01 - 2008,,33
29189420,Aalborg Kommune,AkPrint,Danmarksgade 17A,9000,Aalborg,01/01 - 1993,,3
29189420,Aalborg Kommune,Vestbyens Fritidscenter,Skydebanevej 6A,9000,Aalborg,01/01 - 1993,,24
29189420,Aalborg Kommune,Børnehaven Mariehuset,Årestrupsvej 3,9000,Aalborg,01/01 - 1994,,13
29189420,Aalborg Kommune,Solbakkeskolen,Mylius Erichsens Vej 127,9210,Aalborg SØ,01/01 - 1993,,87
29189420,Aalborg Kommune,Ydelsescentret,John F. Kennedys Plads 1B,9000,Aalborg,01/01 - 1993,,119
29189420,Aalborg Kommune,Aalborg Bibliotekerne,Rendsburggade 2,9000,Aalborg,01/01 - 1993,,156
29189420,Aalborg Kommune,VESTERKÆRET SKOLE,Skydebanevej 1,9000,Aalborg,01/01 - 1993,,37
29189420,Aalborg Kommune,PLEJEHJEMMET OTIUMGÅRDEN,Otiumvej 7,9000,Aalborg,01/01 - 1993,,58
29189420,Aalborg Kommune,Børnehuset Smedegården,Tranumparken 8C,9220,Aalborg Øst,01/01 - 1993,,23
29189420,Aalborg Kommune,PLEJEHJEMMET LIONS PARK,Lions Parken 6,9400,Nørresundby,01/01 - 1993,,58
29189420,Aalborg Kommune,BØRNEHAVEN ØSTERGADE,Østergade 64,9400,Nørresundby,01/01 - 1993,,8
29189420,Aalborg Kommune,Boformen Astrupparken,Rebildparken 61,9220,Aalborg Øst,01/01 - 1993,,64
29189420,Aalborg Kommune,AALBORG STADION,Harald Jensens Vej 9,9000,Aalborg,01/01 - 1994,,6
29189420,Aalborg Kommune,SKOLEFRITIDSORDNINGEN HALS SKOLE,Skovsgårdsvej 1,9370,Hals,01/01 - 1993,,6
29189420,Aalborg Kommune,VADUM SKOLE,Søndermarken 29,9430,Vadum,01/01 - 1993,,36
29189420,Aalborg Kommune,Ferslev skole afd. Ellidshøj,Ny Skolevej 2,9230,Svenstrup J,01/01 - 1993,,9
29189420,Aalborg Kommune,SOFIENDALSKOLEN,Lange Müllers Vej 18,9200,Aalborg SV,01/01 - 1993,,78
29189420,Aalborg Kommune,AKTIVITETSCENTRET,Grønlands Torv 1B,9210,Aalborg SØ,01/01 - 1993,,8
29189420,Aalborg Kommune,FRITIDSCENTRET FRI-STEDET,Thulevej 32B,9210,Aalborg SØ,01/01 - 1993,,37
29189420,Aalborg Kommune,Børnehuset Anemonen afd Roden,Roden 6,9260,Gistrup,01/01 - 1993,,14
29189420,Aalborg Kommune,Børnehaven Østerladen,Nordmandshage 44,9370,Hals,01/01 - 1993,,6
29189420,Aalborg Kommune,Plejeboliger Trækbanen,Dag Hammarskjølds Gade 3,9000,Aalborg,01/01 - 1993,,50
29189420,Aalborg Kommune,FRITIDSCENTRET LINDHOLM,Erik Ladefogeds Vej 8,9400,Nørresundby,01/01 - 1993,,24
29189420,Aalborg Kommune,SULSTED SKOLE,Elkærvej 2,9381,Sulsted,01/01 - 1993,,32
29189420,Aalborg Kommune,ULSTED SKOLE,Jyllensgade 29,9370,Hals,01/01 - 1993,,14
29189420,Aalborg Kommune,V.HASSING SKOLEFRITIDSORDNING 1,Halsvej 199A,9310,Vodskov,01/01 - 1993,,14
29189420,Aalborg Kommune,Nibe Skole afd Bislev,Halkærvej 42,9240,Nibe,01/01 - 1993,,24
29189420,Aalborg Kommune,AKTIVITETSCENTRET,Gundorfslund 32,9000,Aalborg,01/01 - 1993,,15
29189420,Aalborg Kommune,BØRNEHAVEN GARTNERGÅRDEN,Enggårdsgade 48,9000,Aalborg,01/01 - 1993,,6
29189420,Aalborg Kommune,NØRHOLM SKOLE DUS-ORDNINGEN,Nørholmsvej 480,9240,Nibe,01/01 - 1993,,11
29189420,Aalborg Kommune,Haraldslund Vand- og Kulturhus,Kastetvej 83,9000,Aalborg,01/01 - 1993,,22
29189420,Aalborg Kommune,Børnehaven Skovtrolden,Bredgade 15,9362,Gandrup,01/01 - 1993,,10
29189420,Aalborg Kommune,VESTERKÆRET SKOLE DUS-ORDNINGEN,Skydebanevej 1,9000,Aalborg,01/01 - 1993,,12
29189420,Aalborg Kommune,GISTRUP SKOLE,Hadsundvej 406,9260,Gistrup,01/01 - 1993,,70
29189420,Aalborg Kommune,BØRNEHAVEN SOLSIDEN,Hjørringvej 83,9400,Nørresundby,01/01 - 1993,,6
29189420,Aalborg Kommune,"Klima, Kultur og Sundhed",Danmarksgade 17,9000,Aalborg,01/01 - 1993,,285
29189420,Aalborg Kommune,BØRNEHAVEN THORSENS ALLE,Thorsens Alle 25,9000,Aalborg,01/01 - 1993,,6
29189420,Aalborg Kommune,Visse Ungdomsklub,Vissevej 116,9210,Aalborg SØ,01/01 - 1995,,5
29189420,Aalborg Kommune,"Gistrup Skole, afdeling Fjellerad DUS",Hålsvej 4A,9260,Gistrup,01/01 - 1993,,8
29189420,Aalborg Kommune,Enghuset,Roden 1,9260,Gistrup,01/01 - 1993,,46
29189420,Aalborg Kommune,GUDUMHOLM SKOLE,Aagade 72,9280,Storvorde,01/01 - 1993,,34
29189420,Aalborg Kommune,Fritidscenter Gl. Kongevej,Gammel Kongevej 34,9400,Nørresundby,01/01 - 1993,,25
29189420,Aalborg Kommune,Børnehuset Anemonen afd Knuden,Knuden 62,9260,Gistrup,01/01 - 1993,,5
29189420,Aalborg Kommune,Svømmesalen Sofiendal,Lange Müllers Vej 18,9200,Aalborg SV,01/01 - 1993,,2
29189420,Aalborg Kommune,Børnehaven Damstræde,Damstræde 46,9220,Aalborg Øst,01/01 - 1993,,13
29189420,Aalborg Kommune,Børnehaven Sofie,Klarup Skolevej 20,9270,Klarup,01/01 - 1993,,10
29189420,Aalborg Kommune,Børnehaven Bikuben,Th. Staunings Vej 9,9210,Aalborg SØ,01/01 - 1993,,11
29189420,Aalborg Kommune,Dagtilbud Svenstrup,Svanereden 4,9230,Svenstrup J,01/01 - 1993,,13
29189420,Aalborg Kommune,VESTBJERG SKOLE,Bakmøllevej 280,9380,Vestbjerg,01/01 - 1993,,62
29189420,Aalborg Kommune,FREJLEV SKOLE DUS-ORDNINGEN,Frejlev Skolevej 7,9200,Aalborg SV,01/01 - 1993,,26
29189420,Aalborg Kommune,SVENSTRUP SKOLE,Egemarksvej 1,9230,Svenstrup J,01/01 - 1993,,62
29189420,Aalborg Kommune,BØRNEHAVEN FYRKILDEVEJ,Fyrkildevej 85,9220,Aalborg Øst,01/01 - 1993,,12
29189420,Aalborg Kommune,Dagcenter Virkelyst,Virkelyst 14,9400,Nørresundby,01/01 - 1993,,20
29189420,Aalborg Kommune,DAGINSTITUTIONEN FORTUNA,Fortunavej 1,9210,Aalborg SØ,01/01 - 1993,,20
29189420,Aalborg Kommune,MELLERVANGSSKOLEN,Frøstrupvej 4,9220,Aalborg Øst,01/01 - 1993,,101
29189420,Aalborg Kommune,HØJVANGSKOLEN,Bautastenen 21,9230,Svenstrup J,01/01 - 1993,,61
29189420,Aalborg Kommune,GANDRUP SKOLE,Bredgade 5,9362,Gandrup,01/01 - 1993,,39
29189420,Aalborg Kommune,BØRNEHAVEN ROSENGÅRDEN,Stationsmestervej 33,9200,Aalborg SV,01/01 - 1993,,7
29189420,Aalborg Kommune,Nibe Kommunale Svømmebad,Skovbrynet 33,9240,Nibe,01/01 - 1993,,3
29189420,Aalborg Kommune,Annebergcentret,Annebergvej 6,9000,Aalborg,01/01 - 1993,,58
29189420,Aalborg Kommune,Bundgaardsskolen - DUS,Herningvej 35,9220,Aalborg Øst,01/01 - 1993,,28
29189420,Aalborg Kommune,GUG SKOLE,Solhøjsvej 2,9210,Aalborg SØ,01/01 - 1993,,85
29189420,Aalborg Kommune,Hals Skole afd Hou,Nørregade 9,9370,Hals,01/01 - 1993,,12
29189420,Aalborg Kommune,DET BESKYTTEDE VÆRKSTED FABRIKKEN ÅLYKKE,Håndværkervej 12,9000,Aalborg,01/01 - 1993,,10
29189420,Aalborg Kommune,Udviklingsafsnit for Børn og Unge,Nygade 3,9400,Nørresundby,01/01 - 1993,,17
29189420,Aalborg Kommune,LANGHOLT SKOLE - DUS,Øster Hassing Vej 1,9310,Vodskov,01/01 - 1993,,5
29189420,Aalborg Kommune,It-centret Aalborg,Danmarksgade 17A,9000,Aalborg,01/01 - 1993,,72
29189420,Aalborg Kommune,Toftehaven Plejehjemsboliger,Toftegårdsvej 3,9381,Sulsted,01/01 - 1993,,45
29189420,Aalborg Kommune,FERSLEV SKOLE DUS-ORDNINGEN,Rævedalsvej 5,9230,Svenstrup J,01/01 - 1993,,9
29189420,Aalborg Kommune,Tandplejen Nibe,Lundevej 17,9240,Nibe,01/01 - 1993,,4
29189420,Aalborg Kommune,BØRNEHAVEN JULIANE,Hasserisvej 172,9000,Aalborg,01/01 - 1994,,9
29189420,Aalborg Kommune,STOLPEDALSSKOLEN DUS-ORDNINGEN,Stolpedalsvej 2,9000,Aalborg,01/01 - 1993,,29
29189420,Aalborg Kommune,GANDRUP DUS,Bredgade 5,9362,Gandrup,01/01 - 1993,,9
29189420,Aalborg Kommune,GL.LINDHOLM SKOLE DUS-ORDNINGEN,Lindholmsvej 65,9400,Nørresundby,01/01 - 1993,,29
29189420,Aalborg Kommune,Vuggestuen Luna,Grønlands Torv 2,9210,Aalborg SØ,01/01 - 1993,,16
29189420,Aalborg Kommune,Daginstitutionen Kometen,Skydebanevej 6C,9000,Aalborg,01/01 - 1993,,17
29189420,Aalborg Kommune,Boformen Sonjavej,Sonjavej 61B,9000,Aalborg,01/01 - 1993,,60
29189420,Aalborg Kommune,STORVORDE PLEJECENTER,Tofthøjvej 28,9280,Storvorde,01/01 - 1993,,60
29189420,Aalborg Kommune,SØNDERBROSKOLEN,Sjællandsgade 2,9000,Aalborg,01/01 - 1993,,66
29189420,Aalborg Kommune,FRITIDS- OG UNGDOMSKLUBBEN SMEDEGÅRDEN,Tranumparken 8A,9220,Aalborg Øst,01/01 - 1993,,19
29189420,Aalborg Kommune,GISTRUP SKOLE DUS-ORDNINGEN,Hadsundvej 406,9260,Gistrup,01/01 - 1993,,27
29189420,Aalborg Kommune,VESTBJERG SKOLE DUS-ORDNINGEN,Bakmøllevej 280,9380,Vestbjerg,01/01 - 1993,,25
29189420,Aalborg Kommune,BØRNEHAVEN KRUDTUGLEN,Klitgårdsvej 36,9382,Tylstrup,01/01 - 1993,,6
29189420,Aalborg Kommune,FILSTEDVEJENS SKOLE DUS-ORDNINGEN,Filstedvej 16,9000,Aalborg,01/01 - 1993,,32
29189420,Aalborg Kommune,KÆRBYSKOLEN,Oluf Borchs Vej 2,9000,Aalborg,01/01 - 1993,,37
29189420,Aalborg Kommune,DAGINSTITUTIONEN BISGÅRDEN,Bisgårdsvej 6,9200,Aalborg SV,01/01 - 1993,,16
29189420,Aalborg Kommune,VODSKOV SKOLE,Brorsonsvej 1,9310,Vodskov,01/01 - 1993,,112
29189420,Aalborg Kommune,SOFIENDALSKOLEN DUS-ORDNINGEN,Lange Müllers Vej 18,9200,Aalborg SV,01/01 - 1993,,29
29189420,Aalborg Kommune,TYLSTRUP SKOLE,Pogevej 3-5,9382,Tylstrup,01/01 - 1993,,15
29189420,Aalborg Kommune,SØNDERHOLM SKOLE,Stadionvej 2,9240,Nibe,01/01 - 1993,,27
29189420,Aalborg Kommune,Plejehjemsboliger Smedegården,Smedegårdsvej 58,9220,Aalborg Øst,01/01 - 1993,,94
29189420,Aalborg Kommune,Stigsborg Skole,Stigsborg Bygade 50,9400,Nørresundby,01/01 - 1993,,75
29189420,Aalborg Kommune,Solsidecentret,Sygehusvej 5,9240,Nibe,01/01 - 1993,,91
29189420,Aalborg Kommune,Børnehusene Skeldalen afd Lærken,Attrupgårdvej 4,9310,Vodskov,01/01 - 1993,,19
29189420,Aalborg Kommune,Børnehaven Bulderby,Golfparken 3,9000,Aalborg,01/01 - 1993,,8
29189420,Aalborg Kommune,Plejeboliger Sirius,Grønlands Torv 17,9210,Aalborg SØ,01/01 - 1993,,92
29189420,Aalborg Kommune,Døgnspecialet,"Poul Paghs Gade 1, ST",9000,Aalborg,01/01 - 1993,,8
29189420,Aalborg Kommune,BØRNEHAVEN LILLETOFTEN,Lilletoften 4,9000,Aalborg,01/01 - 1993,,8
29189420,Aalborg Kommune,Børnehaven Kastanien,Frederik Jensensvej 2,9310,Vodskov,01/01 - 1993,,7
29189420,Aalborg Kommune,BØRNEHAVEN PILEHAVEN,Skelagervej 185,9000,Aalborg,01/01 - 1993,,8
29189420,Aalborg Kommune,BØRNEHAVEN VIADUKTVEJ,Viaduktvej 14,9400,Nørresundby,01/01 - 1993,,16
29189420,Aalborg Kommune,GODTHÅB UNGDOMSKLUB,Ridemandsmøllevej 3,9230,Svenstrup J,01/01 - 1993,,8
29189420,Aalborg Kommune,SØNDERBROSKOLEN DUS-ORDNINGEN,Sjællandsgade 2,9000,Aalborg,01/01 - 1993,,21
29189420,Aalborg Kommune,GL.LINDHOLM SKOLE,Lindholmsvej 65,9400,Nørresundby,01/01 - 1993,,104
29189420,Aalborg Kommune,DUS - Solbakkeskolen,Mylius Erichsens Vej 127,9210,Aalborg SØ,01/01 - 1993,,36
29189420,Aalborg Kommune,SULSTED SKOLE - DUS,Elkærvej 2,9381,Sulsted,01/01 - 1993,,9
29189420,Aalborg Kommune,KLARUP SKOLE,Hellasvej 17,9270,Klarup,01/01 - 1993,,80
29189420,Aalborg Kommune,NR. UTTRUP SKOLE - DUS,Hjørringvej 83,9400,Nørresundby,01/01 - 1993,,23
29189420,Aalborg Kommune,Plejeboliger Gug,Fortunavej 2,9210,Aalborg SØ,03/06 - 2018,,92
29189420,Aalborg Kommune,BØRNEHAVEN EGEMARKSVEJ,Egemarksvej 4,9230,Svenstrup J,01/01 - 1993,,14
29189420,Aalborg Kommune,Fritidscenter Sofiendal,Lange Müllers Vej 18,9200,Aalborg SV,01/01 - 1993,,13
29189420,Aalborg Kommune,BØRNEHAVEN TROLDEGÅRDEN,Troldelunden 2,9381,Sulsted,01/01 - 1993,,6
29189420,Aalborg Kommune,Aalborg Kulturskole,Teglgårds Plads 1,9000,Aalborg,01/01 - 1993,,163
29189420,Aalborg Kommune,FREJLEV SKOLE,Frejlev Skolevej 7,9200,Aalborg SV,01/01 - 1993,,66
29189420,Aalborg Kommune,Bundgaardsskolen,Herningvej 35,9220,Aalborg Øst,01/01 - 1993,,98
29189420,Aalborg Kommune,BØRNEHAVEN DORAVEJ,Doravej 99,9000,Aalborg,01/01 - 1993,,8
29189420,Aalborg Kommune,GARTNERI OG VÆRKSTED I HAMMER BAKKER,Bodil Hjorths Vej 5,9310,Vodskov,01/01 - 1993,,16
29189420,Aalborg Kommune,Støttecenter Rebildparken,Rebildparken 57,9220,Aalborg Øst,01/01 - 1993,,1
29189420,Aalborg Kommune,Børnehusene Skeldalen afd Spurven,Attrupgårdvej 6,9310,Vodskov,01/01 - 1993,,20
29189420,Aalborg Kommune,VESTER MARIENDAL SKOLE DUS-ORDNINGEN,Stjernevej 1,9200,Aalborg SV,01/01 - 1993,,65
29189420,Aalborg Kommune,FARSTRUP SKOLE,Nymøllevej 116A,9240,Nibe,01/01 - 1993,,35
29189420,Aalborg Kommune,NR.UTTRUP SKOLE,Hjørringvej 83,9400,Nørresundby,01/01 - 1993,,73
29189420,Aalborg Kommune,LANGHOLT SKOLE,Øster Hassing Vej 1,9310,Vodskov,01/01 - 1993,,16
29189420,Aalborg Kommune,TYLSTRUP SKOLE DUS-ORDNINGEN,Pogevej 5,9382,Tylstrup,01/01 - 1993,,10
29189420,Aalborg Kommune,DAGINSTITUTIONEN THULEVEJ,Thulevej 32A,9210,Aalborg SØ,01/01 - 1993,,12
29189420,Aalborg Kommune,NIBE SKOLE,Lundevej 13,9240,Nibe,01/01 - 1993,,98
29189420,Aalborg Kommune,FRITIDSCENTRET HØJVANG,Hellekisten 241,9230,Svenstrup J,01/01 - 1993,,29
29189420,Aalborg Kommune,GL.HASSERIS SKOLE DUS-ORDNINGEN,Mester Eriks Vej 57,9000,Aalborg,01/01 - 1993,,30
29189420,Aalborg Kommune,Daginstitutionen Fryd,Nørholmsvej 11,9000,Aalborg,01/01 - 1995,,21
29189420,Aalborg Kommune,ØSTERGADEKOLLEGIET,Østergade 64A,9400,Nørresundby,01/01 - 1993,,22
29189420,Aalborg Kommune,Job og Social,Sønderbro 12,9000,Aalborg,01/01 - 1993,,455
29189420,Aalborg Kommune,BØRNEHAVEN RIDEMANDSMØLLEVEJ,Ridemandsmøllevej 54,9230,Svenstrup J,01/01 - 1993,,11
29189420,Aalborg Kommune,Naturbørnehaven Vester Hassing,Halsvej 199D,9310,Vodskov,01/01 - 1993,,10
29189420,Aalborg Kommune,Forsorgshjemmet Svenstrupgård,Lejrevej 10,9230,Svenstrup J,01/01 - 1993,,90
29189420,Aalborg Kommune,STORVORDE BØRNEHAVE,Agervej 12,9280,Storvorde,01/01 - 1993,,12
29189420,Aalborg Kommune,Børnehaven Myretuen - Nibe,Sygehusvej 3,9240,Nibe,01/01 - 1993,,10
29189420,Aalborg Kommune,Farstrup Skole afd Sebber,Gl Skolevej 1A,9240,Nibe,01/01 - 1993,,21
29189420,Aalborg Kommune,Børnehuset Dragehaven,Hobrovej 40,9240,Nibe,01/01 - 1995,,9
29189420,Aalborg Kommune,DAGINSTITUTIONEN MARGRETHEGÅRDEN,Revlingbakken 16,9000,Aalborg,01/01 - 1993,,17
29189420,Aalborg Kommune,HALS SKOLE,Skovsgårdsvej 1,9370,Hals,01/01 - 1993,,40
29189420,Aalborg Kommune,Dus - Hals Skole afd Hou,Nørregade 9,9370,Hals,01/01 - 1993,,8
29189420,Aalborg Kommune,VESTER HASSING SKOLE,Halsvej 199A,9310,Vodskov,01/01 - 1993,,48
29189420,Aalborg Kommune,KÆRBYSKOLEN DUS-ORDNINGEN,Oluf Borchs Vej 5,9000,Aalborg,01/01 - 1993,,24
29189420,Aalborg Kommune,Børnehaven Sofiendal,Voergårdvej 10,9200,Aalborg SV,01/01 - 1993,,15
29189420,Aalborg Kommune,HØJVANGSKOLEN DUS-ORDNINGEN,Bautastenen 21,9230,Svenstrup J,01/01 - 1993,,15
29189420,Aalborg Kommune,Studievej 19,Studievej 19 1.,9400,Nørresundby,01/01 - 1993,,90
29189420,Aalborg Kommune,Specialtilbudet Marco Polo,Gennem Bakkerne 8,9310,Vodskov,01/01 - 1993,,12
29189420,Aalborg Kommune,KONGERSLEV SKOLE,Kongensgade 4,9293,Kongerslev,01/01 - 1993,,43
29189420,Aalborg Kommune,Botilbuddet Kridtsløjfen,Kridtsløjfen 50 25.,9000,Aalborg,01/01 - 1993,,30
29189420,Aalborg Kommune,"Gistrup Skole, afdeling Fjellerad",Hålsvej 4,9260,Gistrup,01/01 - 1993,,16
29189420,Aalborg Kommune,UNGDOMSKLUBBEN VED FERSLEV SKOLE,Rævedalsvej 5,9230,Svenstrup J,01/01 - 1993,,7
29189420,Aalborg Kommune,FERSLEV SKOLE,Rævedalsvej 5,9230,Svenstrup J,01/01 - 1993,,31
29189420,Aalborg Kommune,EGHOLM - FÆRGEN,Egholm Færgevej 11,9000,Aalborg,01/01 - 1993,,23
29189420,Aalborg Kommune,GRINSTED SKOLE - DUS,Uggerhalnevej 4,9310,Vodskov,01/01 - 1993,,16
29189420,Aalborg Kommune,BØRNEHAVEN SOLSTREJF,Lindholmsvej 45,9400,Nørresundby,01/01 - 1993,,7
29189420,Aalborg Kommune,BØRNEHAVEN BLÅHVALEN,Kuskgårdsvej 6,9381,Sulsted,01/01 - 1993,,11
29189420,Aalborg Kommune,Viften,Bodil Hjorths Vej 16,9310,Vodskov,01/01 - 1993,,36
29189420,Aalborg Kommune,Tandplejen Aalborg,Filstedvej 10,9000,Aalborg,01/01 - 1993,,73
29189420,Aalborg Kommune,VEJGÅRD ØSTRE SKOLE DUS,Christen Kolds Vej 1,9000,Aalborg,01/01 - 1993,,25
29189420,Aalborg Kommune,Børnehuset Guldsmeden,Grenen 2,9260,Gistrup,01/01 - 1993,,22
29189420,Aalborg Kommune,Plejecenter Hassinghave,Kirkevej 50,9310,Vodskov,01/01 - 1993,,66
29189420,Aalborg Kommune,Vuggestuen Spiren,Hadsundvej 119,9000,Aalborg,01/01 - 1993,,16
29189420,Aalborg Kommune,NØVLING SKOLE - DUS,Nøvling Skolevej 5,9260,Gistrup,01/01 - 1993,,16
29189420,Aalborg Kommune,BØRNEHAVEN KOLLOPARKEN,Kolloparken 74,9200,Aalborg SV,01/01 - 1993,,9
29189420,Aalborg Kommune,Dus - Ferslev Skole afd Ellidshøj,Ellidshøjvej 60,9230,Svenstrup J,01/01 - 1993,,8
29189420,Aalborg Kommune,GUG SKOLE DUS-ORDNINGEN,Sønder Tranders Vej 39A,9210,Aalborg SØ,01/01 - 1993,,31
29189420,Aalborg Kommune,MOU SKOLE,Ny Høstemarkvej 7,9280,Storvorde,01/01 - 1993,,33
29189420,Aalborg Kommune,Børnehaven Sønderholm,Vestervej 36,9240,Nibe,01/01 - 1995,,11
29189420,Aalborg Kommune,BØRNEHAVEN KERNEHUSET,Jørgen Horskjærs Vej 5,9430,Vadum,01/01 - 1996,,12
29189420,Aalborg Kommune,Botilbuddet Vestergade,Vestergade 18,9400,Nørresundby,01/01 - 1996,,11
29189420,Aalborg Kommune,Daginstitutionen Eventyrhuset,Sigrid Undsets Vej 278,9220,Aalborg Øst,01/01 - 1996,,13
29189420,Aalborg Kommune,VUGGESTUEN SKYDEBANEVEJ,Skydebanevej 4A,9000,Aalborg,01/01 - 1996,,15
29189420,Aalborg Kommune,BØRNEHAVEN KÆRGÅRDEN,Padevænget 2,9000,Aalborg,01/01 - 1996,,18
29189420,Aalborg Kommune,SPECIALSKOLEN EGEBAKKEN,Gennem Bakkerne 5,9310,Vodskov,01/01 - 1996,,90
29189420,Aalborg Kommune,Det Specialiserede Børne- og Ungehjem Engen,Sulsted Landevej 93,9381,Sulsted,01/01 - 1996,,23
29189420,Aalborg Kommune,BØRNEHAVEN SOLSIKKEN,Lundevej 58,9240,Nibe,01/01 - 1996,,11
29189420,Aalborg Kommune,"Storemosevej 24, Behandlingscenter Hammer Bakker",Storemosevej 24,9310,Vodskov,01/01 - 1996,,50
29189420,Aalborg Kommune,BØRNEHAVEN BLEGKILDE,Danalien 8,9000,Aalborg,01/01 - 1997,,12
29189420,Aalborg Kommune,De Spec. Støtte- og Aflastningstilbud,Danalien 10,9000,Aalborg,01/01 - 1997,,110
29189420,Aalborg Kommune,Aktivitetscentret Hviddalen,Kridtsløjfen 50 26.,9000,Aalborg,01/01 - 1997,,12
29189420,Aalborg Kommune,Senior og Rehabilitering Aalborg Kommune,Storemosevej 19,9310,Vodskov,01/01 - 1997,,631
29189420,Aalborg Kommune,Studievej 7,Studievej 7,9400,Nørresundby,01/01 - 1998,,26
29189420,Aalborg Kommune,Ung Aalborg Uddannelsescenter,Enggårdsgade 65,9000,Aalborg,01/01 - 1998,,54
29189420,Aalborg Kommune,Botilbudet Skydebanevej,Skydebanevej 24A,9000,Aalborg,01/01 - 1998,,23
29189420,Aalborg Kommune,BØRNEHAVEN STRANDPARKEN,Gadegårdsvej 14,9400,Nørresundby,01/01 - 1998,,12
29189420,Aalborg Kommune,Attruphøj,Attrupvej 15,9310,Vodskov,23/09 - 1964,,100
29189420,Aalborg Kommune,Børnehuset Klarupvej,Klarupvej 5,9270,Klarup,01/01 - 1970,,16
29189420,Aalborg Kommune,RessourceCenter Aalborg,Skjernvej 7,9220,Aalborg Øst,03/07 - 1967,,70
29189420,Aalborg Kommune,Kraftværket Poppelvej,Poppelvej 14,9000,Aalborg,01/06 - 1980,,9
29189420,Aalborg Kommune,Børnehaven Trylleskoven,Horsensvej 32B,9310,Vodskov,01/01 - 1999,,13
29189420,Aalborg Kommune,Daginstitutionen Brombærbakken,Sonjavej 88,9000,Aalborg,01/01 - 1999,,24
29189420,Aalborg Kommune,Børnehaven Troldehøj,Sælsager 1,9000,Aalborg,01/01 - 1999,,14
29189420,Aalborg Kommune,Børnehaven Ygdrasil,Brunstedvej 15,9260,Gistrup,01/01 - 1999,,11
29189420,Aalborg Kommune,Daginstitutionen Løvehjerte,Dannerhøj 2,9210,Aalborg SØ,01/01 - 1999,,14
29189420,Aalborg Kommune,Børnehaven Rævedalsvej,Rævedalsvej 5A,9230,Svenstrup J,01/01 - 1999,,8
29189420,Aalborg Kommune,Børnehaven Frydendal,Mylius Erichsens Vej 7,9210,Aalborg SØ,01/01 - 1999,,12
29189420,Aalborg Kommune,Botilbud Gl. Kongevej,Gammel Kongevej 56B,9400,Nørresundby,01/01 - 1999,,39
29189420,Aalborg Kommune,Gigantium,Willy Brandts Vej 31,9220,Aalborg Øst,01/08 - 1998,,1
29189420,Aalborg Kommune,Botilbud Vikingevej,Vikingevej 31,9400,Nørresundby,01/01 - 1999,,45
29189420,Aalborg Kommune,Børnehuset Cirkeline,Skansevej 88A,9400,Nørresundby,01/01 - 1999,,13
29189420,Aalborg Kommune,Visse Juniorklub,Vissevej 116,9210,Aalborg SØ,01/01 - 1999,,1
29189420,Aalborg Kommune,Vestbjegs Ungdomsklub,Mejlstedparken 19,9380,Vestbjerg,01/01 - 1999,,4
29189420,Aalborg Kommune,Vejgård Ungdomsklub,Filstedvej 10B,9000,Aalborg,01/01 - 1999,,7
29189420,Aalborg Kommune,Sulsted Ungdomsklub,Stokbrovej 58,9381,Sulsted,01/01 - 1999,,4
29189420,Aalborg Kommune,Vadum Ungdomsklub,Søndermarken 29,9430,Vadum,01/01 - 1999,,7
29189420,Aalborg Kommune,Klarup Ungdomsklub,Hellasvej 17,9270,Klarup,01/01 - 1999,,3
29189420,Aalborg Kommune,Hasseris Ungdomsklub,Bygaden 31,9000,Aalborg,01/01 - 1999,,9
29189420,Aalborg Kommune,Knallertbanen Hvorup,Gammel Hvorupvej 137,9400,Nørresundby,01/01 - 1999,,3
29189420,Aalborg Kommune,Gistrup Ungdomsklub,Hadsundvej 406,9260,Gistrup,01/01 - 1999,,8
29189420,Aalborg Kommune,Frejlev Ungdomsklub,Frejlev Skolevej 1,9200,Aalborg SV,01/01 - 1999,,8
29189420,Aalborg Kommune,Børnehaven Henry,Tostrupvej 13,9230,Svenstrup J,01/01 - 1999,,10
29189420,Aalborg Kommune,Børnehaven Stjernen,Poul Paghs Gade 13,9000,Aalborg,01/09 - 1987,,9
29189420,Aalborg Kommune,Job- og Integrationshuset,Kastetvej 26,9000,Aalborg,01/01 - 1999,,73
29189420,Aalborg Kommune,Vodskov Skole - DUS,Vodskov Kirkevej 51,9310,Vodskov,01/01 - 1993,,27
29189420,Aalborg Kommune,Midtby sjakket,Vesterbro 81B,9000,Aalborg,13/03 - 2000,,13
29189420,Aalborg Kommune,Botilbuddet Helgolandsgade,"Helgolandsgade 23, st. tv.",9000,Aalborg,01/01 - 2000,,6
29189420,Aalborg Kommune,Støttecenter Tinghusgade,Tinghusgade 5,9400,Nørresundby,01/01 - 2000,,38
29189420,Aalborg Kommune,Skipper Klement Plejehjemsboliger,Runddyssen 289,9230,Svenstrup J,01/01 - 2001,,69
29189420,Aalborg Kommune,Sofiegården,Sælsager 84,9000,Aalborg,01/09 - 1999,,73
29189420,Aalborg Kommune,Solvang Plejehjemsboliger,Ellehammersvej 39,9430,Vadum,02/11 - 2001,,44
29189420,Aalborg Kommune,Bageriet Vestergården,Annebergvej 73,9000,Aalborg,28/11 - 2001,,4
29189420,Aalborg Kommune,"Entreprenør og AK Belysning , By og Land",Korinthvej 12,9220,Aalborg Øst,01/01 - 2001,,215
29189420,Aalborg Kommune,Dagplejen i Aalborg Kommune,Nygade 3,9400,Nørresundby,01/01 - 2001,,481
29189420,Aalborg Kommune,Børnehaven Vivaldi,Vivaldisvej 95,9200,Aalborg SV,15/10 - 2001,,11
29189420,Aalborg Kommune,Botilbudet Langbrokro,Langbrokrovej 1B 13.,9310,Vodskov,01/11 - 2001,,25
29189420,Aalborg Kommune,Skateboardhallen,Øster Sundby Vej 29,9000,Aalborg,01/01 - 2001,,5
29189420,Aalborg Kommune,Idrætsbørnehaven Vadum,Robert Svendsens Vej 26,9430,Vadum,03/07 - 2002,,12
29189420,Aalborg Kommune,Plejehjemmet Markusgården,Bonnesensgade 16,9000,Aalborg,11/10 - 2002,,93
29189420,Aalborg Kommune,Ungecenter Nexus,Vangen 48,9400,Nørresundby,01/01 - 2002,,12
29189420,Aalborg Kommune,Sønderbro Ungdomsklub,Sjællandsgade 2,9000,Aalborg,01/01 - 2002,,4
29189420,Aalborg Kommune,Vodskov Ungdomsklub,Langbrokrovej 47,9310,Vodskov,01/08 - 2002,,6
29189420,Aalborg Kommune,Børne- og Familieområde Nord,Tranumparken 16,9220,Aalborg Øst,01/01 - 2002,,42
29189420,Aalborg Kommune,Hobbitten,Stygge Krumpens Vej 50,9300,Sæby,01/01 - 2002,,39
29189420,Aalborg Kommune,Specialbørnehaven Stampe,Saturnvej 7-57,9200,Aalborg SV,01/08 - 2003,,10
29189420,Aalborg Kommune,Specialbørnehaven Barnets Hus,Klarup Skolevej 15,9270,Klarup,01/01 - 2003,,8
29189420,Aalborg Kommune,Bofællesskaber,Skrågade 39,9400,Nørresundby,01/01 - 2003,,52
29189420,Aalborg Kommune,Køkkenet - Fyensgade,Fyensgade 25,9000,Aalborg,01/01 - 2003,,15
29189420,Aalborg Kommune,Plejehjemsboliger Drachmannshave,Holger Drachmanns Vej 1,9200,Aalborg SV,01/01 - 2003,,45
29189420,Aalborg Kommune,Storkøkken Lions Parken,Lions Parken 4,9400,Nørresundby,01/01 - 2003,,29
29189420,Aalborg Kommune,Botilbud Regnbuen,Lions Parken 8,9400,Nørresundby,01/01 - 2003,,5
29189420,Aalborg Kommune,Uttrupgård Plejehjem,Lerumbakken 1,9400,Nørresundby,01/01 - 2003,,52
29189420,Aalborg Kommune,Storkøkken - GUG,Fortunavej 2,9210,Aalborg SØ,01/01 - 2003,,54
29189420,Aalborg Kommune,Hellashøj Plejehjemsboliger,Hellasvej 104,9270,Klarup,01/01 - 2003,,30
29189420,Aalborg Kommune,Lindholm Plejehjemsboliger,Bendtsensvej 13,9400,Nørresundby,01/01 - 2003,,44
29189420,Aalborg Kommune,Danahøj,Danalien 9,9000,Aalborg,01/01 - 2003,,49
29189420,Aalborg Kommune,Botilbud Vendelbo,Vendelbogade 13,9000,Aalborg,01/01 - 2003,,15
29189420,Aalborg Kommune,Botilbud Rebildparken,Rebildparken 57,9220,Aalborg Øst,01/01 - 2003,,18
29189420,Aalborg Kommune,Solgården Plejehjemsboliger,Luneborgvej 16G,9382,Tylstrup,01/01 - 2003,,30
29189420,Aalborg Kommune,Thulebakken Plejehjemsboliger,Thulebakken 2,9000,Aalborg,01/01 - 2003,,104
29189420,Aalborg Kommune,Bofællesskabet Kastanieparken,Kastanieparken 38-58,9362,Gandrup,01/01 - 2004,,16
29189420,Aalborg Kommune,Ledsagerkontoret,Bouet Møllevej 5,9400,Nørresundby,01/01 - 2003,,91
29189420,Aalborg Kommune,Specialgruppen for Børn og Unge,Sofiendalsvej 92A,9200,Aalborg SV,01/01 - 2003,,970
29189420,Aalborg Kommune,Jobhuset & Uddannelseshuset,Vestre Havnepromenade 15,9000,Aalborg,15/08 - 2004,,209
29189420,Aalborg Kommune,Ungdomsskolen,Tornhøjvej 1,9220,Aalborg Øst,01/01 - 2004,,132
29189420,Aalborg Kommune,Familiehuset Bisgård,Gemmavej 17B,9200,Aalborg SV,01/01 - 2004,,13
29189420,Aalborg Kommune,Pædagogisk Psykologisk Rådgivning,Godthåbsgade 8,9400,Nørresundby,01/01 - 2004,,189
29189420,Aalborg Kommune,Vadum Skole-DUS,Søndermarken 29,9430,Vadum,01/01 - 2004,,14
29189420,Aalborg Kommune,Thomasminde Plejehjem,Østerbro 8-10,9000,Aalborg,01/01 - 2004,,60
29189420,Aalborg Kommune,Plejehjemmet Birkebo,Forchhammersvej 23,9000,Aalborg,01/01 - 2005,,121
29189420,Aalborg Kommune,Lykkevang,Bautastenen 50,9230,Svenstrup J,01/01 - 2005,,50
29189420,Aalborg Kommune,Behandlingscentret Hammer Bakker Afd. Den rette opgang,Gennem Bakkerne 10A,9310,Vodskov,01/01 - 2006,,8
29189420,Aalborg Kommune,Specialbørnehaven Birken,Storemosevej 31-33,9310,Vodskov,01/01 - 2007,,21
29189420,Aalborg Kommune,Gartneriet,Viren 4,9310,Vodskov,01/01 - 2007,,7
29189420,Aalborg Kommune,Det Specialiserede Børne- og Ungehjem Bøgen,Skeldalsvej 17,9310,Vodskov,01/01 - 2007,,81
29189420,Aalborg Kommune,Hesteskoen,Vejrholm 105,9220,Aalborg Øst,01/01 - 2007,,2
29189420,Aalborg Kommune,Butik-Caféen,Saltumvej 5,9220,Aalborg Øst,01/01 - 2007,,3
29189420,Aalborg Kommune,Poul Paghs Gade,"Poul Paghs Gade 1, ST",9000,Aalborg,01/01 - 2007,,20
29189420,Aalborg Kommune,Rengøringsenheden,Sofiendalsvej 97,9200,Aalborg SV,01/01 - 2007,,175
29189420,Aalborg Kommune,Klima og Miljø,Stigsborg Brygge 105,9400,Nørresundby,01/01 - 2006,,2
29189420,Aalborg Kommune,Job- og Aktivhuset,John F. Kennedys Plads 1B,9000,Aalborg,01/01 - 2007,,120
29189420,Aalborg Kommune,Døves Kulturcenter,Grønlands Torv 14,9210,Aalborg SØ,01/01 - 2006,,3
29189420,Aalborg Kommune,"Bo- og Støttecenter, afd. Individuel støtte i egen bolig",Storemosevej 22A,9310,Vodskov,01/01 - 2006,,10
29189420,Aalborg Kommune,Servicecenter for Autisme og ADHD,"Rantzausgade 8, 2",9000,Aalborg,01/01 - 2006,,30
29189420,Aalborg Kommune,Støttecenteret for døve,Grønlands Torv 14,9210,Aalborg SØ,01/12 - 2006,,6
29189420,Aalborg Kommune,Center for Sociale Indsatser,"Hjulmagervej 22D, 1",9000,Aalborg,01/01 - 2006,,45
29189420,Aalborg Kommune,Børnehaven Møllehuset,Nymøllevej 110,9240,Nibe,01/01 - 2007,,7
29189420,Aalborg Kommune,Daginstitutionen Hyldehaven,Danalien 15,9000,Aalborg,01/01 - 2006,,13
29189420,Aalborg Kommune,Dagtilbud Nibe,Lundevej 59,9240,Nibe,01/01 - 2007,,16
29189420,Aalborg Kommune,Humlebakkeskolen,Tornhøjvej 1,9220,Aalborg Øst,01/01 - 2007,,142
29189420,Aalborg Kommune,Skovbrynet Plejehjemsboliger,Roden 8-18,9260,Gistrup,08/10 - 2007,,60
29189420,Aalborg Kommune,Aktivitetscenter Toftegårdscentret,Toftegårdsvej 2,9381,Sulsted,01/01 - 2008,,2
29189420,Aalborg Kommune,Sygedagpengehuset & Uddannelseshuset,Vesterbro 14,9000,Aalborg,18/02 - 2008,,229
29189420,Aalborg Kommune,Team A,"Lille Borgergade 31, st",9400,Nørresundby,22/04 - 2008,,68
29189420,Aalborg Kommune,Daginstitutionen Bornholmsgade,Bornholmsgade 90,9000,Aalborg,08/05 - 2008,,35
29189420,Aalborg Kommune,Sandtuen,Sandtuevej 30,9200,Aalborg SV,23/07 - 2008,,1
29189420,Aalborg Kommune,Job- og Uddannelsessekretariatet,Sønderbro 12,9000,Aalborg,01/01 - 2008,,30
29189420,Aalborg Kommune,Værksted Væksthuset,Viren 6,9310,Vodskov,07/11 - 2008,,8
29189420,Aalborg Kommune,Vuggestuen Kastanjen,Saltholmsgade 14,9000,Aalborg,18/03 - 2009,,10
29189420,Aalborg Kommune,Aalborg Sundhedscenter,"Teglgårds Plads 1, 9. 1.",9000,Aalborg,01/04 - 2009,,26
29189420,Aalborg Kommune,Børnehuset Klodshans,Eventyrbakken 51,9240,Nibe,07/07 - 2009,,13
29189420,Aalborg Kommune,Familiegruppe MidtVest,Sofiendalsvej 88A,9200,Aalborg SV,10/07 - 2009,,114
29189420,Aalborg Kommune,Plejeboliger Vestergaarden,Annebergvej 73,9000,Aalborg,31/08 - 2009,,89
29189420,Aalborg Kommune,Familiegruppe Øst,Vejgård Bymidte 12,9000,Aalborg,20/10 - 2009,,284
29189420,Aalborg Kommune,Børnehuset Græshoppen,Hækken 10,9310,Vodskov,03/11 - 2009,,15
29189420,Aalborg Kommune,Pædagogisk idrætsdaginstitution Spilloppen,Svenstrupvej 33A,9200,Aalborg SV,28/10 - 2009,,12
29189420,Aalborg Kommune,Vuggestuen Ribevej,Ribevej 19,9220,Aalborg Øst,09/12 - 2009,,21
29189420,Aalborg Kommune,Idræts- & Naturbørnehaven Olympia,Marathonvej 6,9230,Svenstrup J,08/01 - 2010,,8
29189420,Aalborg Kommune,Laden,Byplanvej 99,9210,Aalborg SØ,12/02 - 2010,,1
29189420,Aalborg Kommune,Aalborg Stadsarkiv,Arkivstræde 1,9000,Aalborg,08/03 - 2010,,15
29189420,Aalborg Kommune,Daginstitutionen Solhuset,Solbakkevej 51,9230,Svenstrup J,19/03 - 2010,,10
29189420,Aalborg Kommune,Børnehaven Tofthøjvej,Tofthøjvej 43,9280,Storvorde,31/03 - 2010,,11
29189420,Aalborg Kommune,Vuggestuen Sydvesten,Skelagervej 197,9000,Aalborg,19/03 - 2010,,23
29189420,Aalborg Kommune,Botilbuddet Valmuehaven,Toftegårdsvej 1,9381,Sulsted,12/04 - 2010,,26
29189420,Aalborg Kommune,Botilbuddet Studievej,Studievej 15 31.,9400,Nørresundby,12/04 - 2010,,40
29189420,Aalborg Kommune,Sygehusundervisningen,Mølleparkvej 10,9000,Aalborg,28/04 - 2010,,10
29189420,Aalborg Kommune,Børnefysio- og ergoterapeuterne,Lerumbakken 11A,9400,Nørresundby,24/11 - 2010,,7
29189420,Aalborg Kommune,Nøddehuset - Aflastningen,Bodil Hjorths Vej 9,9310,Vodskov,24/11 - 2010,,75
29189420,Aalborg Kommune,Lønkontor,"Danmarksgade 17B, 2",9000,Aalborg,24/11 - 2010,,26
29189420,Aalborg Kommune,Henning Smiths Vej,Henning Smiths Vej 9,9000,Aalborg,05/01 - 2011,,17
29189420,Aalborg Kommune,RCA - GPSen,Sundsholmen 20,9400,Nørresundby,20/01 - 2011,,8
29189420,Aalborg Kommune,Aktivitetsområde Nord,Lions Parken 6,9400,Nørresundby,23/02 - 2011,,17
29189420,Aalborg Kommune,Vesterlund,Gemmavej 17A,9200,Aalborg SV,29/03 - 2011,,34
29189420,Aalborg Kommune,Kantinen Kennedyarkaden,"John F. Kennedys Plads 1B, 5",9000,Aalborg,10/05 - 2011,,6
29189420,Aalborg Kommune,Kastanjegården Frejlev,Svinget 7,9200,Aalborg SV,01/01 - 2008,,3
29189420,Aalborg Kommune,Aktivitetscentret Gøls Minde,Stationsmestervej 3,9200,Aalborg SV,01/01 - 2008,,1
29189420,Aalborg Kommune,Dus A - Svenstrup Skole,Svenstrup Skolevej 17,9230,Svenstrup J,24/05 - 2011,,13
29189420,Aalborg Kommune,Dagtilbud Væksthuset,Viren 15,9310,Vodskov,01/06 - 2011,,18
29189420,Aalborg Kommune,Borgerservice,Badehusvej 11,9000,Aalborg,26/05 - 2011,,38
29189420,Aalborg Kommune,Thulebakken aktivitetscenter,Thulebakken 6,9000,Aalborg,09/06 - 2011,,2
29189420,Aalborg Kommune,Omegavej,Omegavej 64,9000,Aalborg,09/06 - 2011,,2
29189420,Aalborg Kommune,Sygeplejen Vest,Badehusvej 11,9000,Aalborg,09/06 - 2011,,18
29189420,Aalborg Kommune,Anneberg Centret aktivitetscenter,Annebergvej 6,9000,Aalborg,09/06 - 2011,,4
29189420,Aalborg Kommune,Aktivitetscentret Liselund,Hüttel-Sørensens Vej 61,9310,Vodskov,01/07 - 2011,,3
29189420,Aalborg Kommune,Sundhedsplejen Nord,"Bodil Hjorths Vej 7, 1",9310,Vodskov,05/07 - 2011,,13
29189420,Aalborg Kommune,Kantinen Kastetvej,Kastetvej 26,9000,Aalborg,17/08 - 2011,,4
29189420,Aalborg Kommune,Fagcenter erhv. hjerneskade og fys. handicap,"Mølleå 1, 1",9000,Aalborg,25/08 - 2011,,48
29189420,Aalborg Kommune,Fagcenter for Livskraft,"Rantzausgade 8, st",9000,Aalborg,02/09 - 2011,,1
29189420,Aalborg Kommune,Rengøringsfunktionen BFO,"Cort Adelers Gade 18, ST. TH.",9000,Aalborg,29/09 - 2011,,166
29189420,Aalborg Kommune,Børnehaven Lundsgårdsgade,Lundsgårdsgade 24,9000,Aalborg,24/10 - 2011,,8
29189420,Aalborg Kommune,Aflastningen Horisonten,Bodil Hjorths Vej 7,9310,Vodskov,25/10 - 2011,,28
29189420,Aalborg Kommune,Fagcenter for Socialpsykiatri,"Rantzausgade 8, 1",9000,Aalborg,31/10 - 2011,,55
29189420,Aalborg Kommune,Botilbuddene Ryesgade,Ryesgade 50D,9000,Aalborg,08/12 - 2011,,27
29189420,Aalborg Kommune,Børnehaven Fyrtårnet,Herningvej 39,9220,Aalborg Øst,11/02 - 2012,,16
29189420,Aalborg Kommune,Træningsenheden - Aalborg Kommune,"Badehusvej 15, 2",9000,Aalborg,13/02 - 2012,,24
29189420,Aalborg Kommune,Aalborg Genoptræning Med-Neuro,Sofiendalsvej 95,9200,Aalborg SV,07/03 - 2012,,42
29189420,Aalborg Kommune,Lejbjergcentret,Sonjavej 2,9000,Aalborg,28/08 - 2012,,21
29189420,Aalborg Kommune,Specialgrupperne Gennem Bakkerne,Gennem Bakkerne 23B,9310,Vodskov,03/12 - 2012,,96
29189420,Aalborg Kommune,Børne- og Ungerådgivningen,Jernbanegade 23,9000,Aalborg,16/01 - 2013,,21
29189420,Aalborg Kommune,Voksensocialafdelingens Sekretariat,Danmarksgade 19,9000,Aalborg,21/10 - 2015,,36
29189420,Aalborg Kommune,Børnehaven Luna,Grønlands Torv 2,9210,Aalborg SØ,01/01 - 2013,,11
29189420,Aalborg Kommune,Center for dag- og døgntilbud,Hjulmagervej 22C,9000,Aalborg,26/03 - 2013,,12
29189420,Aalborg Kommune,Børnehus Nord,Bisgårdsvej 14,9200,Aalborg SV,17/05 - 2013,,25
29189420,Aalborg Kommune,Sundhedsplejen Øst,Fyrkildevej 7,9220,Aalborg Øst,14/05 - 2013,,14
29189420,Aalborg Kommune,Gadeteamet og SKP,Niels Ebbesens Gade 20,9000,Aalborg,14/05 - 2013,,12
29189420,Aalborg Kommune,STU Væksthuset,Viren 15,9310,Vodskov,17/07 - 2013,,16
29189420,Aalborg Kommune,Taleinstituttet og Hjerneskadecentret,Borgmester Jørgensens Vej 2B,9000,Aalborg,12/11 - 2013,,40
29189420,Aalborg Kommune,Fremtidens Plejehjem,Carl Klitgaards Vej 5,9400,Nørresundby,09/12 - 2013,,98
29189420,Aalborg Kommune,Videncenter for Demens Aalborg,Sofiendalsvej 92B,9200,Aalborg SV,07/02 - 2014,,56
29189420,Aalborg Kommune,Rusmiddelafsnittets Substitutionsbehandling,Kastetvej 24,9000,Aalborg,07/03 - 2014,,6
29189420,Aalborg Kommune,Resultatcenter - Sprogcenter Aalborg,Strandvejen 35,9000,Aalborg,18/03 - 2014,,29
29189420,Aalborg Kommune,Akuttilbud Aalborg,Annebergvej 73,9000,Aalborg,18/03 - 2014,,1
29189420,Aalborg Kommune,Demens Dagtilbud Yngre,Skeldalsvej 9,9310,Vodskov,20/03 - 2014,,5
29189420,Aalborg Kommune,5 Akut tilbud på Støberiet,Henning Smiths Vej 3,9000,Aalborg,28/04 - 2014,,33
29189420,Aalborg Kommune,Udviklingsteamet,"Løkkegade 7, 1",9000,Aalborg,17/06 - 2014,,20
29189420,Aalborg Kommune,Botilbud med nattevagt,Søndergade 49,9000,Aalborg,17/06 - 2014,,1
29189420,Aalborg Kommune,Tandklinikken Gl. Hasseris,Mester Eriks Vej 85,9000,Aalborg,19/06 - 2014,,13
29189420,Aalborg Kommune,Tandklinik Sønderbro Skolen,Sjællandsgade 2,9000,Aalborg,19/06 - 2014,,10
29189420,Aalborg Kommune,Tandklinikken Tornhøj,Tornhøjvej 1,9220,Aalborg Øst,19/06 - 2014,,14
29189420,Aalborg Kommune,Tandklinik Gug Skole,Solhøjsvej 2,9210,Aalborg SØ,19/06 - 2014,,18
29189420,Aalborg Kommune,Tandklinikken Sofiendal,Lange Müllers Vej 20,9200,Aalborg SV,19/06 - 2014,,15
29189420,Aalborg Kommune,Tandplejen Nørresundby,Løvbakken 8,9400,Nørresundby,19/06 - 2014,,30
29189420,Aalborg Kommune,Tandklinikken Storvorde,Hassinghave 1,9280,Storvorde,19/06 - 2014,,6
29189420,Aalborg Kommune,Center for Sundhedsfremme,Fyrkildevej 7,9220,Aalborg Øst,01/06 - 2014,,30
29189420,Aalborg Kommune,Center for Tværfaglig forebyggelse,Hjulmagervej 22,9000,Aalborg,14/08 - 2014,,20
29189420,Aalborg Kommune,Visitationen Senior og Rehabilitering,Badehusvej 15,9000,Aalborg,08/09 - 2014,,219
29189420,Aalborg Kommune,Specialbørnehaven Væksthuset,Svenstrupvej 33,9200,Aalborg SV,01/01 - 2015,,13
29189420,Aalborg Kommune,Madservice Aalborg,Diskovej 2D,9210,Aalborg SØ,01/07 - 2015,,14
29189420,Aalborg Kommune,"Brinken, Behandlingscenter Hammer Bakker",Storemosevej 22A,9310,Vodskov,01/04 - 2015,,13
29189420,Aalborg Kommune,Sundhedsplejen Sydvest,Hobrovej 461,9200,Aalborg SV,01/05 - 2015,,35
29189420,Aalborg Kommune,VAMIS,Dag Hammarskjølds Gade 3,9000,Aalborg,01/10 - 2015,,7
29189420,Aalborg Kommune,Ledelsessekretariatet,Sønderbro 12,9000,Aalborg,21/12 - 2015,,25
29189420,Aalborg Kommune,Sygepleje Vagtcentralen,Hjulmagervej 20,9000,Aalborg,24/05 - 2016,,13
29189420,Aalborg Kommune,Aktivitet Smedegården,Smedegårdsvej 58,9220,Aalborg Øst,01/05 - 2016,,5
29189420,Aalborg Kommune,Aktivitet Hassinghave,Kirkevej 50,9310,Vodskov,01/05 - 2016,,1
29189420,Aalborg Kommune,Aktivitet Solgården,Luneborgvej 16,9382,Tylstrup,01/05 - 2016,,2
29189420,Aalborg Kommune,Aktivitet Skipper Klement,Runddyssen 289,9230,Svenstrup J,01/05 - 2016,,2
29189420,Aalborg Kommune,Aktivitet Storvorde,Tofthøjvej 28,9280,Storvorde,01/05 - 2016,,4
29189420,Aalborg Kommune,Aktivitet Fjordparken,Fjordparken 6,9370,Hals,01/05 - 2016,,1
29189420,Aalborg Kommune,Aktivitet Solvang,Ellehammersvej 39,9430,Vadum,01/05 - 2016,,2
29189420,Aalborg Kommune,Aktivitet Grønnegade,Grønnegade 29,9240,Nibe,01/05 - 2016,,1
29189420,Aalborg Kommune,ARK Aalborg,"Løkkegade 7, st",9000,Aalborg,08/09 - 2016,,4
29189420,Aalborg Kommune,VoksenBøgen,Bodil Hjorths Vej 7,9310,Vodskov,28/09 - 2016,,49
29189420,Aalborg Kommune,Vuggestuen Aagaarden,Sankt Mortens Gade 4,9000,Aalborg,01/01 - 2017,,10
29189420,Aalborg Kommune,Center for Mental Sundhed,"Badehusvej 15, 3",9000,Aalborg,01/01 - 2017,,23
29189420,Aalborg Kommune,"VoksenBøgen - Gruppe 4, Litvadhus",Nibevej 14,9200,Aalborg SV,01/05 - 2017,,25
29189420,Aalborg Kommune,"VoksenBøgen - Gruppe 1, Pitsvej",Pitsvej 2,9310,Vodskov,01/05 - 2017,,11
29189420,Aalborg Kommune,VoksenBøgen - Dagfunktion,Røllikevej 13,9310,Vodskov,01/05 - 2017,,12
29189420,Aalborg Kommune,"VoksenBøgen - Gruppe 5, Bodil Hjorts Vej",Bodil Hjorths Vej 2,9310,Vodskov,01/05 - 2017,,9
29189420,Aalborg Kommune,Gug Børnehave,Sønder Tranders Vej 37,9210,Aalborg SØ,01/01 - 2017,,9
29189420,Aalborg Kommune,Familiegruppe Nord,Nygade 3,9400,Nørresundby,01/11 - 2017,,70
29189420,Aalborg Kommune,Børne- og Familieområde Centrum/Sydvest,Badehusvej 11,9000,Aalborg,01/11 - 2017,,99
29189420,Aalborg Kommune,Sundhedsområde for børn og unge,Hjulmagervej 22C,9000,Aalborg,01/12 - 2017,,6
29189420,Aalborg Kommune,Børnehaven Karolinelund,Karolinelundsvej 50,9000,Aalborg,01/01 - 2018,,16
29189420,Aalborg Kommune,AK-Indkøb,Rantzausgade 4,9000,Aalborg,01/01 - 2018,,19
29189420,Aalborg Kommune,Voksen Bøgen,Vissevej 40,9210,Aalborg SØ,02/02 - 2018,,9
29189420,Aalborg Kommune,Vuggestuen Springbrættet,Thulevej 32C,9210,Aalborg SØ,01/03 - 2018,,15
29189420,Aalborg Kommune,Plejeboliger Tornhøjhaven,Tornhøjvej 6A,9220,Aalborg Øst,01/06 - 2018,,133
29189420,Aalborg Kommune,Rusmiddelafsnittet,Rantzausgade 8,9000,Aalborg,15/02 - 2018,,53
29189420,Aalborg Kommune,Aalborg AKTIV,Henning Smiths Vej 7,9000,Aalborg,01/05 - 2018,,15
29189420,Aalborg Kommune,Forebyggelses og Rehabiliteringscenter,Ulstedparken 13,9370,Hals,01/01 - 2019,,1
29189420,Aalborg Kommune,Trekanten Bibliotek og Kulturhus,Sebbersundvej 2A,9220,Aalborg Øst,01/08 - 2019,,19
29189420,Aalborg Kommune,Vuggestuen Annebergvej,Annebergvej 6,9000,Aalborg,01/10 - 2019,,7
29189420,Aalborg Kommune,Uddannelsesvej,Øster Uttrup Vej 1,9000,Aalborg,01/02 - 2020,,4
29189420,Aalborg Kommune,Kedlen,Henning Smiths Vej 7,9000,Aalborg,01/02 - 2021,,18
29189420,Aalborg Kommune,Botilbud Bakken,Sebbersundvej 2H,9220,Aalborg Øst,01/05 - 2022,,75
29189420,Aalborg Kommune,Daginstitutionen Damgården,Klarupvej 3F,9270,Klarup,01/06 - 2022,,42
29189420,Aalborg Kommune,Daginstitutionen Østre Allé,Bornholmsgade 96,9000,Aalborg,01/09 - 2022,,28
29189420,Aalborg Kommune,Vuggestuen Jørgen Berthelsens Vej,Skansevej 88B,9400,Nørresundby,01/04 - 2023,,11
29189420,Aalborg Kommune,Dagtilbud Gistrup,Damstræde 48,9220,Aalborg Øst,01/01 - 2023,,1
29189420,Aalborg Kommune,Daginstitutionen Fjordparken,Skydebanevej 15,9000,Aalborg,01/07 - 2023,,22
29189420,Aalborg Kommune,Støtteteam IRIS,Poppelvej 14,9000,Aalborg,15/03 - 2024,,10
29189420,Aalborg Kommune,Daginstitutionen Bakkeskoven afd Bakken,Tingvej 181,9310,Vodskov,01/04 - 2024,,17
29189420,Aalborg Kommune,Syrenhuset,Syrenbakken 49,9400,Nørresundby,01/05 - 2024,,34
29189420,Aalborg Kommune,Stigsborg Børnehus,Stigsborg Brygge 111,9400,Nørresundby,01/06 - 2024,,30
29189420,Aalborg Kommune,Brobyggerne,Lindholm Brygge 31,9400,Nørresundby,01/10 - 2024,,13
29189420,Aalborg Kommune,Centrum Borgerens Faste Team,Absalonsgade 9A,9000,Aalborg,01/02 - 2025,,86
29189420,Aalborg Kommune,Stigsborg Borgerens Faste Team,Hjørringvej 170,9400,Nørresundby,01/02 - 2025,,60
29189420,Aalborg Kommune,Nr Tranders Borgerens Faste Team,Smedegårdsvej 58,9220,Aalborg Øst,01/02 - 2025,,75
29189420,Aalborg Kommune,Universitetskvt Borgerens Faste Team,Fyrkildevej 1,9220,Aalborg Øst,01/02 - 2025,,86
29189420,Aalborg Kommune,Nibe Borgerens Faste Team,Sygehusvej 5,9240,Nibe,01/02 - 2025,,73
29189420,Aalborg Kommune,Storvorde Borgerens Faste Team,Stationsvej 5,9280,Storvorde,01/02 - 2025,,73
29189420,Aalborg Kommune,Humlebakken Borgerens Faste Team,Gasværksvej 3,9000,Aalborg,01/02 - 2025,,96
29189420,Aalborg Kommune,Vodskov Borgerens Faste Team,Storemosevej 12,9310,Vodskov,01/02 - 2025,,66
29189420,Aalborg Kommune,Hasseris Borgerens Faste Team,"Sofiendalsvej 88C, st. tv.",9200,Aalborg SV,01/02 - 2025,,81
29189420,Aalborg Kommune,Lindholm Borgerens Faste Team,Sankt Peders Gade 3A,9400,Nørresundby,01/02 - 2025,,67
29189420,Aalborg Kommune,Frydendal Borgerens Faste Team,Diskovej 2D,9210,Aalborg SØ,01/02 - 2025,,83
29189420,Aalborg Kommune,Svenstrup Borgerens Faste Team,Bautastenen 3,9230,Svenstrup J,01/02 - 2025,,76
29189420,Aalborg Kommune,Vadum Borgerens Faste Team,Lions Parken 6,9400,Nørresundby,01/02 - 2025,,67
29189420,Aalborg Kommune,Gandrup Borgerens Faste Team,Kastanieparken 5,9362,Gandrup,01/02 - 2025,,88
29189420,Aalborg Kommune,Kontinenssygeplejen Vest,Sofiendalsvej 88C,9200,Aalborg SV,13/01 - 2025,,4
29189420,Aalborg Kommune,Dagtilbud Syrenhuset,Syrenbakken 49,9400,Nørresundby,24/02 - 2025,,5
29189420,Aalborg Kommune,Nattevagterne,"Badehusvej 27, 2",9000,Aalborg,24/11 - 2025,,21
29189420,Aalborg Kommune,Distrikt 15,"Badehusvej 27, 2",9000,Aalborg,24/11 - 2025,,200
29189420,Aalborg Kommune,Kontaktcentret,"Badehusvej 27, 3",9000,Aalborg,24/11 - 2025,,7
29189420,Aalborg Kommune,Psykologenheden,Bisgårdsvej 12,9200,Aalborg SV,16/12 - 2025,,16
29189420,Aalborg Kommune,Sundhed,"Rantzausgade 4, 1",9000,Aalborg,01/01 - 2026,,11
29189420,Aalborg Kommune,Kollektiv Trafik,"Danmarksgade 17, 2",9000,Aalborg,01/01 - 2026,,4
29189420,Aalborg Kommune,Plejeboliger Gandrup,Poul Smeds Vej 3,9362,Gandrup,29/10 - 2025,,12
29189420,Aalborg Kommune,Kørselskontoret,"Badehusvej 27, 3",9000,Aalborg,01/01 - 2026,,8
29189420,Aalborg Kommune,Klima,"Danmarksgade 17, 2",9000,Aalborg,01/01 - 2026,,29
29189420,Aalborg Kommune,Aalborg Genoptræning Orto-Reuma,"Sofiendalsvej 95, st",9200,Aalborg SV,01/01 - 2026,,32
29189420,Aalborg Kommune,Gandrup Ungdomsklub,Bredgade 5,9362,Gandrup,01/01 - 2026,,7
29189420,Aalborg Kommune,Voksensocialafdelingens Visitation,Østerbro 42,9000,Aalborg,01/01 - 2026,,25
29189420,Aalborg Kommune,Godthåb Gl Skole,Tostrupvej 13,9230,Svenstrup J,01/08 - 2001,,0
29189420,Aalborg Kommune,Køkken Rishøjcentret,Petersborgvej 69,9000,Aalborg,01/01 - 2003,,1
29189420,Aalborg Kommune,RCA - Renoveringsværksted,Skydebanevej 98,9000,Aalborg,01/01 - 2004,,6
29189420,Aalborg Kommune,Haraldslund Bibliotek,Kastetvej 83,9000,Aalborg,01/01 - 2004,,1
29189420,Aalborg Kommune,Idræts- og Kulturtilbuddet,Harald Jensens Vej 6,9000,Aalborg,01/01 - 2007,,0
29189420,Aalborg Kommune,Udslusningsboligen Signalvej,Signalvej 7,9000,Aalborg,01/01 - 2007,,0
29189420,Aalborg Kommune,Boligerne Signalvej-Kvarteret,"Signalvej 7, st. tv.",9000,Aalborg,01/01 - 2007,,0
29189420,Aalborg Kommune,Bostøtte Syd Øst,Tofthøjvej 28,9280,Storvorde,01/01 - 2007,,3
29189420,Aalborg Kommune,Opgangsfællesskabet Suensonsgade,Suensonsgade 21,9000,Aalborg,01/01 - 2007,,0
29189420,Aalborg Kommune,Centralarkivet,Vang Mark 25,9380,Vestbjerg,01/04 - 2007,,1
29189420,Aalborg Kommune,Tandklinikken Filstedvej,Filstedvej 16,9000,Aalborg,19/06 - 2014,,0
29189420,Aalborg Kommune,BIBLIOTEKET VODSKOV,Brorsonsvej 3B,9310,Vodskov,01/01 - 1993,,1
29189420,Aalborg Kommune,Affalds og Genbrugscenter Rørdal,Rørdalsvej 111B,9220,Aalborg Øst,16/11 - 2007,,0
29189420,Aalborg Kommune,Ungerådgivning,Jernbanegade 23,9000,Aalborg,06/11 - 2008,,10-19
29189420,Aalborg Kommune,Trekanten - bibliotek og kulturhus,Sebbersundvej 2A,9220,Aalborg Øst,31/08 - 2009,,19
29189420,Aalborg Kommune,Restrup Kærvej,Restrup Kærvej 35,9240,Nibe,20/04 - 2010,,0
29189420,Aalborg Kommune,PPR Tranumparken,Tranumparken 16,9220,Aalborg Øst,16/12 - 2010,,0
29189420,Aalborg Kommune,Otiumgården aktivitetscenter,Otiumvej 7,9000,Aalborg,09/06 - 2011,,0
29189420,Aalborg Kommune,Fredericiagade,Fredericiagade 3A,9000,Aalborg,09/06 - 2011,,2
29189420,Aalborg Kommune,Bostøtte Nibe,Søndergade 28B,9240,Nibe,19/07 - 2011,,2
29189420,Aalborg Kommune,DUS - Nibe skole afd Bislev,Halkærvej 42,9240,Nibe,01/08 - 2025,,
29189420,Aalborg Kommune,NØRRESUNDBY BIBLIOTEK,Torvet 5,9400,Nørresundby,01/01 - 1993,,0
29189420,Aalborg Kommune,BIBLIOTEKET HASSERIS,Thulebakken 46,9000,Aalborg,01/01 - 1993,,0
29189420,Aalborg Kommune,DUS - Farstrup Skole afd Sebber,Gl Skolevej 1A,9240,Nibe,01/08 - 2025,,
29189420,Aalborg Kommune,Det alternative plejehjem,Dannevirke 2,9230,Svenstrup J,07/03 - 2014,,0
29189420,Aalborg Kommune,Efterbehandlingen,Grønlands Torv 23,9210,Aalborg SØ,07/03 - 2014,,0
29189420,Aalborg Kommune,Rusmiddelteamet,Saxogade 2,9000,Aalborg,07/03 - 2014,,
29189420,Aalborg Kommune,Plejeboliger Distrikt Nord,Storemosevej 19,9310,Vodskov,18/03 - 2014,,1
29189420,Aalborg Kommune,TOM - Børnehuset Smedegården,Saltumvej 7A,9220,Aalborg Øst,01/01 - 1993,,2
29189420,Aalborg Kommune,Aktivitetscenter Beltoften,Beltoften 61,9260,Gistrup,01/01 - 1993,,1
29189420,Aalborg Kommune,Aktivitetscentret Hellasvej,Hellasvej 100,9270,Klarup,01/01 - 1993,,1
29189420,Aalborg Kommune,Bofællesskab Firkløveret,Solsiden 17 601.,9240,Nibe,01/01 - 1999,,3
29189420,Aalborg Kommune,Hjemmesygeplejen Hasseris,Annebergvej 6,9000,Aalborg,01/01 - 2003,,1
29189420,Aalborg Kommune,Elmely Plejehjemsbolig,Lindholmsvej 24,9400,Nørresundby,01/01 - 2003,,2
29189420,Aalborg Kommune,Anneshave Midlertidige pladser,Annebergvej 173,9000,Aalborg,01/01 - 2003,,1
29189420,Aalborg Kommune,Hjemmepleje Nord land Øst,Teglværksvej 39,9362,Gandrup,23/02 - 2011,,2
29189420,Aalborg Kommune,Gandrup,Borgergade 39,9362,Gandrup,19/07 - 2011,,1
29189420,Aalborg Kommune,Kongerslev aktivitetscenter,Kongensgade 16,9293,Kongerslev,25/08 - 2011,,2
29189420,Aalborg Kommune,Sygepleje Sulsted,Toftegårdsvej 2,9381,Sulsted,14/07 - 2015,,1
29189420,Aalborg Kommune,Sygepleje Sofiendalsvej,Sofiendalsvej 97,9200,Aalborg SV,14/07 - 2015,,1
29189420,Aalborg Kommune,Hjemmepleje Kærby,"Umanakvej 1, kl",9210,Aalborg SØ,31/07 - 2019,,4
29189420,Aalborg Kommune,Videns og Kompetencecenteret,"Rantzausgade 8, 1",9000,Aalborg,28/04 - 2014,,2
29189420,Aalborg Kommune,Aktivitet Vestergade,Vestergade 22,9400,Nørresundby,17/06 - 2014,,0
29189420,Aalborg Kommune,Nordkraft,"Kjellerups Torv 1, 6",9000,Aalborg,17/06 - 2014,,1
29189420,Aalborg Kommune,Sygepleje Lions Parken,Lions Parken 6,9400,Nørresundby,14/07 - 2015,,2-4
29189420,Aalborg Kommune,Sygepleje Gistrup,Roden 8-18,9260,Gistrup,01/08 - 2015,,0
29189420,Aalborg Kommune,Tårnhuset,Tårnvej 6-8,9310,Vodskov,27/08 - 2015,,0
29189420,Aalborg Kommune,Museet i Hammer Bakker,Storemosevej 4,9310,Vodskov,01/12 - 2015,,0
29189420,Aalborg Kommune,Instruktør-Gasværksvej,Gasværksvej 3,9000,Aalborg,05/01 - 2016,,0
29189420,Aalborg Kommune,Instruktør-Fredrikstadvej,Fredrikstadvej 1,9200,Aalborg SV,05/01 - 2016,,
29189420,Aalborg Kommune,Miljø,Stigsborg Brygge 5,9400,Nørresundby,19/01 - 2016,,0
29189420,Aalborg Kommune,Aktivitet Gug,Fortunavej 2,9210,Aalborg SØ,01/05 - 2016,,0
29189420,Aalborg Kommune,Aktivitet Mou,Dokkedalvej 18,9280,Storvorde,01/05 - 2016,,1
29189420,Aalborg Kommune,Rehabiliteringscenter Aalborg,Dokkedalvej 20,9280,Storvorde,01/07 - 2016,,18
29189420,Aalborg Kommune,Boligerne Signalvej-Kvarteret,"Signalvej 7, st. tv.",9000,Aalborg,03/03 - 2017,,0
29189420,Aalborg Kommune,Opgangsfælleskabet Poul Paghs gade,"Poul Paghs Gade 17A, 3",9000,Aalborg,03/03 - 2017,,
29189420,Aalborg Kommune,Opgangsfællesskaberne Bakkebo,"Bakkevej 13, 1. 1.",9400,Nørresundby,03/03 - 2017,,
29189420,Aalborg Kommune,Opgangsfælleskabet Istedgade,"Istedgade 17, 1. th.",9000,Aalborg,03/03 - 2017,,
29189420,Aalborg Kommune,Gadeteamet,Boulevarden 19,9000,Aalborg,03/03 - 2017,,0
29189420,Aalborg Kommune,Opgangsfælleskaberne Suensonsgade,Suensonsgade 21,9000,Aalborg,03/03 - 2017,,1
29189420,Aalborg Kommune,Kantinen Hjulmagervej,Hjulmagervej 22C,9000,Aalborg,31/03 - 2017,,7
29189420,Aalborg Kommune,Ungeaktivitetshuset Nørresundby,Løvbakken 1,9400,Nørresundby,21/09 - 2017,,11
29189420,Aalborg Kommune,Visitationen/Familieplejen,Vejgård Bymidte 12,9000,Aalborg,01/11 - 2017,,0
29189420,Aalborg Kommune,Skovpark kollegiet,"Hadsundvej 182D, st. 1.",9000,Aalborg,01/01 - 2018,,
29189420,Aalborg Kommune,Aalborg FRI-TID,Henning Smiths Vej 7,9000,Aalborg,01/03 - 2018,,2-4
29189420,Aalborg Kommune,"Center for Parkering, Vagt og Service, BL",Hjulmagervej 22H,9000,Aalborg,01/06 - 2018,,69
29189420,Aalborg Kommune,Tornhøjgaard,Tornhøjgård 100,9220,Aalborg Øst,01/01 - 2019,,
29189420,Aalborg Kommune,Absalonsgård,"Absalonsgade 9A, st",9000,Aalborg,17/09 - 2013,,1
29189420,Aalborg Kommune,Fremdrift,Prinsensgade 36,9000,Aalborg,01/05 - 2019,,
29189420,Aalborg Kommune,Dagplejen Lager,Stationsvej 5,9280,Storvorde,01/01 - 2019,,200-499
29189420,Aalborg Kommune,"Aalborg Sundhedscenter, SUN - Gandrup",Borgergade 39,9362,Gandrup,13/06 - 2019,,
29189420,Aalborg Kommune,Bostøtte og Indsatser til voksne,Poppelvej 14,9000,Aalborg,01/01 - 2018,,20-49
29189420,Aalborg Kommune,CFS Grønlands Torv,Grønlands Torv 1,9210,Aalborg SØ,01/08 - 2019,,
29189420,Aalborg Kommune,Bofællesskabet Lindholm Søpark,"Lindholm Søpark 20, st. tv.",9400,Nørresundby,01/11 - 2019,,
29189420,Aalborg Kommune,Bofællesskabet Selsøparken,Selsøparken 20,9400,Nørresundby,01/11 - 2019,,
29189420,Aalborg Kommune,Bofælleskabet Fredericiagade,"Fredericiagade 26, kl",9000,Aalborg,01/11 - 2019,,
29189420,Aalborg Kommune,Bofællesskabet Frank Rygårdsvej,"Frank Rygårds Vej 4, st. 1.",9400,Nørresundby,01/11 - 2019,,
29189420,Aalborg Kommune,Bofællesskabet Gl. Kongevej,"Gammel Kongevej 56C, 2",9400,Nørresundby,01/11 - 2019,,
29189420,Aalborg Kommune,Bofællesskabet Hanebjælken,Hanebjælken 78,9380,Vestbjerg,01/11 - 2019,,
29189420,Aalborg Kommune,Bofællesskabet Borgergade,"Borgergade 39, st. tv.",9000,Aalborg,01/11 - 2019,,
29189420,Aalborg Kommune,Bofællesskabet Vangen,"Vangen 427, 3",9400,Nørresundby,01/11 - 2019,,
29189420,Aalborg Kommune,CFS Løvbakken,Løvbakken 10,9400,Nørresundby,01/08 - 2019,,
29189420,Aalborg Kommune,CFS Haraldslund,Kastetvej 83,9000,Aalborg,01/08 - 2019,,
29189420,Aalborg Kommune,CFS Skalborg,Dyrskuevej 2,9200,Aalborg SV,01/08 - 2019,,
29189420,Aalborg Kommune,CFS - Trekanten,Sebbersundvej 2A,9220,Aalborg Øst,01/10 - 2025,,
29189420,Aalborg Kommune,CFS - Storvorde,Tofthøjvej 28,9280,Storvorde,01/10 - 2025,,
29189420,Aalborg Kommune,RCA - STU,Tarmvej 7,9220,Aalborg Øst,01/01 - 2020,,
29189420,Aalborg Kommune,Ungetilbuddet Visborggårdvej,Visborggårdvej 12,9200,Aalborg SV,01/04 - 2020,,
29189420,Aalborg Kommune,Børnehuset Nr. Uttrup,Gammel Kongevej 36,9400,Nørresundby,01/05 - 2020,,
29189420,Aalborg Kommune,Svømmesalen Gl. Lindholm,Lindholmsvej 65,9400,Nørresundby,01/01 - 1993,,1
29189420,Aalborg Kommune,Børnehaven Marte Meo,Tranumparken 16,9220,Aalborg Øst,01/01 - 2006,,1
29189420,Aalborg Kommune,TOM - Brombærbakken,Sonjavej 90,9000,Aalborg,01/01 - 1995,,1
29189420,Aalborg Kommune,Plejehjems sygeplejersker,Storemosevej 19,9310,Vodskov,17/05 - 2017,,1
29189420,Aalborg Kommune,ULVEREDEN BØRNEHAVE,Nørtoftvej 10,9370,Hals,01/01 - 1993,,1
29189420,Aalborg Kommune,Idrætshallen Østre Allé,Østre Alle 87,9000,Aalborg,17/06 - 2014,,1
29189420,Aalborg Kommune,Sygepleje Ambulatorie Hals,Fjordparken 2,9370,Hals,01/08 - 2015,,1
29189420,Aalborg Kommune,Aktivitets- og Behandlingstilbud,Storemosevej 10,9310,Vodskov,01/02 - 2021,,
29189420,Aalborg Kommune,Kjellerupsgade,Kjellerupsgade 18,9000,Aalborg,28/03 - 2022,,
29189420,Aalborg Kommune,Hals Bibliotek,Østergade 2A,9370,Hals,01/01 - 2002,,0
29189420,Aalborg Kommune,RCA Kantinen Vestre Havnepromenade,Vestre Havnepromenade 15,9000,Aalborg,10/09 - 2020,,
29189420,Aalborg Kommune,Hjemmeplejen Karolinelund,Fyensgade 25,9000,Aalborg,25/08 - 2011,,1
29189420,Aalborg Kommune,Det Gule Hus,Vissevej 40D,9210,Aalborg SØ,01/03 - 2023,,
29189420,Aalborg Kommune,Plejebol. Bøgemarkscentret,Bøgemarksvej 3,9230,Svenstrup J,27/11 - 2001,,33
29189420,Aalborg Kommune,Botilbud Gl. Kongevej 1 sal,Gammel Kongevej 56A,9400,Nørresundby,01/01 - 2023,,
29189420,Aalborg Kommune,Udviklingscenter Aalborg,"Helgolandsgade 23, st. tv.",9000,Aalborg,02/02 - 2026,,
29189420,Aalborg Kommune,Sundhedsplejen Centrum,Vejgård Bymidte 12,9000,Aalborg,07/11 - 2023,,
29189420,Aalborg Kommune,Teknisk Service,Storemosevej 19,9310,Vodskov,28/11 - 2023,,
29189420,Aalborg Kommune,Psykiatriens Hus,"Saxogade 14B, st. tv.",9000,Aalborg,18/12 - 2023,,
29189420,Aalborg Kommune,Aktiviteten,Lyøgade 18,9000,Aalborg,01/01 - 2024,,
29189420,Aalborg Kommune,Børnehuset Svalen afd Tiziana,Svalegårdsvej 82,9000,Aalborg,01/01 - 1994,,15
29189420,Aalborg Kommune,Børnehuset Svalen afd Kridthuset,Svalegårdsvej 80,9000,Aalborg,01/01 - 1993,,8
29189420,Aalborg Kommune,Døgntilbud Sonjavej hus D,Sonjavej 61D,9000,Aalborg,18/06 - 2024,,
29189420,Aalborg Kommune,Daginstitutionen Alfred Nobel,Alfred Nobels Vej 5,9220,Aalborg Øst,14/02 - 2023,,30
29189420,Aalborg Kommune,Børnehuset Provstejorden,Provstejorden 9,9000,Aalborg,11/05 - 2012,,9
29189420,Aalborg Kommune,Daginstitutionen Isbjørnen,Mylius Erichsens Vej 123,9210,Aalborg SØ,01/11 - 2020,,
29189420,Aalborg Kommune,Daginstitutionen Sandgården,Anna Anchers Vej 7,9200,Aalborg SV,01/06 - 2020,,
29189420,Aalborg Kommune,Børnehaven Trekløveren afd Beate,Beatesmindevej 175,9210,Aalborg SØ,01/01 - 1993,,9
29189420,Aalborg Kommune,Børnehaven Trekløveren afd Byen,Beatesmindevej 177,9210,Aalborg SØ,01/01 - 2004,,1
29189420,Aalborg Kommune,Børnehaven Trekløveren afd Skoven,Gultentorpvej 44,9260,Gistrup,18/11 - 2024,,14
29189420,Aalborg Kommune,Bakketoppen afd Pyramiden,Nøhr Sørensens Vej 5,9210,Aalborg SØ,01/01 - 1993,,9
29189420,Aalborg Kommune,BØRNEHAVEN FEGGESUNDVEJ,Feggesundvej 1A,9220,Aalborg Øst,01/01 - 1993,01/04 - 2026,1
29189420,Aalborg Kommune,Bakketoppen afd Fantasia,Nøhr Sørensens Vej 3,9210,Aalborg SØ,01/01 - 2007,,14
29189420,Aalborg Kommune,Børnehuset Himmelblå,Gammel Viborgvej 82,9230,Svenstrup J,01/01 - 1993,,18
29189420,Aalborg Kommune,TOM - Børnehaven Savannen,Bautastenen 3,9230,Svenstrup J,01/01 - 1993,,1
29189420,Aalborg Kommune,Børnehaven Natur & Miljø,Flødalvej 16A,9230,Svenstrup J,01/01 - 1999,,9
29189420,Aalborg Kommune,Børnehuset Troldereden,Skolevej 45,9400,Nørresundby,01/01 - 1999,,14
29189420,Aalborg Kommune,Børnehaven Savannen,Bautastenen 1,9230,Svenstrup J,01/01 - 1993,,27
29189420,Aalborg Kommune,BØRNEHAVEN ANE DAMS GADE,Ane Dams Gade 6D,9400,Nørresundby,01/01 - 1993,01/04 - 2026,1
29189420,Aalborg Kommune,Børnehaven Gl Kongevej,Gammel Kongevej 38,9400,Nørresundby,01/01 - 1993,,17
29189420,Aalborg Kommune,Vuggestuen Magnolia,Strubjerg 161,9400,Nørresundby,01/01 - 1993,,14
29189420,Aalborg Kommune,TOM - Børnehuset Hvorup Kirkevej,Hvorup Kirkevej 5,9400,Nørresundby,01/01 - 1993,,2
29189420,Aalborg Kommune,Børnehuset Hvorup Kirkevej,Hvorup Kirkevej 7,9400,Nørresundby,01/10 - 2009,,25
29189420,Aalborg Kommune,Hals Daginstitution,Rosenvænget 3,9370,Hals,01/01 - 1993,,12
29189420,Aalborg Kommune,Børnehuset Røverdal,Brorsonsvej 3A,9310,Vodskov,01/01 - 1996,,21
29189420,Aalborg Kommune,Børnehuset Myretuen,Vindfløjen 3,9380,Vestbjerg,01/01 - 1993,,20
29189420,Aalborg Kommune,BØRNEHAVEN BØRNELY,Ny Høstemarkvej 11,9280,Storvorde,01/01 - 1993,,5
29189420,Aalborg Kommune,Børnehaven Mini-Troldhøj,Vigen 47,9280,Storvorde,18/06 - 2014,01/04 - 2026,1
29189420,Aalborg Kommune,Daginstitutionen Hellebælle,Hellebækvej 42,9270,Klarup,01/01 - 1994,,12
29189420,Aalborg Kommune,Daginstitutionen Fuglereden,Fælledparken 20,9280,Storvorde,01/01 - 1993,,10
29189420,Aalborg Kommune,Daginstitutionen Thomas Boss Gade,Thomas Boss Gade 8,9000,Aalborg,01/01 - 1993,,13
29189420,Aalborg Kommune,Kongerslev Børnehave,Kongensgade 2,9293,Kongerslev,01/01 - 1993,,12
29189420,Aalborg Kommune,Børnehaven Troldhøj,Markvej 150,9280,Storvorde,01/01 - 1993,,9
29189420,Aalborg Kommune,BØRNEHAVEN ÅGÅRDEN,Sankt Mortens Gade 4,9000,Aalborg,01/01 - 1993,01/04 - 2026,0
29189420,Aalborg Kommune,Børnehuset Lille Tornhøj,Tornhøjvej 8B,9220,Aalborg Øst,01/01 - 1993,,18
29189420,Aalborg Kommune,Daginstitutionen Danalien,Danalien 5,9000,Aalborg,01/01 - 1995,,11
29189420,Aalborg Kommune,Børnehuset Blåkildevej,Blåkildevej 117,9220,Aalborg Øst,01/01 - 1993,,14
29189420,Aalborg Kommune,Vejgaard Børnehave,Hadsundvej 40C,9000,Aalborg,08/07 - 2011,,10
29189420,Aalborg Kommune,TOM - Daginstitutionen Stjernehuset,Venøsundvej 7,9220,Aalborg Øst,01/01 - 1999,,2
29189420,Aalborg Kommune,Daginstitutionen Stjernehuset,Venøsundvej 5,9220,Aalborg Øst,01/01 - 1996,,24
29189420,Aalborg Kommune,Sundhedsplejen,Rantzausgade 4,9000,Aalborg,01/07 - 2022,,28
29189420,Aalborg Kommune,Byplanvej Hal,Byplanvej 2,9210,Aalborg SØ,01/01 - 2026,,
29189420,Aalborg Kommune,Tjenestebiler i Senior og Omsorg,Storemosevej 19,9310,Vodskov,12/11 - 2024,,
29189420,Aalborg Kommune,Team Midt i Mellem,Tinghusgade 5,9400,Nørresundby,01/01 - 2004,,2
29189420,Aalborg Kommune,Børnehuset Fuglsang,Vestervang 21,9400,Nørresundby,01/01 - 1993,,18
29189420,Aalborg Kommune,HJÆLPEMIDDELDEPOTET,Fåborgvej 15A,9220,Aalborg Øst,01/01 - 1993,,0
29189420,Aalborg Kommune,GANDRUP HALLEN,Bredgade 3,9362,Gandrup,01/01 - 1993,,0
29189420,Aalborg Kommune,NIBE BIBLIOTEK,St Algade 4,9240,Nibe,01/01 - 1993,,1
29189420,Aalborg Kommune,LØVVANGSKOLEN - DUS,Løvbakken 6,9400,Nørresundby,01/01 - 1993,,1
29189420,Aalborg Kommune,SVENSTRUP BIBLIOTEK,Godthåbsvej 14D,9230,Svenstrup J,01/01 - 1993,,0
29189420,Aalborg Kommune,STORVORDE BIBLIOTEK,Stationsvej 5,9280,Storvorde,01/01 - 1993,,0
29189420,Aalborg Kommune,SKØRBÆK-EJDRUP UNGDOMSKLUB,Ejdrupvej 33,9240,Nibe,01/01 - 1993,,2
29189420,Aalborg Kommune,Ældreboligerne Petersborgvej,Petersborgvej 67,9000,Aalborg,01/01 - 1993,,2-4
29189420,Aalborg Kommune,BIBLIOTEKET VEJGÅRD,Hadsundvej 35,9000,Aalborg,01/01 - 1993,,0
29189420,Aalborg Kommune,Limfjordsværkstedet Viren,Viren 6,9310,Vodskov,01/01 - 1993,,1
29189420,Aalborg Kommune,HALS-EGENSE FÆRGEFART,Havnegade 2,9370,Hals,01/01 - 2007,,0
55133018,Aarhus Kommune,"Kantinen Bautavej, Ejendomme, Center for Administration og Ejendomme, Magistratsafdelingen for Teknik og Miljø",Bautavej 1,8210,Aarhus V,21/09 - 2017,15/03 - 2019,
55133018,Aarhus Kommune,"Århus Sporveje, Trafikselskabet",Skovvangsvej 97,8200,Århus N,01/01 - 2005,01/01 - 2005,
55133018,Aarhus Kommune,ÅK/MTM/EJD Vagt Service maskinværksted,Rådhuspladsen 2,8000,Århus C,25/05 - 2010,25/05 - 2010,
55133018,Aarhus Kommune,Bofællesskabet Ormslevvej - Lokalpsykiatri Syd,Skanderborgvej 156B,8260,Viby J,03/12 - 2009,20/07 - 2011,
55133018,Aarhus Kommune,Bostøtten Absalonsgade,Absalonsgade 30,8000,Århus C,06/08 - 2009,01/05 - 2014,
55133018,Aarhus Kommune,Skiftesporet,Anholtsgade 4,8000,Århus C,06/08 - 2009,01/05 - 2014,
55133018,Aarhus Kommune,FU OMRÅDE 4 afd. Ungdomskoleklubben,Grenåvej 709C,8541,Skødstrup,27/11 - 2009,31/12 - 2014,
55133018,Aarhus Kommune,Trivselshuset,Hasle Centervej 159,8210,Aarhus V,06/08 - 2009,04/04 - 2018,
55133018,Aarhus Kommune,Bofællesskabet Poul Martin Müllersvej,Poul Martin Møllers Vej 83,8000,Århus C,03/12 - 2009,02/07 - 2013,
55133018,Aarhus Kommune,Dagplejen,Kirketorvet 2C,8310,Tranbjerg J,22/10 - 2012,22/10 - 2012,
55133018,Aarhus Kommune,Hasle Dagtilbud ¿ 4151 afd Vuggestuen Kalendervej,Kalendervej 5,8210,Aarhus V,01/01 - 2018,16/04 - 2018,
55133018,Aarhus Kommune,Bofællesskabet Sjællandsgade,Sjællandsgade 50,8000,Århus C,03/12 - 2009,02/07 - 2013,
55133018,Aarhus Kommune,Jobcenter Aarhus Tværgående Drift,Værkmestergade 15B,8000,Aarhus C,11/03 - 2008,31/05 - 2012,
55133018,Aarhus Kommune,Familieteam 1 Vest,"Gudrunsvej 78C, 3",8220,Brabrand,03/12 - 2009,20/07 - 2011,
55133018,Aarhus Kommune,Grenåvej 770,Grenåvej 770,8541,Skødstrup,17/04 - 2012,17/12 - 2012,
55133018,Aarhus Kommune,ÅKV Biogas fællesanlæg,Bjergagervej 4,8380,Trige,21/10 - 2003,23/02 - 2018,
55133018,Aarhus Kommune,ÅRHUS KOMMUNE - MÅNEDSLØN, 2,9999,Ukendt,01/01 - 1976,31/12 - 1992,
55133018,Aarhus Kommune,ÅK MTM EJD KANTINEN,"Silkeborgvej 622, 1",8220,Brabrand,01/11 - 2011,18/06 - 2013,
55133018,Aarhus Kommune,Jobcenter Aarhus J&V Afd. 1 - konto 6,Valdemarsgade 18B,8000,Aarhus C,30/01 - 2013,19/09 - 2013,
55133018,Aarhus Kommune,Dagtilbud 4571 - Ellekær afd. Jernaldervej 3A,Jernaldervej 3A,8210,Aarhus V,07/03 - 2013,07/03 - 2013,
55133018,Aarhus Kommune,ÅK MTM POB PLANLÆGNING BYFORNYELSE,Spanien 19,8000,Aarhus C,09/07 - 2010,31/08 - 2018,
55133018,Aarhus Kommune,Den integrerede daginstitution Frimærket,Hvidkildevej 2,8240,Risskov,13/01 - 2003,13/01 - 2003,
55133018,Aarhus Kommune,Bofællesskabet Bjørnbaksvej 5,Bjørnbaksvej 5,8260,Viby J,03/12 - 2009,20/04 - 2014,
55133018,Aarhus Kommune,Heltidsundervisningen,Hvidkildevej 2C,8240,Risskov,01/04 - 2014,01/09 - 2014,
55133018,Aarhus Kommune,Fritid og Ungdom Vest afd. Harlev Fritidsklub,Næshøjvej 20,8462,Harlev J,01/01 - 2015,01/01 - 2015,
55133018,Aarhus Kommune,Ungeteamet Vest,Gudrunsvej 78,8220,Brabrand,26/05 - 2008,01/05 - 2014,
55133018,Aarhus Kommune,Familieteam 1,"Gudrunsvej 82, 1",8220,Brabrand,12/08 - 2010,20/07 - 2011,
55133018,Aarhus Kommune,"Familieteam 2, Centrum","Rosenkrantzgade 23, 2",8000,Århus C,12/08 - 2010,01/12 - 2010,
55133018,Aarhus Kommune,Opgangsbofællesskabet på GRUNDTVIGSVEJ,Grundtvigsvej 12,8260,Viby J,06/08 - 2009,07/05 - 2014,
55133018,Aarhus Kommune,Dagtilbud 804,Kirketorvet 10A,8310,Tranbjerg J,18/12 - 2009,01/02 - 2011,
55133018,Aarhus Kommune,FU Område 3 - Randersvej afd. Gammel Landevej 29,Gammel Landevej 29,8380,Trige,16/03 - 2011,31/12 - 2014,
55133018,Aarhus Kommune,Dagtilbud 4251 - Møllevang afd. Fuglebakkevej 64,Fuglebakkevej 64,8210,Aarhus V,23/02 - 2011,30/10 - 2011,
55133018,Aarhus Kommune,Birkebakken,Hejredalsvej 144,8220,Brabrand,19/07 - 2011,31/07 - 2011,
55133018,Aarhus Kommune,Birkedalen,Hejredalsvej 142,8220,Brabrand,19/07 - 2011,31/07 - 2011,
55133018,Aarhus Kommune,Birkebo,Hejredalsvej 146,8220,Brabrand,19/07 - 2011,31/07 - 2011,
55133018,Aarhus Kommune,Neurohuset,Graham Bells Vej 1A,8200,Aarhus N,20/07 - 2011,07/05 - 2014,
55133018,Aarhus Kommune,"Bofællesskabet Majvænget, Majvænget 93",Nygårdsvej 93,8270,Højbjerg,20/07 - 2011,12/03 - 2014,
55133018,Aarhus Kommune,Cafe Frederik & Bostøtten Centrum,"Paludan-Müllers Vej 26, 1",8200,Århus N,06/08 - 2009,02/07 - 2013,
55133018,Aarhus Kommune,Århus Kommune Bolig- og Ejendomsafdl.,Rådhuset,8000,Århus C,05/11 - 2002,05/11 - 2002,
55133018,Aarhus Kommune,Dagplejen,Kirketorvet 2C,8310,Tranbjerg J,03/01 - 2013,27/05 - 2013,
55133018,Aarhus Kommune,Stadsgartneren afdl. Vest,Høiriisgårdsvej 2,8220,Brabrand,18/06 - 2004,18/06 - 2004,
55133018,Aarhus Kommune,ÅK/MTM/FA Fællesadministrationen - Oprydning,Bautavej 1,8210,Aarhus V,27/09 - 2013,27/09 - 2013,
55133018,Aarhus Kommune,Aktivitetscenter,Nygårdsvej 1A,8270,Højbjerg,14/08 - 2007,14/08 - 2007,
55133018,Aarhus Kommune,Hotspotcentret Hasle Centervej 215,Hasle Centervej 215,8210,Aarhus V,21/06 - 2013,25/06 - 2013,
55133018,Aarhus Kommune,Område Vejlby-Risskov,Vikær Toften 6,8240,Risskov,03/09 - 2012,29/10 - 2012,
55133018,Aarhus Kommune,Integreret Institution Børneslottet,Ole Rømersgade 36A,8000,Århus C,04/09 - 2003,04/09 - 2003,
55133018,Aarhus Kommune,Genbrugsplads ved Århus Kommunale Værker,Bautavej 1,8210,Århus V,12/03 - 2004,31/12 - 2010,
55133018,Aarhus Kommune,Familieteam Nord/Vest,Gudrunsvej 78,8220,Brabrand,13/12 - 2011,10/10 - 2013,
55133018,Aarhus Kommune,Børnehaven Havmågen,Mejlgade 8,8000,Århus C,01/01 - 2001,01/01 - 2001,
55133018,Aarhus Kommune,Specialenheden PS,Kalkærparken 66,8270,Højbjerg,01/01 - 2008,01/12 - 2010,
55133018,Aarhus Kommune,FU område 9,Rosenhøj 29,8260,Viby J,20/03 - 2009,25/06 - 2013,
55133018,Aarhus Kommune,Ungecenter Eghøj - Egholmparken,Egholmparken 180,8300,Odder,03/12 - 2009,01/05 - 2014,
55133018,Aarhus Kommune,"Århus Kommunale Værkers Varmecentral, Toftevej",Toftevej 11,8250,Egå,14/03 - 2002,30/12 - 2009,
55133018,Aarhus Kommune,MÅRSLET SKOLE SKOLEFRITIDSORDNING - TREKANTEN,Testrupvej 4,8320,Mårslet,17/10 - 2001,17/10 - 2001,
55133018,Aarhus Kommune,Århus kommune mag.1. afd.,Værkmestergade,8000,Århus C,08/10 - 2002,08/10 - 2002,
55133018,Aarhus Kommune,"Lokalcenter Hasle, Gellerup og Toftegården",Provstebakken 4,8210,Aarhus V,31/01 - 2011,22/02 - 2011,
55133018,Aarhus Kommune,"Lokalcenter Hasle, Gellerup og Toftegården",Torpevænget 47,8210,Aarhus V,31/01 - 2011,22/02 - 2011,
55133018,Aarhus Kommune,"Lokalcenter Hasle, Gellerup og Toftegården",Sandkåsvej 3,8210,Aarhus V,31/01 - 2011,22/02 - 2011,
55133018,Aarhus Kommune,"Lokalcenter Hasle, Gellerup og Toftegården",Hejredalsvej 4G,8220,Brabrand,31/01 - 2011,22/02 - 2011,
55133018,Aarhus Kommune,Dagtilbud 8041 - Beder afd Byvej 21,Byvej 21,8330,Beder,02/02 - 2011,29/06 - 2011,
55133018,Aarhus Kommune,Ydelsescenter Syd,Grøndalsvej 2,8260,Viby J,26/10 - 2009,06/08 - 2013,
55133018,Aarhus Kommune,ÅK M2 EJD KANTINEN,Silkeborgvej 622,8220,Brabrand,08/07 - 2010,19/06 - 2013,
55133018,Aarhus Kommune,ÅK MTM EJD KANTINEN,Holmevej 180,8270,Højbjerg,08/07 - 2010,27/02 - 2011,
55133018,Aarhus Kommune,ÅK M2 EJD KANTINEN,Knudrisgade 5,8000,Århus C,09/07 - 2010,19/06 - 2013,
55133018,Aarhus Kommune,Bofællesskabet Bjørnbaksvej 3,Bjørnbaksvej 3,8260,Viby J,03/12 - 2009,09/12 - 2010,
55133018,Aarhus Kommune,Kopi-tryk (Solbakken),Engtoften 5,8260,Viby J,06/08 - 2009,07/05 - 2014,
55133018,Aarhus Kommune,test,Thorsvej 30,8230,Åbyhøj,04/12 - 2008,04/12 - 2008,
55133018,Aarhus Kommune,Familieteam Nord,Grenåvej 129,8240,Risskov,06/08 - 2009,01/05 - 2014,
55133018,Aarhus Kommune,Bethesda - Døgncentret for børn og familier,Bethesdavej 31,8200,Århus N,10/08 - 2009,01/05 - 2014,
55133018,Aarhus Kommune,FU område 10 afd. Ungdomskolen Rundhøj,Holmevej 200,8270,Højbjerg,30/11 - 2009,31/12 - 2014,
55133018,Aarhus Kommune,Folkeinformation Vest,"Gudrunsvej 78B, st",8220,Brabrand,03/12 - 2009,07/04 - 2011,
55133018,Aarhus Kommune,Lejrskolen i Sahl,Stokholmvej 6,7830,Vinderup,01/01 - 2003,01/01 - 2003,
55133018,Aarhus Kommune,Dagplejen Sydøst,Stationsvej 5,9280,Storvorde,01/01 - 2006,01/01 - 2006,
55133018,Aarhus Kommune,"Århus Kommunale Værkers Varmecentral, Mejlbyvej",Mejlbyvej 2B,8250,Egå,14/03 - 2002,30/12 - 2009,
55133018,Aarhus Kommune,Dagtilbud 1103 afd. daginstitutioner Sigridsvej 46,Sigridsvej 46,8220,Brabrand,31/07 - 2009,06/04 - 2011,
55133018,Aarhus Kommune,Aktivitetsstedet På Vej,Katrinebjergvej 95,8200,Århus N,06/08 - 2009,25/04 - 2014,
55133018,Aarhus Kommune,FU Område 2 - Grenåvej Vest afd. Vejlby Centervej 51,Vejlby Centervej 51,8240,Risskov,30/11 - 2009,01/08 - 2015,
55133018,Aarhus Kommune,Rosenvangskolen SFO-afdeling Vilhelm Becks Vej,Vilhelm Becks Vej 51,8260,Viby J,01/10 - 2012,01/08 - 2015,
55133018,Aarhus Kommune,"Århus Kommune, Borgerservice",Rådhuspladsen 2B,8000,Aarhus C,03/09 - 2009,21/12 - 2015,
55133018,Aarhus Kommune,Bostøtten Vest,"Gudrunsvej 78, 3",8220,Brabrand,16/04 - 2008,12/05 - 2014,
55133018,Aarhus Kommune,Familieteam Syd,Holmevej 180,8270,Højbjerg,06/08 - 2009,30/11 - 2011,
55133018,Aarhus Kommune,Ungetilbudet Grønnegade,Grønnegade 79,8000,Aarhus C,20/07 - 2011,31/12 - 2015,
55133018,Aarhus Kommune,Mårslet Dagtilbud - 8261 afd. Byvej 21,Byvej 21,8330,Beder,02/01 - 2014,16/08 - 2014,
55133018,Aarhus Kommune,PLEJEHJEMMET MØLLEGÅRDEN,Årslev Møllevej 1,8220,Brabrand,01/01 - 1993,18/02 - 2016,
55133018,Aarhus Kommune,MALLING PLEJEHJEM,Starupvej 9,8340,Malling,01/01 - 1993,18/02 - 2016,
55133018,Aarhus Kommune,Flexbo Samværstilbud,Spanien 61A,8000,Århus C,03/12 - 2009,19/07 - 2011,
55133018,Aarhus Kommune,Rosenvangskolen SFO-afdelingen Vidtskuevej,Vidtskuevej 31,8260,Viby J,01/10 - 2012,24/10 - 2012,
55133018,Aarhus Kommune,Virupskolen SFO-afdeling Skovager 4,Skovager 4,8530,Hjortshøj,01/10 - 2012,31/12 - 2014,
55133018,Aarhus Kommune,Servicecenter for Ledelse og Kommunikation - Magistraten for Sociale Forhold og Beskæftigelse,"Rådhuspladsen 2A, 4",8000,Aarhus C,26/11 - 2009,18/04 - 2016,
55133018,Aarhus Kommune,Område Syd,Byagervej 15,8330,Beder,16/08 - 2012,01/04 - 2016,
55133018,Aarhus Kommune,FU område 10 afd. Ungdomskolen Rundhøj,Holmevej 200,8270,Højbjerg,30/11 - 2009,31/07 - 2010,
55133018,Aarhus Kommune,"Jobcenter Aarhus, UU",Værkmestergade 3B,8000,Aarhus C,26/10 - 2009,31/05 - 2012,
55133018,Aarhus Kommune,Dagtilbud 301 afd. dagplejen i Lystrup og Elsted,Lystruplund 36,8520,Lystrup,17/12 - 2009,17/12 - 2009,
55133018,Aarhus Kommune,Bøgholt Specialklassen,Høgevej 25,8210,Århus V,06/08 - 2009,02/07 - 2013,
55133018,Aarhus Kommune,Risskov Bibliotek,Fortebakken 1,8240,Risskov,08/10 - 2008,31/12 - 2015,
55133018,Aarhus Kommune,Bostøtten Aros - Grønnegade 74,"Grønnegade 74, st. tv.",8000,Århus C,03/12 - 2009,17/07 - 2011,
55133018,Aarhus Kommune,FU OMRÅDE 3 afd. Ungdomsskolen Elsted,Elstedvej 156,8520,Lystrup,27/11 - 2009,31/12 - 2014,
55133018,Aarhus Kommune,Center for Forsorg Misbrug,"Værkmestergade 15A, 4",8000,Århus C,10/08 - 2009,17/08 - 2010,
55133018,Aarhus Kommune,Bofællesskabet Hall Sti,Hallssti 39,8000,Århus C,03/12 - 2009,02/07 - 2013,
55133018,Aarhus Kommune,Rådgivningscafeen Aros,Grønnegade 74,8000,Århus C,01/01 - 2001,01/01 - 2001,
55133018,Aarhus Kommune,Casino kontrollen,Store Torv 4,8000,Aarhus C,01/07 - 2000,31/01 - 2016,
55133018,Aarhus Kommune,Projekthuset,Fredens Torv 6,8000,Århus C,01/01 - 2000,01/01 - 2000,
55133018,Aarhus Kommune,Sabro Renseanlæg,Urebjergvej 25,8471,Sabro,06/05 - 2003,12/08 - 2016,
55133018,Aarhus Kommune,Musikhuset,Vestergade 55,8000,Aarhus C,17/07 - 2009,10/02 - 2016,
55133018,Aarhus Kommune,ÅRHUS KOMMUNE Tømmerværksted,Edwin Rahrs Vej 77,8220,Brabrand,01/01 - 2000,18/07 - 2016,
55133018,Aarhus Kommune,Stadsgartneren afdl. Vest,Høiriisgårdsvej 2,8220,Brabrand,18/06 - 2004,18/06 - 2004,
55133018,Aarhus Kommune,ÅK MTM NVS DRIFTSOMRÅDE MIDT,Nørrebrogade 44,8000,Aarhus C,09/07 - 2010,18/07 - 2016,
55133018,Aarhus Kommune,ÅK MTM NVS DRIFTSOMRÅDE VEST,Åbyvej 80,8230,Åbyhøj,09/07 - 2010,15/07 - 2016,
55133018,Aarhus Kommune,ÅK MTM NVS DRIFTSOMRÅDE SYD,Testrupvej 4,8320,Mårslet,09/07 - 2010,15/07 - 2016,
55133018,Aarhus Kommune,ÅK MTM NVS Driftsområde Midt,Eugen Warmings Vej 10,8000,Aarhus C,09/07 - 2010,18/07 - 2016,
55133018,Aarhus Kommune,Center Kontakt- og Aktivitetssteder Psykiatri,Værkmestergade 15L,8000,Aarhus C,03/12 - 2009,19/09 - 2016,
55133018,Aarhus Kommune,Bostøtte Centrum - Lokalpsykiatrien,Kannikegade 12A,8000,Aarhus C,03/12 - 2009,23/09 - 2016,
55133018,Aarhus Kommune,"Bygningsafdelingen, pedeller",Søren Frichs Vej 36M,8230,Åbyhøj,16/11 - 2007,24/08 - 2016,
55133018,Aarhus Kommune,Bostøtte Vesterbo,Kannikegade 12B,8000,Aarhus C,03/12 - 2009,23/09 - 2016,
55133018,Aarhus Kommune,"Økonomi og Myndighed, bogholderi",Søren Frichs Vej 36M,8230,Åbyhøj,10/03 - 2008,26/08 - 2016,
55133018,Aarhus Kommune,Bofællesskabet Pottemagertoften,Pottemagertoften 110C,8270,Højbjerg,06/08 - 2009,23/09 - 2016,
55133018,Aarhus Kommune,Visitationskontor Syd,Gunnar Clausens Vej 19B,8260,Viby J,10/11 - 2009,14/08 - 2016,
55133018,Aarhus Kommune,ÅK/MTM/EJD Vagt Service maskinværksted,Rådhuspladsen 2,8000,Århus C,25/05 - 2010,25/05 - 2010,
55133018,Aarhus Kommune,Familieteam 2 - Vest,Gudrunsvej 78A,8220,Brabrand,03/12 - 2009,20/07 - 2011,
55133018,Aarhus Kommune,"Kantinen Silkeborgvej 622, Ejendomme, Center for Administration og Ejendomme, Magistratsafdelingen for Teknik og Miljø, Aarhus Kommune",Silkeborgvej 622,8220,Brabrand,25/05 - 2010,04/10 - 2016,
55133018,Aarhus Kommune,Lønhuset,Knudrisgade 5,8000,Aarhus C,28/05 - 2009,26/03 - 2016,
55133018,Aarhus Kommune,Socialmedicinsk klinik,Valdemarsgade 18B,8000,Aarhus C,03/12 - 2009,07/10 - 2016,
55133018,Aarhus Kommune,ÅK MTM NVS Driftsområde Midt,Eskelundvej 11,8260,Viby J,09/07 - 2010,27/09 - 2016,
55133018,Aarhus Kommune,ÅK M2 EJD KANTINEN,Holmevej 180,8270,Højbjerg,08/07 - 2010,04/10 - 2016,
55133018,Aarhus Kommune,"Kantinen Valdemarsgade 18, Ejendomme, Center for Administration og Ejendomme, Magistratsafdelingen for Teknik og Miljø, Aarhus Kommune",Valdemarsgade 18,8000,Aarhus C,08/07 - 2010,04/10 - 2016,
55133018,Aarhus Kommune,ÅK MTM EJD KANTINEN,Knudrisgade 5,8000,Aarhus C,09/07 - 2010,04/10 - 2016,
55133018,Aarhus Kommune,Tandklinikken Åby Skole,Åbyvej 80,8230,Åbyhøj,01/10 - 2014,16/09 - 2016,
55133018,Aarhus Kommune,Tandklinikken Gammelgaardsskolen,Carit Etlars Vej 31,8230,Åbyhøj,01/10 - 2014,16/09 - 2016,
55133018,Aarhus Kommune,Tandklinikken Risskov Skole,Fortebakken 32,8240,Risskov,01/10 - 2014,16/09 - 2016,
55133018,Aarhus Kommune,Tandklinikken Holme Skole,Mølleskovvej 11,8270,Højbjerg,01/10 - 2014,16/09 - 2016,
55133018,Aarhus Kommune,Tandklinikken Rundhøjskolen,Holmevej 200,8270,Højbjerg,01/10 - 2014,16/09 - 2016,
55133018,Aarhus Kommune,Tandklinikken Katrinebjergskolen,Islandsgade 2,8200,Aarhus N,01/10 - 2014,16/09 - 2016,
55133018,Aarhus Kommune,Tandklinikken Skåde Skole,Mantziusvej 5,8270,Højbjerg,01/10 - 2014,16/09 - 2016,
55133018,Aarhus Kommune,Tandklinikken Mårslet Skole,Testrupvej 4,8320,Mårslet,01/10 - 2014,16/09 - 2016,
55133018,Aarhus Kommune,Halvvejshus Ambulant,Grønnegade 79,8000,Aarhus C,14/08 - 2015,07/10 - 2016,
55133018,Aarhus Kommune,Plejeboligerne Madsbjerg,Nygårdsvej 2,8270,Højbjerg,09/09 - 2004,09/09 - 2004,
55133018,Aarhus Kommune,Tandklinikken Skødstrup Skole,Rosenbakken 2,8541,Skødstrup,01/10 - 2014,17/02 - 2017,
55133018,Aarhus Kommune,Lystrup Brandstation,Sønderskovvej 18,8520,Lystrup,01/01 - 2000,01/01 - 2000,
55133018,Aarhus Kommune,Århus Kommunale Værker,Bautavej 1,8210,Århus V,23/04 - 2002,23/04 - 2002,
55133018,Aarhus Kommune,"billetkontrollen, Århus Sporveje",Banegårdspladsen,8000,Århus C,24/05 - 2002,24/05 - 2002,
55133018,Aarhus Kommune,Renseanlæg,Kalkjærvej,8270,Højbjerg,25/06 - 2003,25/07 - 2006,
55133018,Aarhus Kommune,Bofællesskabet Herredsvang,Fjældevænget 20,8210,Århus V,03/12 - 2009,02/07 - 2013,
55133018,Aarhus Kommune,Familiebehandling Syd,Holmevej 180A,8270,Højbjerg,06/08 - 2009,01/12 - 2010,
55133018,Aarhus Kommune,ÅK MTM AVA GENBRUGSPLADS NYMARKEN,Nymarken 12,8340,Malling,11/02 - 2010,31/07 - 2012,
55133018,Aarhus Kommune,Frydenlundskolen SFO,Høgevej 25,8210,Århus V,01/01 - 2000,01/01 - 2000,
55133018,Aarhus Kommune,Århus Sporveje Trafikselskabet,Skovvangsvej,8200,Århus N,26/01 - 2005,26/01 - 2005,
55133018,Aarhus Kommune,Tolkeservice,"Valdemarsgade 18A, st",8000,Aarhus C,06/08 - 2009,08/08 - 2012,
55133018,Aarhus Kommune,Bostøtte Marselis,P.P. Ørums Gade 9,8000,Århus C,03/12 - 2009,02/07 - 2013,
55133018,Aarhus Kommune,"LAT, LUT og Netværksfamilier - Driftsområdet Socialpsykiatri",Nørre Allé 31A,8000,Århus C,03/12 - 2009,26/03 - 2014,
55133018,Aarhus Kommune,FU område 10 afd. Fritidsklubben Rundhøj,Rundhøj Allé 83,8270,Højbjerg,30/11 - 2009,31/07 - 2010,
55133018,Aarhus Kommune,FU område 6,Vorregårds Allé 109,8200,Aarhus N,20/03 - 2009,31/12 - 2014,
55133018,Aarhus Kommune,"Lokalpsykiatri Vest, Kastanie Alle 11",Kastanie Allé 11,8230,Åbyhøj,10/08 - 2009,26/09 - 2016,
55133018,Aarhus Kommune,Aktivitetshuset (medieværkstedet),Fuglesangs Allé 18,8210,Århus V,06/08 - 2009,06/05 - 2014,
55133018,Aarhus Kommune,Dagtilbud 606 afd. Skovvangsvej 184,Skovvangsvej 184,8200,Aarhus N,15/12 - 2009,11/05 - 2017,
55133018,Aarhus Kommune,ÅK MTM NVS Driftsområde Midt,Vester Allé 3,8000,Aarhus C,09/07 - 2010,18/07 - 2016,
55133018,Aarhus Kommune,Dagtilbud 606 afd. Reginehøj,Kornbakke Allé 58,8200,Århus N,27/09 - 2010,28/02 - 2011,
55133018,Aarhus Kommune,Hjælpemiddelcentret,Bredskiftevej 16,8210,Aarhus V,25/08 - 2010,26/06 - 2017,
55133018,Aarhus Kommune,Tandklinikken Solbjergskolen,Kærgårdsvej 4,8355,Solbjerg,01/10 - 2014,01/07 - 2017,
55133018,Aarhus Kommune,FU område 11 afd. Ungdomsklubben Tovshøj,Janesvej 2,8220,Brabrand,08/12 - 2008,15/02 - 2011,
55133018,Aarhus Kommune,"Team Nord, Tre Ege",Mjølnersvej 18,8230,Åbyhøj,06/08 - 2009,25/03 - 2014,
55133018,Aarhus Kommune,ÅK/MTM/EJD Vagt Service maskinværksted,Rådhuspladsen 2,8000,Århus C,25/05 - 2010,25/05 - 2010,
55133018,Aarhus Kommune,Bofællesskabet Myrholmsvej 73,Myrholmsvej 73,8260,Viby J,03/12 - 2009,10/03 - 2014,
55133018,Aarhus Kommune,Soras Skovvangsvej,Skovvangsvej 145,8200,Århus N,02/12 - 2010,19/07 - 2011,
55133018,Aarhus Kommune,"Familieskole Syd, Søndervangsskolen",Søndervangs Allé 40,8260,Viby J,06/08 - 2009,06/07 - 2017,
55133018,Aarhus Kommune,Udrykningsteamet,"Nørre Allé 31, 3",8000,Aarhus C,20/07 - 2011,06/10 - 2017,
55133018,Aarhus Kommune,Voksenhandicap Borgercenter Syd Administration,Trankærgårdsvej 118,8310,Tranbjerg J,23/10 - 2017,23/10 - 2017,
55133018,Aarhus Kommune,Århus Svømmestadion,F.Vestergaards Gade 3,8000,Århus C,14/05 - 2002,14/05 - 2002,
55133018,Aarhus Kommune,Projekt Søndervang,"Rosenhøj 19B, st. th.",8260,Viby J,06/08 - 2009,07/04 - 2011,
55133018,Aarhus Kommune,Center for Misbrugsbehandling (Heroinklinikken),Spanien 63,8000,Aarhus C,04/11 - 2010,06/12 - 2017,
55133018,Aarhus Kommune,Job & Miljø,Mosevej 20A,8240,Risskov,18/06 - 2002,18/06 - 2002,
55133018,Aarhus Kommune,Århus kommunes Beskæftigelsesafdeling,Værkmestergade 15,8000,Århus C,01/01 - 2000,01/01 - 2000,
55133018,Aarhus Kommune,"Soras, Skovvangsvej","Skovvangsvej 145, st. th.",8200,Aarhus N,03/12 - 2009,20/02 - 2018,
55133018,Aarhus Kommune,FU Område 7 - Gl. Horsens Landevej afd Skt.Anna Gade 38,Skt. Anna Gade 38,8000,Aarhus C,16/03 - 2011,13/02 - 2018,
55133018,Aarhus Kommune,Tandklinikken Virup Skole,Virupvej 71,8530,Hjortshøj,01/10 - 2014,02/03 - 2018,
55133018,Aarhus Kommune,ÅK MTM AVA VIBY VARMECENTRAL,Bjørnholms Allé 1B,8260,Viby J,01/01 - 2004,01/06 - 2020,
55133018,Aarhus Kommune,ÅK MTM AVA TVÆRMARKSVEJ VARMECENTRAL,Tværmarksvej 18,8240,Risskov,01/01 - 2004,01/06 - 2020,
55133018,Aarhus Kommune,ÅK MTM AVA JENS JUULS VEJ VARMECENTRAL,Jens Juuls Vej 4,8260,Viby J,01/01 - 2004,01/06 - 2020,
55133018,Aarhus Kommune,Harlev Halmværk,Lilleringvej 32,8462,Harlev J,01/04 - 2015,01/06 - 2020,
55133018,Aarhus Kommune,Solbjerg Halmværk,Solbjerg Hedevej 1,8355,Solbjerg,01/04 - 2015,01/06 - 2020,
55133018,Aarhus Kommune,AAK MTM AVA Genbrugsstation ReUse,Skovgaardsgade 5,8000,Aarhus C,01/05 - 2015,01/06 - 2020,
55133018,Aarhus Kommune,ÅK MTM AVA KOMPOSTANLÆG FOR HAVEAFFALD,Ølstedvej 32,8200,Aarhus N,11/02 - 2010,01/06 - 2020,
55133018,Aarhus Kommune,ÅK MTM AVA MODTAGEPLADS FOR AFFALD,Ølstedvej 34,8200,Aarhus N,11/02 - 2010,01/06 - 2020,
55133018,Aarhus Kommune,Materiel og Lager,Bautavej 1,8210,Aarhus V,01/03 - 2019,01/06 - 2020,
55133018,Aarhus Kommune,Fritid og Ungdom Nord afd. Børnenes Hus,Hjortensgade 23,8000,Aarhus C,01/01 - 1993,14/03 - 2018,0
55133018,Aarhus Kommune,FAMILIEVEJLEDNINGSKONTORET RISSKOV,Grenåvej 129,8240,Risskov,01/01 - 1993,24/03 - 2014,5-9
55133018,Aarhus Kommune,Fritid og Ungdom Vest afd. Legepladsen Bispehaven,Ryhavevej 40,8210,Aarhus V,01/01 - 1993,14/03 - 2018,0
55133018,Aarhus Kommune,Dagtilbud 3021 - Trige-Spørring afd. Idrætsbørnehaven Blæksprutten,Smedebroen 25,8380,Trige,01/01 - 1993,03/08 - 2015,0
55133018,Aarhus Kommune,Socialforvaltningen - Sekretariatet,Værkmestergade 15A,8000,Aarhus C,26/05 - 2008,07/10 - 2016,0
55133018,Aarhus Kommune,Dagtilbud 7271 - Frederiksbjerg afd. Ole Rømers Gade 36A,Ole Rømers Gade 36A,8000,Århus C,07/12 - 2009,30/12 - 2013,20-49
55133018,Aarhus Kommune,Sundhedsplejen Centrum,"Åboulevarden 23, 3",8000,Århus C,01/01 - 2006,28/03 - 2012,0
55133018,Aarhus Kommune,Vuggestedet og småbørnsstedet,Langenæs Allé 18,8000,Aarhus C,21/07 - 2011,14/08 - 2015,1
55133018,Aarhus Kommune,FU område 13,Tåstumvænget 8,8381,Tilst,20/03 - 2009,03/03 - 2015,0
55133018,Aarhus Kommune,Udrykningsteamet,Nørre Allé 31,8000,Århus C,26/05 - 2008,31/12 - 2012,1
55133018,Aarhus Kommune,Bofællesskabet Mariendal,Ørnevænget 41,8330,Beder,06/08 - 2009,09/04 - 2018,0
55133018,Aarhus Kommune,Tranbjergskolen SFO afdeling Grønløkke Alle 9,Grønløkke Allé 9,8310,Tranbjerg J,19/09 - 2012,01/08 - 2016,0
55133018,Aarhus Kommune,Ung i Aarhus - Fritidscenter Viborgvej,Viborgvej 154,8210,Aarhus V,02/01 - 2008,31/12 - 2014,0
55133018,Aarhus Kommune,VUGGESTUEN GRYFFE,Grøfthøjparken 165,8260,Viby J,01/01 - 1993,16/12 - 2010,2-4
55133018,Aarhus Kommune,"Handi-Info, Marselisborgcentret, Bygning 5",P.P. Ørums Gade 11,8000,Aarhus C,01/10 - 2000,13/12 - 2012,2-4
55133018,Aarhus Kommune,LOKALCENTRET SØHOLM,Bispevej 70,8260,Viby J,01/01 - 1993,01/04 - 2016,100-199
55133018,Aarhus Kommune,FRITIDSHJEMMET KJÆRSLUND,Kjærslund 1B,8260,Viby J,01/01 - 1993,28/02 - 2009,2-4
55133018,Aarhus Kommune,SFO Skødstrup Skole afd. Ny Studstrupvej,Ny Studstrupvej 3C,8541,Skødstrup,01/01 - 1993,21/12 - 2015,2-4
55133018,Aarhus Kommune,VEJLBY SKOLE,Vikærsvej 36,8240,Risskov,01/01 - 1993,30/07 - 2013,0
55133018,Aarhus Kommune,LANDBØRNEHAVEN 2 KLØVEREN,Bøgeskov Høvej 7A,8260,Viby J,01/01 - 1994,16/12 - 2010,20-49
55133018,Aarhus Kommune,Dagtilbud 802 (kolt/Hasselager Dagtilbud),Hasseltoften 45,8361,Hasselager,01/01 - 1993,14/03 - 2011,0
55133018,Aarhus Kommune,MINI-INSTITUTIONERNE I ÅRHUS Afdeling Lystrup,Bystævnet 2,8520,Lystrup,01/01 - 2002,31/10 - 2011,10-19
55133018,Aarhus Kommune,LOKALCENTRET ROSENVANG,Vidtskuevej 2,8260,Viby J,01/01 - 1993,31/05 - 2016,20-49
55133018,Aarhus Kommune,Børnecentret - Tidlig indsats,Abildgade 78,8200,Aarhus N,01/01 - 2005,27/01 - 2014,20-49
55133018,Aarhus Kommune,Klubben Hjortshøj,"Virupvej 75, kl",8530,Hjortshøj,15/08 - 2008,30/11 - 2011,0
55133018,Aarhus Kommune,Fritid og Ungdom Syd afd. Ungdomsskolen,Grønløkke Allé 9,8310,Tranbjerg J,30/11 - 2010,14/03 - 2018,20-49
55133018,Aarhus Kommune,Dagtilbud 704,Testrupvej 8,8320,Mårslet,01/01 - 1993,31/03 - 2010,10-19
55133018,Aarhus Kommune,"Jobcenter Aarhus, Job & integration","Vestergade 72, 4",8000,Aarhus C,11/03 - 2008,19/03 - 2013,0
55133018,Aarhus Kommune,Tandklinikken,Vestre Skovvej 26,8240,Risskov,01/01 - 1995,16/08 - 2016,0
55133018,Aarhus Kommune,MARSELISBORG RENSEANLÆG,Sumatravej 4,8000,Århus C,01/01 - 1994,01/12 - 2010,5-9
55133018,Aarhus Kommune,DET BESKYTTEDE PENSIONAT BASEN,Edwin Rahrs Vej 52,8220,Brabrand,01/01 - 1993,19/07 - 2011,0
55133018,Aarhus Kommune,Ellevangskolen afd. Frijsenborgvej,Frijsenborgvej 9,8240,Risskov,01/01 - 1993,21/12 - 2015,0
55133018,Aarhus Kommune,Familieværkstedet,"Rosenkrantzgade 23-2, 2",8000,Århus C,01/01 - 1993,27/01 - 2014,0
55133018,Aarhus Kommune,Ydelsescenter Nord,Vejlby Centervej 52,8240,Risskov,26/10 - 2009,06/08 - 2013,0
55133018,Aarhus Kommune,Lokale Udsatteteam / Aktiv Bo,Skanderborgvej 156,8260,Viby J,11/12 - 2009,06/04 - 2014,1
55133018,Aarhus Kommune,ÅBY RENSEANLÆG,Søren Frichs Vej 41,8230,Åbyhøj,01/01 - 1995,01/12 - 2010,5-9
55133018,Aarhus Kommune,REHABILITERINGSCENTER FOR FLYGTNINGE,Skejbygårdsvej 13-17,8240,Risskov,01/01 - 1993,12/10 - 2011,10-19
55133018,Aarhus Kommune,"Familieteam 1, Centrum","Rosenkrantzgade 23, 2",8000,Århus C,30/04 - 2008,01/12 - 2010,2-4
55133018,Aarhus Kommune,VIBY RENSEANLÆG,Ormslevvej 155,8260,Viby J,01/01 - 1994,01/12 - 2010,10-19
55133018,Aarhus Kommune,Dagplejen,Frederiksgade 77,8000,Århus C,01/01 - 2006,30/12 - 2008,10-19
55133018,Aarhus Kommune,Center for syn og kommunikation,Michael Drewsens Vej 1,8270,Højbjerg,01/01 - 1993,30/06 - 2012,0
55133018,Aarhus Kommune,MINI-INSTITUTIONERNE I ÅRHUS,Vejlby Centervej 52,8240,Risskov,01/01 - 1993,31/12 - 2015,20-49
55133018,Aarhus Kommune,FU Område 4 - Viborgvej afd. Vistoftvej 30 (Legepladsen),Vistoftvej 30,8471,Sabro,01/01 - 2002,31/12 - 2014,5-9
55133018,Aarhus Kommune,Appetitten,Olof Palmes Allé 35,8200,Aarhus N,01/01 - 2007,31/08 - 2015,0
55133018,Aarhus Kommune,Institution Midtbyen,Søndergade 70,8000,Århus C,01/01 - 1996,22/01 - 2013,0
55133018,Aarhus Kommune,SFO Tilst Skole afd. Haurumsvej,Haurumsvej 31A,8381,Tilst,01/01 - 1993,01/11 - 2015,5-9
55133018,Aarhus Kommune,Aktivitetstilbuddet Kileparken VH,Kileparken 21,8381,Tilst,19/09 - 2012,03/01 - 2013,1
55133018,Aarhus Kommune,DEN INTEGREREDE INSTITUTION FRIHAVEN ØSTER,Østerby Allé 348,8310,Tranbjerg J,01/01 - 1993,19/12 - 2010,10-19
55133018,Aarhus Kommune,Sundhedsplejen Syd,Grøndalsvej 1,8260,Viby J,17/08 - 2009,28/03 - 2012,0
55133018,Aarhus Kommune,NORDGÅRDSKOLEN,Sigridsvej 46,8220,Brabrand,01/01 - 1993,29/09 - 2008,50-99
55133018,Aarhus Kommune,DAGCENTRET VED SKT.ANNÆ GADE SKOLE,Skt. Anna Gade 40,8000,Aarhus C,01/01 - 1993,31/07 - 2017,10-19
55133018,Aarhus Kommune,BØRNEHAVEN SØNDERBO,Rosenhøj 28,8260,Viby J,01/01 - 1993,13/03 - 2011,0
55133018,Aarhus Kommune,Familiebehandling Syd,Holmevej 180A,8270,Højbjerg,06/08 - 2009,01/12 - 2010,5-9
55133018,Aarhus Kommune,Dagtilbud 5131 - Åbyhøj afd. Dagplejen Gammelgård/Åbyhøj,Klokkervej 38,8210,Århus V,18/12 - 2009,01/03 - 2014,0
55133018,Aarhus Kommune,Aktivitetscenter Biffen,Silkeborgvej 620,8220,Brabrand,01/01 - 1994,01/04 - 2015,0
55133018,Aarhus Kommune,Dagtilbud 2031 - Jellebakken afd. Jellebakken 10,Jellebakken 10,8240,Risskov,01/01 - 1993,31/12 - 2012,10-19
55133018,Aarhus Kommune,FAMILIEVÆRKSTED VEST,Hovedgaden 54,8220,Brabrand,01/01 - 1993,31/12 - 2015,5-9
55133018,Aarhus Kommune,Dagtilbud 2661 - Lystrup afd. Elstedhøj 22A,Elstedhøj 22A,8520,Lystrup,01/01 - 1993,31/12 - 2014,10-19
55133018,Aarhus Kommune,BOFÆLLESSKABET SNÅSTRUP,Højbyvej 2A,8462,Harlev J,01/01 - 1995,01/12 - 2010,10-19
55133018,Aarhus Kommune,Ungdomsskolen Grønlykke,Grønløkke Allé 7,8310,Tranbjerg J,01/08 - 2004,13/02 - 2018,5-9
55133018,Aarhus Kommune,BØRNEHAVEN SOLHØJEN,Peter Fabers Vej 15,8210,Aarhus V,01/01 - 1993,21/12 - 2015,5-9
55133018,Aarhus Kommune,BEHANDLINGSHJEMMET ÅHAVEN,Oddervej 249,8270,Højbjerg,01/01 - 1993,01/05 - 2014,0
55133018,Aarhus Kommune,SFO Bavnehøj Skole afd. Koltvej 49,Koltvej 49,8361,Hasselager,01/01 - 1993,29/03 - 2014,10-19
55133018,Aarhus Kommune,"Center for Syn og Hjælpemidler, Århus",Michael Drewsens Vej 1,8270,Højbjerg,25/08 - 2010,17/09 - 2014,20-49
55133018,Aarhus Kommune,Nordgårdskolen SFO,Sigridsvej 46,8220,Brabrand,01/01 - 2000,29/09 - 2008,10-19
55133018,Aarhus Kommune,SFO Samsøgade Skole afd. Thunøgade,Thunøgade 11,8000,Aarhus C,01/01 - 1993,01/08 - 2016,5-9
55133018,Aarhus Kommune,Bofællesskabet Majvænget,Nygårdsvej 91-93,8270,Højbjerg,14/08 - 2007,01/12 - 2010,1
55133018,Aarhus Kommune,SFO Rosenvangskolen afd. Vilhelm Becks Vej,Vilhelm Becks Vej 51,8260,Viby J,01/01 - 1993,29/06 - 2011,2-4
55133018,Aarhus Kommune,VUGGESTUEN SNEGLEHUSET,Åkrogs Strandvej 49,8240,Risskov,01/01 - 1993,31/03 - 2012,0
55133018,Aarhus Kommune,CEK Risskov,Mosevej 20A,8240,Risskov,01/01 - 1993,12/10 - 2011,5-9
55133018,Aarhus Kommune,Dagtilbud 4571 - Ellekær afd. Bispehavevej 3,Bispehavevej 3,8210,Århus V,01/01 - 1993,14/02 - 2012,0
55133018,Aarhus Kommune,Århus Krisecenter,Søndervangen 92,8260,Viby J,01/01 - 1993,05/12 - 2013,10-19
55133018,Aarhus Kommune,FAMILIEVÆRKSTED INTER,Abildgade 78A,8200,Aarhus N,01/01 - 1995,30/11 - 2011,5-9
55133018,Aarhus Kommune,"Arbejdsmarkedscenter Midt, Afd. Klokkerbakken",Klokkerbakken 110,8210,Århus V,06/03 - 2008,30/12 - 2011,0
55133018,Aarhus Kommune,Familieskolen i Brabrand,Sigridsvej 46,8220,Brabrand,12/08 - 2010,19/09 - 2016,1
55133018,Aarhus Kommune,ÅRHUS KOMMUNE FAMILIE- OG ARBEJDSMARKEDSCENTER VEST,Silkeborgvej 622,8220,Brabrand,01/01 - 1993,02/07 - 2013,0
55133018,Aarhus Kommune,MINI-INSTITUTIONERNE I ÅRHUS Afdeling Hattemagertoften,Hattemagertoften 69-71,8270,Højbjerg,01/01 - 2002,31/10 - 2011,1
55133018,Aarhus Kommune,DEN INTEGREREDE INSTITUTION HASSELBJERGGÅRD,Lemmingvej 235,8361,Hasselager,01/01 - 1993,21/12 - 2015,1
55133018,Aarhus Kommune,FRITIDSHJEMMET KLOSTERVANGEN,Langelandsgade 62,8000,Aarhus C,01/01 - 1993,30/12 - 2008,1
55133018,Aarhus Kommune,INTEGRERET INSTITUTION,Bronzealdervænget 1,8210,Århus V,01/01 - 1998,30/09 - 2009,20-49
55133018,Aarhus Kommune,BRANSTRUPGAARD,Bækhusvej 1,8200,Aarhus N,01/01 - 1997,26/09 - 2016,1
55133018,Aarhus Kommune,Dagtilbud 902 afd. Satellitten,Karensmindevej 5,8260,Viby J,15/12 - 2009,29/06 - 2011,0
55133018,Aarhus Kommune,SFO Skovvangsskolen afd. Kornbakke Alle,Kornbakke Allé 56-60,8200,Aarhus N,01/01 - 1993,21/12 - 2015,2-4
55133018,Aarhus Kommune,Fritid og Ungdom Nord afd. Klubben Spørring,Gammel Landevej 31,8380,Trige,01/01 - 1993,31/10 - 2018,2-4
55133018,Aarhus Kommune,VUGGESTUEN LINDEGÅRDEN,Pannerupvej 7,8380,Trige,01/01 - 1993,13/12 - 2009,2-4
55133018,Aarhus Kommune,Dagtilbud 1206 (Dagtilbud Åby Bakke),Rosenstien 2,8000,Århus C,01/01 - 1993,19/12 - 2010,20-49
55133018,Aarhus Kommune,SFO Sabro-Korsvejskolen afd. SABRO SKOLEVEJ,Sabro Skolevej 2,8471,Sabro,01/01 - 1993,01/05 - 2015,1
55133018,Aarhus Kommune,ÅRHUS KOMMUNES KULTURHUS,Vester Allé 3,8000,Aarhus C,01/01 - 1997,29/08 - 2012,0
55133018,Aarhus Kommune,FU område 1,Kroghsgade 3,8000,Århus C,02/01 - 2008,16/03 - 2014,0
55133018,Aarhus Kommune,INTEGRERET INSTITUTION KARETMAGERTOFTEN,Karetmagertoften 2,8270,Højbjerg,01/01 - 1997,31/12 - 2009,20-49
55133018,Aarhus Kommune,FRITIDSHJEMMET RINGGÅRDEN,Ambrosius Stubs Vej 5,8210,Aarhus V,01/01 - 1993,30/12 - 2008,2-4
55133018,Aarhus Kommune,Vuggestuen Skrænten,Langenæs Allé 27,8000,Aarhus C,01/01 - 1993,19/12 - 2010,20-49
55133018,Aarhus Kommune,Dagtilbud 5103 - Gellerup afd. Gudrunsvej 32,Gudrunsvej 32,8220,Brabrand,01/01 - 1993,31/12 - 2014,10-19
55133018,Aarhus Kommune,Århus kommune Integrationskontoret,Ryvej 22,8210,Århus V,01/01 - 1993,14/12 - 2009,5-9
55133018,Aarhus Kommune,Fritid og Ungdom Nord afd. UNGDOMSSKOLEN NORD,Rosenbakken 4,8541,Skødstrup,01/01 - 1993,14/03 - 2018,1
55133018,Aarhus Kommune,Sundhedsplejen Syd,Holmevej 180,8270,Højbjerg,01/01 - 2006,02/12 - 2009,20-49
55133018,Aarhus Kommune,Ungdomsskolen Bakkegård,Bjørnshøjvej 1,8380,Trige,01/08 - 2004,13/02 - 2018,5-9
55133018,Aarhus Kommune,SFO Skjoldhøjskolen afd.TRUE BYVEJ,True Byvej 8,8381,Tilst,01/01 - 1993,31/12 - 2015,5-9
55133018,Aarhus Kommune,Dagtilbud 803 og 804,Kirketorvet 2C,8310,Tranbjerg J,01/01 - 1993,12/04 - 2012,20-49
55133018,Aarhus Kommune,DAGCENTRET ABILDHUS,Abildgade 23,8200,Aarhus N,01/01 - 1993,24/03 - 2014,0
55133018,Aarhus Kommune,BØRNEHAVEN DYBEDALEN,Dybedalen 13,8210,Aarhus V,01/01 - 1993,30/12 - 2010,10-19
55133018,Aarhus Kommune,Århus Ungdomsskole,Randersvej 137,8200,Århus N,01/01 - 2005,30/12 - 2008,1
55133018,Aarhus Kommune,Butikken tilh. Aktivitetshuset Havkærparken,Nørre Allé 86,8000,Århus C,26/05 - 2008,12/03 - 2014,0
55133018,Aarhus Kommune,FRITIDSHJEMMET MØLLEVANGEN,Viggo Stuckenbergs Vej 2,8210,Århus V,01/01 - 1993,30/12 - 2008,5-9
55133018,Aarhus Kommune,Dagtilbud 306 afd. dagplejen i Lystrup og Elsted,"Sønderskovvej 7, 1",8520,Lystrup,17/12 - 2009,31/12 - 2014,0
55133018,Aarhus Kommune,Opkrævningen,Rådhuspladsen 2,8000,Aarhus C,05/09 - 2012,21/12 - 2015,0
55133018,Aarhus Kommune,Bofællesskabet Annehuse,Fløjstrupvej 42,8340,Malling,01/01 - 1993,05/05 - 2014,20-49
55133018,Aarhus Kommune,MST (Ungdomscentret),Egå Mosevej 16,8250,Egå,08/07 - 2009,01/10 - 2013,10-19
55133018,Aarhus Kommune,Dagtilbud 1102 (Dagtilbuddet Fuglereden),Gudrunsvej 82,8220,Brabrand,01/01 - 1993,30/07 - 2009,20-49
55133018,Aarhus Kommune,Frydenlundskolen SFO,Høgevej 25,8210,Århus V,01/01 - 2000,29/09 - 2008,10-19
55133018,Aarhus Kommune,FU Område 4 - Viborgvej afd. Kappelvænget 52 (Legepladsen),Kappelvænget 52,8210,Aarhus V,01/01 - 1993,31/12 - 2014,5-9
55133018,Aarhus Kommune,Familiekontor Centrum,Værkmestergade 15,8000,Aarhus C,01/01 - 1993,01/05 - 2014,100-199
55133018,Aarhus Kommune,Dagtilbud 2491 - Vejlby afd. Skovkantens Vuggestue,Kantorvænget 35,8240,Risskov,01/01 - 1993,31/07 - 2015,10-19
55133018,Aarhus Kommune,EGÅ RENSEANLÆG,Mosevej 57,8240,Risskov,01/01 - 1994,01/12 - 2010,5-9
55133018,Aarhus Kommune,FU-Område 5 - Silkeborgvej afd. Carit Etlars Vej 31,Carit Etlars Vej 31,8230,Åbyhøj,01/08 - 2004,31/12 - 2014,1
55133018,Aarhus Kommune,Ungdomsskolen Samsøgade,Ny Munkegade 17,8000,Aarhus C,01/08 - 2004,13/02 - 2018,2-4
55133018,Aarhus Kommune,Ungdomsskolen Risskov,Fortebakken 32,8240,Risskov,01/08 - 2004,13/02 - 2018,10-19
55133018,Aarhus Kommune,FRYDENLUNDSKOLEN,Høgevej 25,8210,Aarhus V,01/01 - 1993,29/09 - 2008,50-99
55133018,Aarhus Kommune,Ung i Aarhus Oddervej,Skoleparken 6,8330,Beder,02/01 - 2008,21/12 - 2015,0
55133018,Aarhus Kommune,Dagtilbud 104 afd. Tumlestien,Ole Rømers Gade 36A,8000,Århus C,07/12 - 2009,19/12 - 2010,10-19
55133018,Aarhus Kommune,Dagtilbud 2491 - Vejlby afd. Frijsenborgvej 15,Frijsenborgvej 15,8240,Risskov,01/01 - 1993,17/04 - 2013,0
55133018,Aarhus Kommune,SFO Mallingskole afd. AJSTRUPVEJ,Ajstrupvej 49,8340,Malling,01/01 - 1993,01/12 - 2015,2-4
55133018,Aarhus Kommune,FRITIDSHJEMMET TITANIA,Rosenhøj 29,8260,Viby J,01/01 - 1993,28/02 - 2009,10-19
55133018,Aarhus Kommune,PPR-Århus,Grøndalsvej 2,8260,Viby J,17/01 - 2002,30/11 - 2009,100-199
55133018,Aarhus Kommune,Ungecenter Eghøj Projekterne,Kaløvej 2,8530,Hjortshøj,01/01 - 1993,01/12 - 2010,20-49
55133018,Aarhus Kommune,Fritid og Ungdom Vest afd ungdomskolen,Skjoldhøjvej 11,8381,Tilst,01/11 - 2014,14/03 - 2018,0
55133018,Aarhus Kommune,Senior Centret Østergade 30,Østergade 30,8000,Aarhus C,18/08 - 2010,09/02 - 2015,0
55133018,Aarhus Kommune,ÅRHUS KOMMUNE SKATTEFORVALTNINGEN,Aldersrovej 22,8200,Århus N,01/01 - 2000,31/10 - 2005,20-49
55133018,Aarhus Kommune,FU Område 12 afd Engdal Ungdomsklub,Hovedgaden 5,8220,Brabrand,30/11 - 2009,31/05 - 2014,0
55133018,Aarhus Kommune,Kantinen - Lokalpsykiatri Nord,Børglumvej 5,8240,Risskov,26/05 - 2008,30/12 - 2012,2-4
55133018,Aarhus Kommune,Dagtilbud 7231 - Langelæsstien afd. Gudrunsvej 78,Gudrunsvej 78,8220,Brabrand,15/03 - 2011,01/08 - 2014,1
55133018,Aarhus Kommune,Ungdomsskolen Møllevang,Møllevangs Allé 20,8210,Århus V,01/08 - 2004,07/07 - 2009,5-9
55133018,Aarhus Kommune,Dagtilbud 3531 - Skejby-Vorrevang afd. Fyrkatvej 1-3,Fyrkatvej 1-3,8200,Aarhus N,01/01 - 1993,30/12 - 2013,5-9
55133018,Aarhus Kommune,TRAFIKSELSKABET ÅRHUS SPORVEJE,Skovvangsvej 97,8200,Århus N,01/01 - 2000,31/12 - 2006,50-99
55133018,Aarhus Kommune,Den Sociale Boligtildeling (DSB),"Værkmestergade 15, 5",8000,Aarhus C,26/05 - 2008,30/09 - 2016,2-4
55133018,Aarhus Kommune,Ydelsescenter Centrum,Værkmestergade 15H,8000,Århus C,26/10 - 2009,06/08 - 2013,0
55133018,Aarhus Kommune,Ydelsescenter Vest,Silkeborgvej 622,8220,Brabrand,26/10 - 2009,06/08 - 2013,0
55133018,Aarhus Kommune,BØRNEHAVEN BENTESVEJ,Bentesvej 43,8220,Brabrand,01/01 - 1993,30/07 - 2009,5-9
55133018,Aarhus Kommune,DAGCENTRET HØJVANG,Kalmargade 23,8200,Aarhus N,01/01 - 1993,26/04 - 2011,0
55133018,Aarhus Kommune,Aktivitetscentret Nørre Alle - Driftsområdet Socialpsykiatri,Nørre Allé 31B,8000,Århus C,03/12 - 2009,29/03 - 2014,0
55133018,Aarhus Kommune,FAMILIEVÆRKSTEDET NORD BODØVEJ,Bodøvej 96,8200,Århus N,01/01 - 1993,01/05 - 2014,5-9
55133018,Aarhus Kommune,Aflastningsordningen,Marselis Boulevard 179,8000,Århus C,01/01 - 1999,13/03 - 2013,0
55133018,Aarhus Kommune,Alstrup Allé - Forsorgshjemmet Østervang,Alstrup Allé 3,8361,Hasselager,03/12 - 2009,01/01 - 2016,1
55133018,Aarhus Kommune,"Arbejdsmarkedscenter Midt, afd. Holmstrupgårdvej",Holmstrupgårdvej 22-24,8220,Brabrand,01/01 - 2003,30/07 - 2012,0
55133018,Aarhus Kommune,Ny Skovvang (Ungdomscentret),Mantelenvej 5,8300,Odder,02/07 - 2002,29/06 - 2012,0
55133018,Aarhus Kommune,ÅRHUS KOMMUNE Parkdistrikt Syd,Mårslet Byvej 20,8320,Mårslet,01/01 - 2000,18/07 - 2016,0
55133018,Aarhus Kommune,ÅRHUS KOMMUNE OMRÅDEKONTOR NORD,Skovvangsvej 97,8200,Aarhus N,01/01 - 1993,03/08 - 2016,10-19
55133018,Aarhus Kommune,SFO Rundhøjskolen afd. RUNDHØJ ALLE,Rundhøj Allé 83,8270,Højbjerg,01/01 - 1993,01/08 - 2016,1
55133018,Aarhus Kommune,Århus kommunes Sprogskole,Vesterbro Torv 1,8000,Århus C,01/01 - 1999,17/03 - 2014,2-4
55133018,Aarhus Kommune,Dagtilbud 104 (Frederiksbjerg Dagtilbud),Kroghsgade 1,8000,Århus C,01/01 - 2004,19/10 - 2009,50-99
55133018,Aarhus Kommune,Ungdomsskolen Højvang,Klokkeskovvej 1,8260,Viby J,01/08 - 2004,13/02 - 2018,10-19
55133018,Aarhus Kommune,SFO Kolt Skole afd. KOLT ØSTERVEJ,Kolt Østervej 49,8361,Hasselager,01/01 - 1993,07/07 - 2013,5-9
55133018,Aarhus Kommune,MINI-INSTITUTIONERNE I ÅRHUS Afdeling Kilen,Christian X's Vej 60,8260,Viby J,01/01 - 1995,16/09 - 2016,0
55133018,Aarhus Kommune,"Jobcenter Aarhus, Job og Sundhed, Vejlby",Vejlby Centervej 52,8240,Risskov,11/03 - 2008,03/02 - 2013,0
55133018,Aarhus Kommune,Jobcenter Århus-Samsø,Møllebakkevej 2,8305,Samsø,11/03 - 2008,21/03 - 2013,0
55133018,Aarhus Kommune,SundhedsCenter Århus,"Jægergårdsgade 97, 1",8000,Aarhus C,01/01 - 2006,24/08 - 2016,0
55133018,Aarhus Kommune,Stensagergården afd. Torpevænget,Torpevænget 47,8210,Århus V,26/05 - 2008,31/08 - 2011,0
55133018,Aarhus Kommune,Ungdomsskolen Skåde,Oddervej 169,8270,Højbjerg,01/08 - 2004,31/07 - 2010,2-4
55133018,Aarhus Kommune,ÅRHUS KOMMUNE Parkometerkontor,Jægergårdsgade 105,8000,Aarhus C,01/01 - 2001,18/07 - 2016,2-4
55133018,Aarhus Kommune,Fritid og Ungdom Nord,Rosenbakken 4,8541,Skødstrup,02/01 - 2008,31/07 - 2017,0
55133018,Aarhus Kommune,Ungdomscentret,Holmevej 180,8270,Højbjerg,01/01 - 2005,20/07 - 2011,1
55133018,Aarhus Kommune,Bofællesskabet Hestehavevej,Hestehavevej 6,8270,Højbjerg,03/12 - 2009,02/07 - 2013,0
55133018,Aarhus Kommune,Udviklingshuset,Nørre Boulevard 1,8000,Århus C,01/01 - 2006,31/01 - 2008,2-4
55133018,Aarhus Kommune,Ungekontakten FBU/UC,Sønder Allé 33,8000,Århus C,30/04 - 2008,01/05 - 2014,1
55133018,Aarhus Kommune,Center for Syn og Hjælpemidler,P.P. Ørums Gade 11,8000,Aarhus C,18/10 - 2012,09/11 - 2015,0
55133018,Aarhus Kommune,Ungdomsskolen Viby,Kirkevej 2,8260,Viby J,01/08 - 2004,13/02 - 2018,2-4
55133018,Aarhus Kommune,Holme-Rundhøj Dagtilbud - 7171 afd. Tudsen,Sadelmagertoften 23,8270,Højbjerg,01/01 - 1993,01/10 - 2015,0
55133018,Aarhus Kommune,IT,Frederiksgade 79,8000,Aarhus C,01/01 - 2006,16/05 - 2017,0
55133018,Aarhus Kommune,Fritids og Ungdom Vest afd. Huset Engdal-Ungdomskolen,Engdalsvej 29,8220,Brabrand,01/01 - 1993,14/03 - 2018,1
55133018,Aarhus Kommune,Dagtilbud 7341 - Rundhøj afd Hjulbjergvej 121,Hjulbjergvej 121,8270,Højbjerg,01/01 - 1993,30/12 - 2013,20-49
55133018,Aarhus Kommune,Arbejdspraktik (Uddannelse & Arbejde) / (Ungdomscentret),Fuglebakkevej 70,8210,Aarhus V,01/01 - 1993,17/02 - 2017,10-19
55133018,Aarhus Kommune,Afd. Skole og Værksted FBU/UC,Katrinebjergvej 81,8200,Aarhus N,12/08 - 2010,22/09 - 2017,0
55133018,Aarhus Kommune,Bostøtte Nord Lindenborgvej,Lindenborgvej 3,8240,Risskov,06/08 - 2009,11/12 - 2013,0
55133018,Aarhus Kommune,"Aarhus Kommune, Pension og Boligstøtte",Frederiks Allé 26,8000,Aarhus C,23/02 - 2012,24/08 - 2016,0
55133018,Aarhus Kommune,Arbejdskonsulenterne,"Hermodsvej 5A, 1",8230,Åbyhøj,30/04 - 2008,05/12 - 2014,1
55133018,Aarhus Kommune,ÅK MTM ÅBR STATION LYSTRUP,Sønderskovvej 18,8520,Lystrup,01/01 - 1993,26/04 - 2017,20-49
55133018,Aarhus Kommune,"Elsted Skole, SFO afdeling Fønik",Lystrupvej 264,8520,Lystrup,01/01 - 1993,18/09 - 2017,10-19
55133018,Aarhus Kommune,Dagtilbud 7341 - Rundhøj afd. Tulshøjvej 3,Tulshøjvej 3,8270,Højbjerg,01/01 - 1993,30/07 - 2012,20-49
55133018,Aarhus Kommune,Dagtilbud 5103 - Gellerup afd. Gudrunsvej 36,Gudrunsvej 36,8220,Brabrand,01/01 - 1993,31/12 - 2011,0
55133018,Aarhus Kommune,Ungdomsskolen Skjoldhøj,Skjoldhøjvej 9,8381,Tilst,01/08 - 2004,13/02 - 2018,5-9
55133018,Aarhus Kommune,Botilbudet for sindslidelse med omfattende misbrug,"Torstilgårdsvej 6, kl",8381,Tilst,19/03 - 2007,26/08 - 2016,0
55133018,Aarhus Kommune,Vejlby-Jellebakken Dagtilbud - 2031 afd. Vuggestuen Ellevang,Jellebakken 12,8240,Risskov,01/01 - 1993,01/08 - 2016,0
55133018,Aarhus Kommune,SFO Rosenvangskolen afd. VIDTSKUEVEJ,Vidtskuevej 31,8260,Viby J,01/01 - 1993,29/06 - 2011,1
55133018,Aarhus Kommune,"Sprogstøtteordningen, Århus kommune","Europaplads 2, 2",8000,Aarhus C,25/03 - 2004,30/12 - 2008,10-19
55133018,Aarhus Kommune,Centerbasen HLP ungebolig Grønnegade,Grønnegade 74,8000,Aarhus C,27/09 - 2012,12/09 - 2015,10-19
55133018,Aarhus Kommune,Ungdomsskolen Ellekær,Jernaldervej 5,8210,Aarhus V,01/08 - 2004,06/07 - 2017,1
55133018,Aarhus Kommune,Sundhedsplejen Central,Silkeborgvej 260,8230,Åbyhøj,01/01 - 2006,02/12 - 2009,10-19
55133018,Aarhus Kommune,Hjemmevejlederteamet i Århus,Mejlgade 8,8000,Aarhus C,01/01 - 2007,16/09 - 2016,0
55133018,Aarhus Kommune,Rehabiliteringshuset Vikærgården,Hvidkildevej 1-7,8240,Risskov,01/01 - 2004,22/02 - 2016,20-49
55133018,Aarhus Kommune,ÅRHUS FOLKEMUSIKSKOLE,Vester Allé 3,8000,Aarhus C,01/01 - 1993,27/08 - 2012,0
55133018,Aarhus Kommune,Børnehaven Stæren,"Gudrunsvej 52, st",8220,Brabrand,01/08 - 2001,31/12 - 2005,10-19
55133018,Aarhus Kommune,FERIEKOLONIEN KLITGÅRDEN,Klitgaardsvej 1,8585,Glesborg,01/01 - 1993,31/10 - 2011,2-4
55133018,Aarhus Kommune,Børnecentret,Silkeborgvej 620,8220,Brabrand,04/05 - 2011,02/05 - 2014,0
55133018,Aarhus Kommune,FU område 2 afd. Ungdomsskolen Hasle,Viborgvej 154,8210,Aarhus V,01/08 - 2004,31/12 - 2014,20-49
55133018,Aarhus Kommune,FU område 12,Louisevej 29,8220,Brabrand,20/03 - 2009,15/10 - 2012,5-9
55133018,Aarhus Kommune,Frivillighuset Skt. Pauls Gade,Skt. Pauls Gade 25,8000,Aarhus C,02/10 - 2009,16/03 - 2016,0
55133018,Aarhus Kommune,Dagtilbud 5141 - Sødal afd. Børnehuset Hejredalsparken,Emmasvej 1A,8220,Brabrand,20/03 - 2009,01/12 - 2016,10-19
55133018,Aarhus Kommune,SFO Beder Skole afd. FULDENVEJ,Fuldenvej 140,8330,Beder,01/01 - 1993,22/11 - 2017,1
55133018,Aarhus Kommune,FIKTIVT ARBEJDSSTED,UKENDT,,,01/01 - 1993,21/11 - 2001,1000-999999
55133018,Aarhus Kommune,Byens Mad Vejlby,Vikær Toften 4,8240,Risskov,10/03 - 2008,30/05 - 2011,0
55133018,Aarhus Kommune,ÅK MTM NVS DRIFTSOMRÅDE SYD,Ellemosevej 18-20,8310,Tranbjerg J,09/07 - 2010,15/07 - 2016,0
55133018,Aarhus Kommune,Bøgekilde Industri,Bøgekildevej 10,8361,Hasselager,01/01 - 2001,09/07 - 2007,10-19
55133018,Aarhus Kommune,ÅRHUS KOMMUNE,Fredens Torv 8,8000,Aarhus C,01/01 - 1993,01/09 - 2017,0
55133018,Aarhus Kommune,Dagtilbud 5103 - Gellerup afd. Lærken,Gudrunsvej 32,8220,Brabrand,01/01 - 1993,01/08 - 2016,0
55133018,Aarhus Kommune,Dagtilbud 2071 - Elsted afd. Børnehaven Troldehøj,Elstedhøj 35,8520,Lystrup,01/01 - 1993,01/09 - 2016,0
55133018,Aarhus Kommune,Dagtilbud 5103 - Gellerup afd. Spurven,Gudrunsvej 34,8220,Brabrand,01/01 - 1993,01/08 - 2016,0
55133018,Aarhus Kommune,Center for Misbrugsbehandlingen - Mindegade,Mindegade 11,8000,Århus C,26/05 - 2008,30/12 - 2012,0
55133018,Aarhus Kommune,PENSIONIST- OG EFTERLØNNER- VÆRKSTEDET,Østergade 40,8000,Aarhus C,01/01 - 1993,31/12 - 2015,0
55133018,Aarhus Kommune,Ungdomsskolen Virup,Virupvej 75,8530,Hjortshøj,01/08 - 2004,13/02 - 2018,0
55133018,Aarhus Kommune,Det digitale bibliotek,Nørrebrogade 34-36,8000,Aarhus C,01/01 - 2000,21/12 - 2015,20-49
55133018,Aarhus Kommune,Hybler Nørre Alle FBU/UC,Nørre Allé 30,8000,Aarhus C,25/09 - 2012,03/07 - 2018,0
55133018,Aarhus Kommune,"Aarhus Brandvæsen, Center for Miljø og Energi, Magistratsafdelingen for Teknik og Miljø, Aarhus Kommune",Ny Munkegade 15,8000,Aarhus C,01/01 - 1993,26/04 - 2017,0
55133018,Aarhus Kommune,Arbejdsmarkedscenter Syd - Mariendal,Ørnevænget 37,8330,Beder,01/01 - 1993,31/12 - 2017,0
55133018,Aarhus Kommune,Ungecenter Eghøj Fløjen,Egå Mosevej 16,8250,Egå,01/01 - 2006,27/02 - 2011,0
55133018,Aarhus Kommune,Søndervangskolen SFO,Søndervangs Allé 40,8260,Viby J,01/01 - 2000,01/08 - 2014,0
55133018,Aarhus Kommune,Dagtilbud 8411 - Solbjerg afd. Bøgevangen 101,Bøgevangen 101,8355,Solbjerg,01/01 - 1993,30/12 - 2013,10-19
55133018,Aarhus Kommune,Dagtilbud 4571 - Ellekær afd. Bispehavevej 5,Bispehavevej 5,8210,Århus V,01/01 - 1993,14/02 - 2012,0
55133018,Aarhus Kommune,ÅRHUS KOMMUNES RENSEVÆRKER OG PUMPESTATIONER,Eskelundvej 17,8260,Viby J,01/01 - 1993,21/12 - 2010,10-19
55133018,Aarhus Kommune,SFO Skjoldhøjskolen afd. Holmstrupgårdvej,Holmstrupgårdvej 34,8220,Brabrand,01/01 - 1994,31/12 - 2015,10-19
55133018,Aarhus Kommune,ÅRHUS KOMMUNE Materialegården,Edwin Rahrs Vej 64,8220,Brabrand,01/01 - 2000,31/12 - 2006,100-199
55133018,Aarhus Kommune,Det grønne område,Gjellerupvej 89,8230,Åbyhøj,13/11 - 2003,01/04 - 2012,0
55133018,Aarhus Kommune,Hjemløsesekretariatet,Værkmestergade 15,8000,Aarhus C,12/08 - 2010,14/08 - 2015,2-4
55133018,Aarhus Kommune,SFO Katrinebjergskolen afd. Malmøgade,Malmøgade 10,8200,Aarhus N,01/01 - 1993,22/02 - 2016,1
55133018,Aarhus Kommune,Aarhus Kommune Skt Annagade Skole,Skt. Anna Gade 38-40,8000,Aarhus C,01/01 - 2000,31/12 - 2015,0
55133018,Aarhus Kommune,SFO Katrinebjergskolen afd. Paludan-Müllers Vej,Paludan-Müllers Vej 92,8200,Aarhus N,01/01 - 1993,29/06 - 2012,1
55133018,Aarhus Kommune,Læssøesgades Skole SFO afdeling Marselis Boulevard 180,Marselis Boulevard 180,8000,Aarhus C,01/01 - 1993,01/01 - 2016,0
55133018,Aarhus Kommune,"Beholderværksted, AffaldVarme, Center for Miljø og Energi, Magistratsafdelingen for Teknik og Miljø, Aarhus Kommune",Bautavej 1A,8210,Aarhus V,26/09 - 2012,31/08 - 2015,0
55133018,Aarhus Kommune,Jobcenter J&V Seniorprojektet En3karriere,Kannikegade 18,8000,Aarhus C,28/09 - 2012,24/03 - 2013,2-4
55133018,Aarhus Kommune,BØRNEHAVEN BILDBJERGPARKEN,Bildbjergvej 22,8200,Århus N,01/01 - 1993,31/05 - 2012,5-9
55133018,Aarhus Kommune,Ungdomsskolen Gellerup,Louisevej 29,8220,Brabrand,01/08 - 2004,15/02 - 2011,0
55133018,Aarhus Kommune,Elmetoften,Elmetoften 1,8361,Hasselager,01/01 - 1993,02/03 - 2015,0
55133018,Aarhus Kommune,Dagtilbud 203 (Dagtilbud Herredsvang),Fjældevænget 52,8210,Århus V,01/01 - 1993,31/07 - 2010,10-19
55133018,Aarhus Kommune,Hotspotcentret,Hasle Centervej 215,8210,Aarhus V,12/08 - 2010,14/11 - 2016,0
55133018,Aarhus Kommune,Ungdomsskolen Frydenlund,Høgevej 25,8210,Aarhus V,01/01 - 1997,07/07 - 2009,5-9
55133018,Aarhus Kommune,Århus kommunes botilbud,Kirkegårdsvej 4,8000,Århus C,01/01 - 2001,31/12 - 2004,5-9
55133018,Aarhus Kommune,Fu område 3,Sønderskovvej 7,8520,Lystrup,20/03 - 2009,21/12 - 2015,0
55133018,Aarhus Kommune,Bostøtten for Voksne med ADHD og Øvrige udviklingsforstyrelser,"Hermodsvej 5B, 3",8230,Åbyhøj,29/09 - 2011,23/09 - 2016,20-49
55133018,Aarhus Kommune,Servicecenter for Personale og Organisation - Magistraten for Sociale Forhold og Beskæftigelse,"Værkmestergade 15D, 4",8000,Aarhus C,10/08 - 2009,18/04 - 2016,0
55133018,Aarhus Kommune,Område Vest,Årslev Møllevej 92,8220,Brabrand,05/09 - 2012,18/02 - 2016,2-4
55133018,Aarhus Kommune,Dagtilbud 2071 - Elsted afd. Ørnedalen 4,Ørnedalen 4,8520,Lystrup,01/01 - 1993,30/12 - 2011,5-9
55133018,Aarhus Kommune,Dagtilbud 4251 - Møllevang afd. Børnehaven Vesterbo,Poul Martin Møllers Vej 20,8000,Aarhus C,01/01 - 1993,23/02 - 2016,5-9
55133018,Aarhus Kommune,Socialvagten,Søndergade 37,8000,Århus C,01/01 - 2004,31/12 - 2006,10-19
55133018,Aarhus Kommune,Århus Kommune BYGNINGSINSPEKTORAT NORD,Vejlby Centervej 52,8240,Risskov,17/03 - 2003,01/01 - 2005,10-19
55133018,Aarhus Kommune,Boligadministrationen,Søren Frichs Vej 36M,8230,Åbyhøj,10/03 - 2008,26/08 - 2016,0
55133018,Aarhus Kommune,Børn- og unge-lægeordningen,"Frederiks Allé 26, 1. th.",8000,Århus C,01/01 - 2000,30/12 - 2008,2-4
55133018,Aarhus Kommune,Århus Kommune Urbanprogrammet,Jernaldervej 3,8210,Århus V,01/01 - 2004,09/05 - 2014,2-4
55133018,Aarhus Kommune,Det kreative værksted,Tværgade 18,8340,Malling,26/05 - 2008,02/07 - 2013,0
55133018,Aarhus Kommune,ÅRHUS SPORVEJE,Jegstrupvej 5,8361,Hasselager,01/01 - 1993,25/02 - 2009,20-49
55133018,Aarhus Kommune,FAMILIEHUSET,Lillehammervej 5,8200,Aarhus N,01/01 - 1993,26/08 - 2016,5-9
55133018,Aarhus Kommune,Risskov Skovpart,Marienlundsvej 11,8240,Risskov,01/01 - 2000,31/12 - 2003,0
55133018,Aarhus Kommune,BØRNEHAVEN SARALYST,Saralyst Allé 43,8270,Højbjerg,01/05 - 1964,31/07 - 2005,5-9
55133018,Aarhus Kommune,ÅRHUS KOMMUNE EDB-CENTRALEN,Spanien 19,8000,Aarhus C,01/01 - 1993,16/05 - 2017,1
55133018,Aarhus Kommune,BØRNEHAVEN MÆLKEBØTTEN,Byagervej 188,8330,Beder,01/01 - 1993,29/06 - 2011,1
55133018,Aarhus Kommune,Bofællesskabet Vejlbygade 1ab,Vejlbygade 1A-1B,8240,Risskov,01/01 - 2002,31/12 - 2004,5-9
55133018,Aarhus Kommune,Bostøtten Nord,Lindenborgvej 3,8240,Risskov,19/09 - 2003,31/12 - 2004,20-49
55133018,Aarhus Kommune,Ungdomsskolen Skovvang,Skovvangsvej 150,8200,Aarhus N,01/08 - 2004,13/02 - 2018,0
55133018,Aarhus Kommune,FRITIDS- OG KULTURFORVALTNINGEN Fritidsbutikken,Ryhavevej 7,8210,Århus V,01/01 - 2000,30/06 - 2006,2-4
55133018,Aarhus Kommune,Arbejdsmarkedsnetværk Arosgården,"Åboulevarden 23, 3",8000,Århus C,01/01 - 2000,30/06 - 2003,0
55133018,Aarhus Kommune,Sydvestbyens ungdomsskole,Søndervangs Allé 40A,8260,Viby J,01/01 - 1993,24/06 - 2013,20-49
55133018,Aarhus Kommune,Vejlby skole SFO,Vikærsvej 36,8240,Risskov,01/01 - 2000,30/07 - 2013,0
55133018,Aarhus Kommune,"ÅRHUS KOMMUNE, STØTTE- OG KONTAKTPERSONSORDNING","Nørre Allé 31-3, 3",8000,Århus C,01/01 - 1998,31/03 - 2014,0
55133018,Aarhus Kommune,Jobcenter Århus Fællessekretariat,Værkmestergade 1-3,8000,Århus C,01/01 - 2008,13/05 - 2012,0
55133018,Aarhus Kommune,BOFÆLLESSKABET,Brynhøjvænget 44,8381,Tilst,01/01 - 1995,05/05 - 2014,0
55133018,Aarhus Kommune,BØRNEHAVEN HØJVANG,Skæring Hedevej 14A,8250,Egå,01/01 - 1993,01/04 - 2012,10-19
55133018,Aarhus Kommune,Personale og Organisation,Søren Frichs Vej 36M,8230,Åbyhøj,10/03 - 2008,26/08 - 2016,0
55133018,Aarhus Kommune,Center for Misbrugsbehandling Familiehuset,"Nørre Allé 30, 1",8000,Århus C,01/01 - 2005,30/12 - 2012,2-4
55133018,Aarhus Kommune,BØRNEHAVEN MYRHOLM,Myrholmsvej 2,8260,Viby J,01/01 - 1993,21/12 - 2015,10-19
55133018,Aarhus Kommune,Dagtilbud 2491 - Vejlby afd. Lindehuset,Lindenborgvej 7,8240,Risskov,01/01 - 1993,22/02 - 2016,0
55133018,Aarhus Kommune,SFO Gammelgårdskolen afd. KLOKKERVEJ,Klokkervej 53,8210,Aarhus V,01/01 - 1993,21/12 - 2015,2-4
55133018,Aarhus Kommune,KOLT FRITIDSKLUB,Kunnerupvej 176,8361,Hasselager,01/01 - 1998,15/03 - 2011,0
55133018,Aarhus Kommune,BØRNEHAVEN VIBEN,Dortesvej 41,8220,Brabrand,01/01 - 1993,19/12 - 2010,10-19
55133018,Aarhus Kommune,Ungdomsskolen Tranbjerg,Kirketorvet 22,8310,Tranbjerg J,01/08 - 2004,13/02 - 2018,5-9
55133018,Aarhus Kommune,RevaCenter Århus Syd,P.P. Ørums Gade 9,8000,Aarhus C,01/01 - 1993,04/11 - 2009,50-99
55133018,Aarhus Kommune,FAMILIEVÆRKSTED SYD,"Holmevej 180-1, st",8270,Højbjerg,01/01 - 1993,30/11 - 2011,5-9
55133018,Aarhus Kommune,Bostøtten Centrum,"Marselisborg Allé 1C, st",8000,Århus C,01/01 - 2003,31/12 - 2004,5-9
55133018,Aarhus Kommune,Nordre Kirkegård,Kirkegårdsvej 26,8000,Århus C,01/01 - 2000,31/12 - 2003,10-19
55133018,Aarhus Kommune,ALKOHOLRÅDGIVNINGEN,Brendstrupvej 23,8200,Aarhus N,01/01 - 1993,01/12 - 2010,0
55133018,Aarhus Kommune,Dagtilbud 8261 - Mårslet afd. Banevej 2,Banevej 2,8320,Mårslet,01/01 - 1993,31/12 - 2014,0
55133018,Aarhus Kommune,Ungdomsskolen Jellebakken,Jellebakken 17,8240,Risskov,01/01 - 1993,13/02 - 2018,5-9
55133018,Aarhus Kommune,Borgerservice,Vestergade 55B,8000,Aarhus C,01/01 - 1993,21/12 - 2015,20-49
55133018,Aarhus Kommune,VUGGESTUEN TORNEBAKKEN,Tornebakken 5,8240,Risskov,01/01 - 1993,01/10 - 2013,10-19
55133018,Aarhus Kommune,Center Basen,Søren Frichs Vej 36G,8230,Åbyhøj,01/01 - 2006,22/01 - 2013,0
55133018,Aarhus Kommune,Den Grønne Elevator,Kileparken 19,8381,Tilst,06/08 - 2009,05/12 - 2014,0
55133018,Aarhus Kommune,DII Rundhøj,Rundhøj Allé 28,8270,Højbjerg,31/07 - 2009,01/08 - 2016,1
55133018,Aarhus Kommune,Ungdomsskolen Katrinebjerg,Katrinebjergvej 60,8200,Aarhus N,01/08 - 2004,13/02 - 2018,10-19
55133018,Aarhus Kommune,Ungdomsskolen Rundhøj,Holmevej 20,8270,Højbjerg,01/08 - 2004,13/02 - 2018,5-9
55133018,Aarhus Kommune,Hvilstedhus VH,Hvilstedvej 16,8355,Solbjerg,19/09 - 2012,14/08 - 2015,10-19
55133018,Aarhus Kommune,LOKALCENTRET BETANIA,Hjarnøgade 3,8000,Aarhus C,01/01 - 1993,01/04 - 2016,100-199
55133018,Aarhus Kommune,Dagtilbud 2031 -Jellebakken afd. Børnehaven på Højene,Skodshøjen 2,8240,Risskov,01/01 - 1993,03/08 - 2015,0
55133018,Aarhus Kommune,FONTÆNE HUSET,Kirketoften 6,8260,Viby J,01/01 - 1993,22/01 - 2013,0
55133018,Aarhus Kommune,Ungeteam Syd,Nygårdsvej 29,8270,Højbjerg,01/01 - 1993,20/07 - 2011,1
55133018,Aarhus Kommune,Dagtilbud 1431 - Egå afd. Egå Strandvej 2,Egå Strandvej 2,8250,Egå,01/01 - 1993,31/12 - 2014,0
55133018,Aarhus Kommune,Ungdomsskolen Nordgård,Sigridsvej 46,8220,Brabrand,01/08 - 2004,31/07 - 2012,2-4
55133018,Aarhus Kommune,Specialenheden PS,Kalkærparken 66,8270,Højbjerg,01/01 - 2008,01/12 - 2010,10-19
55133018,Aarhus Kommune,Ungecenter Eghøj Familiecenter,Egå Mosevej 16A,8250,Egå,01/01 - 2006,18/09 - 2013,0
55133018,Aarhus Kommune,Fløjstrup Skovpart,Bispelundvej 115,8330,Beder,01/01 - 2000,15/08 - 2010,1
55133018,Aarhus Kommune,Informatik & Orginisation,Søren Frichs Vej 36M,8230,Åbyhøj,24/04 - 2007,12/08 - 2016,0
55133018,Aarhus Kommune,Århus Kunstbygning,J.M. Mørks Gade 13,8000,Aarhus C,01/01 - 2003,29/02 - 2016,1
55133018,Aarhus Kommune,Dagtilbud 2031 - Jellebakken afd. Børnehuset på Engen,Flintebakken 4,8240,Risskov,17/12 - 2009,06/07 - 2015,10-19
55133018,Aarhus Kommune,Kantinen - Lokalpsykiatri Syd,Skanderborgvej 156,8260,Viby J,26/05 - 2008,30/12 - 2012,1
55133018,Aarhus Kommune,Møllevangskolen SFO afd Spættevej,Spættevej 4,8210,Århus V,01/01 - 1993,29/06 - 2012,2-4
55133018,Aarhus Kommune,SFO Ellevangskolen afd. Næringen 2,Næringen 2,8240,Risskov,01/01 - 1993,21/12 - 2015,2-4
55133018,Aarhus Kommune,BØRNEHAVEN SPÆTTEVEJ,Spættevej 2,8210,Århus V,01/01 - 1993,30/03 - 2009,20-49
55133018,Aarhus Kommune,Marsellisborg Skovpart,Snovdrupvej 20,8340,Malling,01/01 - 2000,04/10 - 2009,1
55133018,Aarhus Kommune,Mediehus Århus,Jægergårdsgade 152,8000,Aarhus C,01/01 - 1993,11/07 - 2016,0
55133018,Aarhus Kommune,SFO Ellavangskolen afd. Jellebakken 2,Jellebakken 2,8240,Risskov,01/01 - 1993,20/04 - 2016,1
55133018,Aarhus Kommune,Specialbørnehaven,"Øster Allé 50, 1",8260,Viby J,01/01 - 2002,30/11 - 2008,20-49
55133018,Aarhus Kommune,Vand og Spildevand,Bautavej 1,8210,Århus V,05/08 - 2002,31/10 - 2009,100-199
55133018,Aarhus Kommune,Demenscafeen Bygning 20,P.P. Ørums Gade 11,8000,Aarhus C,01/01 - 2006,02/02 - 2016,5-9
55133018,Aarhus Kommune,Dagtilbud 3362 - Ø-gaderne afd. Ny Munkegade 13,Ny Munkegade 13C,8000,Aarhus C,01/01 - 1993,31/12 - 2012,10-19
55133018,Aarhus Kommune,"Børnecentret - Projektafdelingen, PMTO","Gudrunsvej 78C, 2",8220,Brabrand,12/08 - 2010,06/05 - 2014,10-19
55133018,Aarhus Kommune,Uddannelse og Arbejde (Ungdomscentret),Fuglebakkevej 70,8210,Århus V,26/05 - 2008,18/09 - 2013,0
55133018,Aarhus Kommune,Tranbjergskolen SFO afd. Torvevænget 5A,Torvevænget 5A,8310,Tranbjerg J,01/01 - 1993,01/08 - 2016,2-4
55133018,Aarhus Kommune,BØRNEHAVEN LILLE RYGÅRD,Elverdalsvej 46A,8270,Højbjerg,01/01 - 1993,30/12 - 2011,0
55133018,Aarhus Kommune,UNGDOMSKLUBBEN REGNBUEN,L.A. Rings Vej 56,8270,Højbjerg,01/01 - 2003,13/06 - 2011,0
55133018,Aarhus Kommune,Regres,Valdemarsgade 18,8000,Århus C,11/03 - 2008,25/10 - 2009,2-4
55133018,Aarhus Kommune,Hjemløseplanen - Styrket udredningskapacitet,Hermodsvej 5C-1,8230,Åbyhøj,11/12 - 2009,04/02 - 2013,0
55133018,Aarhus Kommune,Fritid og Ungdom Syd afd. Ungdomsskolen Vestergård,Nordbyvej 25,8260,Viby J,01/08 - 2004,14/03 - 2018,5-9
55133018,Aarhus Kommune,Århus klinikken,Valdemarsgade 18 5.,8000,Aarhus C,01/01 - 2000,30/12 - 2012,10-19
55133018,Aarhus Kommune,Familieteam Centrum/Syd,Holmevej 180A,8270,Højbjerg,21/07 - 2011,27/01 - 2014,20-49
55133018,Aarhus Kommune,SOMALISK FRITIDS- OG RÅDGIVNINGSCENTER,Haslegårdsvej 8,8210,Århus V,01/01 - 1998,31/12 - 2004,1
55133018,Aarhus Kommune,Fritid og Ungdom Nord afd. Ungdomsskolen Vejlby,Vikærsvej 36,8240,Risskov,01/08 - 2004,14/03 - 2018,10-19
55133018,Aarhus Kommune,Næshøjskolen SFO-afdeling Næshøjvej 20,Næshøjvej 20,8462,Harlev J,01/01 - 1993,24/09 - 2013,10-19
55133018,Aarhus Kommune,BOINSTITUTIONEN TUESTEN,Tuestensvej 2,8381,Tilst,01/01 - 1993,06/04 - 2014,0
55133018,Aarhus Kommune,HOLME UNGDOMSSKOLE,Mølleskovvej 13,8270,Højbjerg,01/01 - 1993,31/07 - 2010,2-4
55133018,Aarhus Kommune,Aktivitets- og værestedet Bazen Centrum,Fiskergade 66,8000,Aarhus C,01/01 - 2006,26/09 - 2018,5-9
55133018,Aarhus Kommune,Ungdomsskolen Lystrup,Lystrupvej 256,8520,Lystrup,01/08 - 2004,13/02 - 2018,0
55133018,Aarhus Kommune,Holme-Rundhøj Dagtilbud - 7171 afd. Vuggestuen Snurretoppen,Holmevej 148,8270,Højbjerg,01/01 - 1993,01/11 - 2016,0
55133018,Aarhus Kommune,ÅK MTM ÅBR BEREDSKABSCENTERET,Kirstinesmindevej 14,8200,Aarhus N,01/01 - 1993,26/04 - 2017,0
55133018,Aarhus Kommune,"Dagplejen Central, Jægergården",Værkmestergade 15,8000,Århus C,01/01 - 1994,30/12 - 2008,2-4
55133018,Aarhus Kommune,Dagtilbud 2491 - Vejlby afd. Kantorvænget 33,Kantorvænget 33,8240,Risskov,01/01 - 1993,01/02 - 2016,0
55133018,Aarhus Kommune,Akut Opsøgende Team,Nørre Allé 31,8000,Århus C,11/12 - 2009,31/03 - 2014,0
55133018,Aarhus Kommune,AROS,Toldbodgade 8,8000,Århus C,01/01 - 2001,23/01 - 2013,5-9
55133018,Aarhus Kommune,ÅRHUS KOMMUNES ÆLDREBOLIGER,Myrholmsvej 1,8260,Viby J,01/01 - 1997,29/03 - 2016,0
55133018,Aarhus Kommune,Langenæs Dagtilbud - 7231 afd. Børnehaven Gerlachsgade,Gerlachsgade 13,8000,Aarhus C,20/03 - 2009,16/05 - 2017,0
55133018,Aarhus Kommune,Holme-Rundhøj Dagtilbud - 7171 afd Trekløveret,Nygårdsvej 3,8270,Højbjerg,01/01 - 1993,16/09 - 2016,0
55133018,Aarhus Kommune,Fritid og Ungdom Nord afd. Ungdomsskolen Hårup / Elev,Delfivej 1,8530,Hjortshøj,27/11 - 2009,14/03 - 2018,0
55133018,Aarhus Kommune,Hjemløseplanen - Specialindsats for personer med særligt plejebehov,Trankær Mosevej 25,8310,Tranbjerg J,11/12 - 2009,12/01 - 2016,0
55133018,Aarhus Kommune,Rådgivningscafeen Aros,"Jægergårdsgade 66, 2",8000,Århus C,08/08 - 2008,17/07 - 2011,0
55133018,Aarhus Kommune,Uddannelsesfunktionen - Center for Socialfaglig Udvikling,"P.P. Ørums Gade 11, 2",8000,Aarhus C,06/08 - 2009,01/09 - 2014,1
55133018,Aarhus Kommune,SFO Mårslet Skole afd. Testrupvej 8,Testrupvej 8,8320,Mårslet,01/01 - 1993,31/07 - 2014,10-19
55133018,Aarhus Kommune,Tandklinikken Rosenvangskolen,Rosenvangs Allé 49,8260,Viby J,01/10 - 2014,16/09 - 2016,0
55133018,Aarhus Kommune,Brabrand Dagtilbud - 5103 afd. Vuggestuen Kloden,Jettesvej 10,8220,Brabrand,01/01 - 2002,01/12 - 2016,0
55133018,Aarhus Kommune,Grønløkkeskolens SFO,Grønløkke Allé 7,8310,Tranbjerg J,01/01 - 2000,21/12 - 2015,10-19
55133018,Aarhus Kommune,Tovshøjskolen SFO,Janesvej 2,8220,Brabrand,01/01 - 2000,31/07 - 2011,0
55133018,Aarhus Kommune,ÅK/MTM/EJD Kopicenter,Rådhuspladsen 2,8000,Aarhus C,05/05 - 2010,31/08 - 2018,0
55133018,Aarhus Kommune,FU Område 8 - Oddervej afd. Solbjerg Hovedgade 90 C,Solbjerg Hovedgade 90C,8355,Solbjerg,01/01 - 1999,01/08 - 2014,5-9
55133018,Aarhus Kommune,Ungdomsskolen Rosenvang,Rosenvangs Allé 49,8260,Viby J,01/08 - 2004,13/02 - 2018,0
55133018,Aarhus Kommune,Bofællesskabet Majvænget,Nygårdsvej 91,8270,Højbjerg,01/01 - 1995,12/03 - 2014,0
55133018,Aarhus Kommune,Bofællesskabet Lindely - Lokalpsykiatri Syd,Skanderborgvej 156A,8260,Viby J,03/12 - 2009,13/08 - 2018,0
55133018,Aarhus Kommune,Bofællesskabet i Hasselager / Bostøtten SYD-VEST,Skovhøj 1E,8361,Hasselager,01/01 - 2007,23/09 - 2016,0
55133018,Aarhus Kommune,Ungdomsskolen Sabro-korsvej,Sabro Skolevej 4,8471,Sabro,01/08 - 2004,13/02 - 2018,5-9
55133018,Aarhus Kommune,Familiekontor SYD,Grøndalsvej 2A,8260,Viby J,26/05 - 2008,15/02 - 2019,0
55133018,Aarhus Kommune,Læssøesgade-Langenæsstiens Dagtilbud - 7231 afd. Naturbørnehaven Søndervang,Søndervangs Allé 40,8260,Viby J,01/09 - 2014,28/09 - 2018,0
55133018,Aarhus Kommune,Dagtilbud 5103 - Gellerup afd. Mågen,Gudrunsvej 36,8220,Brabrand,01/01 - 1993,01/08 - 2016,0
55133018,Aarhus Kommune,Birkebakken - elever,Hejredalsvej 144,8220,Brabrand,28/01 - 2013,30/05 - 2017,0
55133018,Aarhus Kommune,Ellevang Dagtilbud - 2031,Frijsenborgvej 17,8240,Risskov,01/01 - 1993,01/06 - 2017,2-4
55133018,Aarhus Kommune,Fritid og Ungdom Syd afd. Legepladsen Rundhøj,Holmevej 190,8270,Højbjerg,01/01 - 1993,31/10 - 2018,0
55133018,Aarhus Kommune,Bavnehøj Skole afdeling Kolt Østervej,Kolt Østervej 45,8361,Hasselager,01/01 - 1993,01/08 - 2017,0
55133018,Aarhus Kommune,Ungdomsskolen Hesselager,Koltvej 15,8361,Hasselager,01/08 - 2004,13/02 - 2018,0
55133018,Aarhus Kommune,Ungdomsskolen Holme,Mølleskovvej 11,8270,Højbjerg,01/08 - 2004,13/02 - 2018,1
55133018,Aarhus Kommune,Center 10 Århus,Høgevej 25,8210,Aarhus V,20/03 - 2009,31/07 - 2017,0
55133018,Aarhus Kommune,ÅK MTM AVA GJELLERUP VARMECENTRAL,Edwin Rahrs Vej 30A,8220,Brabrand,01/01 - 2004,01/06 - 2020,0
55133018,Aarhus Kommune,Dagtilbud 4651 - Skjoldhøj afd. Skjoldhøjen,Spobjergvej 71,8220,Brabrand,15/12 - 2009,01/09 - 2016,0
55133018,Aarhus Kommune,Område Midtbyen,Carl Blochs Gade 32,8000,Aarhus C,07/02 - 2011,31/03 - 2017,20-49
55133018,Aarhus Kommune,Det opsøgende team,"Nørre Allé 31, 3",8000,Aarhus C,16/04 - 2008,06/10 - 2017,0
55133018,Aarhus Kommune,SFO Grønlykke Skolen afd. GRØNLYKKE ALLE,Grønløkke Allé 11,8310,Tranbjerg J,01/01 - 1993,03/05 - 2018,0
55133018,Aarhus Kommune,Fritid og Ungdom Syd afd. Skansen,Heibergsgade 10,8000,Aarhus C,16/03 - 2011,13/02 - 2018,0
55133018,Aarhus Kommune,Dagtilbud 4451 - Tilst afd. Børnehaven Kridthuset,Græsvangen 50,8381,Tilst,01/01 - 1993,01/11 - 2018,0
55133018,Aarhus Kommune,SOLBJERG-MÅRSLET UNGDOMSSKOLE,Kærgårdsvej 4,8355,Solbjerg,01/01 - 1993,13/02 - 2018,0
55133018,Aarhus Kommune,SFO N.J. Fjordsgades Skole afd. Marselis Boulevard,Marselis Boulevard 52,8000,Aarhus C,01/01 - 1993,08/05 - 2018,0
55133018,Aarhus Kommune,Fritid og Ungdom Syd afd. Ungdomsskolen Læssøesgade,Læssøesgade 24,8000,Aarhus C,01/08 - 2004,14/03 - 2018,0
55133018,Aarhus Kommune,Visitation Midt/Nord,Skovvangsvej 97,8200,Aarhus N,25/08 - 2010,20/11 - 2018,0
55133018,Aarhus Kommune,Fritid og Ungdom Syd afd. Klubben Tranbjerg,Torvevænget 5C,8310,Tranbjerg J,01/01 - 1993,24/04 - 2018,0
55133018,Aarhus Kommune,Sabro Halmværk,Hvidtjørnvej 1,8471,Sabro,01/04 - 2015,01/06 - 2020,0
55133018,Aarhus Kommune,"Kantinen Kalkværksvej 10, Ejendomme, Center for Administration og Ejendomme, Magistratsafdelingen for Teknik og Miljø, Aarhus Kommune",Kalkværksvej 10,8000,Aarhus C,08/07 - 2010,19/09 - 2019,2-4
55133018,Aarhus Kommune,Tandreguleringsklinikken i Tranbjerg,Kirketorvet 20,8310,Tranbjerg J,01/10 - 2014,31/07 - 2020,10-19
55133018,Aarhus Kommune,ÅK MTM AVA ÅRHUSVÆRKETS VARMECENTRAL,Kalkværksvej 14,8000,Aarhus C,01/07 - 2000,01/06 - 2020,0
55133018,Aarhus Kommune,ÅRHUS KOMMUNE FAMILIEPLEJECENTER,Reykjaviksgade 11,8200,Aarhus N,01/01 - 1993,21/02 - 2019,0
55133018,Aarhus Kommune,Udførerafdelingen Administration,Værkmestergade 15F,8000,Aarhus C,26/10 - 2009,01/05 - 2017,50-99
55133018,Aarhus Kommune,Tandklinikken Hårup Skole,Delfivej 1,8530,Hjortshøj,01/10 - 2014,02/03 - 2018,0
55133018,Aarhus Kommune,Bavnehøj skole SFO afdeling Kolt Østervej 45,Kolt Østervej 45,8361,Hasselager,01/01 - 2000,01/08 - 2017,0
55133018,Aarhus Kommune,"Kantinen Vestergade 55, Ejendomme, Center for Administration og Ejendomme, Magistratsafdelingen for Teknik og Miljø, Aarhus Kommune",Vestergade 55,8000,Aarhus C,08/07 - 2010,30/06 - 2017,0
55133018,Aarhus Kommune,ÅK MTM EJD KANTINEN,"Vejlby Centervej 52, st",8240,Risskov,26/05 - 2008,19/09 - 2019,0
55133018,Aarhus Kommune,Område Christiansbjerg,Skovvangsvej 99,8200,Aarhus N,01/01 - 1993,20/11 - 2018,0
55133018,Aarhus Kommune,Håbets Alle,P. Hiort-Lorenzens Vej 5,8000,Aarhus C,13/04 - 2015,31/10 - 2019,2-4
55133018,Aarhus Kommune,Fritid og Ungdom Syd afd. Klubben Rosenvang,Vidtskuevej 31,8260,Viby J,01/01 - 1993,31/10 - 2018,10-19
55133018,Aarhus Kommune,Fritid og Ungdom Syd afd. Legepladsen Skolemarken,Ingerslevs Boulevard 2A,8000,Aarhus C,01/01 - 1993,08/05 - 2018,0
55133018,Aarhus Kommune,Katrinebjergvej og Netværket - Psykosociale Rehabiliteringsforløb,Katrinebjergvej 81,8200,Aarhus N,26/06 - 2017,16/08 - 2017,0
55133018,Aarhus Kommune,Tandcafe Lisbjerg,Lisbjergvej 15,8200,Aarhus N,01/10 - 2014,06/05 - 2021,0
55133018,Aarhus Kommune,"Århus Kommunale Værkers Varmecentral, Jasminvej",Jasminvej 27-29,8240,Risskov,14/03 - 2002,30/12 - 2009,
55133018,Aarhus Kommune,Center for Socialfaglig Udvikling,"Værkmestergade 15-16, 4",8000,Aarhus C,08/11 - 2006,29/10 - 2018,
55133018,Aarhus Kommune,Bofællesskab Myrholmvej,Myrholmsvej 73-83,8260,Viby J,01/01 - 2007,01/01 - 2007,
55133018,Aarhus Kommune,Familieteam Syd,Holmevej 180-181,8270,Højbjerg,06/08 - 2009,01/12 - 2010,
55133018,Aarhus Kommune,"Værestedet ""Den Blå Delfin""",Paludan-Müllers Vej 26-1,8200,Aarhus N,03/12 - 2009,16/09 - 2016,
55133018,Aarhus Kommune,"Jobcenter Aarhus, Sekretariatet",Værkmestergade 15A,8000,Aarhus C,24/10 - 2009,31/05 - 2012,
55133018,Aarhus Kommune,Bocenter Centrum,"P.P. Ørums Gade 9-11, 1",8000,Aarhus C,14/12 - 2010,03/04 - 2018,
55133018,Aarhus Kommune,Aarhus Kommunes Hjælpemiddelcenter,Sintrupvej 17-19,8220,Brabrand,05/07 - 2011,26/06 - 2017,
55133018,Aarhus Kommune,Værkstedet Østergade 40,Østergade 40,8000,Aarhus C,27/10 - 2014,01/12 - 2021,1
55133018,Aarhus Kommune,"Sundhed og Omsorg, Carl Blochs Gade 32",Carl Blochs Gade 32,8000,Aarhus C,01/01 - 2022,01/01 - 2022,
55133018,Aarhus Kommune,Arkivet,"Gudrunsvej 78, kl",8220,Brabrand,03/12 - 2009,01/01 - 2022,0
55133018,Aarhus Kommune,ÅK MTM EJD RENGØRING,Rådhuspladsen 2,8000,Aarhus C,25/05 - 2010,08/03 - 2022,0
55133018,Aarhus Kommune,ÅK MTM EJD VAGT OG SERVICE,Gudrunsvej 78,8220,Brabrand,25/05 - 2010,08/03 - 2022,
55133018,Aarhus Kommune,ÅK MTM EJD VAGT SERVICE,Søren Frichs Vej 36 g.,8230,Åbyhøj,25/05 - 2010,08/03 - 2022,
55133018,Aarhus Kommune,"Genbrugsplads Holmskovvej 66, AffaldVarme, Center for Miljø og Energi, Magistratsafdelingen for Teknik og Miljø, Aarhus Kommune",Holmskovvej 66,8340,Malling,02/08 - 2012,01/06 - 2020,1
55133018,Aarhus Kommune,Familieskolen i Tilst,Tåstumvænget 8A,8381,Tilst,06/08 - 2009,22/01 - 2021,2
55133018,Aarhus Kommune,"AffaldVarme Aarhus, Center for Miljø og Energi, Magistratsafdelingen for Teknik og Miljø, Aarhus Kommune",Karen Blixens Boulevard 7,8220,Brabrand,01/01 - 1993,01/06 - 2020,1
55133018,Aarhus Kommune,Frederiksbjerg Dagtilbud - 7271 afd. Vuggestuen Marselis Boulevard 50,Marselis Boulevard 50,8000,Aarhus C,02/01 - 2017,31/10 - 2019,10-19
55133018,Aarhus Kommune,VJH Grundtvigsvej/Myrholmsvej/Nagelsvej,"Grundtvigsvej 16, st. tv.",8260,Viby J,16/03 - 2012,01/10 - 2020,1
55133018,Aarhus Kommune,Rosenvang dagtilbud - 6331 afd. Vuggestuen Neptunvej,Neptunvej 77,8260,Viby J,01/04 - 2017,19/10 - 2020,1
55133018,Aarhus Kommune,"Affaldscenter, AffaldVarme, Center for Miljø og Energi, Magistratsafdelingen for Teknik og Miljø, Aarhus Kommune",Ølstedvej 20,8200,Aarhus N,01/01 - 1993,01/06 - 2020,7
55133018,Aarhus Kommune,ÅK MTM AVA GENBRUGSPLADS SINTRUPVEJ,Sintrupvej 57,8220,Brabrand,11/02 - 2010,01/06 - 2020,5-9
55133018,Aarhus Kommune,"Bygge- og haveaffald, AffaldVarme, Center for Miljø og Energi, Magistratsafdelingen for Teknik og Miljø, Aarhus Kommune",Ølstedvej 24,8200,Aarhus N,01/05 - 2005,01/06 - 2020,5-9
55133018,Aarhus Kommune,ÅK MTM AVA GENBRUGSPLADS ØLSTEDVEJ,Ølstedvej 38,8200,Aarhus N,11/02 - 2010,01/06 - 2020,2-4
55133018,Aarhus Kommune,Dagtilbud 8041 - Beder afd. Vuggestuen Smilehullet,Byagervej 164,8330,Beder,02/02 - 2011,19/10 - 2020,3
55133018,Aarhus Kommune,ÅK MTM AVA GENBRUGSPLADS BIRKEGÅRDSVEJ,Birkegårdsvej 8,8361,Hasselager,26/05 - 2005,01/06 - 2020,2-4
55133018,Aarhus Kommune,"Farligt Affald, AffaldVarme, Center for Miljø og Energi, Magistratsafdelingen for Teknik og Miljø, Aarhus Kommune",Ølstedvej 36,8200,Aarhus N,01/01 - 1993,01/06 - 2020,2-4
55133018,Aarhus Kommune,Sundhedsplejen nord og Nordvest,Skejbygårdsvej 13-17,8240,Risskov,27/11 - 2009,31/10 - 2019,50-99
55133018,Aarhus Kommune,Butik 1000 Ting (Ungdomscentret),"Jægergårdsgade 20, st",8000,Aarhus C,03/12 - 2009,31/05 - 2021,1
55133018,Aarhus Kommune,ÅK MTM AVA GENBRUGSPLADS ESKELUND,Eskelundvej 13,8260,Viby J,11/02 - 2010,01/06 - 2020,5-9
55133018,Aarhus Kommune,ÅK MTM AVA GENBRUGSPLADS LYSTRUPVEJ,Lystrupvej 190,8240,Risskov,11/02 - 2010,01/06 - 2020,5-9
55133018,Aarhus Kommune,"Jobcenter Aarhus Unge, Job & Uddannelse",Kalkværksvej 10,8000,Aarhus C,01/01 - 1993,01/07 - 2021,50-99
55133018,Aarhus Kommune,Filmprojekt Gellerup,Fredens Torv 3A,8000,Aarhus C,01/04 - 2018,09/10 - 2020,1
55133018,Aarhus Kommune,GELLERUP BIBLIOTEK,Gudrunsvej 78,8220,Brabrand,01/01 - 1998,31/03 - 2022,0
55133018,Aarhus Kommune,MINI-INSTITUTIONERNE I ÅRHUS Afdeling Nordhøj,Kalmargade 56,8200,Aarhus N,01/01 - 1995,01/04 - 2022,0
55133018,Aarhus Kommune,Børnehuset Smilehullet,Byagervej 162,8330,Beder,01/01 - 1993,01/12 - 2021,34
55133018,Aarhus Kommune,Fritidsklubben Åbyhøj og Ungemiljø 12rn,Ludvig Feilbergs Vej 7,8230,Åbyhøj,01/01 - 1997,08/11 - 2021,13
55133018,Aarhus Kommune,"Vikærgården, Akuttilbud og rehabilitering",Lindenborgvej 3,8240,Risskov,24/02 - 2016,01/06 - 2021,12
55133018,Aarhus Kommune,Satelitten Børnehuset Løvstikken,Elsted Byvej 40,8520,Lystrup,04/08 - 2020,01/12 - 2021,2
55133018,Aarhus Kommune,Børnehaven Bakkely,Holmevej 263,8270,Højbjerg,01/04 - 1964,31/01 - 2005,0
55133018,Aarhus Kommune,JUNIOR- OG UNGDOMSKLUBBEN,Brohaven 2,8250,Egå,01/01 - 1993,31/12 - 1998,1
55133018,Aarhus Kommune,BØRNEHAVEN MOLTKESVEJ,Moltkesvej 2,8260,Viby J,01/01 - 1993,30/06 - 2005,10-19
55133018,Aarhus Kommune,ÅRHUS KOMMUNE TEKNISK FORVALTNING,Orla Lehmanns Allé 3,8000,Aarhus C,01/01 - 1993,31/12 - 2002,10-19
55133018,Aarhus Kommune,PÆDAGOGISK-PSYKOLOGISK RÅDGIVNING AFDELING SYD,Holmevej 200,8270,Højbjerg,01/01 - 1993,31/01 - 2003,1
55133018,Aarhus Kommune,FAMILIEPLEJECENTRET,Bjørnholms Allé 4,8260,Viby J,01/01 - 1993,31/12 - 2002,2-4
55133018,Aarhus Kommune,ÅRHUS KOMMUNE MUSIKPROJEKTET,Åbogade 36,8200,Århus N,01/01 - 1993,31/12 - 2000,2-4
55133018,Aarhus Kommune,FRITIDSHJEMMET PÅ BAKKEN,Fuglebakkevej 66,8210,Århus V,01/01 - 1993,31/12 - 2005,10-19
55133018,Aarhus Kommune,INTEGRERET INSTITUTION RYDEVÆNGET,Rydevænget 51,8210,Aarhus V,01/01 - 1993,30/04 - 2005,10-19
55133018,Aarhus Kommune,ÅRHUS KOMMUNE DEN SOCIALE DØGNVAGT,Vester Allé 33,8000,Aarhus C,01/01 - 1993,31/05 - 2004,0
55133018,Aarhus Kommune,ÆLDREBOLIGER SKÆRING,Sommersmindevej 8,8250,Egå,01/01 - 1993,31/12 - 1999,1
55133018,Aarhus Kommune,KIRKEVÆNGETS SKOLE PPR-SKOLEN,Skovvangsvej 28,8200,Århus N,01/01 - 1993,31/12 - 1999,1
55133018,Aarhus Kommune,ÅRHUS KOMMUNE BUREAU TRYK 16,Fredens Torv 8,8000,Århus C,01/01 - 1993,31/12 - 2000,1
55133018,Aarhus Kommune,HALVDAGSBØRNEHAVEN SOLGÅRDEN,Vibyvej 63B,8230,Åbyhøj,01/01 - 1993,31/12 - 1999,2-4
55133018,Aarhus Kommune,ÅRHUS KOMMUNE SOCIALAFDELINGEN SSP-GRUPPEN,Rosenkrantzgade 21,8000,Århus C,01/01 - 1993,22/06 - 2005,2-4
55133018,Aarhus Kommune,PSYKIATRISK BØRNEHOSPITAL,Harald Selmers Vej 66,8240,Risskov,01/01 - 1993,21/11 - 2001,5-9
55133018,Aarhus Kommune,ÅRHUS KOMMUNE HUSLEJENÆVNET,"Søndergade 66, 2",8000,Århus C,01/01 - 1993,31/12 - 1999,2-4
55133018,Aarhus Kommune,FRITIDSHJEMMET FRISTEDET BROHAVEN,Brohaven 2,8250,Egå,01/01 - 1993,31/05 - 2005,1
55133018,Aarhus Kommune,ÆLDREBOLIGER STENVEJ,Stenvej 71,8270,Højbjerg,01/01 - 1993,31/12 - 1999,0
55133018,Aarhus Kommune,ÅRHUS KOMMUNE CENTRET FOR KOMPETENCEUDVIKLING,Nørre Boulevard 1,8000,Aarhus C,01/01 - 1993,31/12 - 2003,2-4
55133018,Aarhus Kommune,ÅRHUS KOMMUNE BESKÆFTIGELSESPROJEKT,Nørreport 17,8000,Aarhus C,01/01 - 1993,31/12 - 1998,1
55133018,Aarhus Kommune,BØRNEHAVEN VESTERVANG,Vestre Ringgade 178,8000,Aarhus C,01/01 - 1993,30/09 - 2004,0
55133018,Aarhus Kommune,BOLIGERNE KLØVERVANGEN,Kløvervangen 31,8541,Skødstrup,01/01 - 1993,01/09 - 2005,0
55133018,Aarhus Kommune,ÅRHUS KOMMUNE BYGNINGSINSPEKTORAT SYD,Bygholms Allé 2,8260,Viby J,01/01 - 1993,30/06 - 2006,5-9
55133018,Aarhus Kommune,BØRNEHAVEN DIGTERPARKEN,Dr. Holsts Vej 52,8230,Åbyhøj,01/01 - 1993,31/12 - 2005,10-19
55133018,Aarhus Kommune,BØRNEHAVEN GIRAFFEN,Fuglebakkevej 68,8210,Århus V,01/01 - 1993,31/01 - 2005,2-4
55133018,Aarhus Kommune,Kroghsgades Skole,Kroghsgade 3,8000,Aarhus C,01/01 - 1993,31/12 - 2004,0
55133018,Aarhus Kommune,ÅRHUS KOMMUNE FAMILIE- OG ARBEJDSMARKEDSSEKTOR,Fiskergade 60,8000,Århus C,01/01 - 1993,31/12 - 1998,2-4
55133018,Aarhus Kommune,PENSIONISTBOLIGER GRUNDTVIGSVEJ,Grundtvigsvej 10,8260,Viby J,01/01 - 1993,31/12 - 2000,1
55133018,Aarhus Kommune,FAMILIEHUSET FREDERIKSGADE,Frederiksgade 20,8000,Århus C,01/01 - 1993,09/07 - 2007,2-4
55133018,Aarhus Kommune,BØRNEHAVEN SKOVVANG,Skovvangsvej 127,8200,Aarhus N,01/01 - 1993,31/12 - 1997,1
55133018,Aarhus Kommune,FAMILIEVÆRKSTED ØST,Vejlbygade 16D,8240,Risskov,01/01 - 1993,31/12 - 2002,5-9
55133018,Aarhus Kommune,BØRNEHAVEN RINGGÅRDEN,Revlingebakken 9,8520,Lystrup,01/01 - 1993,31/12 - 2004,0
55133018,Aarhus Kommune,HALVDAGSBØRNEHAVEN TJELEVEJ,Tjelevej 24,8240,Risskov,01/01 - 1993,31/01 - 2000,0
55133018,Aarhus Kommune,BOLIGERNE NAGELSVEJ,Nagelsvej 15,8270,Højbjerg,01/01 - 1993,31/12 - 1998,1
55133018,Aarhus Kommune,FRITIDSHJEMMET RÆVEHULEN,Elsted Skolevej 2,8520,Lystrup,01/01 - 1993,31/01 - 2005,10-19
55133018,Aarhus Kommune,DEN INTEGREREDE INSTITUTION BØRNEHUSET PÅ ENGEN,Flintebakken 4,8240,Risskov,01/01 - 1993,30/09 - 2005,10-19
55133018,Aarhus Kommune,PLEJEHJEMMET LANGENÆSBO,Augustenborggade 25,8000,Århus C,01/01 - 1993,31/01 - 2000,2-4
55133018,Aarhus Kommune,BØRNEHAVEN HØJLYNGEN,Højlyngen 1,8210,Aarhus V,01/01 - 1993,31/03 - 2005,10-19
55133018,Aarhus Kommune,DEN INTEGREREDE INSTITUTION PARADIS,Bispehavevej 3A,8210,Århus V,01/01 - 1993,31/05 - 2005,10-19
55133018,Aarhus Kommune,TEKSTILVÆRKSTEDET,Brendstrupvej 74,8200,Århus N,01/01 - 1993,31/07 - 2007,5-9
55133018,Aarhus Kommune,ÆLDREBOLIGER LINDENBORG,Lindenborgvej,8240,Risskov,01/01 - 1993,31/12 - 2001,0
55133018,Aarhus Kommune,"ÅRHUS KOMMUNE EJENDOMSBESKATNING, FOLKEREGISTER OG REGNSKABSAFDELING",Knudrisgade 5,8000,Aarhus C,01/01 - 1993,31/10 - 2005,20-49
55133018,Aarhus Kommune,PÆDAGOGISK-PSYKOLOGISK RÅDGIVNING AFDELING NORD,Skæring Skolevej 200,8250,Egå,01/01 - 1993,31/12 - 2002,5-9
55133018,Aarhus Kommune,ÅRHUS KOMMUNE SKOLEFORVALTNINGEN,Frederiksgade 79,8000,Aarhus C,01/01 - 1993,31/12 - 2004,100-199
55133018,Aarhus Kommune,ÆLDREBOLIGER HEJREDALSVEJ,Hejredalsvej 2,8220,Brabrand,01/01 - 1993,31/12 - 2000,1
55133018,Aarhus Kommune,LEGEPLADSEN LANGENÆSPARKEN,Langenæsstien 1,8000,Aarhus C,01/01 - 1993,30/06 - 2004,0
55133018,Aarhus Kommune,BØRNEHAVEN GRØFTHØJPARKEN,Grøfthøjparken 164,8260,Viby J,01/01 - 1993,31/12 - 2004,5-9
55133018,Aarhus Kommune,ÅRHUS KOMMUNE DAGPLEJEN HOLME,Holmevej 169,8270,Højbjerg,01/01 - 1994,31/12 - 2000,1
55133018,Aarhus Kommune,ÅRHUS KOMMUNE DAGPLEJEN CENTRUM,Skt. Nicolaus Gade 2,8000,Århus C,01/01 - 1994,31/12 - 1998,0
55133018,Aarhus Kommune,LANGKÆRSKOLEN PROJEKTSKOLE,Langkærvej 2,8381,Tilst,01/01 - 1994,31/12 - 2005,2-4
55133018,Aarhus Kommune,ÅRHUS KOMMUNE BEDRIFTSSUNDHEDSTJENESTEN,Mindegade 13,8000,Århus C,01/01 - 1994,31/12 - 2006,0
55133018,Aarhus Kommune,PÆDAGOGISK-PSYKOLOGISK RÅDGIVNING AFDELING VEST,Gammel Stillingvej 424,8462,Harlev J,01/01 - 1994,31/12 - 2002,10-19
55133018,Aarhus Kommune,Åbyhøj Fritidsklub,Viborgvej 154,8210,Århus V,01/01 - 1995,31/01 - 2005,2-4
55133018,Aarhus Kommune,ÅRHUS KOMMUNE SPILDEVANDSLABORATORIUM,Jægergårdsgade 105,8000,Aarhus C,01/01 - 1995,31/12 - 2004,2-4
55133018,Aarhus Kommune,ÅRHUS KOMMUNE MILJØKONTOR,Grøndalsvej 1,8260,Viby J,01/01 - 1996,31/12 - 2005,50-99
55133018,Aarhus Kommune,ÆLDREBOLIGER TORPEVÆNGET,Torpevænget 41,8210,Aarhus V,01/01 - 1996,31/12 - 1999,1
55133018,Aarhus Kommune,ÆLDREBOLIGER NYGÅRDSVEJ,Nygårdsvej 36,8270,Højbjerg,01/01 - 1996,31/12 - 1999,1
55133018,Aarhus Kommune,ÆLDREBOLIGER DALGAS AVENUE,Dalgas Avenue 56,8000,Århus C,01/01 - 1996,31/12 - 2000,1
55133018,Aarhus Kommune,ÆLDREBOLIGER FREDERIKSBJERG,Ankersgade 19,8000,Aarhus C,01/01 - 1996,31/12 - 1999,1
55133018,Aarhus Kommune,BØRNEHAVEN SOLSKIN,Gudrunsvej 82,8220,Brabrand,01/01 - 1997,31/07 - 2001,10-19
55133018,Aarhus Kommune,ÅRHUS KOMMUNE JOBGRUPPEN,"Toldbodgade 5, 4",8000,Aarhus C,01/01 - 1997,31/12 - 2004,5-9
55133018,Aarhus Kommune,ÅRHUS KOMMUNE FAMILIE- OG ARBEJDSMARKEDSSEKTOR,Skt. Clemens Torv 10,8000,Århus C,01/01 - 1997,31/12 - 2000,1
55133018,Aarhus Kommune,ÅRHUS BYHISTORISKE UDVALG,Vester Allé 12,8000,Århus C,01/01 - 1998,31/12 - 2002,2-4
55133018,Aarhus Kommune,HASSELAGER BIBLIOTEK,Koltvej 18,8361,Hasselager,01/01 - 1998,31/12 - 2001,0
55133018,Aarhus Kommune,BØRNEHAVEN RUMLESKAFTET,Græsvangen 101,8381,Tilst,01/01 - 1998,31/01 - 2000,1
55133018,Aarhus Kommune,NORDLYS BIBLIOTEK,Skelagervej 3,8200,Aarhus N,01/01 - 1998,31/03 - 2004,0
55133018,Aarhus Kommune,ÅRHUS KOMMUNE MENTORPROGRAMMET,Enghavevej 36,8260,Viby J,01/01 - 1998,31/05 - 2004,10-19
55133018,Aarhus Kommune,BJØRNSHØJ ÆLDREBOLIGER,Gartnerparken 3,8380,Trige,01/01 - 1993,01/01 - 1993,
55133018,Aarhus Kommune,Børnehaven Havmågen,Mejlgade 8,8000,Aarhus C,01/04 - 1964,30/09 - 2004,0
55133018,Aarhus Kommune,Fritid og Ungdom Gellerup afd. Fritidscenter Gellerup,Karen Blixens Boulevard 47C,8220,Brabrand,01/01 - 1993,31/07 - 2022,1
55133018,Aarhus Kommune,Dagtibud 2491 - Vejlby afd. Næringen 3,Næringen 3,8240,Risskov,01/01 - 1993,31/08 - 2022,0
55133018,Aarhus Kommune,Fritid og Ungdomskole Gellerup Toveshøj afd. Ungdomsskolen Toveshøj-Gellerup,Janesvej 2,8220,Brabrand,01/08 - 2002,31/08 - 2022,0
55133018,Aarhus Kommune,Katrinebjergskolen afd. FLEXSKOLE,Bodøvej 96,8200,Aarhus N,01/01 - 1995,31/08 - 2022,0
55133018,Aarhus Kommune,Tovshøjskolen SFO-afdeling Janesvej 2,Janesvej 2,8220,Brabrand,01/10 - 2012,31/08 - 2022,0
55133018,Aarhus Kommune,SFO Lystrup Skole afd. Elstedhøj,Elstedhøj 14A,8520,Lystrup,01/01 - 1993,30/09 - 2022,0
55133018,Aarhus Kommune,SFO Bakkegårdsskolen afd. Trige Centervej,Trige Centervej 10,8380,Trige,01/01 - 1993,30/09 - 2022,0
55133018,Aarhus Kommune,Dagtilbud 3021 - Trige-Spørring,Bjørnshøjvej 1,8380,Trige,16/12 - 2009,30/09 - 2022,0
55133018,Aarhus Kommune,SFO Viby Skole afd. GRUNDTVIGSVEJ,Grundtvigsvej 26,8260,Viby J,01/01 - 1993,30/09 - 2022,0
55133018,Aarhus Kommune,SFO Solbjerg Skole afd. KÆRGÅRDSVEJ,Kærgårdsvej 16,8355,Solbjerg,01/01 - 1993,30/09 - 2022,0
55133018,Aarhus Kommune,SFO Risskov Skole afd. FORTEBAKKEN,Fortebakken 34A,8240,Risskov,01/01 - 1993,30/09 - 2022,0
55133018,Aarhus Kommune,Område Viby-Højbjerg,Stenvej 71,8270,Højbjerg,15/08 - 2012,06/10 - 2022,0
55133018,Aarhus Kommune,Lokalcenter Bøgeskovhus 55,Skovlundgårdsvej 55,8260,Viby J,06/09 - 2010,06/10 - 2022,
55133018,Aarhus Kommune,Holme-Rundhøj Dagtilbud - 7171 afdKløverhulen,Tulshøjvej 3,8270,Højbjerg,01/01 - 2018,30/09 - 2022,
55133018,Aarhus Kommune,Midtbyens Dagtilbud - 3361 afd. Vuggestuen Mindegade,Mindegade 8,8000,Aarhus C,01/01 - 1993,30/09 - 2022,10-19
55133018,Aarhus Kommune,Midtbyens Dagtilbud - 3361 afd. Vuggestuen Småland,Høgevej 25,8210,Aarhus V,01/01 - 1993,11/05 - 2022,1
55133018,Aarhus Kommune,Klubben Stavtrup,Bispevej 7,8260,Viby J,01/01 - 1997,26/09 - 2022,1
55133018,Aarhus Kommune,TOVSHØJSKOLEN,Janesvej 2,8220,Brabrand,01/01 - 1993,14/11 - 2022,1
55133018,Aarhus Kommune,Ledsageordningen,Sonnesgade 9,8000,Aarhus C,16/04 - 2008,01/06 - 2022,6
55133018,Aarhus Kommune,ÅRHUS KOMMUNE AFDELING FOR SUNDHED OG OMSORG,Søren Frichs Vej 36M,8230,Åbyhøj,01/01 - 1993,23/03 - 2023,1
55133018,Aarhus Kommune,Tandklinikken Skjoldhøjskolen,Skjoldhøjvej 11,8381,Tilst,01/10 - 2014,24/04 - 2023,
55133018,Aarhus Kommune,Jobcenter Aarhus Straksaktivering,Kalkværksvej 10,8000,Aarhus C,19/08 - 2015,01/10 - 2023,10
55133018,Aarhus Kommune,Tandklinikken Stensager Skole,Stensagervej 11,8260,Viby J,01/10 - 2014,27/10 - 2023,
55133018,Aarhus Kommune,Demenshjørnet,Kannikegade 18,8000,Aarhus C,01/01 - 1997,30/10 - 2023,14
55133018,Aarhus Kommune,ÅK MTM NVS DRIFTSOMRÅDE NORD,Lystrupvej 7E,8240,Risskov,01/01 - 2000,09/03 - 2023,53
55133018,Aarhus Kommune,Forsorgs og samværstilbud Nordbyen,Gøteborg Allé 8,8200,Aarhus N,21/05 - 2010,31/03 - 2023,2
55133018,Aarhus Kommune,Aarhus Events,"Hveensgade 1, 1",8000,Aarhus C,10/03 - 2015,31/12 - 2023,1
55133018,Aarhus Kommune,BOTILBUDET KRAGELUND,Dybrovej 21,8270,Højbjerg,01/01 - 1998,28/10 - 2024,1
55133018,Aarhus Kommune,Ryhavekollegiet,"Bispehavevej 1, st",8210,Aarhus V,25/09 - 2012,01/09 - 2025,1
55133018,Aarhus Kommune,Lejlighedsprojektet Rosenhøj 17,Rosenhøj 17,8260,Viby J,03/12 - 2009,01/09 - 2025,0
55133018,Aarhus Kommune,"UC Alstrup Allé, TurBo, Ungecentret Skanderborgvej",Alstrup Allé 3A,8361,Hasselager,25/09 - 2012,01/09 - 2025,6
55133018,Aarhus Kommune,Rosenhøj Bofællesskab Syd,Rosenhøj 16C,8260,Viby J,27/09 - 2012,01/09 - 2025,2
55133018,Aarhus Kommune,Hjerneskadeteam,P.P. Ørums Gade 11,8000,Aarhus C,27/09 - 2012,01/09 - 2025,2-4
55133018,Aarhus Kommune,Center for Myndighed - Socialpsykiatri & Udsatte Voksne,Grøndalsvej 1,8260,Viby J,20/07 - 2011,01/09 - 2025,1
55133018,Aarhus Kommune,Aarhus Neurocenter,P.P. Ørums Gade 11 14.,8000,Aarhus C,28/09 - 2012,01/09 - 2025,20-49
55133018,Aarhus Kommune,"Jobcenter Aarhus - Gunnar Clausens Vej - Kiosken AAU, Skejby",Palle Juul-Jensens Boulevard 99,8200,Aarhus N,11/03 - 2008,01/09 - 2025,2
55133018,Aarhus Kommune,"Center for Misbrugsbehandling, Rådgivning",Sumatravej 3,8000,Aarhus C,28/09 - 2012,01/09 - 2025,20-49
55133018,Aarhus Kommune,Zonegården,Strandvejen 12,8000,Aarhus C,26/05 - 2008,01/09 - 2025,2-4
55133018,Aarhus Kommune,Flexbo,Gøteborg Allé 8,8200,Aarhus N,01/01 - 2005,01/09 - 2025,4
55133018,Aarhus Kommune,Socialcentre Stab,"Værkmestergade 15K, 3",8000,Aarhus C,03/12 - 2009,01/09 - 2025,3
55133018,Aarhus Kommune,Opstart af kontanthjælp,Værkmestergade 15J,8000,Aarhus C,26/10 - 2009,01/09 - 2025,0
55133018,Aarhus Kommune,"Lokalpsykiatri Vest, Fælleslejligheden",Jettesvej 11,8220,Brabrand,03/12 - 2009,01/09 - 2025,
55133018,Aarhus Kommune,CBH Vest,"Hermodsvej 5C, 3",8230,Åbyhøj,01/01 - 1995,01/09 - 2025,3
55133018,Aarhus Kommune,Socialpsykiatri og Udsatte Voksne,Værkmestergade 15,8000,Aarhus C,01/01 - 1998,01/09 - 2025,10-19
55133018,Aarhus Kommune,Den Grønne STU (Ungecentret Skanderborgvej),Nygårdsvej 25-29,8270,Højbjerg,26/05 - 2008,01/09 - 2025,1
55133018,Aarhus Kommune,CBHS BOF Grundtvigsvej,"Grundtvigsvej 14, kl",8260,Viby J,06/08 - 2009,01/09 - 2025,2-4
55133018,Aarhus Kommune,Madam Grøn,Grønnegade 47,8000,Aarhus C,06/08 - 2009,01/09 - 2025,3
55133018,Aarhus Kommune,BPA Aarhus,Sonnesgade 9,8000,Aarhus C,01/01 - 2006,01/09 - 2025,312
55133018,Aarhus Kommune,Neuropædagogisk Team,P.P. Ørums Gade 11,8000,Aarhus C,01/03 - 2010,01/09 - 2025,28
55133018,Aarhus Kommune,Jobcenter Aarhus,Værkmestergade 15,8000,Aarhus C,23/09 - 2003,01/09 - 2025,3
55133018,Aarhus Kommune,SKAL LUKKES - DemensCentrum Aarhus,Graham Bells Vej 2,8200,Aarhus N,01/01 - 1993,01/09 - 2025,1
55133018,Aarhus Kommune,"JC Aarhus, Skejbygårdsvej",Skejbygårdsvej 13-17,8240,Risskov,01/01 - 1993,01/09 - 2025,50-99
55133018,Aarhus Kommune,Botilbudet for sindslidelse med omfattende misbrug,"Jettesvej 11, st",8220,Brabrand,19/03 - 2007,01/09 - 2025,0
55133018,Aarhus Kommune,CFR - Katrinebjerg,Katrinebjergvej 81,8200,Aarhus N,01/01 - 2007,01/09 - 2025,10-19
55133018,Aarhus Kommune,Opstart af syge- og barselsdagpenge,Værkmestergade 15I,8000,Aarhus C,26/10 - 2009,01/09 - 2025,20-49
55133018,Aarhus Kommune,"JC Aarhus, Skæring Parkvej",Skæring Parkvej 7,8250,Egå,11/03 - 2008,01/09 - 2025,1
55133018,Aarhus Kommune,LYNGÅ-KOLLEGIET,Graham Bells Vej 1,8200,Aarhus N,01/01 - 1993,01/09 - 2025,1
55133018,Aarhus Kommune,BEF Stab,Værkmestergade 15,8000,Aarhus C,26/10 - 2009,01/09 - 2025,20-49
55133018,Aarhus Kommune,VH Borgercenter Midt,P.P. Ørums Gade 11,8000,Aarhus C,06/11 - 2017,01/09 - 2025,1
55133018,Aarhus Kommune,Nygårdsvej Ledsageordning,"Nygårdsvej 1A, st. 1.",8270,Højbjerg,27/02 - 2018,01/09 - 2025,1
55133018,Aarhus Kommune,VH Borgercenter Syd,Bøgeskov Høvej 5D,8260,Viby J,08/11 - 2017,01/09 - 2025,1
55133018,Aarhus Kommune,STU Lyngå,Graham Bells Vej 4,8200,Aarhus N,07/11 - 2017,01/09 - 2025,1
55133018,Aarhus Kommune,Kalmar-huset,Kalmargade 58,8200,Aarhus N,26/01 - 2018,01/09 - 2025,
55133018,Aarhus Kommune,Havbo Bosted,Havkærparken 47D,8381,Tilst,29/06 - 2017,01/09 - 2025,15
55133018,Aarhus Kommune,Dalgården skolen,Oddervej 249,8270,Højbjerg,14/11 - 2016,01/09 - 2025,10-19
55133018,Aarhus Kommune,Skødstrup hus 4,Tronkærgårdsvej 6,8541,Skødstrup,15/09 - 2016,01/09 - 2025,
55133018,Aarhus Kommune,"Kontaktstedet, UC Gadeplan, Ungecentret Skanderborgvej",Gudrunsvej 78,8220,Brabrand,08/02 - 2017,01/09 - 2025,2
55133018,Aarhus Kommune,Borgercenter Vest,Havkærparken 45,8381,Tilst,04/04 - 2022,01/09 - 2025,5
55133018,Aarhus Kommune,Solbakken Birkebo,Hejredalsvej 146,8220,Brabrand,01/06 - 2020,01/09 - 2025,
55133018,Aarhus Kommune,Solbakken Birkedalen,Hejredalsvej 142,8220,Brabrand,01/06 - 2020,01/09 - 2025,
55133018,Aarhus Kommune,Solbakken Birkebo/ Birkedalen,Hejredalsvej 144,8220,Brabrand,01/10 - 2020,01/09 - 2025,
55133018,Aarhus Kommune,AKTIVITETSHUSET,Havkærparken 45,8381,Tilst,01/01 - 1993,01/09 - 2025,1
55133018,Aarhus Kommune,Fritids- og Ungdomsskolen Nord afd. Ungdomsskolen Nord,Lisbjergvej 13,8200,Aarhus N,01/08 - 2004,15/09 - 2025,1
55133018,Aarhus Kommune,Center for Læring,Louisevej 29,8220,Brabrand,01/01 - 2006,01/03 - 2024,1
55133018,Aarhus Kommune,Jobcenter Aarhus - afd. Jægergårdsgade 97,Jægergårdsgade 97,8000,Aarhus C,08/02 - 2013,01/09 - 2025,18
55133018,Aarhus Kommune,"Sundhed og Omsorg, Høgevej 25B",Høgevej 25B,8210,Aarhus V,02/03 - 2018,26/07 - 2024,42
55133018,Aarhus Kommune,Sundhedsplejen Øst,Høgevej 25B,8210,Aarhus V,07/11 - 2019,01/03 - 2024,1
55133018,Aarhus Kommune,"Jobcenter Aarhus, Job & Virksomhedsservice",Værkmestergade 13A,8000,Aarhus C,01/05 - 2020,01/09 - 2025,23
55133018,Aarhus Kommune,Center for Mestring - Udsatte,Nørre Allé 31,8000,Aarhus C,01/02 - 2023,31/12 - 2024,1
55133018,Aarhus Kommune,Ledsagerordning Bofællesskabet Mårslet,"Ved Kirken 17, st. 1.",8320,Mårslet,06/05 - 2020,09/09 - 2025,1
55133018,Aarhus Kommune,"Familiecentret FBU, modtagelse mv.",Karen Blixens Boulevard 7,8220,Brabrand,01/01 - 1997,01/12 - 2025,2
55133018,Aarhus Kommune,"Center for Boområdet, driftsområdet for Socialpsykiatri, Socialforvaltningen","Nørre Allé 31, 1",8000,Aarhus C,20/08 - 2009,01/12 - 2025,1
55133018,Aarhus Kommune,Familiecentret og Børnecentret - Vejlby Centervej,Vejlby Centervej 52,8240,Risskov,01/01 - 1993,01/12 - 2025,14
55133018,Aarhus Kommune,Snåstrup Vestergaard - Aktivitetstilbud,Silkeborgvej 939,8462,Harlev J,17/01 - 2011,01/12 - 2025,6
55133018,Aarhus Kommune,Servicecenter IT - Magistraten for Sociale Forhold og Beskæftigelse,"Værkmestergade 15C, 5",8000,Aarhus C,10/08 - 2009,01/12 - 2025,52
55133018,Aarhus Kommune,CFR - Rehabiliteringsforløb,Nørre Allé 31,8000,Aarhus C,01/01 - 1993,01/12 - 2025,9
55133018,Aarhus Kommune,"Familier, Børn og Unge","Værkmestergade 15B, 3",8000,Aarhus C,10/08 - 2009,01/12 - 2025,5
55133018,Aarhus Kommune,Ydelsescenter Aarhus afd. JG. 97,Jægergårdsgade 97,8000,Aarhus C,06/02 - 2013,01/12 - 2025,1
55133018,Aarhus Kommune,Majvænget Ledsagerordning VH,Nygårdsvej 43,8270,Højbjerg,27/02 - 2018,01/12 - 2025,1
55133018,Aarhus Kommune,Ledsageordningen Tranbjerg (Borgercenter Syd VH),Trankærgårdsvej 108,8310,Tranbjerg J,27/02 - 2018,01/12 - 2025,8
55133018,Aarhus Kommune,Hvilstedhus VH dag,Hvilstedvej 16,8355,Solbjerg,26/02 - 2018,01/12 - 2025,1
55133018,Aarhus Kommune,BC Mini-institutionerne,Vejlby Centervej 52,8240,Risskov,28/03 - 2019,01/12 - 2025,
55133018,Aarhus Kommune,Lisbjerg Ledsagere,Marie Belows Vej 6,8200,Aarhus N,26/06 - 2018,01/12 - 2025,4
55133018,Aarhus Kommune,Skovlund ledsagere,Skejbygårdsvej 37,8240,Risskov,04/04 - 2018,01/12 - 2025,1
55133018,Aarhus Kommune,Lyngå Kollegiet Ledsagere,"Graham Bells Vej 1B, st. 1.",8200,Aarhus N,26/06 - 2018,01/12 - 2025,1
55133018,Aarhus Kommune,Bofællesskabet Skødstrup Ledsagere VH,Tronkærgårdsvej 102 1.,8541,Skødstrup,26/06 - 2018,01/12 - 2025,9
55133018,Aarhus Kommune,Ungecenter,Karen Blixens Boulevard 7,8220,Brabrand,01/05 - 2024,01/12 - 2025,1
55133018,Aarhus Kommune,UNGECENTER DØGN OG STØTTE,Skanderborgvej 156,8260,Viby J,01/01 - 2024,01/12 - 2025,
55133018,Aarhus Kommune,Elev 123,Engelstoft 119,8520,Lystrup,03/07 - 2017,01/09 - 2025,1
55133018,Aarhus Kommune,Elev ledsagere,Engelstoft 119,8520,Lystrup,26/06 - 2018,01/12 - 2025,2
55133018,Aarhus Kommune,"Klub Nord, VH",Sønder Allé 33,8000,Aarhus C,04/04 - 2018,01/09 - 2025,3
55133018,Aarhus Kommune,VH Borgercenter Nord,Sønder Allé 33,8000,Aarhus C,27/06 - 2017,01/09 - 2025,1
55133018,Aarhus Kommune,Center for Mestring MidtVest,"Hermodsvej 5C, 2",8230,Åbyhøj,01/01 - 1995,01/12 - 2025,79
55133018,Aarhus Kommune,CFR - Psykiatriens Hus,P.P. Ørums Gade 11,8000,Aarhus C,18/12 - 2018,01/12 - 2025,34
55133018,Aarhus Kommune,ÅRHUS KOMMUNE Kontakthuset,"Toldbodgade 7, st",8000,Aarhus C,01/01 - 2002,31/12 - 2025,11
55133018,Aarhus Kommune,Erhvervsgrunduddannelsen (EGU),Værkmestergade 13A,8000,Aarhus C,06/03 - 2008,31/12 - 2025,1
55133018,Aarhus Kommune,Botræningen Rosenhøj,"Rosenhøj 7C, kl",8260,Viby J,01/01 - 2007,31/12 - 2025,0
55133018,Aarhus Kommune,Netværkets gruppetilbud og ungetilbud,Katrinebjergvej 81,8200,Aarhus N,01/01 - 1995,31/12 - 2025,0
55133018,Aarhus Kommune,Center for Misbrugsbehandling - Sundhedsindsats,Sumatravej 3C,8000,Aarhus C,17/01 - 2018,31/12 - 2025,10-19
55133018,Aarhus Kommune,Gratis Psykologhjælp til Unge,"Nørre Allé 30, 1. th.",8000,Aarhus C,01/06 - 2022,31/12 - 2025,5
55133018,Aarhus Kommune,"Turbo, Ungecenter Døgn og Støtte",Korsagervej 15,8230,Åbyhøj,01/10 - 2005,01/12 - 2025,22
55133018,Aarhus Kommune,Ydelsescenter Central Sekretariat,Værkmestergade 15G,8000,Aarhus C,26/10 - 2009,01/12 - 2025,9
55133018,Aarhus Kommune,Center for trivsel,"Grøndalsvej 1B, 1",8260,Viby J,03/07 - 2024,01/12 - 2025,8
55133018,Aarhus Kommune,CMMV BOF Herredesvang,"Fjældevænget 20, st. tv.",8210,Aarhus V,01/01 - 2025,01/06 - 2026,
55133018,Aarhus Kommune,Forsorgshjemmet Østervang,Trankær Mosevej 25,8310,Tranbjerg J,01/01 - 1993,01/12 - 2025,6
55133018,Aarhus Kommune,Ungdomskolen Øst og Vest,Louisevej 29,8220,Brabrand,01/01 - 1993,15/09 - 2025,95
55133018,Aarhus Kommune,Driftsområdet for voksen handicap,"Værkmestergade 15A, 3",8000,Aarhus C,01/01 - 1993,01/12 - 2025,89
55133018,Aarhus Kommune,Center for job og arbejdsfastholdelse,Vejlby Centervej 52,8240,Risskov,11/03 - 2008,01/12 - 2025,1
55133018,Aarhus Kommune,Rådgivnings- og Visitationscenter VH,Grøndalsvej 1,8260,Viby J,27/08 - 2008,01/12 - 2025,5
55133018,Aarhus Kommune,Center for Mestring,"Nørre Allé 31, 3",8000,Aarhus C,03/12 - 2009,01/12 - 2025,72
55133018,Aarhus Kommune,Familiecentret - Administration,Karen Blixens Boulevard 7,8220,Brabrand,12/08 - 2010,01/12 - 2025,209
55133018,Aarhus Kommune,Ungdomskulturhuset - AAK,Tage-Hansens Gade 8B,8000,Aarhus C,01/12 - 2015,31/12 - 2025,1
55133018,Aarhus Kommune,Jobcenter Aarhus Center for Særlig Jobrettet Indsats,"Værkmestergade 15B, 3",8000,Aarhus C,01/08 - 2018,01/12 - 2025,2
55133018,Aarhus Kommune,Aarhus kommunes Idrætscentre,"F. Vestergaards Gade 5, 2",8000,Aarhus C,27/02 - 2009,31/03 - 2026,10
55133018,Aarhus Kommune,CMMV BOF Marselisborg Allé,Marselisborg Allé 1C,8000,Aarhus C,27/09 - 2012,01/06 - 2026,1
55133018,Aarhus Kommune,UUA Opgang til Opgang,Gudrunsvej 78,8220,Brabrand,12/04 - 2021,01/06 - 2026,11
55133018,Aarhus Kommune,TRANBJERG BIBLIOTEK,"Kirketorvet 6B, st. 6.",8310,Tranbjerg J,01/01 - 1998,,0
55133018,Aarhus Kommune,Egå Kombi-bibliotek,Egå Havvej 5,8250,Egå,01/01 - 1998,,0
55133018,Aarhus Kommune,HARLEV BIBLIOTEK,Næshøjvej 2D,8462,Harlev J,01/01 - 1998,,0
55133018,Aarhus Kommune,SOLBJERG BIBLIOTEK,Kærgårdsvej 4K,8355,Solbjerg,01/01 - 1998,,1
55133018,Aarhus Kommune,SABRO BIBLIOTEK,Sabro Skolevej 4,8471,Sabro,01/01 - 1998,,0
55133018,Aarhus Kommune,BEDER-MALLING BIBLIOTEK,Kirkebakken 41,8330,Beder,01/01 - 1998,,0
55133018,Aarhus Kommune,TILST BIBLIOTEK,Tilst Skolevej 13A,8381,Tilst,01/01 - 1998,,0
55133018,Aarhus Kommune,Trige Kombi-bibliotek,Smedebroen 21D,8380,Trige,01/01 - 1998,,0
55133018,Aarhus Kommune,LYSTRUP BIBLIOTEK,Bystævnet 4B,8520,Lystrup,01/01 - 1998,,0
55133018,Aarhus Kommune,HASLE BIBLIOTEK,Kappelvænget 2,8210,Aarhus V,01/01 - 1998,,0
55133018,Aarhus Kommune,Skødstrup Kombi-bibliotek,Rosenbakken 2C,8541,Skødstrup,01/01 - 1998,,2-4
55133018,Aarhus Kommune,Kaløvigskolen - Skovager,Skovager 4,8530,Hjortshøj,17/03 - 2026,,
55133018,Aarhus Kommune,CMMV BOF Tjelevej,"Tjelevej 26, 1. tv.",8240,Risskov,27/09 - 2012,30/06 - 2026,1
55133018,Aarhus Kommune,Center for Fleksjob og Særlige Virksomhedsindsatser,Silkeborgvej 622,8220,Brabrand,26/10 - 2009,,131
55133018,Aarhus Kommune,Job & Virksomhedsservice,Værkmestergade 5,8000,Aarhus C,13/09 - 2010,,153
55133018,Aarhus Kommune,CFR - Rehabiliteringsforløb - Praktiske Øvebaner - Kaffehjørnet,"Museumsgade 2, st. tv.",8000,Aarhus C,01/01 - 2006,,3
55133018,Aarhus Kommune,Sociale Forhold og Beskæftigelse - Vejlby Centervej 52,Vejlby Centervej 52,8240,Risskov,01/09 - 2024,,266
55133018,Aarhus Kommune,CBB Abildhus Aktivitetstilbud,Abildgade 23,8200,Aarhus N,01/01 - 1993,,24
55133018,Aarhus Kommune,CB Nygårdsvej,Nygårdsvej 1Y,8270,Højbjerg,01/03 - 2022,,40
55133018,Aarhus Kommune,CAV Kilebo Hus 1-2,"Havkærparken 51, st",8381,Tilst,01/01 - 2024,,34
55133018,Aarhus Kommune,CB BOF Hall Sti,Hallssti 39,8000,Aarhus C,01/01 - 2025,,2
55133018,Aarhus Kommune,CBB Bøgeskovgård Advansor,Rosbjergvej 7A,8220,Brabrand,01/01 - 2024,,1
55133018,Aarhus Kommune,CBB Kompetencecenter Nord,Katrinebjergvej 83,8200,Aarhus N,01/01 - 1993,,26
55133018,Aarhus Kommune,CBB Skejbyparken,Skejbyparken 53,8200,Aarhus N,06/08 - 2009,,15
55133018,Aarhus Kommune,CBB Bøgeskovgård Sinful,Søren Nymarks Vej 1C,8270,Højbjerg,01/01 - 2025,,
55133018,Aarhus Kommune,CSV Majvænget 2,Serinedalen 4,8340,Malling,01/07 - 2025,,
55133018,Aarhus Kommune,Sociale Forhold og Beskæftigelse - Oddervej 249,Oddervej 249,8270,Højbjerg,13/03 - 2014,,2
55133018,Aarhus Kommune,UUV Genstart,"Toldbodgade 5, st",8000,Aarhus C,01/01 - 1994,,10
55133018,Aarhus Kommune,Center for Mestring Syd,Rundhøj Allé 2,8270,Højbjerg,01/01 - 1993,,66
55133018,Aarhus Kommune,CBV Bofællesskabet Elevhus - Hus 4-5,Engelstoft 125,8520,Lystrup,03/07 - 2017,,42
55133018,Aarhus Kommune,CBV Elevhus Aktivitetstilbud,Engelstoft 121,8520,Lystrup,01/06 - 2016,,1
55133018,Aarhus Kommune,CBV Mårslet nr. 15,"Ved Kirken 15, st. 1.",8320,Mårslet,01/01 - 1993,,12
55133018,Aarhus Kommune,CBV Mårslet nr. 17,"Ved Kirken 17, st. 1.",8320,Mårslet,06/05 - 2020,,23
55133018,Aarhus Kommune,CBV Skødstrup hus 4 og Aktivitetstilbud,Tronkærgårdsvej 106,8541,Skødstrup,25/10 - 2024,,44
55133018,Aarhus Kommune,CBV Mårslet nr. 23,"Ved Kirken 23, st. 1.",8320,Mårslet,30/07 - 2025,,17
55133018,Aarhus Kommune,CBV Mårslet nr. 19,"Ved Kirken 19, st. 1.",8320,Mårslet,30/07 - 2025,,16
55133018,Aarhus Kommune,"Rusmiddelcenter Aarhus, afdeling i Jægergårdsgade 66",Jægergårdsgade 66,8000,Aarhus C,01/01 - 1993,,56
55133018,Aarhus Kommune,Neuropædagogisk Team - hjerneskade,Evald Krogs Gade 7,8000,Aarhus C,01/01 - 2023,,28
55133018,Aarhus Kommune,"Rusmiddelcenter Aarhus, afdeling på Sumatravej 3","Sumatravej 3A, st",8000,Aarhus C,01/01 - 1993,,56
55133018,Aarhus Kommune,CFR Værkstedet Rørdrumsvej,Rørdrumvej 13A,8220,Brabrand,01/01 - 2005,,9
55133018,Aarhus Kommune,Aarhus STU Syd,Nygårdsvej 25,8270,Højbjerg,01/01 - 2023,,8
55133018,Aarhus Kommune,CBV Mårslet Bofælleskab og Aktivitetscenter,Ved Kirken 21A,8320,Mårslet,27/02 - 2018,,4
55133018,Aarhus Kommune,"CAV Sol- og Sagagårdens dagtilbud, Oddervej 249 C-D",Oddervej 249C,8270,Højbjerg,02/07 - 2025,,
55133018,Aarhus Kommune,CBV Bofællesskabet Havkærparken - Havkærparken 46,Havkærparken 46,8381,Tilst,06/08 - 2009,,2
55133018,Aarhus Kommune,CBB Bøgeskovgård Aktivitetstilbud,Bøgeskov Høvej 5,8260,Viby J,01/08 - 2004,,28
55133018,Aarhus Kommune,CAV Havkærparken & Aktivitetscenter - Havkærparken 45,Havkærparken 45,8381,Tilst,03/08 - 2017,,30
55133018,Aarhus Kommune,Center for Mestring - Hermodsvej 5C,Hermodsvej 5C,8230,Åbyhøj,11/12 - 2009,,78
55133018,Aarhus Kommune,"Job, Udsatte og Socialpsykiatri - Nørre Allé 31",Nørre Allé 31,8000,Aarhus C,03/12 - 2009,,97
55133018,Aarhus Kommune,Sociale Forhold og Beskæftigelse - Værkmestergade 3,"Værkmestergade 3, 1",8000,Aarhus C,01/01 - 1993,,169
55133018,Aarhus Kommune,UUA Café Monroe,Vester Allé 3C,8000,Aarhus C,11/03 - 2008,,3
55133018,Aarhus Kommune,Sociale Forhold og Beskæftigelse - Karen Blixens Boulevard 7,Karen Blixens Boulevard 7,8220,Brabrand,01/01 - 2024,,295
55133018,Aarhus Kommune,UDS Kløvedal Botilbud,"Malmøgade 9A, st. mf.",8200,Aarhus N,20/02 - 2018,,17
55133018,Aarhus Kommune,"UDS Kløvedal, Ungecenter Døgn og Støtte",Malmøgade 7,8200,Aarhus N,26/09 - 2023,,1
55133018,Aarhus Kommune,Dagtilbud 5101 -Tovshøj afd. Vuggestuen Mælkebøtten,Lenesvej 25,8220,Brabrand,01/01 - 1993,,1
55133018,Aarhus Kommune,Holme-Rundhøj Dagtilbud - 7171 afd. Vuggestuen 65,Rundhøj Allé 65,8270,Højbjerg,01/01 - 1993,,4
55133018,Aarhus Kommune,Dagtilbud 5131 - Åbyhøj afd. Børnehaven Solnæs,Præstevangsvej 10,8210,Aarhus V,01/01 - 1993,,1
55133018,Aarhus Kommune,Natursamarbejdet,Louisevej 100,8220,Brabrand,01/01 - 2002,,1
55133018,Aarhus Kommune,Kantinen i Jægergården,Værkmestergade 15,8000,Aarhus C,26/10 - 2009,,2
55133018,Aarhus Kommune,ÅK MTM EJD Viceværter,Eskelundvej 11,8260,Viby J,30/03 - 2010,,4
55133018,Aarhus Kommune,Langenæs Dagtilbud - 7231 afd. Naturbørnehaven Projekt Mariendal,Mågevænget 24,8330,Beder,14/03 - 2011,,2
55133018,Aarhus Kommune,CB Ryhavekollegiet,"Bispehavevej 1, st",8210,Aarhus V,31/10 - 2025,,
55133018,Aarhus Kommune,Aarhus Kommune Skovgaardsgade 3B,Skovgaardsgade 3B,8000,Aarhus C,26/01 - 2012,,2
55133018,Aarhus Kommune,Område Marselisborg,Ankersgade 19,8000,Aarhus C,31/10 - 2012,,1
55133018,Aarhus Kommune,Appetit Syd Skanderborgvej,Skanderborgvej 156,8260,Viby J,11/11 - 2013,,1
55133018,Aarhus Kommune,"Soras Kollegiet, Ungecenter Døgn og Støtte",Vestergade 72,8000,Aarhus C,11/03 - 2014,,1
55133018,Aarhus Kommune,Bevægelseshuset,Karen Blixens Boulevard 27,8220,Brabrand,01/10 - 2021,,1
55133018,Aarhus Kommune,Ungemiljøet Beder/Malling,Byvej 9,8330,Beder,10/06 - 2022,,1
55133018,Aarhus Kommune,Skovhøj Kantorvænget,Kantorvænget 35,8240,Risskov,29/06 - 2022,,1
55133018,Aarhus Kommune,Aarhus Kommune Kjeld Tolstrups Gade 5,Kjeld Tolstrups Gade 5,8000,Aarhus C,01/11 - 2023,,2
55133018,Aarhus Kommune,"Sundhed og Omsorg, Rosenhøj 29",Rosenhøj 29,8260,Viby J,01/03 - 2024,,11
55133018,Aarhus Kommune,Langenæs Dagtilbud - 7231 afd. Naturbørnehaven Giberhytten,Fulden Byvej 55,8330,Beder,01/01 - 1993,,1
55133018,Aarhus Kommune,GELLERUPBADET,Karen Blixens Boulevard 41A,8220,Brabrand,15/10 - 1979,,21
55133018,Aarhus Kommune,Holme-Rundhøj Dagtilbud - 7171 afd. Elverhøj,Nygårdsvej 11,8270,Højbjerg,01/01 - 1993,,27
55133018,Aarhus Kommune,Fritid og Ungdom Syd afd. Legepladsen Skansen,Strandvejen 38,8000,Aarhus C,01/01 - 1993,,2
55133018,Aarhus Kommune,HÅRUP SKOLE,Salonikivej 14,8530,Hjortshøj,01/01 - 1993,,38
55133018,Aarhus Kommune,Dagtilbud 4151 - Hasle afd. Børnehuset Bakken,Herredsvej 19,8210,Aarhus V,01/01 - 1993,,21
55133018,Aarhus Kommune,Tranbjergskolen afdeling Grønløkke Alle,Grønløkke Allé 9,8310,Tranbjerg J,01/01 - 1993,,40
55133018,Aarhus Kommune,Dagtilbud 1421 - Strand afd. Børnehuset ved Åen,Brobjerg Parkvej 62,8250,Egå,01/01 - 1993,,35
55133018,Aarhus Kommune,Klub 3/Ungemiljø Sødal,Louisevej 29,8220,Brabrand,01/01 - 1993,,7
55133018,Aarhus Kommune,Dagtilbud 7471 - Tranbjerg afd. Legehuset Regnbuen,Børupvej 2,8310,Tranbjerg J,01/01 - 1993,,21
55133018,Aarhus Kommune,"Gl. Brabrand-Sødalen dagtilbud - Afd. Solskin, Byleddet",Byleddet 22A,8220,Brabrand,01/01 - 1993,,18
55133018,Aarhus Kommune,"Sundhed og Omsorg, Ankersgade 21",Ankersgade 21,8000,Aarhus C,01/01 - 1994,,29
55133018,Aarhus Kommune,Dagilbud 6441 - Søndervang afd. Børnehuset Luften,Søndervangs Allé 40,8260,Viby J,01/01 - 1993,,29
55133018,Aarhus Kommune,Midtbyens Dagtilbud - 3361 afd. Skattekisten,Knudrisgade 7B,8000,Aarhus C,01/01 - 1993,,36
55133018,Aarhus Kommune,"Sundhed og Omsorg, Kingosvej 1",Kingosvej 1,8230,Åbyhøj,01/01 - 1993,,96
55133018,Aarhus Kommune,Dagtilbud 3191 - Christiansbjerg afd. Børnehuset Malmøgade,Malmøgade 10,8200,Aarhus N,01/01 - 1993,,29
55133018,Aarhus Kommune,Eventyrskoven,Skovgårdsvænget 600,8310,Tranbjerg J,01/01 - 1993,,24
55133018,Aarhus Kommune,Lystrup-Elsted Dagtilbud - 2661 afd. Elsted Børnehus,Elsted Byvej 38,8520,Lystrup,01/01 - 1993,,19
55133018,Aarhus Kommune,Lystrup-Elsted Dagtilbud - 2661 afd. Hasselhaven,Hasselhaven 1,8520,Lystrup,01/01 - 1993,,18
55133018,Aarhus Kommune,Dagtilbud 6181 - Stautrup afd. Børnehøjen,Højvangsvej 1A,8260,Viby J,01/01 - 1993,,21
55133018,Aarhus Kommune,MALLING SKOLE,Lundshøjgårdsvej 19,8340,Malling,01/01 - 1993,,60
55133018,Aarhus Kommune,"Sundhed og Omsorg, Lystrup Centervej 78",Lystrup Centervej 78,8520,Lystrup,01/01 - 1993,,122
55133018,Aarhus Kommune,Sødalsskolen,Louisevej 29,8220,Brabrand,01/01 - 1993,,51
55133018,Aarhus Kommune,Kløverskolen,Karen Blixens Boulevard 59,8220,Brabrand,01/01 - 1993,,55
55133018,Aarhus Kommune,Dagtilbud 8261 - Mårslet afd. Valhalla,Bedervej 86,8320,Mårslet,01/01 - 1993,,22
55133018,Aarhus Kommune,Fritidsklubben i Gellerup og Toveshøj,Karen Blixens Boulevard 59,8220,Brabrand,01/01 - 1993,,13
55133018,Aarhus Kommune,CBB Bofællesskab Stautruphus,Stavtrupvej 183,8260,Viby J,01/01 - 1993,,26
55133018,Aarhus Kommune,Fritid og Ungdom Syd afd. Legepladsen Svendgård,Byvej 9,8330,Beder,01/01 - 1993,,6
55133018,Aarhus Kommune,Dagtilbud 6881 - Hasselager-Kolt afd. Børnehuset Pilehytten,Pilegårdsvej 89,8361,Hasselager,01/01 - 1993,,20
55133018,Aarhus Kommune,KALØVIGSKOLEN,Sanatorievej 38,8541,Skødstrup,01/01 - 1993,,25
55133018,Aarhus Kommune,Børnehuset Gimlehøj og Mimershøj,"Jørgen Clevins Gade 29, st. tv.",8200,Aarhus N,01/01 - 1993,,49
55133018,Aarhus Kommune,Dagtilbud 6501 - Vestergård afd. 2-Kløveren,Onsholtgårdsvej 2,8260,Viby J,01/01 - 1993,,40
55133018,Aarhus Kommune,Dagtilbud 2461 - Hårup-Elev afd. Krokodillehaven,Koldkilde 9,8520,Lystrup,01/01 - 1993,,29
55133018,Aarhus Kommune,LYSTRUP SKOLE,Lystrupvej 256A,8520,Lystrup,01/01 - 1993,,87
55133018,Aarhus Kommune,Dagtilbud 6881 - Hasselager-Kolt afd. Labyrinten,Kolt Østervej 53,8361,Hasselager,01/01 - 1993,,24
55133018,Aarhus Kommune,Dagtilbud 1391 - Skødstrup afd. Børnehaven Bakkehuset,Kløvervangen 68,8541,Skødstrup,01/01 - 1993,,14
55133018,Aarhus Kommune,SFO Vestergårdskolen afd. ORMSLEVVEJ,Ormslevvej 75,8260,Viby J,01/01 - 1993,,24
55133018,Aarhus Kommune,KRAGELUNDSKOLEN,Aage Jedichs Vej 3,8270,Højbjerg,01/01 - 1993,,91
55133018,Aarhus Kommune,Frederiksbjergklubben,Ingerslevs Boulevard 2A,8000,Aarhus C,01/01 - 1993,,14
55133018,Aarhus Kommune,"Sundhed og Omsorg, Skovlundgårdsvej 51",Skovlundgårdsvej 51,8260,Viby J,01/01 - 1993,,423
55133018,Aarhus Kommune,Dagtilbud 6511 - Viby afd. Østerbo Vuggestue og Børnehave,Bjørnbaksvej 19,8260,Viby J,01/01 - 1993,,36
55133018,Aarhus Kommune,Dagtilbud 4251 - Møllevang afd. Ovenpå,Fuglebakkevej 66,8210,Aarhus V,01/01 - 1993,,20
55133018,Aarhus Kommune,GAMMELGAARDSSKOLEN,Carit Etlars Vej 31,8230,Åbyhøj,01/01 - 1993,,97
55133018,Aarhus Kommune,BEDER SKOLE,Skoleparken 6,8330,Beder,01/01 - 1993,,109
55133018,Aarhus Kommune,Dagtilbud 4151 - Hasle afd. Børnehuset Hobbitten,Septembervej 23,8210,Aarhus V,01/01 - 1993,,18
55133018,Aarhus Kommune,"Sundhed og Omsorg, Rymarken 120",Rymarken 120,8210,Aarhus V,01/01 - 1993,,146
55133018,Aarhus Kommune,HASLE SKOLE,Herredsvej 15,8210,Aarhus V,01/01 - 1993,,108
55133018,Aarhus Kommune,Dagtilbud 1321 - Risskov afd. Vuggestuen Solsikken,Solbakken 5,8240,Risskov,01/01 - 1993,,23
55133018,Aarhus Kommune,"Sundhed og Omsorg, Voldbækvej 92",Voldbækvej 92,8220,Brabrand,01/01 - 1993,,84
55133018,Aarhus Kommune,Bavnehøj Skole,Koltvej 17,8361,Hasselager,01/01 - 1993,,71
55133018,Aarhus Kommune,Holme-Rundhøj Dagtilbud - 7171 afd. Holme Fælleshus,Urmagertoften 24,8270,Højbjerg,01/01 - 1993,,25
55133018,Aarhus Kommune,ÅRHUS KOMMUNE RÅDHUSET,Rådhuspladsen 2,8000,Aarhus C,01/01 - 1993,,323
55133018,Aarhus Kommune,"Sundhed og Omsorg, Sabro Kirkevej 151",Sabro Kirkevej 151,8471,Sabro,01/01 - 1993,,50
55133018,Aarhus Kommune,Sociale Forhold og Beskæftigelse - Skanderborgvej 156,Skanderborgvej 156,8260,Viby J,01/01 - 1993,,130
55133018,Aarhus Kommune,Frederiksbjerg Skole,Ingerslevs Boulevard 2A,8000,Aarhus C,01/01 - 1993,,92
55133018,Aarhus Kommune,Tandplejen Aarhus,Grøndalsvej 2,8260,Viby J,01/01 - 1993,,16
55133018,Aarhus Kommune,Dagtilbud 8401 - Skåde afd. Børnehuset Elmehøj,Elmehøjvej 4,8270,Højbjerg,01/01 - 1993,,27
55133018,Aarhus Kommune,Dagtilbud 3381 - Trøjborg afd. Vuggestuen Trøjborg,Barthsgade 20,8200,Aarhus N,01/01 - 1993,,15
55133018,Aarhus Kommune,Børnehaven Gl. Egå,Eghøjvej 6,8250,Egå,01/01 - 1993,,16
55133018,Aarhus Kommune,LÆSSØESGADES SKOLE,Læssøesgade 24,8000,Aarhus C,01/01 - 1993,,79
55133018,Aarhus Kommune,Dagtilbud 1421 - Strand afd. Julsøvej,Julsøvej 3,8240,Risskov,01/01 - 1993,,15
55133018,Aarhus Kommune,"Sundhed og Omsorg, Holmegårdsvej 45",Holmegårdsvej 45,8270,Højbjerg,01/01 - 1993,,64
55133018,Aarhus Kommune,Holme-Rundhøj - Dagtilbud 7171 afd. Børnehuset Jorden Rundt,Rundhøj Allé 83,8270,Højbjerg,01/01 - 1993,,32
55133018,Aarhus Kommune,VIBY SKOLE,Kirkevej 2A,8260,Viby J,01/01 - 1993,,65
55133018,Aarhus Kommune,Lystrup-Elsted Dagtilbud - 2661 afd. Børnehuset Lyset,Indelukket 5,8520,Lystrup,01/01 - 1993,,21
55133018,Aarhus Kommune,Fritid og Ungdom Syd afd. Legepladsen Tranbjerg,Kirkevænget 339,8310,Tranbjerg J,01/01 - 1993,,5
55133018,Aarhus Kommune,Klubben Bodøgården,Bodøvej 96,8200,Aarhus N,01/01 - 1993,,15
55133018,Aarhus Kommune,Dagtilbud 1421 - Strand afd. Vuggestuen Pilehuset,Brobjerg Parkvej 60,8250,Egå,01/01 - 1993,,20
55133018,Aarhus Kommune,"Sundhed og Omsorg, Bushøjvænget 113",Bushøjvænget 113,8270,Højbjerg,01/01 - 1994,,104
55133018,Aarhus Kommune,"Sundhed og Omsorg, Sommersmindevej 2",Sommersmindevej 2,8250,Egå,01/01 - 1993,,115
55133018,Aarhus Kommune,Dagtilbud 3531 - Skejby-Vorrevang afd. Skibet,Skejbytoften 230,8200,Aarhus N,01/01 - 1993,,18
55133018,Aarhus Kommune,STENSAGERSKOLEN,Janesvej 2,8220,Brabrand,01/01 - 1993,,164
55133018,Aarhus Kommune,Børnehuset ved Skoven,Kantorvænget 31,8240,Risskov,01/01 - 1994,,36
55133018,Aarhus Kommune,"Sundhed og Omsorg, Grønnegade 10",Grønnegade 10,8000,Aarhus C,01/01 - 1993,,51
55133018,Aarhus Kommune,VESTERGÅRDSKOLEN,Nordbyvej 25,8260,Viby J,01/01 - 1993,,85
55133018,Aarhus Kommune,Dagtilbud 6441 - Søndervang afd. Børnehuset Vandet,Søndervangs Allé 40,8260,Viby J,01/01 - 1993,,30
55133018,Aarhus Kommune,Lystrup-Elsted Dagtilbud - 2661 afd. Ørnereden,Ørnedalen 2-4,8520,Lystrup,01/01 - 1993,,29
55133018,Aarhus Kommune,Klub Strand,Nellikevej 1,8240,Risskov,01/01 - 1993,,14
55133018,Aarhus Kommune,Klubberne A45,Aldersrovej 45,8200,Aarhus N,01/01 - 1993,,23
55133018,Aarhus Kommune,Klub2teket,Kappelvænget 52,8210,Aarhus V,01/01 - 1993,,28
55133018,Aarhus Kommune,Børnehuset Derudá,Høgevej 27B,8210,Aarhus V,01/01 - 1993,,33
55133018,Aarhus Kommune,Tilst Ungemiljø,Havkærvej 20,8381,Tilst,01/01 - 1993,,3
55133018,Aarhus Kommune,Hårup-Elev Dagtilbud - 2461 afd. Møllehuset,Lille Elstedvej 189,8520,Lystrup,01/01 - 1993,,28
55133018,Aarhus Kommune,NÆSHØJSKOLEN,Gammel Stillingvej 424A,8462,Harlev J,01/01 - 1993,,72
55133018,Aarhus Kommune,"Sundhed og Omsorg, Gudrunsvej 80",Gudrunsvej 80,8220,Brabrand,01/01 - 1993,,36
55133018,Aarhus Kommune,CB BOF Søndervangen,Søndervangen 90,8260,Viby J,01/01 - 1993,,24
55133018,Aarhus Kommune,Dagtilbud 6511 - Viby,Øster Allé 50,8260,Viby J,01/01 - 1993,,1
55133018,Aarhus Kommune,Møllevang Dagtilbud - 4251 afd. Væksthuset 8210,Højlyngen 1,8210,Aarhus V,01/01 - 1993,,24
55133018,Aarhus Kommune,Dagtilbud 4571 - Ellekær afd. Børnehuset Bulderby,Jernaldervej 288,8210,Aarhus V,01/01 - 1993,,20
55133018,Aarhus Kommune,Børnehuset Trolle,Herluf Trolles Gade 23B,8200,Aarhus N,01/01 - 1993,,12
55133018,Aarhus Kommune,Hovedbiblioteket,Hack Kampmanns Plads 2,8000,Aarhus C,01/01 - 1993,,178
55133018,Aarhus Kommune,Langenæs Dagtilbud - 7231 afd. Langenæsstien 8B,Langenæsstien 8B,8000,Aarhus C,01/01 - 1993,,25
55133018,Aarhus Kommune,Dagtilbud 5131 - Åbyhøj afd. Børnehaven Gammelgården,Åbyhøjvej 4,8210,Aarhus V,01/01 - 1993,,11
55133018,Aarhus Kommune,Klubben Søndervang,Søndervangs Allé 40,8260,Viby J,01/01 - 1993,,14
55133018,Aarhus Kommune,Klubben Lisbjerg,Jørgen Clevins Gade 31,8200,Aarhus N,01/01 - 1993,,8
55133018,Aarhus Kommune,Dagtilbud 2461 - Hårup-Elev afd. Hårup Børnegård,Salonikivej 26,8530,Hjortshøj,01/01 - 1993,,31
55133018,Aarhus Kommune,BAKKEGÅRDSKOLEN,Bjørnshøjvej 1,8380,Trige,01/01 - 1993,,63
55133018,Aarhus Kommune,"Sundhed og Omsorg, Vikær Toften 6",Vikær Toften 6,8240,Risskov,01/01 - 1993,,123
55133018,Aarhus Kommune,SKÅDE SKOLE,Mantziusvej 5,8270,Højbjerg,01/01 - 1993,,79
55133018,Aarhus Kommune,Børnehuset og Mariendal,Langenæs Allé 29,8000,Aarhus C,01/01 - 1993,,35
55133018,Aarhus Kommune,Dagtilbud 6181 - Stautrup afd. Søskrænten,Søskrænten 1,8260,Viby J,01/01 - 1993,,22
55133018,Aarhus Kommune,Dagtilbud 4651 - Skjoldhøj afd. Venøvej 9,Venøvej 9,8381,Tilst,01/01 - 1993,,10
55133018,Aarhus Kommune,SKØDSTRUP SKOLE,Rosenbakken 4,8541,Skødstrup,01/01 - 1993,,114
55133018,Aarhus Kommune,Åbyhøj dagtilbud - 5131,Carit Etlars Vej 31,8230,Åbyhøj,01/01 - 1993,,1
55133018,Aarhus Kommune,Sociale Forhold og Beskæftigelse - Grøndalsvej 1C,"Grøndalsvej 1C, st",8260,Viby J,01/01 - 1993,,103
55133018,Aarhus Kommune,Dagtilbud 5081 - Gl. Brabrand afd. Børnehaven Enggården,Engdalsvej 93A,8220,Brabrand,01/01 - 1993,,12
55133018,Aarhus Kommune,"Sundhed og Omsorg, Husumvej 1",Husumvej 1,8000,Aarhus C,01/01 - 1993,,39
55133018,Aarhus Kommune,Klubben Musvågevej,Musvågevej 32,8210,Aarhus V,01/01 - 1993,,15
55133018,Aarhus Kommune,Dagtilbud 4451 - Tilst afd. Valhalla,Haurumsvej 1B,8381,Tilst,01/01 - 1993,,21
55133018,Aarhus Kommune,Klubben Holme Søndergård,Nygårdsvej 5,8270,Højbjerg,01/01 - 1993,,39
55133018,Aarhus Kommune,Klubben Elsted,Elsted Skolevej 6,8520,Lystrup,01/01 - 1995,,9
55133018,Aarhus Kommune,Dagtilbud Hasle - 4151 afd. Børnehaven Charlottehøj,Bornholmsvej 9,8210,Aarhus V,01/01 - 1993,,13
55133018,Aarhus Kommune,Dagtilbud 3381 - Trøjborg afd. Skuden Skram,Peder Skrams Gade 43,8200,Aarhus N,01/01 - 1993,,21
55133018,Aarhus Kommune,"Sundhed og Omsorg, Engdalsvej 12",Engdalsvej 12,8220,Brabrand,01/01 - 1993,,50
55133018,Aarhus Kommune,Midtbyens Dagtilbud - 3361 afd. Børnhuset Villekulla,Falstersgade 35,8000,Aarhus C,01/01 - 1993,,20
55133018,Aarhus Kommune,"sundhed og Omsorg, Grenåvej 701",Grenåvej 701,8541,Skødstrup,01/01 - 1993,,59
55133018,Aarhus Kommune,Lystrup-Elsted Dagtilbud - 2661 afd. Børnehuset Godthåb,Elsted Byvej 36,8520,Lystrup,01/01 - 1993,,24
55133018,Aarhus Kommune,Børneslottet Bavnehøj,Herluf Trolles Gade 6,8200,Aarhus N,01/01 - 1993,,16
55133018,Aarhus Kommune,Tranbjergskolen afd. Kirketorvet 22,Kirketorvet 22,8310,Tranbjerg J,01/01 - 1993,,103
55133018,Aarhus Kommune,Dagtilbud 2521 - Hjortshøj afd. Solsikken,Kankbøllevej 12,8530,Hjortshøj,01/01 - 1993,,27
55133018,Aarhus Kommune,Midtbyens Dagtilbud - 3361 afd. Nørrestenbro,Knudrisgade 7A,8000,Aarhus C,01/01 - 1993,,33
55133018,Aarhus Kommune,STRANDSKOLEN,Nellikevej 1,8240,Risskov,01/01 - 1993,,87
55133018,Aarhus Kommune,Dagtilbud 6881 - Hasselager-Kolt afd. Bavnebakken,Bavnebakken 111,8361,Hasselager,01/01 - 1993,,20
55133018,Aarhus Kommune,Vuggestuen Bjørnbaksvej,Bjørnbaksvej 7,8260,Viby J,01/01 - 1993,,18
55133018,Aarhus Kommune,Dagtilbud 5541 - Gl. Åby afd. Hobbitten,Åbyvej 91,8230,Åbyhøj,01/01 - 1993,,29
55133018,Aarhus Kommune,Kløverhulen,Nygårdsvej 3B,8270,Højbjerg,01/01 - 1993,,41
55133018,Aarhus Kommune,Dagtilbud 8401 - Skåde afd Stennehøj Alle,Stennehøj Allé 202A,8270,Højbjerg,01/01 - 1993,,17
55133018,Aarhus Kommune,Vuggestuen Tusindfryd,Skæring Skolevej 210,8250,Egå,01/01 - 1993,,19
55133018,Aarhus Kommune,SØNDERVANGSKOLEN,Søndervangs Allé 40,8260,Viby J,01/01 - 1993,,78
55133018,Aarhus Kommune,Magistraten for Sociale Forhold og Beskæftigelse,Rådhuspladsen 2,8000,Aarhus C,01/01 - 1993,,64
55133018,Aarhus Kommune,Mårslet Ungdomsklub,Testrupvej 1,8320,Mårslet,01/01 - 1993,,4
55133018,Aarhus Kommune,MØLLEVANGSKOLEN,Møllevangs Allé 20,8210,Aarhus V,01/01 - 1993,,120
55133018,Aarhus Kommune,Dagtilbud 3382 - Skovvangen afd. Børnehaven Rytterparken,C.F. Jessens Vej 7,8200,Aarhus N,01/01 - 1993,,15
55133018,Aarhus Kommune,Dagtilbud 1421 - Strand afd. Vuggestuen Åkanden,Åvænget 1,8250,Egå,01/01 - 1993,,19
55133018,Aarhus Kommune,Dagtilbud 8241 - Malling afd. Børnehuset Tværgade,Tværgade 3,8340,Malling,01/01 - 1993,,17
55133018,Aarhus Kommune,Dagtilbud 3191 - Christiansbjerg afd. Vuggestuen Lillefod,Katrinebjergvej 140,8200,Aarhus N,01/01 - 1993,,29
55133018,Aarhus Kommune,Legepladsen Vidtskuevej,Vidtskuevej 25B,8260,Viby J,01/01 - 1993,,7
55133018,Aarhus Kommune,Børnehuset Fjældevænget,Fjældevænget 52,8210,Aarhus V,01/01 - 1993,,36
55133018,Aarhus Kommune,Dagtilbud 3191 - Christiansbjerg afd. DII Drivhuset og DII Haven,Bodøvej 96,8200,Aarhus N,01/01 - 1993,,50
55133018,Aarhus Kommune,DII Ellevang,Jellebakken 12,8240,Risskov,01/01 - 1993,,33
55133018,Aarhus Kommune,Hasle dagtilbud - 4151 afd. Vuggestuen Hasle,Østrevej 30,8210,Aarhus V,01/01 - 1993,,10
55133018,Aarhus Kommune,Aarhus STU Nord,Graham Bells Vej 1D,8200,Aarhus N,01/01 - 1993,,27
55133018,Aarhus Kommune,Vuggestuen Brohaven,Brohaven 1A,8250,Egå,01/01 - 1993,,20
55133018,Aarhus Kommune,Dagtilbud 6501 - Vestergård afd. Grøften,Grøfthøjparken 2,8260,Viby J,01/01 - 1993,,31
55133018,Aarhus Kommune,Klubben Nydam,Grydhøjvej 26A,8200,Aarhus N,01/01 - 1993,,10
55133018,Aarhus Kommune,Dagtilbud 5141 - Sødal afd. Vuggestuen Tommelise,Louisevej 33,8220,Brabrand,01/01 - 1993,,20
55133018,Aarhus Kommune,Klubben Malling,Ajstrupvej 49,8340,Malling,01/01 - 1993,,10
55133018,Aarhus Kommune,Dagtilbud 5551 - Harlev afd. Regnbuen,Næshøjvej 22,8462,Harlev J,01/01 - 1993,,17
55133018,Aarhus Kommune,Dagtilbud 4351 - Sabro afd. Børnehaven Sabro Skovvej,Sabro Skovvej 35A,8471,Sabro,01/01 - 1993,,18
55133018,Aarhus Kommune,SKOVVANGSKOLEN,Skovvangsvej 150,8200,Aarhus N,01/01 - 1993,,104
55133018,Aarhus Kommune,Dagtilbud 5541 - Gl.Åby afd.Perlen,B.S. Ingemanns Vej 27,8230,Åbyhøj,01/01 - 1993,,28
55133018,Aarhus Kommune,ELSTED SKOLE,Elsted Skolevej 6,8520,Lystrup,01/01 - 1993,,76
55133018,Aarhus Kommune,Dagtilbud 6881 - Hasselager-Kolt afd. Troldehøjen,Kolt Østervej 51,8361,Hasselager,01/01 - 1993,,26
55133018,Aarhus Kommune,Peddersens Hus,Jernaldervej 286,8210,Aarhus V,01/01 - 1993,,22
55133018,Aarhus Kommune,Dagtilbud 3531 - Skejby-Vorrevang afd. Børnehuset på Toppen,Næringen 97,8240,Risskov,01/01 - 1993,,21
55133018,Aarhus Kommune,ROSENVANGSKOLEN,Rosenvangs Allé 49,8260,Viby J,01/01 - 1993,,108
55133018,Aarhus Kommune,Mårslet Fritidsklub,Testrupvej 4,8320,Mårslet,01/01 - 1993,,9
55133018,Aarhus Kommune,Børnehuset Himmelblå,Byagervej 96,8330,Beder,01/01 - 1993,,24
55133018,Aarhus Kommune,RISSKOV SKOLE,Vestre Strandallé 97,8240,Risskov,01/01 - 1993,,110
55133018,Aarhus Kommune,Dagtilbud 6331 - Rosenvang afd. Vidtskuevej,Vidtskuevej 25A,8260,Viby J,01/01 - 1993,,23
55133018,Aarhus Kommune,Dagtilbud 4451 - Tilst afd. Spiloppen,Græsvangen 48,8381,Tilst,01/01 - 1993,,29
55133018,Aarhus Kommune,Dagtilbud 3382 - Skovvangen afd. Børnehuset Troldeskoven,Kornbakke Allé 60,8200,Aarhus N,01/01 - 1993,,17
55133018,Aarhus Kommune,Langenæs Dagtilbud - 7231 afd. Langenæsstien 6A,Langenæsstien 6A,8000,Aarhus C,01/01 - 1995,,23
55133018,Aarhus Kommune,Område Syd,Torvevænget 1-3A,8310,Tranbjerg J,01/01 - 1994,,128
55133018,Aarhus Kommune,CSB og Børnehus Midt - Marselis Boulevard,Marselis Boulevard 179,8000,Aarhus C,01/01 - 1993,,46
55133018,Aarhus Kommune,CSB Grøndalsvej,Grøndalsvej 65,8260,Viby J,01/01 - 1993,,85
55133018,Aarhus Kommune,DAgtilbud 6501 - Vestergård afd. Skovbørnehaven Grøftekanten,Grøfthøjparken 2,8260,Viby J,01/01 - 1993,,7
55133018,Aarhus Kommune,"Sundhed og Omsorg, Kongsgårdsvej 6",Kongsgårdsvej 6,8260,Viby J,01/01 - 1993,,186
55133018,Aarhus Kommune,"Sundhed og Omsorg, Byagervej 115",Byagervej 115,8330,Beder,01/01 - 1993,,61
55133018,Aarhus Kommune,Dagtilbud 5541 - Gl. Åby afd. Vuggestuen Silkeborgvej 88 A,Silkeborgvej 88A,8000,Aarhus C,01/01 - 1993,,21
55133018,Aarhus Kommune,Dagtilbud 8211 - Højbjerg afd. Kridthuset,Saralyst Allé 56,8270,Højbjerg,01/01 - 1993,,35
55133018,Aarhus Kommune,Langenæs Dagtilbud - 7231 afd. Vuggestuen Læssøesgade,Læssøesgade 22,8000,Aarhus C,01/01 - 1993,,26
55133018,Aarhus Kommune,VIRUPSKOLEN,Virupvej 75,8530,Hjortshøj,01/01 - 1993,,64
55133018,Aarhus Kommune,Dagtilbud 8261 - Mårslet afd. Græsbakken,Hørretvej 14B,8320,Mårslet,01/01 - 1993,,32
55133018,Aarhus Kommune,"Sundhed og Omsorg, Mosealléen 3",Mosealléen 3,8381,Tilst,01/01 - 1993,,153
55133018,Aarhus Kommune,Langenæs Dagtilbud 7231 afd. Langenæsstien 6B,Langenæsstien 6B,8000,Aarhus C,01/01 - 1993,,37
55133018,Aarhus Kommune,Lystrup-Elsted Dagtilbud - 2661 afd. Børnehaven Lystruplund,Lystruplund 36,8520,Lystrup,01/01 - 1993,,23
55133018,Aarhus Kommune,Ungdomsklubben i Gellerup og Toveshøj,Janesvej 4,8220,Brabrand,01/01 - 1993,,14
55133018,Aarhus Kommune,ENGDALSKOLEN,Hovedgaden 5,8220,Brabrand,01/01 - 1993,,107
55133018,Aarhus Kommune,ÅBY SKOLE,Åbyvej 80,8230,Åbyhøj,01/01 - 1993,,99
55133018,Aarhus Kommune,DII Børneuniverset,Lystrupvej 264,8520,Lystrup,01/01 - 1993,,30
55133018,Aarhus Kommune,Dagtilbud 5141 - Sødal afd. Børnehuset Nattergalen,Louisevej 35,8220,Brabrand,01/01 - 1993,,14
55133018,Aarhus Kommune,Klubben Skødstrup,Rosenbakken 4,8541,Skødstrup,01/01 - 1993,,13
55133018,Aarhus Kommune,Dagtilbud 1321 - Risskov afd. Børnehaven Jasminvej,Jasminvej 31,8240,Risskov,01/01 - 1993,,17
55133018,Aarhus Kommune,Dagtilbud 1391 - Skødstrup afd. Børnehaven Myrhøjen,Ny Studstrupvej 3A,8541,Skødstrup,01/01 - 1993,,16
55133018,Aarhus Kommune,Dagtilbud 4651- Skjoldhøj afd. Venøvej,Venøvej 7,8381,Tilst,01/01 - 1993,,15
55133018,Aarhus Kommune,Dagtilbud 3191 - Christiansbjerg afd Thorshavnsgade,Thorshavnsgade 16,8200,Aarhus N,01/01 - 1993,,18
55133018,Aarhus Kommune,VIBY BIBLIOTEK,Skanderborgvej 170,8260,Viby J,01/01 - 1993,,34
55133018,Aarhus Kommune,Klubben Holme Vestergård,Højbovej 9,8270,Højbjerg,01/01 - 1995,,14
55133018,Aarhus Kommune,Dagtilbud 5131 - Åbyhøj afd. Børnehuset Digterparken,Dr. Holsts Vej 52,8230,Åbyhøj,01/01 - 1993,,30
55133018,Aarhus Kommune,"Sundhed og Omsorg, Østerøgade 20",Østerøgade 20,8200,Aarhus N,01/01 - 1993,,41
55133018,Aarhus Kommune,Dagtilbud 3531 - Skejby-Vorrevang afd. Huset på bakken,Lindholmvej 2A,8200,Aarhus N,01/01 - 1993,,19
55133018,Aarhus Kommune,Frivillighuset Lokalcenter Trøjborg,Kirkegårdsvej 53,8000,Aarhus C,01/01 - 1993,,1
55133018,Aarhus Kommune,Dagtilbud 4651 - Skjoldhøj afd. Legehuset,Jernaldervænget 2,8220,Brabrand,01/01 - 1993,,15
55133018,Aarhus Kommune,Dagtilbud 3531 - Skejby-Vorrevang afd. Børnehuset Nordlys,Grydhøjvej 16A,8200,Aarhus N,01/01 - 1993,,29
55133018,Aarhus Kommune,Dagtilbud 5541 - Gl. Åby afd. Vuggestuen Heimdalsvej,Heimdalsvej 5,8230,Åbyhøj,01/01 - 1993,,15
55133018,Aarhus Kommune,Holme Skole afd. Hjulbjergvej,Hjulbjergvej 66,8270,Højbjerg,01/01 - 1993,,24
55133018,Aarhus Kommune,Dagtilbud 2521 - Hjortshøj afd. Spiren,Skovager 1,8530,Hjortshøj,01/01 - 1993,,22
55133018,Aarhus Kommune,Dagtilbud 5541 - Gl. Åby afd. Børnehaven Åby,O.I. Offersens Vej 35,8230,Åbyhøj,01/01 - 1993,,17
55133018,Aarhus Kommune,Dagtilbud 3221 - Lisbjerg afd. Børnehuset Rønnebo,Elevvej 14,8200,Aarhus N,01/01 - 1993,,17
55133018,Aarhus Kommune,Dagtilbud 5081 - Gl. Brabrand afd. Vuggestuen Spiloppen,Engdalsvej 6,8220,Brabrand,01/01 - 1993,,19
55133018,Aarhus Kommune,Midtbyens Dagtilbud - 3361 afd. Nørre Boulevard 1A,Nørre Boulevard 1A,8000,Aarhus C,01/01 - 1993,,26
55133018,Aarhus Kommune,Klubben Hjortshøj,Virupvej 75,8530,Hjortshøj,01/01 - 1993,,16
55133018,Aarhus Kommune,Dagtilbud 3381 - Trøjborg afd. Vuggestuen Rudgården,Otte Ruds Gade 26,8200,Aarhus N,01/01 - 1993,,22
55133018,Aarhus Kommune,Dagtilbud 5551 - Harlev afd. Børnehaven Næshøj,Sydbakken 6,8462,Harlev J,01/01 - 1993,,16
55133018,Aarhus Kommune,Aarhus Symfoniorkester,Skovgaardsgade 2C,8000,Aarhus C,01/01 - 1993,,89
55133018,Aarhus Kommune,Dagtilbud 4651- Skjoldhøj afd. Mariehønen,Jernaldervænget 6,8220,Brabrand,01/01 - 1993,,13
55133018,Aarhus Kommune,HOLME SKOLE,Mølleskovvej 11,8270,Højbjerg,01/01 - 1993,,58
55133018,Aarhus Kommune,Holme-Rundhøj Dagtilbud - 7171 afd. Holmetræet,Hjulbjergvej 127,8270,Højbjerg,01/01 - 1993,,37
55133018,Aarhus Kommune,Dagtilbud 1391 - Skødstrup afd. Væksthuset,Ny Studstrupvej 3C,8541,Skødstrup,01/01 - 1993,,17
55133018,Aarhus Kommune,Dagtilbud 4451 - Tilst afd. Vuggestuen Haurumsvej,Haurumsvej 1A,8381,Tilst,01/01 - 1993,,19
55133018,Aarhus Kommune,Langenæs Dagtilbud - 7231 afd. Langenæsstien 6D,Langenæsstien 6D,8000,Aarhus C,01/01 - 1995,,20
55133018,Aarhus Kommune,Dagtilbud 1391 - Skødstrup afd. Engskovgård,Engskovgård 2,8541,Skødstrup,01/01 - 1993,,17
55133018,Aarhus Kommune,Langagerskolen,Bøgeskov Høvej 10,8260,Viby J,01/01 - 1993,,92
55133018,Aarhus Kommune,ÅBY BIBLIOTEK,Ludvig Feilbergs Vej 7,8230,Åbyhøj,01/01 - 1993,,20
55133018,Aarhus Kommune,Dagtilbud 7471 - Tranbjerg afd. Børnehuset Klatretræet,Laurbærvænget 4,8310,Tranbjerg J,01/01 - 1993,,14
55133018,Aarhus Kommune,Dagtilbud 5131 - Åbyhøj afd. Børnehuset Klokkervej,Klokkervej 38,8210,Aarhus V,01/01 - 1993,,35
55133018,Aarhus Kommune,SKJOLDHØJSKOLEN,Skjoldhøjvej 11,8381,Tilst,01/01 - 1993,,93
55133018,Aarhus Kommune,"Kultur og Borgerservice, Sport og Fritid",N.J. Fjords Gade 2,8000,Aarhus C,01/01 - 1993,,70
55133018,Aarhus Kommune,Spørring Børnehus,Gammel Landevej 29,8380,Trige,01/01 - 1993,,26
55133018,Aarhus Kommune,Dagtilbud 1321 - Risskov afd. Damhuset,Tretommervej 2,8240,Risskov,01/01 - 1993,,48
55133018,Aarhus Kommune,Dagtilbud 7471 - Tranbjerg afd. Børnehuset Smilehullet,Østerby Allé 348,8310,Tranbjerg J,01/01 - 1993,,25
55133018,Aarhus Kommune,Børnehaven Labyrinten,Nordre Strandvej 159,8240,Risskov,01/01 - 1993,,23
55133018,Aarhus Kommune,Dagtilbud 3191 - Christiansbjerg afd. Idrætsbørnehaven Motalagade,Motalagade 6,8200,Aarhus N,01/01 - 1993,,18
55133018,Aarhus Kommune,"sundhed og Omsorg, Hjortshøj Stationsvej 40",Hjortshøj Stationsvej 40,8530,Hjortshøj,01/01 - 1993,,146
55133018,Aarhus Kommune,Dagtilbud 1391 - Skødstrup afd. Vuggestuen Kløvervangen,Kløvervangen 64,8541,Skødstrup,01/01 - 1993,,25
55133018,Aarhus Kommune,VORREVANGSSKOLEN,Vorregårds Allé 109,8200,Aarhus N,01/01 - 1993,,107
55133018,Aarhus Kommune,Dagtilbud 4351 - Sabro afd. Vuggestuen Sabro Skovvej,Sabro Skovvej 35B,8471,Sabro,01/01 - 1993,,16
55133018,Aarhus Kommune,Dagtilbud 4251 - Møllevang afd. Børnehuset Vesterbo,Poul Martin Møllers Vej 20,8000,Aarhus C,01/01 - 1993,,38
55133018,Aarhus Kommune,Klubben Læssøesgade,Læssøesgade 24,8000,Aarhus C,01/01 - 1995,,9
55133018,Aarhus Kommune,Baobab,Runevej 107,8210,Aarhus V,01/01 - 1993,,15
55133018,Aarhus Kommune,Dagtilbud 4451 - Tilst afd. Snurretoppen,Haurumsvej 16A,8381,Tilst,01/01 - 1993,,17
55133018,Aarhus Kommune,RUNDHØJSKOLEN,Holmevej 200,8270,Højbjerg,01/01 - 1993,,85
55133018,Aarhus Kommune,Kærgården,Kærgårdsvej 14,8355,Solbjerg,01/01 - 1993,,41
55133018,Aarhus Kommune,ELEV SKOLE,Høvej 10,8520,Lystrup,01/01 - 1993,,27
55133018,Aarhus Kommune,Dagtilbud 4451 - Tilst afd. Børnehuset Mælkevejen,Græsvangen 127,8381,Tilst,01/01 - 1993,,24
55133018,Aarhus Kommune,Kroghsgade Vuggestue,Kroghsgade 1,8000,Aarhus C,01/01 - 1994,,29
55133018,Aarhus Kommune,Klub Sølyst,Egå Havvej 5,8250,Egå,01/01 - 1993,,12
55133018,Aarhus Kommune,Midtbyens Dagtilbud - 3361 afd. Vuggestuen Ny Vimmerby,Falstersgade 17,8000,Aarhus C,01/01 - 1993,,36
55133018,Aarhus Kommune,Dagtilbud 8401 - Skåde afd. Børnehuset Søsterhøj,Elmehøjvej 2,8270,Højbjerg,01/01 - 1993,,23
55133018,Aarhus Kommune,Dagtilbud 6881 - Hasselager-Kolt afd. Spilloppen,Pilegårdsvej 95,8361,Hasselager,01/01 - 1993,,27
55133018,Aarhus Kommune,SABRO - KORSVEJSKOLEN,Sabro Skolevej 4A,8471,Sabro,01/01 - 1993,,66
55133018,Aarhus Kommune,"Sundhed og Omsorg, Skelagervej 35",Skelagervej 35,8200,Aarhus N,01/01 - 1993,,102
55133018,Aarhus Kommune,Klubben Trige,Smedebroen 21B,8380,Trige,01/01 - 1993,,9
55133018,Aarhus Kommune,Dagtilbud 1321 - Risskov afd. Under Bøgen,Solbakken 7,8240,Risskov,01/01 - 1993,,15
55133018,Aarhus Kommune,DII Tornebakken,Tornebakken 3,8240,Risskov,01/01 - 1993,,32
55133018,Aarhus Kommune,Dagtilbud 5081 - Gl. Brabrand afd. Søstjernen,Byleddet 22B,8220,Brabrand,01/01 - 1993,,18
55133018,Aarhus Kommune,Risskov Dagtilbud - 1321 afd. Risskov Børnehus,Frijsenborgvej 15,8240,Risskov,01/01 - 1993,,16
55133018,Aarhus Kommune,Dagtilbud 1321 - Risskov afd. Vuggestuen Forteleddet,Forteledet 27,8240,Risskov,01/01 - 1993,,17
55133018,Aarhus Kommune,"Sundhed og Omsorg, Langballevej 3A",Langballevej 3A,8320,Mårslet,01/01 - 1993,,41
55133018,Aarhus Kommune,KATRINEBJERGSKOLEN,Katrinebjergvej 60,8200,Aarhus N,01/01 - 1993,,137
55133018,Aarhus Kommune,"Sundhed og Omsorg, Kunnerupvej 196",Kunnerupvej 196,8361,Hasselager,02/04 - 2016,,85
55133018,Aarhus Kommune,UDS Skansen,"Strandvejen 36, 1. th.",8000,Aarhus C,01/01 - 1995,,23
55133018,Aarhus Kommune,DII Flintebakken,Flintebakken 2,8240,Risskov,01/01 - 1993,,37
55133018,Aarhus Kommune,Børnenes og Beboernes jord,Thunøgade 2A,8000,Aarhus C,01/01 - 1993,,1
55133018,Aarhus Kommune,Børnehuset Amaliegården,Byagervej 98,8330,Beder,01/01 - 1993,,22
55133018,Aarhus Kommune,Dagtilbud 4151 - Hasle afd. Idrætsinstitutionen Rend og Hop,Kappelvænget 44,8210,Aarhus V,01/01 - 1993,,21
55133018,Aarhus Kommune,Lystrup-Elsted Dagtilbud - 2661 afd. Blomsterhaven,Hasselhaven 3,8520,Lystrup,01/01 - 1993,,24
55133018,Aarhus Kommune,Dagtilbud 5551 - Harlev afd. Vuggestuen Den Grønne Gren,Grønhøjvej 62,8462,Harlev J,01/01 - 1993,,14
55133018,Aarhus Kommune,Børnehuset Ole Rømers,Ole Rømers Gade 36,8000,Aarhus C,01/01 - 1993,,55
55133018,Aarhus Kommune,SAMSØGADES SKOLE,Ny Munkegade 17,8000,Aarhus C,01/01 - 1993,,72
55133018,Aarhus Kommune,Ellevang Dagtilbud - 2031 afd. Børnehuset Næringen,Næringen 1,8240,Risskov,01/01 - 1993,,20
55133018,Aarhus Kommune,MAARSLET SKOLE,Testrupvej 4,8320,Mårslet,01/01 - 1993,,100
55133018,Aarhus Kommune,CBV Bocenter Tranbjerg -Trankærgårdsvej 108,Trankærgårdsvej 108,8310,Tranbjerg J,01/01 - 1993,,47
55133018,Aarhus Kommune,Aarhus Kommune,Karen Blixens Boulevard 7,8220,Brabrand,01/01 - 1993,,668
55133018,Aarhus Kommune,Ellevangskolen,Jellebakken 17,8240,Risskov,01/01 - 1993,,124
55133018,Aarhus Kommune,Fritidshuset Ellekær,Ryhavevej 42,8210,Aarhus V,01/01 - 1993,,10
55133018,Aarhus Kommune,SØLYSTSKOLEN,Egå Havvej 5,8250,Egå,01/01 - 1993,,93
55133018,Aarhus Kommune,"Sundhed og Omsorg, Fuglebakkevej 4A",Fuglebakkevej 4A,8210,Aarhus V,01/01 - 1993,,89
55133018,Aarhus Kommune,"Sundhed og Omsorg, Marselis Boulevard 94A",Marselis Boulevard 94A,8000,Aarhus C,01/01 - 1993,,2
55133018,Aarhus Kommune,Dagtilbud 6511 - VIby afd Børnehuset Moltkesvej,Moltkesvej 2,8260,Viby J,01/01 - 1993,,36
55133018,Aarhus Kommune,Børnehuset Liv,Ny Studstrupvej 3B,8541,Skødstrup,01/01 - 1993,,15
55133018,Aarhus Kommune,Dagtilbud 8401 - Skåde afd. Børnehuset Stenvej,Stenvej 101,8270,Højbjerg,01/01 - 1993,,15
55133018,Aarhus Kommune,Dagtilbud 4251 - Møllevang afd. Vuggestuen Vestervang,Vestervang 15,8000,Aarhus C,01/01 - 1993,,28
55133018,Aarhus Kommune,SKÆRING SKOLE,Skæring Skolevej 200,8250,Egå,01/01 - 1993,,119
55133018,Aarhus Kommune,Midtbyklubben,Nørre Allé 30B,8000,Aarhus C,01/01 - 1993,,16
55133018,Aarhus Kommune,Skæringhus,Skæring Hedevej 26,8250,Egå,01/01 - 1993,,39
55133018,Aarhus Kommune,"Entreprenørenheden, Magistratsafdelingen for Teknik og Miljø, Aarhus Kommune",Edwin Rahrs Vej 64,8220,Brabrand,01/01 - 1993,,121
55133018,Aarhus Kommune,"Sundhed og Omsorg, Gartnerparken 1",Gartnerparken 1,8380,Trige,01/01 - 1993,,59
55133018,Aarhus Kommune,Dagtilbud 4451 - Tilst afd. Æsken,Græsvangen 125,8381,Tilst,01/01 - 1993,,17
55133018,Aarhus Kommune,Dagtilbud 5141 - Sødal afd. Børnehuset Klods Hans,Louisevej 31,8220,Brabrand,01/01 - 1993,,18
55133018,Aarhus Kommune,Frederiksbjerg Børnehus,Skt. Anna Gade 42,8000,Aarhus C,01/01 - 1993,,21
55133018,Aarhus Kommune,Pæd. ledede legeplads Søndergård,Lystrupvej 262,8520,Lystrup,01/01 - 1993,,5
55133018,Aarhus Kommune,Dagtilbud 8261 - Mårslet afd. Børnehuset Mirabellen,Borrevænget 28,8320,Mårslet,01/01 - 1993,,25
55133018,Aarhus Kommune,Dagtilbud 4651 - Skjoldhøj afd. Regnbuen,Jernaldervænget 4,8220,Brabrand,01/01 - 1993,,13
55133018,Aarhus Kommune,Dagtilbud 8411 - Solbjerg afd. Spiren,Kærgårdsvej 39,8355,Solbjerg,01/01 - 1993,,21
55133018,Aarhus Kommune,SOLBJERGSKOLEN,Kærgårdsvej 4,8355,Solbjerg,01/01 - 1993,,76
55133018,Aarhus Kommune,Dagtilbud 4571 - Ellekær afd. Idrætsinstitutionen Myreturen,Ryhavevej 38,8210,Aarhus V,01/01 - 1993,,25
55133018,Aarhus Kommune,TILST SKOLE,Tåstumvænget 8,8381,Tilst,01/01 - 1993,,82
55133018,Aarhus Kommune,Dagtilbud 3531 - Skejby-Vorrevang afd. Vuggestuen Lærkebo,Næringen 95,8240,Risskov,01/01 - 1993,,17
55133018,Aarhus Kommune,Dagtilbud Hasle - 4151 afd. Vuggestuen Charlottehøj,Paludan-Müllers Vej 185,8200,Aarhus N,01/01 - 1993,,19
55133018,Aarhus Kommune,Center for Forebyggelse og Rehabilitering,Gunnar Clausens Vej 90,8260,Viby J,01/01 - 1993,,49
55133018,Aarhus Kommune,CSB Egebækken,Egebæksvej 26E,8270,Højbjerg,01/01 - 1993,,70
55133018,Aarhus Kommune,"CAV Tingagergården, Albertsvænge",Tilst Skolevej 17H,8381,Tilst,01/01 - 1993,,31
55133018,Aarhus Kommune,Dagtilbud 1321 - Risskov afd. Børnehuset Alsvej,Alsvej 37,8240,Risskov,01/01 - 1993,,19
55133018,Aarhus Kommune,Vuggestuen Marselis Boulevard,Marselis Boulevard 48,8000,Aarhus C,01/01 - 1993,,33
55133018,Aarhus Kommune,Dagtilbud 8041 - Beder afd. Børnehuset Grønnebakken,Præstetoften 1,8330,Beder,01/01 - 1993,,20
55133018,Aarhus Kommune,"Sundhed og Omsorg, Nygårdsvej 34",Nygårdsvej 34,8270,Højbjerg,01/01 - 1993,,84
55133018,Aarhus Kommune,Dagtilbud 8241 - Malling afd. Børnehuset Eghovedvej,Eghovedvej 1,8340,Malling,01/01 - 1993,,26
55133018,Aarhus Kommune,Dagtilbud 4251 - Møllevang afd. DII Frydenlynd,Fuglebakkevej 62-64,8210,Aarhus V,01/01 - 1993,,45
55133018,Aarhus Kommune,Dagtilbud 6181 - Stautrup afd. Klokkeskoven,Klokkeskovvej 11,8260,Viby J,01/01 - 1993,,19
55133018,Aarhus Kommune,Dagtilbud 4151 - Hasle afd. Børnehuset Snogebæksvej,Snogebæksvej 12,8210,Aarhus V,01/01 - 1993,,18
55133018,Aarhus Kommune,Dagtilbud 3531 - Skejby-Vorrevang afd. Børnehuset Bonanza,Næringen 101,8240,Risskov,01/01 - 1993,,28
55133018,Aarhus Kommune,Børnehuset Tumlehøjen,Smedebroen 23,8380,Trige,01/01 - 1993,,43
55133018,Aarhus Kommune,"Sundhed og Omsorg, Næshøjvej 41",Næshøjvej 41,8462,Harlev J,01/01 - 1993,,64
55133018,Aarhus Kommune,HØJVANGSKOLEN,Klokkeskovvej 1,8260,Viby J,01/01 - 1993,,100
55133018,Aarhus Kommune,Vuggestuen Trekanten,Kildehøjen 4,8240,Risskov,01/01 - 1993,,16
55133018,Aarhus Kommune,"Sundhed og Omsorg, Hørgårdsvej 17",Hørgårdsvej 17,8240,Risskov,01/01 - 1993,,86
55133018,Aarhus Kommune,Dagtilbud 6331 - Rosenvang afd. Børnehuset Vilhelm Becks Vej,Vilhelm Becks Vej 51,8260,Viby J,01/01 - 1993,,15
55133018,Aarhus Kommune,Dagtilbud 8241 - Malling afd Børnehuset Ajstrupvej,Ajstrupvej 47,8340,Malling,01/01 - 1993,,18
55133018,Aarhus Kommune,"Sundhed og Omsorg, Elmevangsvej 2",Elmevangsvej 2,8355,Solbjerg,01/01 - 1993,,68
55133018,Aarhus Kommune,Dagtibud 2461 - Hårup-Elev afd. BTodbjerg Børnehus,Bøggildsvej 22,8530,Hjortshøj,01/01 - 1993,,21
55133018,Aarhus Kommune,Dagtilbud 8411 - Solbjerg afd. Børnehuset Bøgevangen 99-101,Bøgevangen 99-101,8355,Solbjerg,01/01 - 1993,,31
55133018,Aarhus Kommune,Studsen,Studstrupvej 11A,8541,Skødstrup,01/01 - 1993,,24
55133018,Aarhus Kommune,"Sundhed og Omsorg, Vestervang 16",Vestervang 16,8000,Aarhus C,01/01 - 1993,,88
55133018,Aarhus Kommune,LISBJERGSKOLEN,Jørgen Clevins Gade 31,8200,Aarhus N,01/01 - 1993,,72
55133018,Aarhus Kommune,Musikhuset Aarhus,Thomas Jensens Allé 2,8000,Aarhus C,01/01 - 1993,,146
55133018,Aarhus Kommune,MINI-INSTITUTIONERNE I ÅRHUS Afdeling Toften,Vejlby Toften 162,8240,Risskov,01/01 - 1995,,16
55133018,Aarhus Kommune,"Sundhed og Omsorg, Dalgas Avenue 54",Dalgas Avenue 54,8000,Aarhus C,01/01 - 1995,,68
55133018,Aarhus Kommune,MINI-INSTITUTIONERNE I ÅRHUS Afdeling Sølyst,Nordre Strandvej 155,8240,Risskov,01/01 - 1995,,22
55133018,Aarhus Kommune,CBB Karavana,Graham Bells Vej 1A,8200,Aarhus N,01/01 - 1995,,4
55133018,Aarhus Kommune,Mini-institutionerne- afd. Solbrinken,Kalkærparken 105,8270,Højbjerg,01/01 - 1995,,28
55133018,Aarhus Kommune,Højbjerg Fritids- og Ungdomsklub,Aage Jedichs Vej 3,8270,Højbjerg,01/01 - 1996,,13
55133018,Aarhus Kommune,Dagtilbud 5541 - Gl. Åby afd. Vuggestuen Nannasvej,Nannasvej 4,8230,Åbyhøj,01/01 - 1996,,25
55133018,Aarhus Kommune,Langenæs Dagtilbud - 7231 afd. Vuggestuen Ankersgade,Ankersgade 19,8000,Aarhus C,01/01 - 1996,,17
55133018,Aarhus Kommune,Klubberne Peter Fabers Vej,Peter Fabers Vej 35,8210,Aarhus V,01/01 - 1993,,22
55133018,Aarhus Kommune,Dagtilbud 6181 - Stautrup afd. Palletten,Klokkeskovvej 9,8260,Viby J,01/01 - 1997,,17
55133018,Aarhus Kommune,Dagtilbud 8241 - Malling afd. Børnehuset Østerskov,Mallinggårdsvej 6,8340,Malling,01/01 - 1997,,18
55133018,Aarhus Kommune,Delfinhuset,Bredevej 2C,8250,Egå,01/01 - 1997,,32
55133018,Aarhus Kommune,Dagtilbud 3531 - Skejby-Vorrevang afd. Vuggestuen Firkløveren,Skejbytoften 232,8200,Aarhus N,01/01 - 1997,,18
55133018,Aarhus Kommune,Klubben Risskov,Vestre Strandallé 97,8240,Risskov,01/01 - 1997,,10
55133018,Aarhus Kommune,Dagtilbud 5131 - Åbyhøj afd. Ved Æbletræet,Gammelgårdsvej 24A,8230,Åbyhøj,01/01 - 1997,,13
55133018,Aarhus Kommune,Klubberne Skjoldhøj,Skjoldhøjvej 11,8381,Tilst,01/01 - 1997,,14
55133018,Aarhus Kommune,Tilst Fritidsklub,Haurumsvej 14,8381,Tilst,01/01 - 1997,,14
55133018,Aarhus Kommune,Solsikken Åby,Henrik Hertz Vej 73,8230,Åbyhøj,01/01 - 1997,,23
55133018,Aarhus Kommune,Klub Hårup,Salonikivej 12,8530,Hjortshøj,01/01 - 1997,,6
55133018,Aarhus Kommune,Dagtilbud 4451 - Tilst afd. Det Blå Hus,Haurumsvej 18,8381,Tilst,01/01 - 1997,,28
55133018,Aarhus Kommune,Dagtilbud 1421 - Strand afd. Åtrolden,Åmarksvej 17,8250,Egå,01/01 - 1997,,23
55133018,Aarhus Kommune,Naturbørnehaven Ajstrup,Ajstrup Strandvej 1,8340,Malling,01/01 - 1997,,7
55133018,Aarhus Kommune,Center for Mestring Nord,Børglumvej 5,8240,Risskov,01/01 - 1997,,53
55133018,Aarhus Kommune,Dagtilbud 4351 - Sabro afd. Tryllefløjten,Sabro Skolevej 2,8471,Sabro,01/01 - 1997,,18
55133018,Aarhus Kommune,Midtbyens Dagtilbud - 3361 afd. Vuggestuen Graven,Graven 19,8000,Aarhus C,01/01 - 1997,,24
55133018,Aarhus Kommune,CBV Skovlund Botilbud og Aktivitetscenter,Skejbygårdsvej 37,8240,Risskov,01/01 - 1998,,83
55133018,Aarhus Kommune,Risskov Dagtilbud - 1321 afd. Gadekæret,Vikær Toften 2A,8240,Risskov,01/01 - 1998,,15
55133018,Aarhus Kommune,Annekæret,Annekærvej 34,8250,Egå,30/04 - 1999,,19
55133018,Aarhus Kommune,Dagtilbud 8211 - Højbjerg afd. Krammerhuset.,Olaf Rudes Vej 20,8270,Højbjerg,01/01 - 1998,,25
55133018,Aarhus Kommune,Holme-Rundhøj Dagtilbud -7171 afd. Flyverhøjen,Nygårdsvej 15,8270,Højbjerg,01/01 - 1998,,32
55133018,Aarhus Kommune,Klubben Beder,Kirkebakken 41,8330,Beder,01/01 - 1998,,12
55133018,Aarhus Kommune,Klubben Ellevang,Jellebakken 17,8240,Risskov,01/01 - 1998,,14
55133018,Aarhus Kommune,Dagtilbuddet Møllevang,Møllevangs Allé 20,8210,Aarhus V,01/01 - 1998,,2
55133018,Aarhus Kommune,Dagtilbud 5551 - Harlev afd. Kompasset,Rødlundvænget 37,8462,Harlev J,01/01 - 1998,,21
55133018,Aarhus Kommune,Dagtilbud 4251 - Møllevang afd. Vuggestuen Kernehuset,Vestervang 12,8000,Aarhus C,01/01 - 1998,,20
55133018,Aarhus Kommune,Dagtilbud 4151 - Hasle afd. Solen,Kappelvænget 46,8210,Aarhus V,01/01 - 1998,,29
55133018,Aarhus Kommune,Midtbyens Dagtilbud - 3361 afd. Børnehuset Vores Sted,Livøsmøgen 36A,8000,Aarhus C,01/01 - 1993,,33
55133018,Aarhus Kommune,Vuggestuen Jægergårdsgade,Jægergårdsgade 70,8000,Aarhus C,01/01 - 1993,,24
55133018,Aarhus Kommune,Dagtilbud 3382 - Skovvangen afd. Vuggestuen Århusbo,H.P. Christensens Gade 3,8200,Aarhus N,30/04 - 1972,,38
55133018,Aarhus Kommune,Børnehaven Blomsterhaven,Ryhaven 114,8210,Aarhus V,01/01 - 1993,,19
55133018,Aarhus Kommune,CB Korsagergården,Korsagervej 45,8230,Åbyhøj,01/01 - 1997,,14
55133018,Aarhus Kommune,Klubben Underground,Kirkevej 2A,8260,Viby J,01/04 - 2000,,8
55133018,Aarhus Kommune,Dagtilbud 4351 - Sabro afd. Galaksen,Vistoftvej 36A,8471,Sabro,01/01 - 2000,,20
55133018,Aarhus Kommune,CF Klyngehusene - Damagervej 2D,Damagervej 2D,8260,Viby J,01/01 - 2000,,9
55133018,Aarhus Kommune,Hjerneskadecentret,Evald Krogs Gade 3,8000,Aarhus C,01/01 - 2000,,11
55133018,Aarhus Kommune,Frederiksbjerg Skole SFO,Ingerslevs Boulevard 2A,8000,Aarhus C,01/01 - 2000,,34
55133018,Aarhus Kommune,Skåde skole SFO,Mantziusvej 5,8270,Højbjerg,01/01 - 2000,,24
55133018,Aarhus Kommune,Bakkegårdskolen SFO,Bjørnshøjvej 1,8380,Trige,01/01 - 2000,,35
55133018,Aarhus Kommune,Risskov skole SFO,Vestre Strandallé 97,8240,Risskov,01/01 - 2000,,39
55133018,Aarhus Kommune,Solbjergskolen SFO,Kærgårdsvej 4,8355,Solbjerg,01/01 - 2000,,30
55133018,Aarhus Kommune,Hasle skole SFO,Herredsvej 15,8210,Aarhus V,01/01 - 2000,,46
55133018,Aarhus Kommune,Viby skole SFO,Kirkevej 2A,8260,Viby J,01/01 - 2000,,22
55133018,Aarhus Kommune,Ellevangskolen SFO afdeling Jellebakken 17,Jellebakken 17,8240,Risskov,01/01 - 2000,,34
55133018,Aarhus Kommune,Sølystskolen SFO,Egå Havvej 5,8250,Egå,01/01 - 2000,,39
55133018,Aarhus Kommune,Rundhøjskolen SFO,Holmevej 200,8270,Højbjerg,01/01 - 2000,,26
55133018,Aarhus Kommune,Strandskolen SFO,Nellikevej 1,8240,Risskov,01/01 - 2000,,34
55133018,Aarhus Kommune,Skjoldhøjskolen SFO,Skjoldhøjvej 11,8381,Tilst,01/01 - 2000,,29
55133018,Aarhus Kommune,Holme skole SFO,Mølleskovvej 11,8270,Højbjerg,01/01 - 2000,,29
55133018,Aarhus Kommune,Tranebjerg skole SFO,Kirketorvet 22,8310,Tranbjerg J,01/01 - 2000,,41
55133018,Aarhus Kommune,Næshøjskolen SFO,Gammel Stillingvej 424A,8462,Harlev J,01/01 - 2000,,25
55133018,Aarhus Kommune,Åby skole SFO,Åbyvej 80,8230,Åbyhøj,01/01 - 2000,,42
55133018,Aarhus Kommune,Skovvangskolen SFO,Skovvangsvej 150,8200,Aarhus N,01/01 - 2000,,28
55133018,Aarhus Kommune,Samsøgades skole SFO,Ny Munkegade 17,8000,Aarhus C,01/01 - 2000,,21
55133018,Aarhus Kommune,Lystrup skole SFO,Lystrupvej 256A,8520,Lystrup,01/01 - 2000,,34
55133018,Aarhus Kommune,Virupskolen SFO,Virupvej 75,8530,Hjortshøj,01/01 - 2000,,25
55133018,Aarhus Kommune,Skødstrup skole SFO,Rosenbakken 4,8541,Skødstrup,01/01 - 2000,,44
55133018,Aarhus Kommune,Gammelgaardsskolen SFO,Carit Etlars Vej 31,8230,Åbyhøj,01/01 - 2000,,37
55133018,Aarhus Kommune,Beder skole SFO,Skoleparken 6,8330,Beder,01/01 - 2000,,36
55133018,Aarhus Kommune,Sødalskolen SFO,Louisevej 29,8220,Brabrand,01/01 - 2000,,13
55133018,Aarhus Kommune,Engdalskolen SFO,Hovedgaden 5,8220,Brabrand,01/01 - 2000,,45
55133018,Aarhus Kommune,Hårup Skole SFO,Salonikivej 14,8530,Hjortshøj,01/01 - 2000,,14
55133018,Aarhus Kommune,Sabro-Korsvejskolen SFO,Sabro Skolevej 4A,8471,Sabro,01/01 - 2000,,21
55133018,Aarhus Kommune,Katrinebjergskolen SFO,Katrinebjergvej 60,8200,Aarhus N,01/01 - 2000,,40
55133018,Aarhus Kommune,Malling skole SFO,Lundshøjgårdsvej 19,8340,Malling,01/01 - 2000,,27
55133018,Aarhus Kommune,Vorrevangskolen SFO,Vorregårds Allé 109,8200,Aarhus N,01/01 - 2000,,47
55133018,Aarhus Kommune,Bavnehøj skole SFO,Koltvej 17,8361,Hasselager,01/01 - 2000,,28
55133018,Aarhus Kommune,Møllevangskolen SFO,Møllevangs Allé 20,8210,Aarhus V,01/01 - 2000,,37
55133018,Aarhus Kommune,Rosenvangskolen SFO,Rosenvangs Allé 49,8260,Viby J,01/01 - 2000,,29
55133018,Aarhus Kommune,Elev Skole SFO,Høvej 10,8520,Lystrup,01/01 - 2000,,19
55133018,Aarhus Kommune,Mårslet skole SFO,Testrupvej 4,8320,Mårslet,01/01 - 2000,,45
55133018,Aarhus Kommune,Højvangskolen SFO,Klokkeskovvej 1,8260,Viby J,01/01 - 2000,,36
55133018,Aarhus Kommune,Kragelundskolen SFO,Aage Jedichs Vej 3,8270,Højbjerg,01/01 - 2000,,25
55133018,Aarhus Kommune,Lisbjergskolen SFO,Lisbjergvej 15,8200,Aarhus N,01/01 - 2000,,24
55133018,Aarhus Kommune,Tilst skole SFO,Tåstumvænget 8,8381,Tilst,01/01 - 2000,,30
55133018,Aarhus Kommune,SFO - Kløverskolen,Karen Blixens Boulevard 59,8220,Brabrand,01/01 - 2000,,10
55133018,Aarhus Kommune,Læssøesgades skole SFO,Læssøesgade 24,8000,Aarhus C,01/01 - 2000,,15
55133018,Aarhus Kommune,Skæring skole SFO,Skæring Skolevej 200,8250,Egå,01/01 - 2000,,30
55133018,Aarhus Kommune,Elsted Skole SFO,Elsted Skolevej 6,8520,Lystrup,01/01 - 2000,,30
55133018,Aarhus Kommune,"Sundhed og Omsorg, Bispevej 70",Bispevej 70,8260,Viby J,15/05 - 2002,,87
55133018,Aarhus Kommune,Dagtilbud 6501 - Vestergård afd Skovkanten,Damagervej 18,8260,Viby J,01/05 - 2001,,24
55133018,Aarhus Kommune,Stenhøjen,Skæring Parkvej 280,8250,Egå,01/04 - 2001,,20
55133018,Aarhus Kommune,Specialdagtilbuddet Skovbrynet afd. Hestehavevej,Hestehavevej 10,8270,Højbjerg,18/06 - 2002,,45
55133018,Aarhus Kommune,CB Botilbud Windsor,Skolebakken 17,8000,Aarhus C,01/01 - 1999,,27
55133018,Aarhus Kommune,Aarhus Kommune - Brabrand Idrætscenter,Engdalsvej 86,8220,Brabrand,01/01 - 2000,,2
55133018,Aarhus Kommune,Dagtilbud 8401 - Skåde afd. Bushøj,Bushøjvænget 182,8270,Højbjerg,13/06 - 2001,,17
55133018,Aarhus Kommune,"Sundhed og Omsorg, Carl Blochs Gade 30",Carl Blochs Gade 30,8000,Aarhus C,01/01 - 2002,,40
55133018,Aarhus Kommune,Lyseng Svømmebad,Lysengvej 4,8270,Højbjerg,01/01 - 2000,,12
55133018,Aarhus Kommune,Badeanstalten Spanien,Spanien 1,8000,Aarhus C,01/01 - 2000,,27
55133018,Aarhus Kommune,Lystrup Idrætscenter,Lystrup Centervej 102,8520,Lystrup,01/01 - 2000,,2
55133018,Aarhus Kommune,Egelund Idrætsanlæg,Bredgade 5,8340,Malling,01/01 - 2000,,3
55133018,Aarhus Kommune,Legepladsen Lykkegården,Bredevej 2D,8250,Egå,01/01 - 2000,,2
55133018,Aarhus Kommune,Viby Stadion,Skanderborgvej 224,8260,Viby J,01/01 - 2000,,1
55133018,Aarhus Kommune,Frederiksbjerg Idrætscenter,F. Vestergaards Gade 5,8000,Aarhus C,01/01 - 2000,,43
55133018,Aarhus Kommune,Aarhus Skøjtehal,Gøteborg Allé 9,8200,Aarhus N,01/01 - 2000,,9
55133018,Aarhus Kommune,ÅK MTM ENTREPRENØRENHEDEN DRIFTSOMRÅDE MIDT,Eskelundvej 7,8260,Viby J,01/01 - 2000,,57
55133018,Aarhus Kommune,Dagtilbud 5101 - Tovshøj afd. Junglen,Janesvej 1A,8220,Brabrand,26/02 - 2003,,20
55133018,Aarhus Kommune,Dagtilbud 4571 - Ellekær afd. Idrætsinstitutionen Ellekær,Jernaldervej 1,8210,Aarhus V,01/01 - 2003,,23
55133018,Aarhus Kommune,Kometen,Louisevej 35A,8220,Brabrand,01/01 - 2002,,38
55133018,Aarhus Kommune,Børnehuset Fusijama,Janesvej 29A,8220,Brabrand,01/12 - 2002,,29
55133018,Aarhus Kommune,Værestedet i Jægergårdsgade,Jægergårdsgade 107,8000,Aarhus C,01/01 - 2003,,24
55133018,Aarhus Kommune,CSB Årslev Møllevej,Årslev Møllevej 19A,8220,Brabrand,01/08 - 2002,,124
55133018,Aarhus Kommune,CB BOF Bymosevej,Bymosevej 194,8210,Aarhus V,01/01 - 2002,,25
55133018,Aarhus Kommune,Dagtilbud6331 - Rosenvang afd. DII Børnehuset Fredensvang,Vidtskuevej 27,8260,Viby J,06/08 - 2003,,19
55133018,Aarhus Kommune,CB Hasle Kollegiet,Provstebakken 30,8210,Aarhus V,01/01 - 2002,,26
55133018,Aarhus Kommune,Filmby Aarhus,Filmbyen 23,8000,Aarhus C,01/01 - 2003,,20
55133018,Aarhus Kommune,Dagtilbud 5551 - Harlev afd. Børnehuset Pilehaven,Rødlundvænget 35,8462,Harlev J,01/08 - 2003,,26
55133018,Aarhus Kommune,VokseVærket,Østboulevarden 9,8000,Aarhus C,01/05 - 2003,,35
55133018,Aarhus Kommune,Børneslottet,Albert Naurs Vej 19,8270,Højbjerg,01/04 - 2003,,21
55133018,Aarhus Kommune,Specialdagtilbuddet Skovbrynet Afd. Nygårdsvej 13,Nygårdsvej 13,8270,Højbjerg,01/01 - 2004,,14
55133018,Aarhus Kommune,Dagtilbud 2521 - Hjortshøj afd. Børnegården Bifrost,Østergårdstoften 1,8530,Hjortshøj,01/12 - 2003,,24
55133018,Aarhus Kommune,Sygehusundervisningen i Aarhus,"Palle Juul-Jensens Boulevard 175, kl",8200,Aarhus N,01/01 - 2003,,9
55133018,Aarhus Kommune,CB BOF Sletten,Sletvej 98,8361,Hasselager,01/01 - 2004,,5
55133018,Aarhus Kommune,Dagtilbud 1391 - Skødstrup afd. Stationsvangen,Stationsvangen 10,8541,Skødstrup,01/06 - 2004,,26
55133018,Aarhus Kommune,Lystrup-Elsted Dagtilbud - 2661 afd. Hurlumhejhuset,Lille Elstedvej 135,8520,Lystrup,01/02 - 2004,,29
55133018,Aarhus Kommune,Dagtilbud 4451 - Tilst afd. Søhøjen,Søhøjen 58,8381,Tilst,01/09 - 2004,,34
55133018,Aarhus Kommune,Børnehuset Jægergårdsgade,Jægergårdsgade 68,8000,Aarhus C,01/09 - 2004,,34
55133018,Aarhus Kommune,Fritids- og Ungdomsklub Åby,Åbyvej 80,8230,Åbyhøj,01/08 - 2004,,18
55133018,Aarhus Kommune,Tovshøj Dagtilbud - 5101 afd. Idrætsbørnehuset Globus 1,Gudrunsvej 3B,8220,Brabrand,09/11 - 2005,,20
55133018,Aarhus Kommune,Bifrost,Grønnegade 79,8000,Aarhus C,01/01 - 2005,,2
55133018,Aarhus Kommune,"Soras Bostøtte og Samværstilbud, Ungecenter Døgn og Støtte",Nørre Boulevard 1C,8000,Aarhus C,01/01 - 2007,,69
55133018,Aarhus Kommune,CFR Kultur og Kontaktsted Kragelund,Dybrovej 21,8270,Højbjerg,01/01 - 2006,,16
55133018,Aarhus Kommune,CB BOF Vejlbygade,Vejlbygade 1A,8240,Risskov,26/03 - 2007,,2
55133018,Aarhus Kommune,CB BOF B.S. Ingemansvej,B.S. Ingemanns Vej 17,8230,Åbyhøj,19/03 - 2007,,4
55133018,Aarhus Kommune,CB BOF Skejbyhave,Skejbyparken 150,8200,Aarhus N,26/03 - 2007,,9
55133018,Aarhus Kommune,Sundhedsplejen Vest,Jettesvej 10A,8220,Brabrand,01/01 - 2006,,27
55133018,Aarhus Kommune,Bofællesskabet Børglumvej,Børglumvej 39,8240,Risskov,01/01 - 2007,,8
55133018,Aarhus Kommune,Bofællesskabet Harlev,Rødlundvænget 2,8462,Harlev J,01/01 - 2007,,15
55133018,Aarhus Kommune,CAV Albertsvænge Bofællesskabet,Tilst Skolevej 15E,8381,Tilst,01/01 - 2007,,3
55133018,Aarhus Kommune,"CAV Kileparken, Kileparken 21",Kileparken 21,8381,Tilst,01/01 - 2007,,24
55133018,Aarhus Kommune,Børnekulturhuset,Valdemarsgade 1,8000,Aarhus C,01/01 - 2006,,3
55133018,Aarhus Kommune,Borgerservice,Hack Kampmanns Plads 2,8000,Aarhus C,01/01 - 2006,,158
55133018,Aarhus Kommune,Bofællesskabet Mallinglund,Fløjstrupvej 42,8340,Malling,01/01 - 2007,,7
55133018,Aarhus Kommune,Bofællesskabet Stenhøj,Byvej 63,8330,Beder,14/08 - 2007,,8
55133018,Aarhus Kommune,Bofællesskabet Annehuse,Fløjstrupvej 46,8340,Malling,14/08 - 2007,,17
55133018,Aarhus Kommune,Sociallægeinstitutionen,Fredens Torv 6,8000,Aarhus C,14/08 - 2007,,35
55133018,Aarhus Kommune,CSV Majvænget - Nygårdsvej 43,Nygårdsvej 43,8270,Højbjerg,14/08 - 2007,,35
55133018,Aarhus Kommune,CSV Snåstrup Vestergård,Silkeborgvej 939,8462,Harlev J,01/01 - 2007,,54
55133018,Aarhus Kommune,Bofællesskabet Kolt,Bavnebakken 117,8361,Hasselager,01/01 - 2007,,5
55133018,Aarhus Kommune,Bofællesskab Søstjernen,Bispevænget 14,8260,Viby J,01/01 - 2007,,12
55133018,Aarhus Kommune,Bofællesskaberne Lindely,Holmevej 289B,8270,Højbjerg,01/01 - 2007,,8
55133018,Aarhus Kommune,Bofællesskabet Bjørnbaksvej,Bjørnbaksvej 3-5,8260,Viby J,01/01 - 2007,,3
55133018,Aarhus Kommune,Århus Kommune - Grøndalsvej 2,Grøndalsvej 2,8260,Viby J,01/09 - 2007,,1667
55133018,Aarhus Kommune,Globus1,Gudrunsvej 3A,8220,Brabrand,05/12 - 2007,,5
55133018,Aarhus Kommune,Bofællesskabet Bronzealdertoften,"Bronzealdertoften 24, st",8210,Aarhus V,01/01 - 2008,,18
55133018,Aarhus Kommune,Dagtilbud 1321 - Risskov,Vestre Strandallé 97,8240,Risskov,21/02 - 2008,,2
55133018,Aarhus Kommune,USF Lillehammervej,Lillehammervej 3,8200,Aarhus N,26/05 - 2008,,12
55133018,Aarhus Kommune,Skærgården,Skæring Parkvej 544,8250,Egå,01/01 - 2008,,21
55133018,Aarhus Kommune,Dagtilbud 6331 - Rosenvang afd. DII Tumlehuset,Observatorievejen 1A,8000,Aarhus C,01/01 - 2008,,34
55133018,Aarhus Kommune,Dagtilbud 5081 - Gl. Brabrand afd. Børnehuset Safiren,Helenelyst 70,8220,Brabrand,01/01 - 2008,,26
55133018,Aarhus Kommune,Dagtilbud 7471 - Tranbjerg afd. Børnehuset Ællebælle,Torvevænget 5C,8310,Tranbjerg J,20/11 - 2008,,22
55133018,Aarhus Kommune,"Sundhed og Omsorg, Thorsvej 30",Thorsvej 30,8230,Åbyhøj,15/01 - 2009,,87
55133018,Aarhus Kommune,Klubben Tranbjerg,Grønløkke Allé 9,8310,Tranbjerg J,02/01 - 2008,,14
55133018,Aarhus Kommune,Klubben Solbjerg,Kærgårdsvej 4B,8355,Solbjerg,02/01 - 2008,,8
55133018,Aarhus Kommune,Dagtilbud 4151 - Hasle afd. Børnehuset Rydevænget,Rydevænget 51,8210,Aarhus V,20/03 - 2009,,21
55133018,Aarhus Kommune,Klubben Engdal,Engdalsvej 29,8220,Brabrand,02/01 - 2008,,20
55133018,Aarhus Kommune,Bofællesskabet Nagelsvej,Nagelsvej 15A,8270,Højbjerg,06/08 - 2009,,4
55133018,Aarhus Kommune,Sociale Forhold og Beskæftigelse - Værkmestergade 15B,Værkmestergade 15B,8000,Aarhus C,10/08 - 2009,,592
55133018,Aarhus Kommune,CB BOF Tilst Søndervej,Tilst Søndervej 72A,8381,Tilst,06/08 - 2009,,5
55133018,Aarhus Kommune,CF Ungetilbuddet Nord,Gøteborg Allé 8,8200,Aarhus N,06/08 - 2009,,30
55133018,Aarhus Kommune,Aarhus Musikskole,Vester Allé 3,8000,Aarhus C,14/08 - 2009,,108
55133018,Aarhus Kommune,Dagtilbud 5551 - Harlev afd. Dagplejen Harlev,Rødlundvænget 37,8462,Harlev J,04/08 - 2009,,11
55133018,Aarhus Kommune,Harlev Midtpunkt,Næshøjvej 20,8462,Harlev J,30/11 - 2009,,13
55133018,Aarhus Kommune,Klub Skæring,Skæring Skolevej 200,8250,Egå,27/11 - 2009,,9
55133018,Aarhus Kommune,Bofællesskabet Møllevangs Alle,Møllevangs Allé 60,8210,Aarhus V,03/12 - 2009,,7
55133018,Aarhus Kommune,CM Ungeindsatsen Havnegade,"Havnegade 22A, kl",8000,Aarhus C,03/12 - 2009,,10
55133018,Aarhus Kommune,Bofællesskabet Myrholmsvej 73,Myrholmsvej 73,8260,Viby J,03/12 - 2009,,9
55133018,Aarhus Kommune,Bofællesskabet Hestehavevej,Hestehavevej 8E,8270,Højbjerg,03/12 - 2009,,4
55133018,Aarhus Kommune,Heltidsundervisningen,Randersvej 302,8200,Aarhus N,26/11 - 2009,,14
55133018,Aarhus Kommune,CBB Grundtvigsvej 16,Grundtvigsvej 16,8260,Viby J,03/12 - 2009,,6
55133018,Aarhus Kommune,Ungdomsskolen MBU,Gudrunsvej 82,8220,Brabrand,30/11 - 2009,,146
55133018,Aarhus Kommune,Klubben Lystrup,Lystrupvej 256A,8520,Lystrup,27/11 - 2009,,9
55133018,Aarhus Kommune,Dagtilbud 8041 - Beder afd. Dagplejen i Beder og Malling,Bredgade 5A,8340,Malling,18/12 - 2009,,8
55133018,Aarhus Kommune,Holme-Rundhøj Dagtilbud - 7171 afd. Dagplejen i Højbjerg og Holme,Sadelmagertoften 23,8270,Højbjerg,18/12 - 2009,,4
55133018,Aarhus Kommune,"Dagplejen i Egå, Skæring, Studstrup og Risskov",Egå Strandvej 2,8250,Egå,17/12 - 2009,,5
55133018,Aarhus Kommune,"Dagtilbud 2521 - Hjortshøj afd. Dagplejen i Hjortshøj, Hårup og Mejlby",Virupvej 69,8530,Hjortshøj,17/12 - 2009,,10
55133018,Aarhus Kommune,Dagtilbud 4651 - Skjoldhøj afd. Dagplejen i Ellekær og Skjoldhøj,Skjoldhøjvej 9,8381,Tilst,18/12 - 2009,,11
55133018,Aarhus Kommune,Dagtilbud 6881- Hasselager-Kolt afd. Dagplejen i Kolt og Hasselager,Pilegårdsvej 95,8361,Hasselager,18/12 - 2009,,7
55133018,Aarhus Kommune,Dagtilbud 7471 - Tranbjerg afd. Dagplejen i Tranbjerg,"Kirketorvet 24, 1",8310,Tranbjerg J,18/12 - 2009,,5
55133018,Aarhus Kommune,Dagtilbud 8411 - Solbjerg afd. Hasselhuset,Kærgårdsvej 4A,8355,Solbjerg,15/12 - 2009,,36
55133018,Aarhus Kommune,Dagtilbud 3381 - Trøjborg afd. Trøjborg Børnehuset,Aldersrovej 21,8200,Aarhus N,15/12 - 2009,,17
55133018,Aarhus Kommune,Dagplejen Lisbjerg-Trige-Spørring,Trige Centervej 75B,8380,Trige,17/12 - 2009,,11
55133018,Aarhus Kommune,Dagtilbud 5541 - Gl. Åby afd. Dagplejen Åby,Henrik Hertz Vej 64E,8230,Åbyhøj,18/12 - 2009,,16
55133018,Aarhus Kommune,Langagerskolen SFO,Bøgeskov Høvej 10,8260,Viby J,15/12 - 2009,,79
55133018,Aarhus Kommune,Dagtilbud 8261 - Mårslet afd. Børnehuset Nymarken,Nymarks Allé 1,8320,Mårslet,18/12 - 2009,,26
55133018,Aarhus Kommune,Dagplejen i Viby og Stavtrup,Damagervej 18,8260,Viby J,18/12 - 2009,,2
55133018,Aarhus Kommune,Dagplejen Skovbo,Kornbakke Allé 58,8200,Aarhus N,18/12 - 2009,,19
55133018,Aarhus Kommune,Dagtilbud 1391 - Skødstrup afd. Dagplejen,Ny Studstrupvej 3D,8541,Skødstrup,17/12 - 2009,,9
55133018,Aarhus Kommune,Holme-Rundhøj dagtilbud - 7171,Mølleskovvej 11,8270,Højbjerg,12/03 - 2010,,1
55133018,Aarhus Kommune,CB Tuesten Huse,Tuestensvej 2,8381,Tilst,21/05 - 2010,,40
55133018,Aarhus Kommune,ÅK MTM EJD KANTINEN,Rådhuspladsen 2,8000,Aarhus C,07/05 - 2010,,12
55133018,Aarhus Kommune,ÅK MTM EJD VAGT OG SERVICE,Værkmestergade 15,8000,Aarhus C,25/05 - 2010,,25
55133018,Aarhus Kommune,"Kantinen Grøndalsvej 1, Ejendomme, Magistratsafdelingen for Teknik og Miljø, Aarhus Kommune","Grøndalsvej 1A, kl",8260,Viby J,07/07 - 2010,,4
55133018,Aarhus Kommune,"Job i Naturen, Magistratsafdelingen for Teknik og Miljø, Aarhus Kommune",Louisevej 100,8220,Brabrand,08/07 - 2010,,14
55133018,Aarhus Kommune,"Vagt og Serviceteam 1, Ejendomme, Magistratsafdelingen for Teknik og Miljø, Aarhus Kommune",Rådhuspladsen 2,8000,Aarhus C,09/07 - 2010,,9
55133018,Aarhus Kommune,ÅK MTM Rådmandssekretariatet,"Rådhuspladsen 2, 4",8000,Aarhus C,09/07 - 2010,,23
55133018,Aarhus Kommune,"Teknik og Miljø, Parkering, Aarhus Kommune","Rådhuspladsen 2, st",8000,Aarhus C,09/07 - 2010,,23
55133018,Aarhus Kommune,Sociale Forhold og Beskæftigelse - Grøndalsvej 1B,"Grøndalsvej 1B, st",8260,Viby J,12/08 - 2010,,376
55133018,Aarhus Kommune,"Sundhed og Omsorg, Augustenborggade 27",Augustenborggade 27,8000,Aarhus C,05/08 - 2010,,48
55133018,Aarhus Kommune,"Sundhed og Omsorg, Nygårdsvej 2",Nygårdsvej 2,8270,Højbjerg,03/09 - 2010,,102
55133018,Aarhus Kommune,"Sundhed og Omsorg, Hestehavevej 6",Hestehavevej 6,8270,Højbjerg,03/09 - 2010,,88
55133018,Aarhus Kommune,Område Syd,Kunnerupvej 198,8361,Hasselager,06/09 - 2010,,40
55133018,Aarhus Kommune,Børnehuset Lærkereden,Jettesvej 2,8220,Brabrand,27/09 - 2010,,8
55133018,Aarhus Kommune,Skjoldhøj dagtilbud - 4651 afd. Vuggestuen Bronzealdertoften,Bronzealdertoften 1,8210,Aarhus V,07/10 - 2010,,12
55133018,Aarhus Kommune,Aarhus Kommune Stadion Allé 70,Stadion Allé 70,8000,Aarhus C,27/10 - 2010,,18
55133018,Aarhus Kommune,"Sundhed og Omsorg, Borgvold 12",Borgvold 12,8260,Viby J,11/11 - 2010,,56
55133018,Aarhus Kommune,"Sundhed og Omsorg, Kongsgårdsvej 4",Kongsgårdsvej 4,8260,Viby J,11/11 - 2010,,101
55133018,Aarhus Kommune,"Sundhed og Omsorg, Vidtskuevej 6",Vidtskuevej 6,8260,Viby J,11/11 - 2010,,53
55133018,Aarhus Kommune,Mårslet Skovbørnehus,Testrupvej 8A,8320,Mårslet,30/11 - 2010,,31
55133018,Aarhus Kommune,"Sundhed og Omsorg, Kristiansgårdsvej 12",Kristiansgårdsvej 12,8330,Beder,06/12 - 2010,,40
55133018,Aarhus Kommune,"Sundhed og Omsorg, Skovvangsvej 159",Skovvangsvej 159,8200,Aarhus N,10/12 - 2010,,79
55133018,Aarhus Kommune,"Sundhed og Omsorg, Abildgade 9",Abildgade 9,8200,Aarhus N,10/12 - 2010,,43
55133018,Aarhus Kommune,"Sundhed og Omsorg, Sandkåsvej 41",Sandkåsvej 41,8210,Aarhus V,31/01 - 2011,,66
55133018,Aarhus Kommune,"Sundhed og Omsorg, Grønnegade 8",Grønnegade 8,8000,Aarhus C,07/02 - 2011,,67
55133018,Aarhus Kommune,"Sundhed og Omsorg, Ceres Allé 15",Ceres Allé 15,8000,Aarhus C,07/02 - 2011,,107
55133018,Aarhus Kommune,Dagtilbud 7471 - Tranbjerg afd Solsikken,Torvevænget 5B,8310,Tranbjerg J,02/02 - 2011,,26
55133018,Aarhus Kommune,Dagtilbud 6441 - Søndervang afd. Børnehuset Ilden,Søndervangs Allé 40,8260,Viby J,16/02 - 2011,,24
55133018,Aarhus Kommune,Brabrand Dagtilbud - 5103 afd. Natur og Miljøbørnehuset Viben,Jettesvej 2,8220,Brabrand,22/02 - 2011,,34
55133018,Aarhus Kommune,Børnehuset Engen - væksthuset,Jettesvej 10B,8220,Brabrand,22/02 - 2011,,26
55133018,Aarhus Kommune,Gl. Åby dagtilbud - 5541 afd. Børnehaven Silkeborgen,Silkeborgvej 342,8230,Åbyhøj,18/02 - 2011,,24
55133018,Aarhus Kommune,Børnehuset Haven,Vestervang 14,8000,Aarhus C,23/02 - 2011,,21
55133018,Aarhus Kommune,Klubben Rundhøj,holmevej 200,8270,Højbjerg,16/03 - 2011,,14
55133018,Aarhus Kommune,Klubben Sabro,Vistoftvej 30,8471,Sabro,17/03 - 2011,,9
55133018,Aarhus Kommune,Fritids- og Ungdomskolen Gellerup toveshøj afd Legepladsen Toveshøj,Janesvej 4,8220,Brabrand,17/03 - 2011,,2
55133018,Aarhus Kommune,"Sundhed og Omsorg, Fuglebakkevej 10",Fuglebakkevej 10,8210,Aarhus V,25/03 - 2011,,32
55133018,Aarhus Kommune,"Sundhed og Omsorg, Thorsvej 2",Thorsvej 2,8230,Åbyhøj,25/03 - 2011,,89
55133018,Aarhus Kommune,Fritids og Ungdomskoleområdet - Ung i Aarhus,Grøndalsvej 2,8260,Viby J,28/06 - 2011,,18
55133018,Aarhus Kommune,Dagplejen i Solbjerg-Mårslet,Nymarks Allé 1,8320,Mårslet,17/06 - 2011,,3
55133018,Aarhus Kommune,CSV Bostedet Nordbyvænget,Stensagervej 50,8260,Viby J,29/06 - 2011,,39
55133018,Aarhus Kommune,"Botilbuddet Katrinebjerg, Ungecenter Døgn og Støtte",Katrinebjergvej 81,8200,Aarhus N,21/07 - 2011,,33
55133018,Aarhus Kommune,"UNO-CENTER, Århus",Marienlundsvej 11A,8240,Risskov,14/10 - 2011,,12
55133018,Aarhus Kommune,Skejby/Vorrevang dagtilbud,Illerupvej 50,8200,Aarhus N,21/10 - 2011,,2
55133018,Aarhus Kommune,Lystrup-Elsted Dagtilbud - 2661,Lystrupvej 256A,8520,Lystrup,21/10 - 2011,,2
55133018,Aarhus Kommune,Skjoldhøj Dagtilbud,Skjoldhøjvej 9,8381,Tilst,21/10 - 2011,,2
55133018,Aarhus Kommune,"Kantinen Grøndalsvej 2, Ejendomme, Magistratsafdelingen for Teknik og Miljø, Aarhus Kommune",Grøndalsvej 2,8260,Viby J,01/11 - 2011,,6
55133018,Aarhus Kommune,Bofællesskabet Hjortshøj,Gammel Kirkevej 86A,8530,Hjortshøj,07/12 - 2011,,11
55133018,Aarhus Kommune,CBV Bofælleskab Skødstrup - hus 1-3,Tronkærgårdsvej 102,8541,Skødstrup,07/12 - 2011,,56
55133018,Aarhus Kommune,Aarhus Stadsarkiv,Hack Kampmanns Plads 2,8000,Aarhus C,08/12 - 2011,,15
55133018,Aarhus Kommune,Klubben Kolt,Koltvej 17,8361,Hasselager,13/04 - 2012,,15
55133018,Aarhus Kommune,"Sundhed og Omsorg, Vestervang 42",Vestervang 42,8000,Aarhus C,22/05 - 2012,,48
55133018,Aarhus Kommune,"Sundhed og Omsorg, Vestervang 44",Vestervang 44,8000,Aarhus C,22/05 - 2012,,56
55133018,Aarhus Kommune,"Sundhed og Omsorg, Ceres Alle 13",Ceres Allé 13,8000,Aarhus C,22/05 - 2012,,22
55133018,Aarhus Kommune,DII Børnenes Have,Egå Strandvej 2,8250,Egå,15/06 - 2012,,49
55133018,Aarhus Kommune,DII Tumlehøjen,Jernaldervej 3A,8210,Aarhus V,15/06 - 2012,,34
55133018,Aarhus Kommune,Vikærgården,Hvidkildevej 1,8240,Risskov,05/07 - 2012,,177
55133018,Aarhus Kommune,"Sundhed og Omsorg, Rosenvangs Alle 76",Rosenvangs Allé 76,8260,Viby J,09/08 - 2012,,136
55133018,Aarhus Kommune,Område Marselisborg,Ankersgade 23,8000,Aarhus C,10/08 - 2012,,74
55133018,Aarhus Kommune,Område Marselisborg,Ankersgade 27,8000,Aarhus C,10/08 - 2012,,44
55133018,Aarhus Kommune,Område Marselisborg,Ankersgade 25,8000,Aarhus C,10/08 - 2012,,40
55133018,Aarhus Kommune,Område Nord,Jasminvej 27,8240,Risskov,03/09 - 2012,,48
55133018,Aarhus Kommune,"Sundhed og Omsorg, Skelagervej 33",Skelagervej 33,8200,Aarhus N,03/09 - 2012,,182
55133018,Aarhus Kommune,Område Nord,Hørgårdsvej 19,8240,Risskov,03/09 - 2012,,60
55133018,Aarhus Kommune,"Sundhed og Omsorg, Vejlbygade 9","Vejlbygade 9, ST",8240,Risskov,03/09 - 2012,,96
55133018,Aarhus Kommune,CB BOF Grøfthøj,Grøfthøjparken 145,8260,Viby J,28/08 - 2012,,14
55133018,Aarhus Kommune,Lystrup-Elsted Dagtilbud - 2661 afd. Dagplejen Lystrup og Elsted,Elsted Skolevej 4,8520,Lystrup,05/09 - 2012,,10
55133018,Aarhus Kommune,Lystbådehavnen,"Fiskerivej 8, 1",8000,Aarhus C,31/08 - 2012,,5
55133018,Aarhus Kommune,"Sundhed og Omsorg, Starupvej 9B (Malling Pl.hj.)","Starupvej 9B, st",8340,Malling,21/08 - 2012,,49
55133018,Aarhus Kommune,Hjælpemiddelcentret,Sintrupvej 17-19,8220,Brabrand,18/10 - 2012,,48
55133018,Aarhus Kommune,"Sundhed og Omsorg, Folkestedet",Carl Blochs Gade 28,8000,Aarhus C,06/11 - 2012,,19
55133018,Aarhus Kommune,Stautrup Dagtilbud - 6181 afdeling Vestermarken,Vestermarken 2,8260,Viby J,12/12 - 2012,,31
55133018,Aarhus Kommune,Skødstrup Dagtilbud - 1391,Rosenbakken 4,8541,Skødstrup,05/03 - 2013,,1
55133018,Aarhus Kommune,CSV Lisbjerghus - Marie Belows Vej 6,Marie Belows Vej 6,8200,Aarhus N,19/03 - 2013,,47
55133018,Aarhus Kommune,Område Nord,Hedevej 50,8240,Risskov,21/03 - 2013,,118
55133018,Aarhus Kommune,Dagtilbud 7471 - Tranbjerg afd. Børnehuset Hoppeloppen,Torvevænget 5A,8310,Tranbjerg J,28/05 - 2013,,22
55133018,Aarhus Kommune,Dagtilbud 7471 - Tranbjerg,"Kirketorvet 24, 1",8310,Tranbjerg J,05/07 - 2013,,1
55133018,Aarhus Kommune,Børnehuset Olympia,Kolt Østervej 49,8361,Hasselager,25/09 - 2013,,15
55133018,Aarhus Kommune,Skæring-Sølyst dagtilbud,Skæring Skolevej 200,8250,Egå,02/10 - 2013,,1
55133018,Aarhus Kommune,Hasselager-Kolt Dagtilbud - 6881 afd. Kolbøtten,Koltvej 49,8361,Hasselager,08/04 - 2014,,28
55133018,Aarhus Kommune,Skåde Fritidsklub,Mantziusvej 5,8270,Højbjerg,01/09 - 2014,,8
55133018,Aarhus Kommune,Stautrup Dagtilbud - 6181 afd. Motorikinstitutionen Snurretoppen,Bispevej 5,8260,Viby J,01/10 - 2014,,24
55133018,Aarhus Kommune,Tandklinikken Møllevangskolen,Møllevangs Allé 20,8210,Aarhus V,01/10 - 2014,,39
55133018,Aarhus Kommune,Specialtandplejen og Tandklinikken Vejlby Skole,Hvidkildevej 2A,8240,Risskov,01/10 - 2014,,56
55133018,Aarhus Kommune,Tandklinikken Tovshøj,Janesvej 2,8220,Brabrand,01/10 - 2014,,42
55133018,Aarhus Kommune,Aarhus Tandregulering,Nordbyvej 23,8260,Viby J,01/10 - 2014,,58
55133018,Aarhus Kommune,Tandklinikken L.A.Rings Vej,L.A. Rings Vej 56,8270,Højbjerg,01/10 - 2014,,54
55133018,Aarhus Kommune,Socialtandplejen,"Valdemarsgade 1D, st. th.",8000,Aarhus C,01/10 - 2014,,4
55133018,Aarhus Kommune,Tandklinikken Skæring Skole,Skæring Skolevej 200,8250,Egå,01/10 - 2014,,23
55133018,Aarhus Kommune,Børnehaven Guldbryllupsasylet,Skt. Pauls Gade 31,8000,Aarhus C,02/06 - 2014,,25
55133018,Aarhus Kommune,Vintervej Bofællesskab,Vintervej 96,8210,Aarhus V,22/12 - 2014,,76
55133018,Aarhus Kommune,CB Provstebakken,Provstebakken 4A,8210,Aarhus V,01/01 - 2015,,21
55133018,Aarhus Kommune,Ungecenter Uddannelse og Vejledning - Kalkværksvej 40,Kalkværksvej 40,8000,Aarhus C,10/02 - 2015,,239
55133018,Aarhus Kommune,ITK Aarhus Kommunes Biblioteker,"Hack Kampmanns Plads 2, 2. tv.",8000,Aarhus C,11/03 - 2015,,59
55133018,Aarhus Kommune,Dagtilbud Hasle - 4151,Herredsvej 15,8210,Aarhus V,01/07 - 2015,,1
55133018,Aarhus Kommune,Tranbjerg Dagtilbud - 7581 afd. Børnesymfonien,Laurbærvænget 5A,8310,Tranbjerg J,17/08 - 2015,,35
55133018,Aarhus Kommune,DII Sommerfuglen,Rønnevangen 2,8471,Sabro,01/08 - 2015,,29
55133018,Aarhus Kommune,Vestergård dagtilbud,Nordbyvej 25,8260,Viby J,01/08 - 2015,,2
55133018,Aarhus Kommune,Frederiksbjerg Dagtilbud,Ingerslevs Boulevard 2A,8000,Aarhus C,01/08 - 2015,,1
55133018,Aarhus Kommune,BC Vuggestedet,Langenæs Allé 18,8000,Aarhus C,15/08 - 2015,,23
55133018,Aarhus Kommune,"Sundhed og Omsorg, Gudrunsvej 3A",Gudrunsvej 3A,8220,Brabrand,03/09 - 2015,,19
55133018,Aarhus Kommune,Strandens dagtilbud - 1421,Nellikevej 1,8240,Risskov,01/08 - 2015,,1
55133018,Aarhus Kommune,CAV Havbo,Havkærparken 47D,8381,Tilst,01/06 - 2015,,73
55133018,Aarhus Kommune,CF Nøgleboliger - Grønnegade,Grønnegade 74,8000,Aarhus C,01/01 - 2016,,3
55133018,Aarhus Kommune,CSV Hvilstedhus - Hvilstedvej 16,Hvilstedvej 16A,8355,Solbjerg,01/09 - 2015,,18
55133018,Aarhus Kommune,Christiansbjerg dagtilbud - 3191 afd. Børnehaven Kløverparken,Rødkløvervej 4,8200,Aarhus N,01/06 - 2016,,14
55133018,Aarhus Kommune,Lokalcenter Trøjborg,Kirkegårdsvej 53,8000,Aarhus C,10/05 - 2016,,114
55133018,Aarhus Kommune,Risskov Dagtilbud -1321 afd. Vuggestuen Lindenborgvej,Lindenborgvej 7,8240,Risskov,13/07 - 2016,,22
55133018,Aarhus Kommune,Hasselager-Kolt dagtilbud - 6161 afd. Universet,Kolt Østerparken 21A,8361,Hasselager,16/09 - 2016,,27
55133018,Aarhus Kommune,CBB Idrætscenter Aarhus,Eya Jensens Gade 54,8240,Risskov,22/09 - 2016,,10
55133018,Aarhus Kommune,Foreningernes Hus Fjordsgade,N.J. Fjords Gade 2,8000,Aarhus C,01/10 - 2016,,5
55133018,Aarhus Kommune,Viby Dagtilbud afd. Børnehuset Grundtvigsvej,Grundtvigsvej 26,8260,Viby J,15/11 - 2016,,23
55133018,Aarhus Kommune,Midtbyens dagtilbud - 3361 afd. Kolbøtten,Thunøgade 11,8000,Aarhus C,02/01 - 2017,,31
55133018,Aarhus Kommune,Dagtilbud 6331 - Rosenvang afd. Vuggestuen Hurlumhejhuset,Vidtskuevej 31,8260,Viby J,01/02 - 2017,,14
55133018,Aarhus Kommune,Junibakken,Tronkærgårdsvej 1A,8541,Skødstrup,01/02 - 2017,,25
55133018,Aarhus Kommune,Gl. Brabrand-Sødalen dagtilbud,Hovedgaden 5,8220,Brabrand,22/02 - 2017,,1
55133018,Aarhus Kommune,Gl. Åby dagtilbud - 5541,Åbyvej 80,8230,Åbyhøj,01/03 - 2017,,2
55133018,Aarhus Kommune,Møllevang dagtilbud - 4251 afd. Vuggestuen Gårdhaven,Rosenstien 2,8000,Aarhus C,01/04 - 2017,,15
55133018,Aarhus Kommune,Dagtilbud 5131 - Børnehuset Børneliv,Klokkervej 53,8210,Aarhus V,01/04 - 2017,,30
55133018,Aarhus Kommune,Brabrand Dagtilbud - 5103 afd. Børnehuset Stranden - Væksthuset,Jettesvej 10C,8220,Brabrand,01/06 - 2017,,19
55133018,Aarhus Kommune,Børnehuset Bækken - Væksthuset,Jettesvej 10E,8220,Brabrand,01/06 - 2017,,19
55133018,Aarhus Kommune,Brabrand Dagtilbud - 5103 afd Børnehuset Skoven - Væksthuset,Jettesvej 10D,8220,Brabrand,01/06 - 2017,,13
55133018,Aarhus Kommune,Vuggestuen Kornbakken,Kornbakke Allé 58,8200,Aarhus N,01/07 - 2017,,30
55133018,Aarhus Kommune,Ellevang Dagtilbud,Jellebakken 17,8240,Risskov,01/08 - 2017,,2
55133018,Aarhus Kommune,Aarhus Kommune - Bautavej,Bautavej 6,8210,Aarhus V,01/10 - 2017,,855
55133018,Aarhus Kommune,Bofællesskabet Hasselager,Skovhøj 1E,8361,Hasselager,08/11 - 2017,,5
55133018,Aarhus Kommune,"Sundhed og Omsorg, Bøgevangen 28",Bøgevangen 28,8355,Solbjerg,07/02 - 2018,,69
55133018,Aarhus Kommune,Hasle Dagtilbud - 4151 afd. Vuggestuen Krible Krable,Kalendervej 5,8210,Aarhus V,01/01 - 2018,,9
55133018,Aarhus Kommune,Skødstrup dagtilbud 1391 afd. Børnehuset Kloden Ny Studstrupvej 3E-K,Ny Studstrupvej 3E,8541,Skødstrup,01/04 - 2018,,35
55133018,Aarhus Kommune,Solbjerg dagtilbud 8411 afd. Fuglbjerggård,Solbjerg Hedevej 51,8355,Solbjerg,01/04 - 2018,,40
55133018,Aarhus Kommune,Fritids- og Ungdomsklub Gammelgaard,Carit Etlars Vej 31,8230,Åbyhøj,01/06 - 2018,,17
55133018,Aarhus Kommune,Rehabiliteringshøjskolen,"Lindenborgvej 3, st. 11.",8240,Risskov,01/06 - 2018,,14
55133018,Aarhus Kommune,Åbyhøj dagtilbud - 5131 afd Vuggestuen Tusindfryd,Gudrunsvej 76B,8220,Brabrand,01/06 - 2018,,24
55133018,Aarhus Kommune,Akutteam og Natsygepleje,"Lindenborgvej 3, st. 5.",8240,Risskov,24/08 - 2018,,27
55133018,Aarhus Kommune,Vestergård dagtilbud - 6501 afd. D.I.I. Onsholtvej,Onsholtvej 69A,8260,Viby J,18/09 - 2018,,28
55133018,Aarhus Kommune,Aarhus Kommune - Irma Pedersens Gade,Irma Pedersens Gade 2C,8000,Aarhus C,01/09 - 2018,,9
55133018,Aarhus Kommune,Klubben AKVA,Nordbyvej 25,8260,Viby J,01/03 - 2019,,17
55133018,Aarhus Kommune,Klubben Rosenvang,Rosenvangs Allé 49,8260,Viby J,01/03 - 2019,,14
55133018,Aarhus Kommune,Center for Forsorg - Østervang - Trankær Mosevej 25,Trankær Mosevej 25,8310,Tranbjerg J,28/03 - 2019,,111
55133018,Aarhus Kommune,Midtbyens Dagtilbud,Ny Munkegade 17,8000,Aarhus C,01/06 - 2019,,2
55133018,Aarhus Kommune,Magistratsafdelingen for Sundhed og Omsorg,Grøndalsvej 1D,8260,Viby J,01/09 - 2019,,127
55133018,Aarhus Kommune,Sundhedsplejen Nord,"Voldbjergvej 12, 2. tv.",8240,Risskov,07/11 - 2019,,26
55133018,Aarhus Kommune,Sundhedsplejen Syd og Sydvest,Grøndalsvej 2,8260,Viby J,07/11 - 2019,,56
55133018,Aarhus Kommune,"Specialdagtilbud Skovbrynet, Afdeling Skovhøj",Janesvej 2,8220,Brabrand,01/04 - 2020,,34
55133018,Aarhus Kommune,Generationernes hus,Thit Jensens Gade 3,8000,Aarhus C,01/05 - 2020,,239
55133018,Aarhus Kommune,Kongevellen,Kongevellen 2D,8240,Risskov,01/07 - 2020,,49
55133018,Aarhus Kommune,Nørre Boulevard Idrætscenter,Nørre Boulevard 1,8000,Aarhus C,03/07 - 2020,,1
55133018,Aarhus Kommune,Børnehuset Molevitten,Mallinggårdsvej 4,8340,Malling,04/08 - 2020,,22
55133018,Aarhus Kommune,Ungemiljø Stauern og Klubben Stavtrup,Klokkeskovvej 1,8260,Viby J,04/08 - 2020,,11
55133018,Aarhus Kommune,Legepladsen Tilst,Havkærvej 20,8381,Tilst,04/08 - 2020,,7
55133018,Aarhus Kommune,Sabro Ungemiljø,Sabro Skolevej 4A,8471,Sabro,27/08 - 2020,,1
55133018,Aarhus Kommune,CFR - Åben Fleksibel Rådgivning - Sønder Allé,Sønder Allé 33,8000,Aarhus C,01/09 - 2020,,19
55133018,Aarhus Kommune,CFR Mødestedet,Gudrunsvej 80,8220,Brabrand,01/10 - 2020,,1
55133018,Aarhus Kommune,"CAV Solgården, Oddervej 247A",Oddervej 247A,8270,Højbjerg,01/06 - 2020,,34
55133018,Aarhus Kommune,Sociale forhold og Beskæftigelse - Oddervej 249F,Oddervej 249F,8270,Højbjerg,01/11 - 2020,,17
55133018,Aarhus Kommune,Sociale Forhold og Beskæftigelse - Oddervej 249 E,Oddervej 249E,8270,Højbjerg,01/11 - 2020,,40
55133018,Aarhus Kommune,CAV Bofællesskabet Risskovbrynet - Lorrisloftet 30,"Lorrisloftet 30, st. 1.",8240,Risskov,01/12 - 2020,,9
55133018,Aarhus Kommune,CBV Bofællesskabet Elevhus - Engelstoft 119,Engelstoft 119,8520,Lystrup,02/11 - 2020,,33
55133018,Aarhus Kommune,Skåde-Højbjerg dagtilbud,Mantziusvej 5,8270,Højbjerg,18/03 - 2021,,1
55133018,Aarhus Kommune,Specialplejehjemmet Skovvang,"Skovvangsvej 97A, st. 2.",8200,Aarhus N,01/04 - 2021,,330
55133018,Aarhus Kommune,DII Bakketoppen,Bjørnshøjvej 1C,8380,Trige,06/05 - 2021,,30
55133018,Aarhus Kommune,Aarhus Kommune - Hveensgade,"Hveensgade 1, 1",8000,Aarhus C,09/09 - 2021,,19
55133018,Aarhus Kommune,Legepladsen Stedet på Øen,Hjortholmsvej 13,8000,Aarhus C,03/09 - 2021,,8
55133018,Aarhus Kommune,Idrætsbørnehuset Hoppeland,Frijsenborgvej 9,8240,Risskov,09/09 - 2021,,45
55133018,Aarhus Kommune,DII Smilehullet,Fuldenvej 140A,8330,Beder,14/09 - 2021,,33
55133018,Aarhus Kommune,Børnehuset Løvstikken,Løvstikkevej 12,8200,Aarhus N,14/09 - 2021,,41
55133018,Aarhus Kommune,"CAV Baldergården, Oddervej 249B",Oddervej 249B,8270,Højbjerg,01/10 - 2021,,9
55133018,Aarhus Kommune,Børneterapi,Evald Krogs Gade 14C,8000,Aarhus C,08/11 - 2021,,51
55133018,Aarhus Kommune,International Day Nursery - Aarhus,Marselis Boulevard 50,8000,Aarhus C,26/11 - 2021,,15
55133018,Aarhus Kommune,"Sundhed og Omsorg, Carl Blochs Gade 50","Carl Blochs Gade 50, kl",8000,Aarhus C,01/01 - 2022,,52
55133018,Aarhus Kommune,"Sundhed og Omsorg, Samuel Morses Vej 8",Samuel Morses Vej 8,8200,Aarhus N,25/03 - 2022,,39
55133018,Aarhus Kommune,Beder-Malling dagtilbud,Skoleparken 6,8330,Beder,01/05 - 2022,,1
55133018,Aarhus Kommune,Legepladsen Bispehaven,Ryhavevej 40,8210,Aarhus V,17/05 - 2022,,1
55133018,Aarhus Kommune,Livstræet,Tilst Skolevej 13B,8381,Tilst,17/05 - 2022,,29
55133018,Aarhus Kommune,Harlev dagtilbud,Gammel Stillingvej 424A,8462,Harlev J,01/06 - 2022,,1
55133018,Aarhus Kommune,Tilst dagtilbud,Tåstumvænget 8,8381,Tilst,01/06 - 2022,,2
55133018,Aarhus Kommune,Tovshøj dagtilbud,Janesvej 1A,8220,Brabrand,01/06 - 2022,,1
55133018,Aarhus Kommune,Bevægelsesbørnehuset,Gudrunsvej 3A,8220,Brabrand,01/08 - 2022,,40
55133018,Aarhus Kommune,"Sundhed og Omsorg, Evald Krogs Gade 1C",Evald Krogs Gade 1C,8000,Aarhus C,20/01 - 2023,,29
55133018,Aarhus Kommune,"Sundhed og Omsorg, Evald Krogs Gade 11D",Evald Krogs Gade 11D,8000,Aarhus C,20/01 - 2023,,79
55133018,Aarhus Kommune,"Sundhed og Omsorg, Evald Krogs Gade 10",Evald Krogs Gade 10,8000,Aarhus C,20/01 - 2023,,19
55133018,Aarhus Kommune,"Sundhed og Omsorg, Evald Krogs Gade 4B",Evald Krogs Gade 4B,8000,Aarhus C,23/01 - 2023,,58
55133018,Aarhus Kommune,"Sundhed og Omsorg, Evald Krogs Gade 1A",Evald Krogs Gade 1A,8000,Aarhus C,01/02 - 2023,,42
55133018,Aarhus Kommune,Satellitten Serinedalen,Byagervej 164,8330,Beder,29/03 - 2023,,29
55133018,Aarhus Kommune,BC Børnehus Midt Herning,Industrivej Nord 9A,7400,Herning,01/01 - 2023,,22
55133018,Aarhus Kommune,Hjerneskadeteam for voksne,Evald Krogs Gade 4D,8000,Aarhus C,01/01 - 2023,,4
55133018,Aarhus Kommune,Bofællesskabet Jettesvej,Jettesvej 11,8220,Brabrand,01/01 - 2023,,3
55133018,Aarhus Kommune,"Sociale Forhold og Beskæftigelse - Graham Bells Vej 1B, st. 1","Graham Bells Vej 1B, st. 1.",8200,Aarhus N,01/06 - 2023,,21
55133018,Aarhus Kommune,Botilbuddet Kragelund,"Dybrovej 19B, st",8270,Højbjerg,01/02 - 2023,,36
55133018,Aarhus Kommune,"Sundhed og Omsorg, Reykjaviksgade 15",Reykjaviksgade 15,8200,Aarhus N,01/08 - 2023,,12
55133018,Aarhus Kommune,Afdeling Stenhøj,Stensagervej 9,8260,Viby J,15/08 - 2023,,18
55133018,Aarhus Kommune,Åhøjen,Skodshøjen 2,8240,Risskov,13/09 - 2023,,12
55133018,Aarhus Kommune,Aarhus Kommune Spanien 19,Spanien 19,8000,Aarhus C,01/11 - 2023,,47
55133018,Aarhus Kommune,Aarhus Kommune Kjeld Tolstrups Gade 3,Kjeld Tolstrups Gade 3,8000,Aarhus C,01/11 - 2023,,3
55133018,Aarhus Kommune,Aarhus Kommune Skovgaardsgade 3A,Skovgaardsgade 3A,8000,Aarhus C,01/11 - 2023,,15
55133018,Aarhus Kommune,Ungehuset Viby-Rosenvang,Vidtskuevej 25B,8260,Viby J,12/01 - 2024,,1
55133018,Aarhus Kommune,Langagerskolen - Kolt,Kolt Østervej 45,8361,Hasselager,19/01 - 2024,,35
55133018,Aarhus Kommune,Langagerskolen SFO - Kolt,Kolt Østervej 45,8361,Hasselager,19/01 - 2024,,27
55133018,Aarhus Kommune,Sociale Forhold og Beskæftigelse - Katrinebjergvej 81,"Katrinebjergvej 81, st",8200,Aarhus N,01/01 - 2024,,97
55133018,Aarhus Kommune,Sundhedsplejen Øst,Høgevej 27H,8210,Aarhus V,12/03 - 2024,,27
55133018,Aarhus Kommune,"Sundhed og Omsorg, Høgevej 27K",Høgevej 27K,8210,Aarhus V,01/06 - 2024,,53
55133018,Aarhus Kommune,Stensagerskolen,Stensagervej 11,8260,Viby J,20/06 - 2024,,43
55133018,Aarhus Kommune,"CAV Sagagården, Oddervej 247B",Oddervej 247B,8270,Højbjerg,25/10 - 2024,,34
55133018,Aarhus Kommune,CAV Kilebo Hus 3-4,"Havkærparken 49, st",8381,Tilst,25/10 - 2024,,23
55133018,Aarhus Kommune,Sociale forhold og Beskæftigelse - Haurumsvej 31A,Haurumsvej 31A,8381,Tilst,05/11 - 2024,,9
55133018,Aarhus Kommune,SFO - Stensagerskolen - Janesvej 2,Janesvej 2,8220,Brabrand,19/02 - 2025,,75
55133018,Aarhus Kommune,SFO - Stensagerskolen - Stensagervej 11,Stensagervej 11,8260,Viby J,19/02 - 2025,,10
55133018,Aarhus Kommune,Satellitten Lisbjerg,Elsted Byvej 40,8520,Lystrup,03/06 - 2025,,6
55133018,Aarhus Kommune,"Sundhed og Omsorg, Kingosvej 3",Kingosvej 3,8230,Åbyhøj,16/07 - 2025,,59
55133018,Aarhus Kommune,"Sundhed og Omsorg, Gartnerparken 2","Gartnerparken 2, st",8380,Trige,17/07 - 2025,,37
55133018,Aarhus Kommune,"Sundhed og Omsorg, Morten Eskesens Vej 2",Morten Eskesens Vej 2,8210,Aarhus V,17/07 - 2025,,3
55133018,Aarhus Kommune,Psykiatriens Hus i Aarhus,Evald Krogs Gade 13A,8000,Aarhus C,30/07 - 2025,,45
55133018,Aarhus Kommune,Børnehuset Bindesbøll,Bindesbølls Allé 36,8240,Risskov,25/08 - 2025,,13
55133018,Aarhus Kommune,"Sundhed og Omsorg, Rosenhøj Bakke 24",Rosenhøj Bakke 24,8260,Viby J,18/09 - 2025,,11
55133018,Aarhus Kommune,"Sundhed og Omsorg, Torvevænget 3A",Torvevænget 3A,8310,Tranbjerg J,29/09 - 2025,,132
55133018,Aarhus Kommune,Mentorordning,Grøndalsvej 2,8260,Viby J,01/11 - 2025,,75
55133018,Aarhus Kommune,CF Kalkværksvej,Kalkværksvej 15,8000,Aarhus C,12/11 - 2025,,8
55133018,Aarhus Kommune,UDS Turbo,Korsagervej 15,8230,Åbyhøj,11/12 - 2025,,24
55133018,Aarhus Kommune,Grethe Scheuers Allé 5B - AAK,Grethe Scheuers Allé 5B,8000,Aarhus C,01/01 - 2026,,8
55133018,Aarhus Kommune,Vestergårdskolen SFO,Nordbyvej 25,8260,Viby J,01/01 - 2000,,27
55133018,Aarhus Kommune,Fejloprettelse Kløverskolen,Janesvej 2,8220,Brabrand,30/06 - 2025,,
55133018,Aarhus Kommune,Fejloprettelse SFO - Kløverskolen,"Janesvej 1, 1. 1.",8220,Brabrand,07/07 - 2025,,
55133018,Aarhus Kommune,Aarhus Kommunes Kirkegårde,Viborgvej 47A,8210,Aarhus V,01/01 - 2000,,0
55133018,Aarhus Kommune,"Entreprenørenheden, Magistratsafdelingen for Teknik og Miljø, Aarhus Kommune",Ellemosevej 18,8310,Tranbjerg J,01/01 - 2000,,1
55133018,Aarhus Kommune,Tovshøj Dagtilbud - 5101 afd. Børnehuset Mælkevejen,Gudrunsvej 66A,8220,Brabrand,01/01 - 2002,,1
55133018,Aarhus Kommune,Legepladsen Gellerup,Karen Blixens Boulevard 59,8220,Brabrand,01/01 - 1993,,1
55133018,Aarhus Kommune,MTM EDSLEV LOSSEPLADS (nedlagt),Pindsmøllevej 13,8362,Hørning,30/10 - 2003,,0
55133018,Aarhus Kommune,"Ejendomme, Teknik og Miljø, Aarhus Kommune","Karen Blixens Boulevard 7, 4",8220,Brabrand,01/01 - 2003,,8
55133018,Aarhus Kommune,UDS Yggdrasil,"Skejby Vænge 138, st. a.",8200,Aarhus N,01/01 - 2026,,
55133018,Aarhus Kommune,Langenæs Dagtilbud - 7231 afd. Vuggestuen Langenæs,Langenæs Allé 27,8000,Aarhus C,19/05 - 2005,,12
55133018,Aarhus Kommune,Magistratsafdelingen for Sundhed og Omsorg,Grøndalsvej 2,8260,Viby J,30/06 - 2019,,0
55133018,Aarhus Kommune,Bavnehøj Bibliotek,Koltvej 17,8361,Hasselager,01/01 - 2006,,0
55133018,Aarhus Kommune,Aarhus Kommunes Genoptræningscenter,P.P. Ørums Gade 11,8000,Aarhus C,10/03 - 2008,,23
55133018,Aarhus Kommune,Ungdomsklub Ellevang,Jellebakken 2,8240,Risskov,02/01 - 2008,,1
55133018,Aarhus Kommune,Børnecentret Børnestedet Kjærslund,"Kjærslund 30, st. tv.",8260,Viby J,06/08 - 2009,,
55133018,Aarhus Kommune,Børnecentret Børnestedet,"Lenesvej 17, st. th.",8220,Brabrand,06/08 - 2009,,1
55133018,Aarhus Kommune,Dagtilbud 4451 - Tilst afd. Dagplejen i Tilst,Græsvangen 101,8381,Tilst,18/12 - 2009,,5
55133018,Aarhus Kommune,Dagtilbud 3382 - Skovvangen afd. Børnehaven Skovparken,Skovvangsvej 199,8200,Aarhus N,15/12 - 2009,,1
55133018,Aarhus Kommune,ÅK MTM LYSTRUPVEJ LOSSEPLADS (nedlagt),Lystrupvej 194,8240,Risskov,11/02 - 2010,,
55133018,Aarhus Kommune,Folkeinformationen Hasle Bibliotek,Kappelvænget 2A,8210,Aarhus V,03/12 - 2009,,0
55133018,Aarhus Kommune,Brabrand Dagtilbud- 5103 - afd. Dagplejen i Brabrand,Jettesvej 2,8220,Brabrand,18/12 - 2009,,1
55133018,Aarhus Kommune,Dagtilbud 4351 - Sabro afd. Dagplejen i Sabro,Vistoftvej 36A,8471,Sabro,18/12 - 2009,,3
55133018,Aarhus Kommune,Solbjerg Dagtilbud - 8411 afd. Dagplejen i Solbjerg,Testrupvej 4,8320,Mårslet,18/12 - 2009,,2-4
55133018,Aarhus Kommune,ÅK/MTM/EJD Vagt Service maskinværksted,Rådhuspladsen 2,8000,Aarhus C,25/05 - 2010,,4
55133018,Aarhus Kommune,ÅK MTM EJD VAGT OG SERVICE,Grøndalsvej 2,8260,Viby J,25/05 - 2010,,
55133018,Aarhus Kommune,ÅK MTM EJD VAGT OG SERVICE,Vejlby Centervej 52,8240,Risskov,25/05 - 2010,,
55133018,Aarhus Kommune,Kantinen Søren Frichsvej 36G,Søren Frichs Vej 36G,8230,Åbyhøj,07/07 - 2010,,1
55133018,Aarhus Kommune,"Entreprenørenheden, Magistratsafdelingen for Teknik og Miljø, Aarhus Kommune",Oddervej 4,8000,Aarhus C,09/07 - 2010,,
55133018,Aarhus Kommune,Aarhus Kommunes Kirkegårde,Kirkegårdsvej 26,8000,Aarhus C,09/07 - 2010,,
55133018,Aarhus Kommune,"Entreprenørenheden, Magistratsafdelingen for Teknik og Miljø, Aarhus Kommune",Morvadsvej 4,8270,Højbjerg,09/07 - 2010,,0
55133018,Aarhus Kommune,"Entreprenørenheden, Magistratsafdelingen for Teknik og Miljø, Aarhus Kommune",Lysengvej 1A,8270,Højbjerg,09/07 - 2010,,0
55133018,Aarhus Kommune,"Entreprenørenheden, Magistratsafdelingen for Teknik og Miljø, Aarhus Kommune",Kongevejen 100,8000,Aarhus C,09/07 - 2010,,
55133018,Aarhus Kommune,ÅK MTM EJD VILHELMSBORG,Vilhelmsborg Allé 1,8320,Mårslet,12/07 - 2010,,1
55133018,Aarhus Kommune,ÅK MTM ENTREPRENØRENHEDEN DRIFTSOMRÅDE SYD,Bispelundvej 115,8330,Beder,09/07 - 2010,,0
55133018,Aarhus Kommune,"Center for Byudvikling og Mobilitet, Magistratsafdelingen for Teknik og Miljø, Aarhus Kommune",Kalkværksvej 10,8000,Aarhus C,09/07 - 2010,,50-99
55133018,Aarhus Kommune,Lokalcenter Bøgeskovhus 57,Skovlundgårdsvej 57,8260,Viby J,06/09 - 2010,,1
55133018,Aarhus Kommune,"Sundhed og Omsorg, MÅ IKKE BENYTTES",Carl Blochs Gade 38,8000,Aarhus C,07/02 - 2011,,0
55133018,Aarhus Kommune,"Lokalcentrene Nordvest, hjemmeplejen F3","Morten Eskesens Vej 1, kl",8210,Aarhus V,30/03 - 2011,,0
55133018,Aarhus Kommune,Byens Mad,Vestermøllevej 7A,8380,Trige,10/06 - 2011,,0
55133018,Aarhus Kommune,Dagtilbud 6181 - Stautrup afd. Dagplejen i Stautrup,Højvangsvej 1A,8260,Viby J,04/08 - 2011,,1
55133018,Aarhus Kommune,Område Christiansbjerg,Reykjaviksgade 13,8200,Aarhus N,29/08 - 2012,,0
55133018,Aarhus Kommune,Lykkegården,Bredevej 2A,8250,Egå,31/08 - 2012,,0
55133018,Aarhus Kommune,Højbjerg Fotografiske Filmværksted,Oddervej 80C,8270,Højbjerg,31/08 - 2012,,1
55133018,Aarhus Kommune,Område Christiansbjerg,Vejlbygade 9A,8240,Risskov,03/09 - 2012,,20-49
55133018,Aarhus Kommune,Bakkegårdsskolen SFO afdeling Gammel Landevej 29,Gammel Landevej 29,8380,Trige,17/09 - 2012,,
55133018,Aarhus Kommune,"Område Marselisborg, hjemmeplejen Frederiksbjerg","P.P. Ørums Gade 11, 2",8000,Aarhus C,18/10 - 2012,,41
55133018,Aarhus Kommune,Kaløvigskolens SFO,Sanatorievej 38,8541,Skødstrup,19/09 - 2013,,0
55133018,Aarhus Kommune,ÅK/MTM/FA Fællesadministrationen - Oprydning 1,Bautavej 1,8210,Aarhus V,03/10 - 2013,,0
55133018,Aarhus Kommune,(Må ikke benyttes) ÅK/MTM/FA Fællesadministrationen - Oprydning 2,Lystrupvej 194,8240,Risskov,03/10 - 2013,,1
55133018,Aarhus Kommune,Dagtilbud 8211 - Højbjerg afd. DII Rygården,Elverdalsvej 46,8270,Højbjerg,01/01 - 1993,,4
55133018,Aarhus Kommune,Dagtilbud 8261 - Mårslet afd. Solhuset,Hørretvej 14A,8320,Mårslet,01/01 - 1993,,8
55133018,Aarhus Kommune,Lejrskolen i Sahl,Stokholmvej 6,7830,Vinderup,01/01 - 1993,,1
55133018,Aarhus Kommune,Holme-Rundhøj - Dagtilbud 7171 afd. Børnehuset Tulhøjvej 5,Tulshøjvej 5,8270,Højbjerg,01/01 - 1993,,6
55133018,Aarhus Kommune,Dagtilbud 6181 - Stautrup afd. Kælkebakken,Klokkeskovvej 13,8260,Viby J,01/01 - 1997,,1
55133018,Aarhus Kommune,CB BOF Kragelund,Kragelunds Allé 16A,8270,Højbjerg,01/01 - 2007,,1
55133018,Aarhus Kommune,Tangehytten,Tange Søvej 54,8850,Bjerringbro,08/10 - 2012,,1
55133018,Aarhus Kommune,Legepladsen Kappelvænget,Kappelvænget 52,8210,Aarhus V,04/08 - 2020,,1
55133018,Aarhus Kommune,"Sundhed og Omsorg, Rymarken 118",Rymarken 118,8210,Aarhus V,01/12 - 2021,,2
55133018,Aarhus Kommune,"Sundhed og Omsorg, Sandkåsvej 3","Sandkåsvej 3, kl",8210,Aarhus V,01/05 - 2022,,2
55133018,Aarhus Kommune,Tandklinikken Højvangskolen,Klokkeskovvej 1,8260,Viby J,01/10 - 2014,,0
55133018,Aarhus Kommune,FUT-klinik Næshøj,Gammel Stillingvej 424A,8462,Harlev J,01/10 - 2014,,
55133018,Aarhus Kommune,Tandklinikken Sabro-Korsvejskolen,Sabro Skolevej 4A,8471,Sabro,01/10 - 2014,,
55133018,Aarhus Kommune,Tandklinikken Strandskolen,Nellikevej 1,8240,Risskov,01/10 - 2014,,0
55133018,Aarhus Kommune,Tandklinikken Lystrup Skole,Lystrupvej 256A,8520,Lystrup,01/10 - 2014,,1
55133018,Aarhus Kommune,Tandklinikken Beder Skole,Skoleparken 6,8330,Beder,01/10 - 2014,,0
55133018,Aarhus Kommune,Tandklinikken Engdalskolen,Engdalsvej 31,8220,Brabrand,01/10 - 2014,,0
55133018,Aarhus Kommune,Tandklinikken Bavnehøj,Koltvej 15,8361,Hasselager,01/10 - 2014,,0
55133018,Aarhus Kommune,Tandklinikken Århus Tandlægeskolen,Høegh-Guldbergs Gade 8,8000,Aarhus C,01/10 - 2014,,0
55133018,Aarhus Kommune,Tandklinikken Tilst Skole,Tåstumvænget 8,8381,Tilst,01/10 - 2014,,0
55133018,Aarhus Kommune,Tandklinikken Tranbjergskolen,Grønløkke Allé 9,8310,Tranbjerg J,01/10 - 2014,,0
55133018,Aarhus Kommune,Tandplejen Frederiksbjerg Skole,Ingerslevs Boulevard 2C,8000,Aarhus C,01/10 - 2014,,0
55133018,Aarhus Kommune,Tandklinikken Skovvangskolen,Aldersrovej 49,8200,Aarhus N,01/10 - 2014,,1
55133018,Aarhus Kommune,Tandklinikken Hasle Skole,Herredsvej 15,8210,Aarhus V,01/10 - 2014,,
55133018,Aarhus Kommune,FUT-klinik Bakkegård,Smedebroen 21F,8380,Trige,01/10 - 2014,,
55133018,Aarhus Kommune,Kantinen MSB - Kalkværksvej,Kalkværksvej 40,8000,Aarhus C,19/08 - 2015,,1
55133018,Aarhus Kommune,Kulturforvaltningen,Skovgaardsgade 3,8000,Aarhus C,01/10 - 2015,,0
55133018,Aarhus Kommune,Solbjerg Dagtilbud - 8411 afdeling dagplejen,Kærgårdsvej 16,8355,Solbjerg,01/01 - 2016,,1
55133018,Aarhus Kommune,"Bolig og Projektudvikling , Magistratsafdelingen for Teknik og Miljø, Aarhus Kommune",Kalkværksvej 10,8000,Aarhus C,14/02 - 2016,,9
55133018,Aarhus Kommune,Langenæs Dagtilbud 7231 afd. Kirkedammen,Kirkedammen 29,8000,Aarhus C,01/07 - 2017,,2
55133018,Aarhus Kommune,Dagtilbud 3531 Skejby-Vorrevang afd. Næringen 99,Næringen 97,8240,Risskov,01/07 - 2017,,
55133018,Aarhus Kommune,Midtpunktet,P.P. Ørums Gade 11,8000,Aarhus C,27/11 - 2018,,2
55133018,Aarhus Kommune,Domen,Inge Lehmanns Gade 22,8000,Aarhus C,14/04 - 2019,,
55133018,Aarhus Kommune,Kontinensklyngen,P.P. Ørums Gade 11,8000,Aarhus C,14/05 - 2019,,6
55133018,Aarhus Kommune,"Sundhed og Omsorg, P.P. Ørums Gade 11",P.P. Ørums Gade 11,8000,Aarhus C,01/10 - 2019,,1
55133018,Aarhus Kommune,Kantinen MSB - Vejlby Centervej,Vejlby Centervej 52,8240,Risskov,01/10 - 2019,,1
55133018,Aarhus Kommune,Sundhedsplejen Sydvest,Grøndalsvej 25,8260,Viby J,07/11 - 2019,,26
55133018,Aarhus Kommune,Legepladsen Sabro,Vistoftvej 30,8471,Sabro,04/08 - 2020,,
55133018,Aarhus Kommune,Legepladsen Rundhøj,Holmevej 200,8270,Højbjerg,04/08 - 2020,,
55133018,Aarhus Kommune,Legepladsen Midgård,Testrupvej 1,8320,Mårslet,04/08 - 2020,,
55133018,Aarhus Kommune,Bofællesskabet Generationernes Hus,Thit Jensens Gade 3,8000,Aarhus C,01/04 - 2021,,
55133018,Aarhus Kommune,UDS Nørre Allé,Nørre Allé 30,8000,Aarhus C,01/03 - 2022,,3
55133018,Aarhus Kommune,"UUA Opgang til Opgang, MSB",Gudrunsvej 82,8220,Brabrand,05/03 - 2026,,
55133018,Aarhus Kommune,Hjemmeplejen Generationernes Hus,"Thit Jensens Gade 3C, kl. 5.",8000,Aarhus C,01/04 - 2021,,
55133018,Aarhus Kommune,Plejeboligerne Generationernes Hus,"Thit Jensens Gade 3C, kl. 5.",8000,Aarhus C,01/04 - 2021,,
55133018,Aarhus Kommune,Børnenes Ø,Thit Jensens Gade 11A,8000,Aarhus C,01/04 - 2021,,
55133018,Aarhus Kommune,Specialplejehjemmet Skovvang,Skovvangsvej 99A,8200,Aarhus N,01/06 - 2021,,
55133018,Aarhus Kommune,Motorgården - Ungdomsskolen Syd,Axel Gruhns Vej 2A,8270,Højbjerg,24/08 - 2021,,
55133018,Aarhus Kommune,Dagtilbud 6501 - Vestergård afd. Anemonen,Grøfthøjparken 147,8260,Viby J,01/01 - 1993,,1
55133018,Aarhus Kommune,Tandklinikken Søndervangskolen,Søndervangs Allé 40,8260,Viby J,01/10 - 2014,,1
55133018,Aarhus Kommune,Bylivshuset Tranbjerg,Kirketorvet 10,8310,Tranbjerg J,15/12 - 2021,,
55133018,Aarhus Kommune,Gellerup Bibliotek,Karen Blixens Boulevard 23,8220,Brabrand,08/12 - 2021,,
55133018,Aarhus Kommune,"Entreprenørenheden, Magistratsafdelingen for Teknik og Miljø, Aarhus Kommune",Høiriisgårdsvej 2,8220,Brabrand,01/01 - 2000,,0
55133018,Aarhus Kommune,"Lokalcentrene Nordvest, Hjemmeplejen F2",Møllevangs Allé 60,8210,Aarhus V,25/03 - 2011,,0
55133018,Aarhus Kommune,Ungekollegiet,"Olof Palmes Allé 11M, 1. 1.",8200,Aarhus N,01/12 - 2025,,
55133018,Aarhus Kommune,Skødstrup dagtilbud 1391 afd. Satellitten,Grenåvej 732,8541,Skødstrup,27/02 - 2012,,6
55133018,Aarhus Kommune,"Entreprenørenheden, Magistratsafdelingen for Teknik og Miljø, Aarhus Kommune",Holmskovvej 10,8340,Malling,09/07 - 2010,,
55133018,Aarhus Kommune,Hjortshøj Kombi-bibliotek,Virupvej 75,8530,Hjortshøj,01/01 - 2006,,1
55133018,Aarhus Kommune,Dagtilbud 4571 - Ellekær afd. Sproggruppen Troldeholdet §11,Jernaldervej 3A,8210,Aarhus V,01/01 - 2015,,3
55133018,Aarhus Kommune,"Sundhed og Omsorg, Sandkåsvej 39",Sandkåsvej 39,8210,Aarhus V,31/01 - 2011,,1
55133018,Aarhus Kommune,Børnesnak,Louisevej 37,8220,Brabrand,05/10 - 2023,,
55133018,Aarhus Kommune,Vestergårdsskolen - 10. klasse,Stensagervej 10,8260,Viby J,12/06 - 2024,,
55133018,Aarhus Kommune,CB Sjællandsgade,Sjællandsgade 50,8000,Aarhus C,02/10 - 2025,,
55133018,Aarhus Kommune,CB BOF Provstebakken,Provstebakken 6A,8210,Aarhus V,02/10 - 2025,,
55133018,Aarhus Kommune,CF Grundtvigsvej,"Grundtvigsvej 14, st. tv.",8260,Viby J,02/10 - 2025,,
55133018,Aarhus Kommune,Klub Ravnbakke,Ravnbakken 10,8200,Aarhus N,23/04 - 2026,,
55133018,Aarhus Kommune,FRITIDSORDNINGEN PÅ STENAGERSKOLEN,Stensagervej 9,8260,Viby J,01/01 - 1993,,20-49
55133018,Aarhus Kommune,Center for Syn og Hjælpemidler Aarhus,P.P.Ørums Gade 11,8000,Aarhus C,01/01 - 1993,,2
55133018,Aarhus Kommune,SFO Skæring Skole afd. SKÆRING SKOLEVEJ,Skæring Skolevej 210,8250,Egå,01/01 - 1993,,10-19
55133018,Aarhus Kommune,RISSKOV BIBLIOTEK,Fortebakken 1,8240,Risskov,01/01 - 1993,,1
55133018,Aarhus Kommune,Dagtilbud 5101 - Toveshøj afd. Børnehaven Skræppen,Lenesvej 23,8220,Brabrand,01/01 - 1993,,1
55133018,Aarhus Kommune,SFO Sødalskolen afd. Louisevej,Louisevej 37,8220,Brabrand,01/01 - 1993,,5-9
55133018,Aarhus Kommune,SFO Ellekærskolen afd. Bispehavevej,Bispehavevej 1,8210,Aarhus V,01/01 - 1993,,2-4
55133018,Aarhus Kommune,Klub K,Parkvej 18,8270,Højbjerg,01/01 - 1993,,1
55133018,Aarhus Kommune,SFO Engdalsskolen afd. ENGDALSVEJ,Engdalsvej 18,8220,Brabrand,01/01 - 1993,,0
55133018,Aarhus Kommune,Dagtilbud 5141 - Sødal afd. Børnehuset Åbyhøjgården,Åbyhøjgård 34,8230,Åbyhøj,01/01 - 1993,,16
55133018,Aarhus Kommune,SFO Hasle Skole afd. Herredsvej,Herredsvej 19,8210,Aarhus V,01/01 - 1993,,2-4
55133018,Aarhus Kommune,"Teknik og Miljø, Byrum og Byliv, Aarhus Kommune",Karen Blixens Boulevard 7,8220,Brabrand,01/01 - 1993,,100-199
55133018,Aarhus Kommune,Område Vest,Sandkåsvej 1,8210,Aarhus V,01/01 - 1993,,0
55133018,Aarhus Kommune,Dagtilbud 5101 - Tovshøj afd. Børnehaven Spiren,Lenesvej 27,8220,Brabrand,01/01 - 1993,,13
55133018,Aarhus Kommune,SFO Skovvangskolen af Skovvangsvej,Skovvangsvej 129,8200,Aarhus N,01/01 - 1993,,0
55133018,Aarhus Kommune,"Natur og Miljø og Plan og Byggeri, Magistratsafdelingen for Teknik og Miljø, Aarhus Kommune",Karen Blixens Boulevard 7,8220,Brabrand,01/01 - 1993,,1
55133018,Aarhus Kommune,SENIORCENTRET SAXILD STRAND,Chr Petersensvej 1,8300,Odder,01/01 - 1993,,0
55133018,Aarhus Kommune,FERIEKOLONIEN HOU,Villavej 40,8300,Odder,01/01 - 1993,,0
55133018,Aarhus Kommune,FERIEKOLONIEN SKÆRING,Plantagevej 14,8250,Egå,01/01 - 1993,,0
55133018,Aarhus Kommune,HØJBJERG BIBLIOTEK,Oddervej 74,8270,Højbjerg,01/01 - 1993,,0
55133018,Aarhus Kommune,SFO Åby skole afd. Henrik Hertz Vej,Henrik Hertz Vej 64E,8230,Åbyhøj,01/01 - 1993,,2-4
55133018,Aarhus Kommune,BØRNEKULISSEN,Louisevej 29,8220,Brabrand,01/01 - 1994,,1
55133018,Aarhus Kommune,Kragelundskolen SFO afdeling L. A. Ringsvej 56,L.A. Rings Vej 56,8270,Højbjerg,01/01 - 1996,,2-4
27591507,Altiden Social ApS,85 tilbud Løvegade,Løvegade 10B,4200,Slagelse,01/10 - 2022,01/10 - 2022,
27591507,Altiden Social ApS,Alternativet Vidstrup,Højenevej 2A,9800,Hjørring,01/10 - 2022,30/11 - 2022,
27591507,Altiden Social ApS,Alternativet Hedehusene,Vadsbyvej 17,2640,Hedehusene,01/10 - 2022,24/04 - 2024,1
27591507,Altiden Social ApS,Administrationen,Nyvej 8,9460,Brovst,01/10 - 2022,24/04 - 2024,
27591507,Altiden Social ApS,Alternativet Karise,Køgevej 67,4653,Karise,01/10 - 2022,24/04 - 2024,2
27591507,Altiden Social ApS,Ungeafdelingen,Dybdalsvej 1,9460,Brovst,01/10 - 2022,24/04 - 2024,
27591507,Altiden Social ApS,Gladbovej,Gladbovej 3,2500,Valby,01/10 - 2022,24/04 - 2024,
27591507,Altiden Social ApS,Altiden Social ApS,Tuborgvej 5,2900,Hellerup,11/02 - 2004,22/03 - 2024,1
27591507,Altiden Social ApS,Brændingen,Brændingen 2,9480,Løkken,01/10 - 2022,24/04 - 2024,1
27591507,Altiden Social ApS,Altiden Overdrevsvej,Overdrevsvej 75,4640,Faxe,01/10 - 2022,30/09 - 2025,3
27591507,Altiden Social ApS,Skipperstræde,Østre Alle 30A,3250,Gilleleje,01/10 - 2022,24/04 - 2024,1
27591507,Altiden Social ApS,Thorsgade 63 (Altiden CasaBlanca),"Thorsgade 63, st. tv.",2200,København N,28/11 - 2022,24/04 - 2024,7
27591507,Altiden Social ApS,Altiden Kirkeleddet 6,Kirkeleddet 6,3230,Græsted,01/10 - 2022,31/12 - 2025,4
27591507,Altiden Social ApS,Altiden Kirkeleddet 10-20,Kirkeleddet 10,3230,Græsted,01/01 - 2024,31/12 - 2025,1
27591507,Altiden Social ApS,Altiden Kirkeleddet 8,Kirkeleddet 8,3230,Græsted,01/10 - 2022,31/12 - 2025,1
27591507,Altiden Social ApS,Administration Hjørring,Egholmvej 8,9800,Hjørring,01/07 - 2023,31/01 - 2026,1
27591507,Altiden Social ApS,Altiden Kløvermarken,Kløvermarken 9,9850,Hirtshals,01/10 - 2022,,6
27591507,Altiden Social ApS,Altiden Casa Blanca,Thorsgade 61,2200,København N,01/06 - 2020,,14
27591507,Altiden Social ApS,Altiden Casa Blanca,Valby Langgade 229,2500,Valby,01/06 - 2020,,7
27591507,Altiden Social ApS,Altiden Casa Blanca,Valby Langgade 231,2500,Valby,01/06 - 2020,,22
27591507,Altiden Social ApS,Altiden Casa Blanca,Danshøjvej 9,2500,Valby,01/06 - 2020,,14
27591507,Altiden Social ApS,Altiden Tølløsevej 20,Tølløsevej 20,2700,Brønshøj,01/10 - 2022,,13
27591507,Altiden Social ApS,Altiden Kirkebjerg Alle 56,Kirkebjerg Allé 56,2720,Vanløse,01/10 - 2022,,20
27591507,Altiden Social ApS,Altiden Tølløsevej 21,Tølløsevej 21,2700,Brønshøj,01/10 - 2022,,5
27591507,Altiden Social ApS,Altiden Ålekistevej 140,Ålekistevej 140,2720,Vanløse,01/10 - 2022,,26
27591507,Altiden Social ApS,Altiden Skotlandsgade,Skotlandsgade 15,2300,København S,01/10 - 2022,,29
27591507,Altiden Social ApS,Altiden Kirkebjerg Alle 58A,Kirkebjerg Allé 58A,2720,Vanløse,01/10 - 2022,,5
27591507,Altiden Social ApS,Altiden Gammel Jernbanevej,Gammel Jernbanevej 20,2500,Valby,01/10 - 2022,,9
27591507,Altiden Social ApS,Altiden Solskov,Solskovvej 47,9460,Brovst,01/10 - 2022,,13
27591507,Altiden Social ApS,Altiden Solvang,Kirkegade 49,9460,Brovst,01/10 - 2022,,8
27591507,Altiden Social ApS,Altiden Solhøj,Skunshavevej 24,9460,Brovst,01/10 - 2022,,12
27591507,Altiden Social ApS,Altiden Sønderbjerggaard,Holtevej 2,4295,Stenlille,01/10 - 2022,,28
27591507,Altiden Social ApS,Altiden Søndersø,Farsbøllevej 18 1.,5471,Søndersø,01/10 - 2022,,26
27591507,Altiden Social ApS,Altiden Bjergesøhus,Bjergesøvej 24A,4534,Hørve,01/10 - 2022,,19
27591507,Altiden Social ApS,Altiden Smørumgaard,Kirkevangen 7,2765,Smørum,01/10 - 2022,,25
27591507,Altiden Social ApS,Altiden Atterbakken,Størlingevej 20,4733,Tappernøje,01/10 - 2022,,16
27591507,Altiden Social ApS,Altiden Skovbrynet,Skovbrynet 50,9740,Jerslev J,01/10 - 2022,,7
27591507,Altiden Social ApS,Altiden Luneborg,Luneborgvej 310A,9382,Tylstrup,01/10 - 2022,,26
27591507,Altiden Social ApS,Altiden Botilbuddet Maglesøbjerg,Maglesøvej 3,4300,Holbæk,01/10 - 2022,,21
27591507,Altiden Social ApS,Altiden Vester Hjermitslev,Ingstrupvej 7,9700,Brønderslev,01/10 - 2022,,39
27591507,Altiden Social ApS,Altiden Korninghøj,Vestervangsvej 6,8700,Horsens,01/10 - 2022,,29
27591507,Altiden Social ApS,Altiden Knivholtvej,Knivholtvej 24A,9900,Frederikshavn,01/10 - 2022,,41
27591507,Altiden Social ApS,Altiden Dianalund,Kongstedvej 20,4293,Dianalund,01/10 - 2022,,18
27591507,Altiden Social ApS,Altiden Halsebyvej,Halsebyvej 33,4220,Korsør,01/10 - 2022,,9
27591507,Altiden Social ApS,Altiden Stenagergård,Stenagervej 7,4200,Slagelse,01/10 - 2022,,11
27591507,Altiden Social ApS,Altiden Landerupgaard,Landerupvej 8,6000,Kolding,01/10 - 2022,,77
27591507,Altiden Social ApS,Altiden Østergaarden,Østergårdsvej 1,9850,Hirtshals,01/10 - 2022,,36
27591507,Altiden Social ApS,Altiden Maglesølund,Maglesøvej 89,4340,Tølløse,01/10 - 2022,,56
27591507,Altiden Social ApS,Altiden Kværndrup,Gl. Nyborgvej 53,5772,Kværndrup,01/01 - 2023,,18
27591507,Altiden Social ApS,Altiden administration,"Lautrupvang 2, 1. tv.",2750,Ballerup,01/07 - 2023,,1
27591507,Altiden Social ApS,Altiden Valby Langgade 227,"Valby Langgade 227A, st",2500,Valby,01/08 - 2023,,18
27591507,Altiden Social ApS,Altiden Huset Brovej,Brovej 15,4200,Slagelse,11/12 - 2023,,17
27591507,Altiden Social ApS,Altiden Casa Blanca Thorsgade 63,"Thorsgade 63, st. tv.",2200,København N,01/06 - 2024,,11
27591507,Altiden Social ApS,Altiden Solskovgaard,Nyvej 8,9460,Brovst,01/09 - 2025,,1
27591507,Altiden Social ApS,Altiden Frederikshavn,"Silovej 8, 7",9900,Frederikshavn,26/01 - 2026,,
26659728,AUGUSTINUS FONDEN,AUGUSTINUS FONDEN,"Sankt Annæ Plads 13, st. th.",1250,København K,30/06 - 1970,,28
18628139,Aunsbjerg A/S,Aunsbjerg Nielsen A/S,Høegh Guldbergs Gade 48,8700,Horsens,22/06 - 2010,30/11 - 2014,10-19
18628139,Aunsbjerg A/S,AUNSBJERG NIELSEN A/S,Gammel Christiansfeldvej 57,6100,Haderslev,01/04 - 2004,10/08 - 2011,0
18628139,Aunsbjerg A/S,Zapbil,Platinvej 37,6000,Kolding,03/12 - 2010,24/09 - 2015,0
18628139,Aunsbjerg A/S,Skadexperten,Platinvej 37,6000,Kolding,16/11 - 2011,31/03 - 2021,
18628139,Aunsbjerg A/S,Aunsbjerg A/S,Platinvej 3,6000,Kolding,01/01 - 1995,,61
18628139,Aunsbjerg A/S,Aunsbjerg Horsens A/S,Høegh Guldbergs Gade 48,8700,Horsens,01/06 - 2022,,32
18628139,Aunsbjerg A/S,Aunsbjerg Aarhus A/S,Øsselbjergvej 25,8250,Egå,01/06 - 2022,,16
18628139,Aunsbjerg A/S,Aunsbjerg Odense A/S,Nyborgvej 240,5220,Odense SØ,01/07 - 2023,,39
16271187,BAVARIAN NORDIC A/S,BAVARIAN NORDIC A/S,Philip Heymans Alle 3,2900,Hellerup,01/07 - 1992,,146
16271187,BAVARIAN NORDIC A/S,Bavarian Nordic A/S,Agern Alle 1,2970,Hørsholm,21/01 - 2014,,30
16271187,BAVARIAN NORDIC A/S,Bavarian Nordic A/S,Hejreskovvej 18,3490,Kvistgård,01/04 - 2016,,47
16271187,BAVARIAN NORDIC A/S,Bavarian Nordic A/S,Hejreskovvej 10A,3490,Kvistgård,02/03 - 2020,,834
16271187,BAVARIAN NORDIC A/S,Bavarian Nordic A/S,Bøgeskovvej 6,3490,Kvistgård,01/02 - 2020,,6
16271187,BAVARIAN NORDIC A/S,Bavarian Nordic A/S,Bøgeskovvej 11A,3490,Kvistgård,22/01 - 2024,,
13088810,BEC Financial Technologies a.m.b.a.,BEC Financial Technologies a.m.b.a.,Havsteensvej 4,4000,Roskilde,08/10 - 1966,,562
13088810,BEC Financial Technologies a.m.b.a.,BANKERNES EDB CENTRAL,Dalgas Alle 1,7400,Herning,01/01 - 1991,,88
13088810,BEC Financial Technologies a.m.b.a.,BANKERNES EDB CENTRAL A.M.B.A.,Langebjerg 1,4000,Roskilde,01/06 - 2020,,162
13088810,BEC Financial Technologies a.m.b.a.,BEC Financial Technologies a.m.b.a.,Skibsbyggerivej 5,9000,Aalborg,01/01 - 2024,,30
13088810,BEC Financial Technologies a.m.b.a.,BEC Financial Technologies a.m.b.a.,Marmorvej 2,2100,København Ø,01/01 - 2024,,43
88216512,BESTSELLER A/S,BESTSELLER A/S,Rådhustorvet 2,7100,Vejle,04/07 - 2006,04/07 - 2006,
88216512,BESTSELLER A/S,BESTSELLER WHOLESALE A/S,Industrivej 28,7330,Brande,01/01 - 2001,01/01 - 2001,
88216512,BESTSELLER A/S,Bestseller A/S Constantinsborg,Storskovvej 20,8260,Viby J,21/10 - 2009,31/07 - 2012,0
88216512,BESTSELLER A/S,"Bestseller A/S - Søndergade, Horsens",Søndergade 34,8700,Horsens,18/11 - 2013,07/09 - 2016,2-4
88216512,BESTSELLER A/S,BESTSELLER A/S Horsens,Havnen 1,8700,Horsens,01/01 - 2002,07/09 - 2016,0
88216512,BESTSELLER A/S,BESTSELLER A/S Brande Lager,Hyvildvej 35,7330,Brande,11/05 - 2006,22/02 - 2016,1
88216512,BESTSELLER A/S,BESTSELLER A/S København,Nytorv 9,1450,København K,01/06 - 2005,30/12 - 2007,2-4
88216512,BESTSELLER A/S,"Bestseller A/S, Billund Lufthavn",Lufthavnsvej 3,7190,Billund,01/01 - 2008,30/12 - 2010,5-9
88216512,BESTSELLER A/S,BESTSELLER A/S Skanderborg,Stilling Kirkevej 10,8660,Skanderborg,02/06 - 2006,30/09 - 2009,20-49
88216512,BESTSELLER A/S,BESTSELLER A/S Vejen,Vestergade 4A,6600,Vejen,03/11 - 2006,11/04 - 2010,20-49
88216512,BESTSELLER A/S,BESTSELLER A/S Lager,Aage Grams Vej 1,6500,Vojens,01/01 - 2003,24/09 - 2015,0
88216512,BESTSELLER A/S,BESTSELLER A/S Hammelev,Lysbjergvej 10,6500,Vojens,11/05 - 2006,10/12 - 2012,10-19
88216512,BESTSELLER A/S,BESTSELLER A/S Showroom,Kronprinsessegade 4,1306,København K,01/01 - 2002,30/12 - 2010,10-19
88216512,BESTSELLER A/S,Bestseller A/S (Tranbjerg),Slet Parkvej 5,8310,Tranbjerg J,29/06 - 2011,10/07 - 2015,0
88216512,BESTSELLER A/S,BESTSELLER A/S Serridslevgård,Serridslevgårdvej 25,8700,Horsens,11/05 - 2006,06/11 - 2015,0
88216512,BESTSELLER A/S,BESTSELLER A/S Vinding Tved,Løndalvej 13,8654,Bryrup,01/01 - 2002,30/12 - 2010,0
88216512,BESTSELLER A/S,Bestseller A/S,Jens Juuls Vej 1,8260,Viby J,10/05 - 2016,09/03 - 2017,0
88216512,BESTSELLER A/S,BESTSELLER A/S,Fredskovvej 5,7330,Brande,14/09 - 1978,,1727
88216512,BESTSELLER A/S,BESTSELLER A/S Lindencrones Palæ,Bredgade 26,1260,København K,11/05 - 2006,,26
88216512,BESTSELLER A/S,Holmen,Galionsvej 39,1437,København K,26/01 - 2009,,41
88216512,BESTSELLER A/S,BESTSELLER A/S (Logistikcenter Nord),Moltrup Landevej 201,6100,Haderslev,07/05 - 2012,,152
88216512,BESTSELLER A/S,BESTSELLER A/S,Arvad Møllevej 37,7330,Brande,10/12 - 2012,,39
88216512,BESTSELLER A/S,Lager - Helge Nielsens Alle 11,Helge Nielsens Alle 11,8723,Løsning,11/09 - 2013,,11
88216512,BESTSELLER A/S,Bestseller A/S - Constantinsborg,Storskovvej 14A,8260,Viby J,13/12 - 2013,,7
88216512,BESTSELLER A/S,BESTSELLER A/S (Aarhus),Inge Lehmanns Gade 2,8000,Aarhus C,01/06 - 2015,,950
88216512,BESTSELLER A/S,BESTSELLER A/S,Stilling Kirkevej 10,8660,Skanderborg,24/10 - 2019,,4
88216512,BESTSELLER A/S,BESTSELLER A/S - Fredericia,"Prinsessens Kvarter 3H, 1",7000,Fredericia,01/03 - 2021,,11
88216512,BESTSELLER A/S,Bestseller A/S,"Store Torv 1, 1",8000,Aarhus C,01/09 - 2022,,12
88216512,BESTSELLER A/S,Bestseller A/S,Baronessens Kvarter 1A,7000,Fredericia,01/02 - 2023,,6
88216512,BESTSELLER A/S,BESTSELLER A/S,Baronessens Kvarter 6P,7000,Fredericia,01/12 - 2025,,1
88216512,BESTSELLER A/S,Bestseller A/S Car Pooling,Industrivej 21A,7330,Brande,03/07 - 2007,,1
88216512,BESTSELLER A/S,bestseller A/S Print House,Industrivej 21B,7330,Brande,03/07 - 2007,,1
88216512,BESTSELLER A/S,BESTSELLER A/S (lager),Fynsvej 8A,7330,Brande,07/05 - 2007,,1
88216512,BESTSELLER A/S,ONLY & SONS/ONLY PLAY,Golfvej 12,7400,Herning,12/01 - 2016,,1
88216512,BESTSELLER A/S,Travel,Cargo Centervej 60,7190,Billund,01/10 - 2016,,3
88216512,BESTSELLER A/S,BESTSELLER A/S - ONLY,Skinderskovvej 10,2730,Herlev,19/10 - 2017,,0
88216512,BESTSELLER A/S,Bestseller A/S,Transportcenter Alle 8,7400,Herning,21/04 - 2022,,5
88216512,BESTSELLER A/S,Bestseller A/S,Knabrostræde 20,1210,København K,01/01 - 2023,,2
41815612,BITTEN OG MADS CLAUSENS FOND,BITTEN OG MADS CLAUSENS FOND,Nordborgvej 81,6430,Nordborg,19/07 - 1999,,2
30568176,Carelink Gruppen A/S,CareLink A/S,Herstedøstervej 27,2620,Albertslund,01/03 - 2015,31/12 - 2021,0
30568176,Carelink Gruppen A/S,CARELINK A/S,Rørdalsvej 27B,9220,Aalborg Øst,01/05 - 2012,31/12 - 2021,
30568176,Carelink Gruppen A/S,Carelink A/S,Vandtårnsvej 62B,2860,Søborg,01/03 - 2023,31/05 - 2025,41
30568176,Carelink Gruppen A/S,Carelink A/S - Kolding,"Skovparken 65, 2. tv.",6000,Kolding,20/05 - 2025,,1
30568176,Carelink Gruppen A/S,Genklang,Nørreport 26,8000,Aarhus C,30/04 - 2026,,
30568176,Carelink Gruppen A/S,Carelink Gruppen A/S,"Haraldsvej 60, 2",8960,Randers SØ,25/04 - 2007,,5513
30568176,Carelink Gruppen A/S,Carelink A/S,"Svendborgvej 226, 2",5260,Odense S,01/11 - 2021,,11
30568176,Carelink Gruppen A/S,Carelink A/S,"Børstenbindervej 6, st",5230,Odense M,01/02 - 2023,,7
30568176,Carelink Gruppen A/S,Carelink Aarhus,"Nørreport 26, st",8000,Aarhus C,01/01 - 2024,,75
30568176,Carelink Gruppen A/S,"Carelink Kampmannsgade, Kbh.","Kampmannsgade 1, 5",1604,København V,01/01 - 2024,,78
30568176,Carelink Gruppen A/S,Carelink A/S - Svendborg,Toldbodvej 9,5700,Svendborg,25/03 - 2025,,10
30568176,Carelink Gruppen A/S,Carelink A/S - Odense,"Albanigade 54E, 1. th.",5000,Odense C,25/03 - 2025,,81
30568176,Carelink Gruppen A/S,Carelink A/S - Ringsted,"Nørretorv 24, 2",4100,Ringsted,07/04 - 2025,,1
30568176,Carelink Gruppen A/S,Carelink A/S - Vejle,"Stævnen 44, st. tv.",7100,Vejle,20/05 - 2025,,2
30568176,Carelink Gruppen A/S,Carelink A/S - Fredericia,"Gothersgade 48, st",7000,Fredericia,20/05 - 2025,,3
30568176,Carelink Gruppen A/S,Carelink A/S - Ringe,Lindevej 5,5750,Ringe,25/03 - 2025,,1
30568176,Carelink Gruppen A/S,CareLink A/S,Herstedøstervej 27,2620,Albertslund,01/03 - 2015,31/12 - 2021,0
30568176,Carelink Gruppen A/S,CARELINK A/S,Rørdalsvej 27B,9220,Aalborg Øst,01/05 - 2012,31/12 - 2021,
30568176,Carelink Gruppen A/S,Carelink A/S,Vandtårnsvej 62B,2860,Søborg,01/03 - 2023,31/05 - 2025,41
30568176,Carelink Gruppen A/S,Carelink A/S - Kolding,"Skovparken 65, 2. tv.",6000,Kolding,20/05 - 2025,,1
30568176,Carelink Gruppen A/S,Genklang,Nørreport 26,8000,Aarhus C,30/04 - 2026,,
30568176,Carelink Gruppen A/S,Carelink Gruppen A/S,"Haraldsvej 60, 2",8960,Randers SØ,25/04 - 2007,,5513
30568176,Carelink Gruppen A/S,Carelink A/S,"Svendborgvej 226, 2",5260,Odense S,01/11 - 2021,,11
30568176,Carelink Gruppen A/S,Carelink A/S,"Børstenbindervej 6, st",5230,Odense M,01/02 - 2023,,7
30568176,Carelink Gruppen A/S,Carelink Aarhus,"Nørreport 26, st",8000,Aarhus C,01/01 - 2024,,75
30568176,Carelink Gruppen A/S,"Carelink Kampmannsgade, Kbh.","Kampmannsgade 1, 5",1604,København V,01/01 - 2024,,78
30568176,Carelink Gruppen A/S,Carelink A/S - Svendborg,Toldbodvej 9,5700,Svendborg,25/03 - 2025,,10
30568176,Carelink Gruppen A/S,Carelink A/S - Odense,"Albanigade 54E, 1. th.",5000,Odense C,25/03 - 2025,,81
30568176,Carelink Gruppen A/S,Carelink A/S - Ringsted,"Nørretorv 24, 2",4100,Ringsted,07/04 - 2025,,1
30568176,Carelink Gruppen A/S,Carelink A/S - Vejle,"Stævnen 44, st. tv.",7100,Vejle,20/05 - 2025,,2
30568176,Carelink Gruppen A/S,Carelink A/S - Fredericia,"Gothersgade 48, st",7000,Fredericia,20/05 - 2025,,3
30568176,Carelink Gruppen A/S,Carelink A/S - Ringe,Lindevej 5,5750,Ringe,25/03 - 2025,,1
36967552,Cassin Networks ApS,Cassin Networks ApS,M.P. Allerups Vej 48,5220,Odense SØ,08/04 - 2019,,66
36967552,Cassin Networks ApS,Cassin Networks ApS,Amerika Plads 37,2100,København Ø,17/07 - 2015,,75
36967552,Cassin Networks ApS,External Warehouse,P.L. Brandts Allé 2,5220,Odense SØ,15/07 - 2018,,
36967552,Cassin Networks ApS,Cassin Networks ApS,M.P. Allerups Vej 69,5220,Odense SØ,08/01 - 2020,,
12516479,CHR. HANSEN A/S,CHR HANSEN A/S UDLANDSANSATTE,UKENDT,,,01/09 - 1994,21/11 - 2001,1
12516479,CHR. HANSEN A/S,CHR HANSEN A/S,Ottiliavej 9,2500,Valby,02/10 - 2000,31/12 - 2001,2-4
12516479,CHR. HANSEN A/S,CHR HANSEN A/S,Masnedøgade 22,2100,København Ø,01/09 - 1994,31/12 - 1999,0
12516479,CHR. HANSEN A/S,CHR.HANSEN A/S,Hammervej 2,2970,Hørsholm,01/07 - 1989,01/05 - 2007,1
12516479,CHR. HANSEN A/S,CHR. HANSEN A/S, 10-12,9999,Ukendt,01/09 - 1988,31/08 - 1994,
12516479,CHR. HANSEN A/S,CHR HANSEN A/S,Søndre Ringvej 22,4000,Roskilde,01/09 - 1994,,150
12516479,CHR. HANSEN A/S,CHR HANSEN A/S,Sundsnæs 10-18,6300,Gråsten,01/09 - 1994,,59
12516479,CHR. HANSEN A/S,CHR HANSEN A/S,Bøge Alle 10-12,2970,Hørsholm,01/09 - 1994,,757
12516479,CHR. HANSEN A/S,CHR HANSEN A/S,Jernholmen 1-27,2650,Hvidovre,01/01 - 1995,,535
12516479,CHR. HANSEN A/S,Chr. Hansen A/S,Kogle Alle 6,2970,Hørsholm,18/04 - 2017,,48
12516479,CHR. HANSEN A/S,Chr. Hansen A/S,"Agern Alle 24, 1",2970,Hørsholm,01/03 - 2019,,40
12516479,CHR. HANSEN A/S,Chr. Hansen A/S,Agern Alle 1,2970,Hørsholm,23/07 - 2019,,14
12516479,CHR. HANSEN A/S,Chr. Hansen A/S,Højbakkegård Alle 30,2630,Taastrup,23/07 - 2019,,4
12516479,CHR. HANSEN A/S,Chr. Hansen A/S,Juelsmindevej 5,4400,Kalundborg,21/09 - 2020,,4
12516479,CHR. HANSEN A/S,CHR. HANSEN A/S,Lundtoftegårdsvej 95,2800,Kongens Lyngby,01/07 - 2025,,1
12516479,CHR. HANSEN A/S,CHR. HANSEN A/S,Hillerødgade 42,2200,København N,01/07 - 2025,,15
12516479,CHR. HANSEN A/S,CHR. HANSEN A/S,Hallas Alle 1,4400,Kalundborg,01/07 - 2025,,121
12516479,CHR. HANSEN A/S,Chr. Hansen A/S,Biologiens Vej 2,2800,Kongens Lyngby,01/07 - 2024,,117
12516479,CHR. HANSEN A/S,Chr. Hansen A/S,Agro Food Park 13,8200,Aarhus N,01/08 - 2019,,
12516479,CHR. HANSEN A/S,CHR. HANSEN A/S,Havsteensvej 5A,4000,Roskilde,01/07 - 2025,,
12516479,CHR. HANSEN A/S,Chr. Hansen A/S,Hammerholmen 17,2650,Hvidovre,01/05 - 2017,,1
12516479,CHR. HANSEN A/S,Novozymes A/S,Krogshøjvej 36,2880,Bagsværd,01/11 - 2024,,15
81093628,COMPASS GROUP DANMARK A/S,"Eurest Kantine, BAE Systems Detica",Bouet Møllevej 5,9400,Nørresundby,04/04 - 2011,31/03 - 2018,
81093628,COMPASS GROUP DANMARK A/S,"Eurest Kantine, LEGO Åstvej",Åstvej 1,7190,Billund,01/11 - 2012,31/03 - 2018,
81093628,COMPASS GROUP DANMARK A/S,"Eurest Kantine, LEGO Havremarken",Havremarken 1,7190,Billund,01/11 - 2012,31/03 - 2018,
81093628,COMPASS GROUP DANMARK A/S,"Eurest Kantine, LEGO Rugmarken",Rugmarken 1,7190,Billund,01/11 - 2012,31/03 - 2018,
81093628,COMPASS GROUP DANMARK A/S,"Eurest Kantine, LEGO Kløvermarken",Kløvermarken 16,7190,Billund,01/11 - 2012,31/03 - 2018,
81093628,COMPASS GROUP DANMARK A/S,"Eurest Kantine, LEGO Kornmarken",Kornmarken 33,7190,Billund,01/11 - 2012,31/03 - 2018,
81093628,COMPASS GROUP DANMARK A/S,"Eurest Kantine, Modulex",Kløvervej 101,7190,Billund,01/09 - 2015,31/03 - 2018,
81093628,COMPASS GROUP DANMARK A/S,"Eurest Kantine, LEGO Kløverblomsten",Kløvermarken 11,7190,Billund,01/11 - 2016,31/03 - 2018,
81093628,COMPASS GROUP DANMARK A/S,"Eurest Kantine, Beredskabsstyrelsen",Datavej 16,3460,Birkerød,04/04 - 2011,30/04 - 2018,
81093628,COMPASS GROUP DANMARK A/S,"Gabriel, Eurest Kantine",Hjulmagervej 55,9000,Aalborg,22/11 - 2012,12/11 - 2013,
81093628,COMPASS GROUP DANMARK A/S,"LEGO A/S, Eurest kantine",Åstvej 1,7190,Billund,03/12 - 2012,15/05 - 2014,
81093628,COMPASS GROUP DANMARK A/S,"Eurest Kantine, LEGO",Systemvej 2A,7190,Billund,01/11 - 2012,24/11 - 2014,
81093628,COMPASS GROUP DANMARK A/S,"Eurest Kantine, Siemens Ølgod",Energivej 20,6870,Ølgod,21/02 - 2012,16/07 - 2018,
81093628,COMPASS GROUP DANMARK A/S,"Delimarché Express, Alexander Foss Gade",Alexander Foss Gade 11,9000,Aalborg,31/08 - 2015,31/05 - 2018,
81093628,COMPASS GROUP DANMARK A/S,"Delimarché Café, Alexander Foss Gade",Alexander Foss Gade 15,9000,Aalborg,31/08 - 2015,31/05 - 2018,
81093628,COMPASS GROUP DANMARK A/S,"Delimarché Køkken, Alexander Foss Gade",Alexander Foss Gade 13,9000,Aalborg,31/08 - 2015,31/05 - 2018,
81093628,COMPASS GROUP DANMARK A/S,"Chartwells, Aarhus Universitet",Fuglesangs Allé 4,8210,Aarhus V,01/11 - 2017,30/05 - 2018,
81093628,COMPASS GROUP DANMARK A/S,"Eurest Kantine, Test enhed",Lellinge Alle 22,2650,Hvidovre,01/07 - 2018,02/07 - 2018,
81093628,COMPASS GROUP DANMARK A/S,"PWC, Eurest kantinen",Strandvejen 44,2900,Hellerup,02/11 - 2011,30/08 - 2013,
81093628,COMPASS GROUP DANMARK A/S,"Ålborg Universitet København, Eurest Kantine",Lautrupvang 2A,2750,Ballerup,08/03 - 2012,30/06 - 2012,
81093628,COMPASS GROUP DANMARK A/S,Østjyllands Postcenter,Stokagervej 10,8240,Risskov,08/03 - 2012,29/03 - 2014,
81093628,COMPASS GROUP DANMARK A/S,"Siemens, Eurest kantine",Islandsvej 1,7100,Vejle,01/03 - 2012,04/11 - 2013,
81093628,COMPASS GROUP DANMARK A/S,"Eurest Kantine, Nilfisk-Egholm A/S",Transportvej 27,7620,Lemvig,01/09 - 2016,03/12 - 2018,
81093628,COMPASS GROUP DANMARK A/S,"Eurest Kantine, BCD Travel",Kirsten Walthers Vej 7,2500,Valby,04/04 - 2011,28/01 - 2019,
81093628,COMPASS GROUP DANMARK A/S,De Lage Landen Finans BV,Vandtårnsvej 83,2860,Søborg,12/08 - 2010,30/12 - 2012,
81093628,COMPASS GROUP DANMARK A/S,Kantinen hos Arla Foods,Sønderhøj 14,8260,Viby J,05/08 - 2010,04/11 - 2013,
81093628,COMPASS GROUP DANMARK A/S,EUREST A/S TDC,Eckersbergsgade 24,8000,Århus C,01/01 - 2003,31/12 - 2004,
81093628,COMPASS GROUP DANMARK A/S,Compass Group,Gunnar Clausens Vej 19B,8260,Viby J,08/02 - 2011,08/02 - 2011,
81093628,COMPASS GROUP DANMARK A/S,EUREST A/S Esbønderup Sygehus,Sygehusvej 4,3230,Græsted,01/01 - 2003,31/12 - 2004,
81093628,COMPASS GROUP DANMARK A/S,"Eurest Kantine A/S, Siemens Turbomachinery Equipment",Allegade 2,3000,Helsingør,21/08 - 2012,27/02 - 2013,
81093628,COMPASS GROUP DANMARK A/S,EUREST A/S TV-Syd,El-Vej 2,6000,Kolding,01/10 - 2006,31/05 - 2010,
81093628,COMPASS GROUP DANMARK A/S,"Eurest kantine, Statens institut for folkesundhed",Studiestræde 6,1455,København K,01/08 - 2019,01/08 - 2019,
81093628,COMPASS GROUP DANMARK A/S,"Eurest Kantine, SOPU Hillerød",Munkeengen 22,3400,Hillerød,11/03 - 2014,31/12 - 2014,
81093628,COMPASS GROUP DANMARK A/S,Eurest A/S Kantinen hos BT,Kristen Bernikows Gade 6,1105,København K,01/11 - 2007,31/12 - 2007,
81093628,COMPASS GROUP DANMARK A/S,Eurest kantinen hos TietoEnator,Skanderborgvej 232,8260,Viby J,04/04 - 2011,14/06 - 2013,
81093628,COMPASS GROUP DANMARK A/S,"Eurest Kantine, Erhvervsskolen Nordsjælland",Carlsbergvej 34,3400,Hillerød,04/04 - 2011,31/12 - 2014,
81093628,COMPASS GROUP DANMARK A/S,Eurest kantinen hos DMI,Lyngbyvej 100,2100,København Ø,04/04 - 2011,30/12 - 2012,
81093628,COMPASS GROUP DANMARK A/S,Eurest kantinen hos Dony Energy Nybro Gasværk,Nybrovej 185,6851,Janderup Vestj,04/04 - 2011,30/12 - 2012,
81093628,COMPASS GROUP DANMARK A/S,Eurest kantinen hos Eniro Danmark A/S,Sydmarken 44,2860,Søborg,04/04 - 2011,15/03 - 2012,
81093628,COMPASS GROUP DANMARK A/S,Eurest katinen hos Dony Energy Enstedsværket,Flensborgvej 185,6200,Aabenraa,04/04 - 2011,31/10 - 2013,
81093628,COMPASS GROUP DANMARK A/S,Eurest kantinen hos Dong Energy Studstrupværket,Ny Studstrupvej 14,8541,Skødstrup,04/04 - 2011,30/12 - 2012,
81093628,COMPASS GROUP DANMARK A/S,Eurest kantinen hos DPU,Tuborgvej 164,2400,København NV,04/04 - 2011,29/09 - 2012,
81093628,COMPASS GROUP DANMARK A/S,Eurest kantinen hos Geocenter København,Øster Voldgade 10,1350,København K,04/04 - 2011,15/03 - 2012,
81093628,COMPASS GROUP DANMARK A/S,Eurest kantinen hos Columbus IT Partner,Nydamsvej 17,8362,Hørning,04/04 - 2011,15/03 - 2012,
81093628,COMPASS GROUP DANMARK A/S,Eurest kantinen hos Lundbeck Lumsås,Oddenvej 182,4500,Nykøbing Sj,04/04 - 2011,15/03 - 2012,
81093628,COMPASS GROUP DANMARK A/S,Eurest kantinen hos Arbejdsdirektoratet,Stormgade 10,1470,København K,04/04 - 2011,15/03 - 2012,
81093628,COMPASS GROUP DANMARK A/S,Eurest kantinen hos AAU,Sohngårdsholmsvej 57,9000,Aalborg,04/04 - 2011,30/06 - 2014,
81093628,COMPASS GROUP DANMARK A/S,Eurest kantinen hos Nissens kølefabrik,Ormhøjgårdvej 9,8700,Horsens,04/04 - 2011,15/03 - 2012,
81093628,COMPASS GROUP DANMARK A/S,Eurest kantinen hos BMF Holding,Virkelyst 8,9400,Nørresundby,04/04 - 2011,29/05 - 2012,
81093628,COMPASS GROUP DANMARK A/S,Eurest kantinen hos Biblioteksmedier,Energivej 9,2750,Ballerup,04/04 - 2011,29/09 - 2012,
81093628,COMPASS GROUP DANMARK A/S,Eurest kantinen hos Haldor Topsøe,Nøjsomhedsvej 20,2800,Kgs.Lyngby,04/04 - 2011,21/03 - 2013,
81093628,COMPASS GROUP DANMARK A/S,Eurest kantinen hos Ingeniørhøjskolen Århus,Dalgas Avenue 2,8000,Aarhus C,04/04 - 2011,31/07 - 2014,
81093628,COMPASS GROUP DANMARK A/S,Eurest kantinen hos Det Danske Hedeselskab,Klostermarken 12,8800,Viborg,04/04 - 2011,15/03 - 2012,
81093628,COMPASS GROUP DANMARK A/S,Eurest kantinen hos Finanstilsynet,Århusgade 110,2100,København Ø,04/04 - 2011,30/05 - 2013,
81093628,COMPASS GROUP DANMARK A/S,Eurest kantinen hos BDO,Kystvejen 29,8000,Aarhus C,04/04 - 2011,30/01 - 2013,
81093628,COMPASS GROUP DANMARK A/S,Eurest kantinen hos Norgren,Vesterlundvej 18,2730,Herlev,04/04 - 2011,15/03 - 2012,
81093628,COMPASS GROUP DANMARK A/S,Eurest kantinen hos ELTEL Networks A/S,Stationsparken 25,2600,Glostrup,04/04 - 2011,30/04 - 2012,
81093628,COMPASS GROUP DANMARK A/S,Eurest kantinen hos Orbicon,Lautrupvang 4B,2750,Ballerup,04/04 - 2011,15/03 - 2012,
81093628,COMPASS GROUP DANMARK A/S,Eurest kantinen hos LOGSTOR,Nordre Kobbelvej 10,7000,Fredericia,04/04 - 2011,30/10 - 2012,
81093628,COMPASS GROUP DANMARK A/S,Eurest kantinen hos Orbicon,Ringstedvej 20,4000,Roskilde,04/04 - 2011,15/03 - 2012,
81093628,COMPASS GROUP DANMARK A/S,Eurest kantinen hos Orbicon Viby,Jens Juuls Vej 18,8260,Viby J,05/04 - 2011,17/04 - 2013,
81093628,COMPASS GROUP DANMARK A/S,"Eurest kantinen hos Bryggens Gård, Kbh. Kommune, Teknik-og Miljøforvaltning",Islands Brygge 37,2300,København S,05/04 - 2011,15/03 - 2012,
81093628,COMPASS GROUP DANMARK A/S,Eurest kantinen hos Københavns Politi,Polititorvet 1,1567,København V,05/04 - 2011,03/09 - 2012,
81093628,COMPASS GROUP DANMARK A/S,Eurest kantinen hos Sydjyllands Postcenter,Snaremosevej 65,7000,Fredericia,05/04 - 2011,29/03 - 2014,
81093628,COMPASS GROUP DANMARK A/S,Eurest kantinen hos TopDanmark,Borupvang 4,2750,Ballerup,05/04 - 2011,07/06 - 2012,
81093628,COMPASS GROUP DANMARK A/S,Eurest kantinen hos UNI C,Vermundsgade 5,2100,København Ø,05/04 - 2011,30/12 - 2012,
81093628,COMPASS GROUP DANMARK A/S,Eurest kantinen hos L.N. Eurocom Aalborg,Langagervej 6,9220,Aalborg Øst,05/04 - 2011,15/03 - 2012,
81093628,COMPASS GROUP DANMARK A/S,Eurest kantinen hos Skattecenter Middelfart,Teglgårdsvej 19,5500,Middelfart,05/04 - 2011,30/03 - 2013,
81093628,COMPASS GROUP DANMARK A/S,Eurest kantinen hos Skattecenter Sluseholmen,Sluseholmen 8B,2450,København SV,05/04 - 2011,30/03 - 2013,
81093628,COMPASS GROUP DANMARK A/S,Eurest kantinen hos Skat Aalborg,Skibsbyggerivej 5,9000,Aalborg,05/04 - 2011,06/03 - 2013,
81093628,COMPASS GROUP DANMARK A/S,Eurest kantinen hos Skattecenter Nærum,Rundforbivej 303,2850,Nærum,05/04 - 2011,31/01 - 2013,
81093628,COMPASS GROUP DANMARK A/S,Eurest kantinen hos Nordea Aalborg,Algade 41,9000,Aalborg,05/04 - 2011,07/02 - 2013,
81093628,COMPASS GROUP DANMARK A/S,Eurest kantinen hos Undervisnings- og kirkeministeriet,"Vester Voldgade 123, 4",1552,København V,05/04 - 2011,15/03 - 2012,
81093628,COMPASS GROUP DANMARK A/S,Eurest kantinen hos Styrelsen for Statens Uddannelsesstøtte,Danasvej 30,1910,Frederiksberg C,05/04 - 2011,15/03 - 2012,
81093628,COMPASS GROUP DANMARK A/S,"Eurest kantinen hos Midttrafik, syd (Århus sporveje)",Jegstrupvej 5,8361,Hasselager,05/04 - 2011,15/10 - 2013,
81093628,COMPASS GROUP DANMARK A/S,Eurest kantinen hos Økonomistyrelsen,Landgreven 4,1301,København K,05/04 - 2011,30/01 - 2014,
81093628,COMPASS GROUP DANMARK A/S,Eurest kantinen hos AAU Esbjerg,Niels Bohrs Vej 8,6700,Esbjerg,05/04 - 2011,30/06 - 2012,
81093628,COMPASS GROUP DANMARK A/S,EUREST A/S Masterfood A/S,Ørestads Boulevard 67,2300,København S,01/01 - 2003,25/05 - 2004,
81093628,COMPASS GROUP DANMARK A/S,"Politiskolen, Eurest Kantine",Brøndbyøster Boulevard 30,2605,Brøndby,11/05 - 2011,15/10 - 2013,
81093628,COMPASS GROUP DANMARK A/S,"Tårnby Kommune, kantine v/Eurest",Amager Landevej 76,2770,Kastrup,11/05 - 2011,11/05 - 2011,
81093628,COMPASS GROUP DANMARK A/S,"Eurest Kantine, Pon Equipment",Park Allé 363,2605,Brøndby,06/07 - 2011,27/06 - 2015,
81093628,COMPASS GROUP DANMARK A/S,"Eurest Kantine, Oberthur Technologies",Tørringvej 15,2610,Rødovre,05/04 - 2011,31/08 - 2015,
81093628,COMPASS GROUP DANMARK A/S,"Eurest Kantine, LEGOLAND",Nordmarksvej 9,7190,Billund,29/11 - 2012,31/10 - 2015,
81093628,COMPASS GROUP DANMARK A/S,"Eurest Kantine, LEGO",Højmarksvej 1,7190,Billund,29/01 - 2015,31/08 - 2015,
81093628,COMPASS GROUP DANMARK A/S,"Eurest Kantine, Region Hovedstadens Elektive Laboratorium",Pilestræde 65,1112,København K,05/04 - 2011,31/12 - 2015,
81093628,COMPASS GROUP DANMARK A/S,"Eurest Kantine, Semco Esbjerg",Niels Bohrs Vej 3,6700,Esbjerg,21/03 - 2013,31/12 - 2015,
81093628,COMPASS GROUP DANMARK A/S,Eurest A/S Kantinen hos Procter & Gamble,Teglholm Allé 15,2450,København SV,01/07 - 2007,31/12 - 2007,
81093628,COMPASS GROUP DANMARK A/S,"Eurest Kantine, Vibenshuset",Lyngbyvej 2,2100,København Ø,01/10 - 2014,03/02 - 2016,
81093628,COMPASS GROUP DANMARK A/S,Eurest Kantinen hos Siemens Healthcare A/S,Møllehaven 31,4040,Jyllinge,14/09 - 2012,29/09 - 2012,
81093628,COMPASS GROUP DANMARK A/S,Eurest Kantine hos Siemens A/S,Borupvang 3,2750,Ballerup,14/09 - 2012,03/11 - 2013,
81093628,COMPASS GROUP DANMARK A/S,Medirest H:S Rigshospitalet - cafe,Blegdamsvej 9,2100,København Ø,01/01 - 2003,31/12 - 2004,
81093628,COMPASS GROUP DANMARK A/S,"Chartwells, AAU Aalborg",Niels Jernes Vej 8a,9220,Aalborg Øst,01/09 - 2014,18/03 - 2016,
81093628,COMPASS GROUP DANMARK A/S,EUREST A/S MIDDELFART SYGEHUS,Østre Hougvej 55,5500,Middelfart,01/01 - 2003,31/12 - 2004,
81093628,COMPASS GROUP DANMARK A/S,Eurest produktionskøkkenet hos Ernst & Young A/S,Gyngemose Parkvej 50,2860,Søborg,23/08 - 2013,30/11 - 2014,
81093628,COMPASS GROUP DANMARK A/S,"Eurest Kantine, WTC Ballerup",Borupvang 3,2750,Ballerup,01/12 - 2014,31/10 - 2016,
81093628,COMPASS GROUP DANMARK A/S,Eurest A/S,Lyngbyvej 28,2100,København Ø,03/12 - 2007,03/12 - 2007,
81093628,COMPASS GROUP DANMARK A/S,EUREST A/S Hillerød Sygehus Psykiatrisk,Dyrehavevej 48,3400,Hillerød,01/01 - 2003,31/12 - 2004,
81093628,COMPASS GROUP DANMARK A/S,"Eurest Kantine, Vestas Aarhus",Hedeager 44,8200,Aarhus N,10/12 - 2013,27/03 - 2015,
81093628,COMPASS GROUP DANMARK A/S,"Chartwells, UCL Odense Middelfartvej",Middelfartvej 180,5200,Odense V,01/08 - 2014,01/07 - 2016,
81093628,COMPASS GROUP DANMARK A/S,"Chartwells, UCL Odense Lucernemarken",Lucernemarken 1,5260,Odense S,09/01 - 2015,01/07 - 2016,
81093628,COMPASS GROUP DANMARK A/S,"Chartwells, Århus Social og Sundhedsskole",Hedeager 33,8200,Aarhus N,01/08 - 2015,03/08 - 2016,
81093628,COMPASS GROUP DANMARK A/S,"Eurest Kantine, Google Aarhus",Åbogade 15,8200,Aarhus N,01/11 - 2015,03/08 - 2016,
81093628,COMPASS GROUP DANMARK A/S,"Eurest Kantine, Google Aarhus",Åbogade 15,8200,Aarhus N,01/11 - 2015,03/08 - 2016,
81093628,COMPASS GROUP DANMARK A/S,Eurest kantinen hos Danmarks Miljøundersøgelser,Frederiksborgvej 399,4000,Roskilde,04/04 - 2011,29/04 - 2013,
81093628,COMPASS GROUP DANMARK A/S,"Eurest Kantine, SOPU Nordsjælland",Milnersvej 40,3400,Hillerød,19/11 - 2012,30/11 - 2016,
81093628,COMPASS GROUP DANMARK A/S,"Nationalt Center for Miljø og Energi, Eurest",Frederiksborgvej 399,4000,Roskilde,03/03 - 2014,30/06 - 2014,
81093628,COMPASS GROUP DANMARK A/S,"Eurest Kantine, Forsvarets Efterretningstjeneste",Holsteinsgade 63,2100,København Ø,02/04 - 2013,31/12 - 2016,
81093628,COMPASS GROUP DANMARK A/S,"Chartwells, UCL Odense Tolderlundsvej",Tolderlundsvej 5,5000,Odense C,01/08 - 2014,04/01 - 2017,
81093628,COMPASS GROUP DANMARK A/S,"Eurest kantine, Uber Denmark Software and Development","Åboulevarden 37, 5. sal.",8000,Aarhus C,15/04 - 2016,31/03 - 2017,
81093628,COMPASS GROUP DANMARK A/S,CENTRALKØKKENET. STALDGADE. KØBENHAVN A/S,,9999,Ukendt,01/06 - 1977,30/09 - 1979,
81093628,COMPASS GROUP DANMARK A/S,"Chartwells, DTU Frederiksberg",Bülowsvej 27,1870,Frederiksberg C,05/04 - 2011,31/03 - 2017,
81093628,COMPASS GROUP DANMARK A/S,"Eurest Services, Psykiatrisk Center Amager",Digevej 110,2300,København S,29/05 - 2013,30/03 - 2017,
81093628,COMPASS GROUP DANMARK A/S,"Chartwells Kantine, Studieskolen",Borgergade 12,1300,København K,06/06 - 2016,31/05 - 2017,
81093628,COMPASS GROUP DANMARK A/S,"Eurest Kantine, Arla Foods Ishøj",Industrikrogen 28,2635,Ishøj,01/09 - 2017,01/09 - 2017,
81093628,COMPASS GROUP DANMARK A/S,"Eurest Kantine, FLSmidth Airlog",Klostermarken 6,9550,Mariager,01/09 - 2017,01/09 - 2017,
81093628,COMPASS GROUP DANMARK A/S,"Eurest Kantine, FLSmidth R&D Center Dania",Daniavej 49,9550,Mariager,01/09 - 2017,01/09 - 2017,
81093628,COMPASS GROUP DANMARK A/S,Eurest A/S ALECTIA Århus,Skanderborgvej 190,8260,Viby J,15/03 - 2008,15/03 - 2008,
81093628,COMPASS GROUP DANMARK A/S,Eurest A/S Kantinen hos Arla Ishøj Friskvareterminal,Industrikrogen 30,2635,Ishøj,01/02 - 2008,01/02 - 2008,
81093628,COMPASS GROUP DANMARK A/S,Eurest Kantine hos Østjyllands Postcenter,Stokagervej 10,8240,Risskov,19/01 - 2012,15/03 - 2012,
81093628,COMPASS GROUP DANMARK A/S,Eurest Kantine hos Eternitten Aalborg,Visionsvej 1,9000,Aalborg,19/01 - 2012,09/12 - 2013,
81093628,COMPASS GROUP DANMARK A/S,KulturArkaden Bibliotek,Sydhavnsvej 6,4760,Vordingborg,19/01 - 2012,15/03 - 2012,
81093628,COMPASS GROUP DANMARK A/S,"Chartwells DTU Lyngby, Ørsteds Plads",Ørsteds Plads 342,2800,Kgs. Lyngby,05/01 - 2017,31/01 - 2018,
81093628,COMPASS GROUP DANMARK A/S,EUREST A/S Hermes Kreditforening,Nyropsgade 45,1602,København V,01/02 - 2004,31/12 - 2004,
81093628,COMPASS GROUP DANMARK A/S,"Eurest Kantine, DSV Aarhus",Oliehavnsvej 2,8000,Aarhus C,19/03 - 2013,30/04 - 2015,
81093628,COMPASS GROUP DANMARK A/S,"Chartwells, DTU Ballerup",Lautrupvang 15,2750,Ballerup,01/02 - 2018,16/12 - 2019,
81093628,COMPASS GROUP DANMARK A/S,"Chartwells, VUC Syd Aabenraa",Lavgade 30,6200,Aabenraa,12/08 - 2019,30/11 - 2020,
81093628,COMPASS GROUP DANMARK A/S,"Eurest Kantine, Vestas Aarhus Oliehavnsvej",Oliehavnsvej 22,8000,Aarhus C,10/12 - 2013,30/11 - 2020,
81093628,COMPASS GROUP DANMARK A/S,Eurest A/S A/S Bluemøller,Petersmindevej 30,5000,Odense C,01/01 - 2000,01/07 - 2013,2-4
81093628,COMPASS GROUP DANMARK A/S,Eurest A/S Ericsson Diax,Fælledvej 17,7600,Struer,01/01 - 2007,29/06 - 2010,5-9
81093628,COMPASS GROUP DANMARK A/S,"Eurest Kantine, Udenrigsministeriet",Asiatisk Plads 2,1402,København K,01/01 - 2002,28/02 - 2018,10-19
81093628,COMPASS GROUP DANMARK A/S,EUREST A/S Politiskolen,Brøndbyøster Boulevard 30,2605,Brøndby,01/01 - 2002,31/12 - 2007,5-9
81093628,COMPASS GROUP DANMARK A/S,EUREST A/S Rigspolitichefen,Polititorvet 14,1567,København V,01/01 - 2002,03/09 - 2012,2-4
81093628,COMPASS GROUP DANMARK A/S,EUREST A/S Danmarks Pædagogiske Universitet,Emdrupvej 101,2400,København NV,01/01 - 2002,31/07 - 2006,5-9
81093628,COMPASS GROUP DANMARK A/S,Eurest kantinen hos LN Eurocom Aarhus,Vestre Kongevej 2,8260,Viby J,05/04 - 2011,17/04 - 2013,1
81093628,COMPASS GROUP DANMARK A/S,Eurest kantinen hos Skattecenter Hjørring,Parallelvej 11,9800,Hjørring,05/04 - 2011,29/03 - 2012,1
81093628,COMPASS GROUP DANMARK A/S,EUREST A/S TDC,Borups Allé 43,2200,København N,01/01 - 2003,28/02 - 2006,5-9
81093628,COMPASS GROUP DANMARK A/S,EUREST A/S Sundhedsstyrelsen,Islands Brygge 67,2300,København S,01/01 - 2002,30/06 - 2005,5-9
81093628,COMPASS GROUP DANMARK A/S,Eurest A/S MidtVest Bredbånd A/S,Hostrupsvej 9,7500,Holstebro,01/12 - 2006,06/01 - 2008,1
81093628,COMPASS GROUP DANMARK A/S,"Eurest Kantine, CGI Ballerup",Lautruphøj 10,2750,Ballerup,01/11 - 2004,30/04 - 2018,5-9
81093628,COMPASS GROUP DANMARK A/S,"Eurest Kantine, CGI Herning",Silkeborgvej 84-88,7400,Herning,01/11 - 2004,30/06 - 2015,2-4
81093628,COMPASS GROUP DANMARK A/S,"Eurest A/S Københavns kommune, Vej og park","Njalsgade 13, 5",2300,København S,01/05 - 2006,01/04 - 2007,1
81093628,COMPASS GROUP DANMARK A/S,Eurest Kantinen på Skejby Sygehus,Brendstrupgårdsvej 100,8200,Århus N,01/01 - 2010,30/08 - 2013,0
81093628,COMPASS GROUP DANMARK A/S,EUREST A/S UNICEF,Unicef Plads 1,2100,København Ø,01/01 - 2003,31/10 - 2006,1
81093628,COMPASS GROUP DANMARK A/S,EUREST A/S,Fiskbækvej 1,6920,Videbæk,01/12 - 2006,31/12 - 2008,1
81093628,COMPASS GROUP DANMARK A/S,Eurest A/S Inversys Process System Anhydro,Østmarken 7,2860,Søborg,01/01 - 2000,29/05 - 2004,0
81093628,COMPASS GROUP DANMARK A/S,Eurest A/S Kantinen hos Berlingske Morgenavis,Titangade 13B,2200,København N,01/11 - 2007,09/11 - 2010,2-4
81093628,COMPASS GROUP DANMARK A/S,Eurest A/S DFDS Transport,Litauen Alle 4,2630,Taastrup,01/06 - 2002,30/04 - 2006,1
81093628,COMPASS GROUP DANMARK A/S,Eurest A/S Tele Danmark A/S,Lautruphøj 2,2750,Ballerup,01/01 - 1999,28/02 - 2006,10-19
81093628,COMPASS GROUP DANMARK A/S,EUREST A/S Company Park,Ørestads Boulevard 69,2300,København S,01/08 - 2003,31/05 - 2006,2-4
81093628,COMPASS GROUP DANMARK A/S,EUREST A/S MILJØSTYRELSEN,Strandgade 29,1401,København K,01/01 - 1996,21/12 - 2007,2-4
81093628,COMPASS GROUP DANMARK A/S,"Chartwells, UCL Odense Rømersvej",Rømersvej 3,5200,Odense V,01/08 - 2014,01/07 - 2016,0
81093628,COMPASS GROUP DANMARK A/S,Eurest A/S Apv Fluid Handling A/S,Ternevej 61-63,8700,Horsens,01/01 - 1999,28/02 - 2006,1
81093628,COMPASS GROUP DANMARK A/S,Eurest A/S Schenker - Btl,Helseholmen 31-39,2650,Hvidovre,01/01 - 1999,09/11 - 2010,1
81093628,COMPASS GROUP DANMARK A/S,Eurest A/S Electrolux Nyborg,Østerbro 4,5690,Tommerup,01/01 - 1999,31/07 - 2006,2-4
81093628,COMPASS GROUP DANMARK A/S,Eurest A/S Kantinen hos Berlingskes Service og Support,Kanalholmen 1,2650,Hvidovre,01/11 - 2007,09/11 - 2010,1
81093628,COMPASS GROUP DANMARK A/S,EUREST A/S Fredericia Skibsværft,Værftsvej 1,7000,Fredericia,01/01 - 2002,29/09 - 2010,5-9
81093628,COMPASS GROUP DANMARK A/S,Eurest A/S Tele Danmark A/S,Strandlodsvej 30,2300,København S,01/01 - 2000,28/02 - 2006,5-9
81093628,COMPASS GROUP DANMARK A/S,Eurest A/S Telmore,Carl Gustavs Gade 3,2630,Taastrup,16/08 - 2004,31/12 - 2004,1
81093628,COMPASS GROUP DANMARK A/S,Din Private Kok,Roholmsvej 11D,2620,Albertslund,01/10 - 1979,01/02 - 2017,0
81093628,COMPASS GROUP DANMARK A/S,EUREST A/S BAYER,Nørgaardsvej 32,2800,Kgs. Lyngby,01/01 - 1996,29/09 - 2011,2-4
81093628,COMPASS GROUP DANMARK A/S,Eurest A/S Coca-Cola Tapperierne A/S,Ydre Ringvej 95,7000,Fredericia,01/01 - 1997,31/03 - 2006,5-9
81093628,COMPASS GROUP DANMARK A/S,EUREST A/S TietoEnator,Vesterbrogade 149,1620,København V,01/01 - 2003,31/03 - 2006,1
81093628,COMPASS GROUP DANMARK A/S,Eurest kantinen hos Aasted-Mikroverk ApS,Bygmarken 9-17,3520,Farum,05/04 - 2011,28/04 - 2014,0
81093628,COMPASS GROUP DANMARK A/S,"Chartwells, Nordjyske Arena",Harald Jensens Vej 9,9000,Aalborg,05/04 - 2011,04/01 - 2017,1
81093628,COMPASS GROUP DANMARK A/S,EUREST A/S Medirest Frederikssund Sygehus,Frederikssundsvej 30,3600,Frederikssund,01/01 - 2001,25/02 - 2010,2-4
81093628,COMPASS GROUP DANMARK A/S,EUREST A/S DR byen,Ørestads Boulevard 19,2300,København S,01/01 - 2002,21/12 - 2007,5-9
81093628,COMPASS GROUP DANMARK A/S,EUREST A/S CCL Label,Nyager 11-13,2605,Brøndby,01/01 - 2004,31/05 - 2010,1
81093628,COMPASS GROUP DANMARK A/S,EUREST A/S LEMVIGH-MüLLER,Nordager 1,6000,Kolding,01/08 - 2004,30/04 - 2012,2-4
81093628,COMPASS GROUP DANMARK A/S,DTU FOOD Mørkhøj,Mørkhøj Bygade 19,2860,Søborg,22/06 - 2011,03/09 - 2012,0
81093628,COMPASS GROUP DANMARK A/S,Eurest A/S Debitel Danmark,Kanalgaden 3,2620,Albertslund,01/01 - 1999,31/05 - 2009,2-4
81093628,COMPASS GROUP DANMARK A/S,Eurest A/S Reception hos Georg Jensen,Søndre Fasanvej 7,2000,Frederiksberg,01/09 - 2009,15/10 - 2013,1
81093628,COMPASS GROUP DANMARK A/S,Eurest A/S Kantinen hos DSV Road A/S-Brøndby,Kornmarksvej 1,2605,Brøndby,01/10 - 2009,31/08 - 2014,2-4
81093628,COMPASS GROUP DANMARK A/S,"Eurest Kantine, DSV Road Esbjerg",Grimsbyvej 2,6700,Esbjerg,01/10 - 2009,30/04 - 2015,5-9
81093628,COMPASS GROUP DANMARK A/S,Eurest A/S SCA Packaging Taulov,C. F. Tietgens Vej 2,7000,Fredericia,01/05 - 2006,31/03 - 2009,2-4
81093628,COMPASS GROUP DANMARK A/S,Eurest A/S Rengøring hos Georg Jensen,Søndre Fasanvej 7,2000,Frederiksberg,01/09 - 2009,12/11 - 2013,2-4
81093628,COMPASS GROUP DANMARK A/S,Eurest A/S Danmarks Biblioteksskole,Birketinget 6,2300,København S,01/01 - 2000,30/06 - 2009,5-9
81093628,COMPASS GROUP DANMARK A/S,EUREST A/S Em. A. Svitzer A/S Pakhus 48,Sundkaj 9,2150,Nordhavn,01/01 - 2003,31/05 - 2010,1
81093628,COMPASS GROUP DANMARK A/S,Eurest A/S ARLA Slagelse,Karolinevej 1,4200,Slagelse,01/06 - 2005,29/06 - 2013,2-4
81093628,COMPASS GROUP DANMARK A/S,"Eurest Kantine, Astellas Pharma",Kajakvej 2,2770,Kastrup,28/10 - 2011,31/01 - 2015,0
81093628,COMPASS GROUP DANMARK A/S,Eurest A/S Kantinen hos DSB,Sonnesgade 21,8000,Århus C,01/01 - 2007,28/02 - 2011,0
81093628,COMPASS GROUP DANMARK A/S,"Eurest Kantine, Company House ll",Jupitervej 6,6000,Kolding,01/12 - 2008,30/04 - 2015,2-4
81093628,COMPASS GROUP DANMARK A/S,Eurest kantinen hos Lundbeck,Dalbergstrøget 5,2630,Taastrup,05/04 - 2011,15/03 - 2012,0
81093628,COMPASS GROUP DANMARK A/S,Eurest A/S Tårnby Kommune,Amager landevej 76,2770,Kastrup,01/01 - 1999,30/11 - 2014,5-9
81093628,COMPASS GROUP DANMARK A/S,Eurest A/S Kulturministeriets Adm.center,H.C. Andersens Boulevard 2,1553,København V,01/11 - 2006,30/04 - 2008,5-9
81093628,COMPASS GROUP DANMARK A/S,Eurest Kantinen hos Farvandsvæsenet,Overgaden Oven Vandet 62B,1415,København K,01/01 - 2008,20/12 - 2012,0
81093628,COMPASS GROUP DANMARK A/S,"Eurest Kantine, SPX Kolding",Platinvej 8,6000,Kolding,01/01 - 1999,30/04 - 2016,1
81093628,COMPASS GROUP DANMARK A/S,Eurest A/S Sander Hansen,Søndre Ringvej 55,2605,Brøndby,01/01 - 1999,09/11 - 2010,2-4
81093628,COMPASS GROUP DANMARK A/S,Eurest A/S NCC Danmark,Rymarken 2,8210,Århus V,01/11 - 2004,02/07 - 2009,2-4
81093628,COMPASS GROUP DANMARK A/S,EUREST A/S Politiets Efterretningstjeneste,Klausdalsbrovej 1,2860,Søborg,01/09 - 2007,03/09 - 2012,2-4
81093628,COMPASS GROUP DANMARK A/S,"Eurest Kantine, Bravida",Park Allé 373,2605,Brøndby,01/04 - 1999,31/10 - 2016,2-4
81093628,COMPASS GROUP DANMARK A/S,Eurest kantinen hos AKE net,Hjulmagervej 22,9000,Aalborg,04/04 - 2011,29/03 - 2012,1
81093628,COMPASS GROUP DANMARK A/S,Eurest A/S Kantinen hos Københavns Pakkecenter,Priorparken 385,2605,Brøndby,01/01 - 2009,29/03 - 2014,0
81093628,COMPASS GROUP DANMARK A/S,EUREST A/S Rigspolitichefens Data Afd.,Landlystvej 34-40,2650,Hvidovre,01/01 - 2002,03/09 - 2012,5-9
81093628,COMPASS GROUP DANMARK A/S,EUREST A/S KUA,Njalsgade 80,2300,København S,01/01 - 2003,25/02 - 2010,10-19
81093628,COMPASS GROUP DANMARK A/S,EUREST A/S Sonion Roskilde,Byleddet 12,4000,Roskilde,01/01 - 1995,26/02 - 2014,2-4
81093628,COMPASS GROUP DANMARK A/S,Eurest Rengøring hos VAT83,Vandtårnsvej 83,2860,Søborg,23/10 - 2009,13/01 - 2014,0
81093628,COMPASS GROUP DANMARK A/S,Compass Group,Bergensvej 5,6230,Rødekro,01/10 - 2010,11/11 - 2013,2-4
81093628,COMPASS GROUP DANMARK A/S,Eurest A/S Kantinen hos Dansk Landbrugsrådgivning,Erhvervsbyvej 13,8700,Horsens,01/10 - 2007,30/03 - 2011,0
81093628,COMPASS GROUP DANMARK A/S,EUREST A/S GEAC,Tirsbækvej 139,7120,Vejle Øst,01/01 - 2006,31/12 - 2006,0
81093628,COMPASS GROUP DANMARK A/S,EUREST A/S COWI,Parallelvej 2,2800,Kgs. Lyngby,01/01 - 2002,03/09 - 2012,10-19
81093628,COMPASS GROUP DANMARK A/S,EUREST A/S TDC,Olof Palmes Allé 36,8200,Århus N,01/01 - 2003,28/02 - 2006,10-19
81093628,COMPASS GROUP DANMARK A/S,EUREST A/S Energi E2,Tømmergravsgade 4,2450,København SV,01/07 - 2003,29/04 - 2013,2-4
81093628,COMPASS GROUP DANMARK A/S,EUREST A/S TDC Service,Klingenberg 16,5000,Odense C,01/12 - 2004,28/02 - 2006,1
81093628,COMPASS GROUP DANMARK A/S,EUREST A/S Alfa Laval,Albuen 31,6000,Kolding,01/01 - 1995,31/10 - 2014,5-9
81093628,COMPASS GROUP DANMARK A/S,Eurest A/S Lemvigh-Müller,Vestre Teglgade 16,2450,København SV,01/01 - 2006,31/10 - 2008,1
81093628,COMPASS GROUP DANMARK A/S,EUREST A/S - Safe Esbjerg,Lyngbyvej 28,2100,København Ø,01/05 - 2007,09/08 - 2010,0
81093628,COMPASS GROUP DANMARK A/S,EUREST A/S Arla Foods Amba HOCO,Bülowsvej 9,7500,Holstebro,01/03 - 2005,29/06 - 2013,2-4
81093628,COMPASS GROUP DANMARK A/S,EUREST A/S TDC Mobil,Telegade 2,2630,Taastrup,01/01 - 2002,28/02 - 2006,10-19
81093628,COMPASS GROUP DANMARK A/S,Eurest kantinen hos Erhvervskolen Nordsjælland,Peder Oxes Alle 4,3400,Hillerød,04/04 - 2011,15/03 - 2012,2-4
81093628,COMPASS GROUP DANMARK A/S,Eurest kantinen Haldor Topsøe,Nymøllevej 85,2800,Kgs.Lyngby,04/04 - 2011,17/04 - 2013,0
81093628,COMPASS GROUP DANMARK A/S,EUREST A/S - Harald,Lyngbyvej 28,2100,København Ø,01/05 - 2007,09/11 - 2010,0
81093628,COMPASS GROUP DANMARK A/S,Eurest A/S Columbus,Banemarksvej 50C,2605,Brøndby,01/11 - 2004,30/06 - 2007,2-4
81093628,COMPASS GROUP DANMARK A/S,Eurest A/S TDC Service,Telehøjen 1,5220,Odense SØ,01/11 - 2004,28/02 - 2006,10-19
81093628,COMPASS GROUP DANMARK A/S,Eurest A/S Kantinen hos A-Tex,Rosenholmvej 1-5,7400,Herning,01/03 - 2007,31/12 - 2010,0
81093628,COMPASS GROUP DANMARK A/S,Eurest A/S Karl Dungs,Vejlevej 21,8722,Hedensted,01/05 - 2006,30/06 - 2009,1
81093628,COMPASS GROUP DANMARK A/S,Eurest A/S Edeka Danmark,Marsalle 32,8700,Horsens,01/05 - 2005,29/09 - 2012,5-9
81093628,COMPASS GROUP DANMARK A/S,EUREST A/S Politiskolen 3,Brøndbyøster Boulevard 22,2605,Brøndby,19/04 - 2004,03/09 - 2012,5-9
81093628,COMPASS GROUP DANMARK A/S,Eurest A/S Kantinen hos Trykkompagniet,Kanalholmen 1,2650,Hvidovre,01/11 - 2007,28/02 - 2009,2-4
81093628,COMPASS GROUP DANMARK A/S,"Eurest Kantine, Skattecenter Aarhus",Lyseng Allé 1,8270,Højbjerg,01/01 - 2008,31/03 - 2017,5-9
81093628,COMPASS GROUP DANMARK A/S,"Chartwells, DTU Lyngby",Anker Engelunds Vej 1,2800,Kgs. Lyngby,05/08 - 2010,31/01 - 2018,0
81093628,COMPASS GROUP DANMARK A/S,Eurest kantinen hos BT Components,Smørmosevej 16,2880,Bagsværd,04/04 - 2011,31/05 - 2014,0
81093628,COMPASS GROUP DANMARK A/S,EUREST A/S Postområde Vesterbro,Bernstorffsgade 40,1577,København V,01/01 - 2002,30/12 - 2009,1
81093628,COMPASS GROUP DANMARK A/S,EUREST A/S Parkering København,Gammeltoftsgade 17,1355,København K,01/01 - 2002,09/11 - 2010,2-4
81093628,COMPASS GROUP DANMARK A/S,Eurest A/S Kantinen hos Syd Energi,Elholm 1,6400,Sønderborg,01/06 - 2009,29/04 - 2013,2-4
81093628,COMPASS GROUP DANMARK A/S,EUREST A/S Post Danmarks Hovedkontor,Tietgensgade 37,1704,København V,01/01 - 2003,31/07 - 2010,2-4
81093628,COMPASS GROUP DANMARK A/S,Eurest A/S Ejendomsselskabet Roulunds,Hestehaven 51,5260,Odense S,01/12 - 2005,31/10 - 2009,2-4
81093628,COMPASS GROUP DANMARK A/S,EUREST A/S MOTOROLA KANTINE,Sydvestvej 15,2600,Glostrup,01/01 - 1988,30/09 - 2008,5-9
81093628,COMPASS GROUP DANMARK A/S,Eurest A/S ARLA Foods amba,Skanderborgvej 277,8260,Viby J,01/12 - 2006,07/11 - 2010,0
81093628,COMPASS GROUP DANMARK A/S,Eurest Receptionen hos VAT83,Vandtårnsvej 83,2860,Søborg,23/10 - 2009,21/01 - 2014,1
81093628,COMPASS GROUP DANMARK A/S,EUREST A/S SHELL KANTINE,Egeskovvej 264,7000,Fredericia,01/01 - 1993,31/12 - 2006,2-4
81093628,COMPASS GROUP DANMARK A/S,EUREST A/S KØBENHANVS POSTCENTER KANTINE,Bernstorffsgade 38,1577,København V,01/01 - 1994,29/03 - 2014,5-9
81093628,COMPASS GROUP DANMARK A/S,Eurest Kiosk & Cafe Fredericia Sygehus,Dronningensgade 97,7000,Fredericia,01/04 - 2009,29/09 - 2011,1
81093628,COMPASS GROUP DANMARK A/S,Eurest A/S Kantinen hos Damixa,Østbirkvej 2,5240,Odense NØ,01/11 - 2008,25/02 - 2010,2-4
81093628,COMPASS GROUP DANMARK A/S,EUREST A/S - Tyra Vest,Lyngbyvej 28,2100,København Ø,01/05 - 2007,09/11 - 2010,0
81093628,COMPASS GROUP DANMARK A/S,Eurest A/S Kraft Foods Danmark,Smedeland 36,2600,Glostrup,01/01 - 1996,30/04 - 2007,2-4
81093628,COMPASS GROUP DANMARK A/S,EUREST A/S FINANSSTYRELSENS KANTINE,Landgreven 4,1301,København K,01/01 - 1995,22/12 - 2006,5-9
81093628,COMPASS GROUP DANMARK A/S,EUREST A/S SKARE MEAT PACKERS,Industrivej Syd 1,6600,Vejen,01/01 - 1997,31/12 - 2010,0
81093628,COMPASS GROUP DANMARK A/S,"Chartwells, UCL Odense Blangstedgårdsvej",Niels Bohrs Allé 1,5230,Odense M,01/02 - 2006,04/01 - 2017,5-9
81093628,COMPASS GROUP DANMARK A/S,EUREST A/S DAKO KANTINE,Produktionsvej 42,2600,Glostrup,01/01 - 1995,31/05 - 2009,10-19
81093628,COMPASS GROUP DANMARK A/S,Eurest A/S Rengøring hos PaperlinX Scandinavia,Bastrupgårdvej 8-10,7500,Holstebro,01/07 - 2009,07/10 - 2013,1
81093628,COMPASS GROUP DANMARK A/S,EUREST A/S L.M. ERICSSON,Sluseholmen 8,2450,København SV,01/01 - 1998,28/02 - 2009,5-9
81093628,COMPASS GROUP DANMARK A/S,Eurest A/S Kantinen hos Københavns Biocenter,Ole Maaløes Vej 5,2200,København N,01/01 - 2007,30/01 - 2010,5-9
81093628,COMPASS GROUP DANMARK A/S,Eurest A/S Thorn & Jacobsen,Industrivej Vest 41,6600,Vejen,01/01 - 1997,15/04 - 2005,2-4
81093628,COMPASS GROUP DANMARK A/S,Eurest A/S DFDS Transport,Kornmarksvej 1,2605,Brøndby,01/11 - 2004,30/04 - 2006,5-9
81093628,COMPASS GROUP DANMARK A/S,EUREST A/S Cap Gemini Danmark,Ørnegårdsvej 16,2820,Gentofte,01/01 - 2002,31/03 - 2008,2-4
81093628,COMPASS GROUP DANMARK A/S,Eurest A/S Tele Danmark Kantine & Kiosk,Teglholmsgade 1,2450,København SV,01/01 - 1999,28/02 - 2006,10-19
81093628,COMPASS GROUP DANMARK A/S,Grønnegade 17I Nykøbing Compass Group,Grønnegade 17I,7900,Nykøbing M,01/10 - 2010,22/09 - 2015,50-99
81093628,COMPASS GROUP DANMARK A/S,Eurest A/S Kantinen hos Statens Luftfartsvæsen,Ellebjergvej 50,2450,København SV,01/12 - 2008,01/12 - 2011,2-4
81093628,COMPASS GROUP DANMARK A/S,"Eurest Kantine, Siemens Engesvang",Fundervej 22,7442,Engesvang,01/12 - 2008,31/08 - 2017,2-4
81093628,COMPASS GROUP DANMARK A/S,EUREST A/S - Syd Arne,Lyngbyvej 28,2100,København Ø,01/05 - 2007,21/08 - 2013,20-49
81093628,COMPASS GROUP DANMARK A/S,Eurest A/S TDC Service,Klostergade 21,6000,Kolding,01/11 - 2004,28/02 - 2006,1
81093628,COMPASS GROUP DANMARK A/S,Nova Bank,Fisketorvet 4,5000,Odense C,19/11 - 2010,15/07 - 2012,0
81093628,COMPASS GROUP DANMARK A/S,"Eurest Kantine, DSV Road Horsens",Nokiavej 30,8700,Horsens,01/10 - 2009,30/04 - 2015,5-9
81093628,COMPASS GROUP DANMARK A/S,EUREST A/S Kwintet Kansas,Blangstedgårdsvej 66,5220,Odense SØ,01/11 - 2004,31/10 - 2009,2-4
81093628,COMPASS GROUP DANMARK A/S,Eurest A/S Rengøring hos Siemens Wind Power,Fundervej 22,7442,Engesvang,17/08 - 2009,16/09 - 2013,1
81093628,COMPASS GROUP DANMARK A/S,EUREST A/S Uddannelsescenter Christiansminde,Christiansmindevej 2-4,3630,Jægerspris,01/07 - 2003,25/02 - 2010,0
81093628,COMPASS GROUP DANMARK A/S,Eurest A/S Flextronics International,Industrivej 30,9490,Pandrup,01/01 - 1998,31/12 - 2004,5-9
81093628,COMPASS GROUP DANMARK A/S,Eurest A/S Kantinen hos Pfizer,Lautrupvang 8,2750,Ballerup,01/11 - 2005,27/01 - 2014,0
81093628,COMPASS GROUP DANMARK A/S,EUREST A/S Medirest Helsingør Sygehus,Esrumvej 145,3000,Helsingør,01/01 - 2001,02/08 - 2009,1
81093628,COMPASS GROUP DANMARK A/S,EUREST A/S Medirest,Frederikssundsvej 30,3600,Frederikssund,01/01 - 2001,25/02 - 2010,2-4
81093628,COMPASS GROUP DANMARK A/S,Eurest A/S Kantinen hos DSB,Sølvgade 40,1307,København K,01/01 - 2007,28/02 - 2011,0
81093628,COMPASS GROUP DANMARK A/S,Eurest A/S Kantinen hos Det Berlingske Officin + Scanpix,Fredericiagade 25-27,1310,København K,01/11 - 2007,09/11 - 2010,1
81093628,COMPASS GROUP DANMARK A/S,Eurest A/S Kantinen hos Copenhagen Europe Center,Vesterbrogade 149,1620,København V,01/08 - 2009,01/07 - 2013,5-9
81093628,COMPASS GROUP DANMARK A/S,Euerst A/S Würth Danmark,Montagevej 6,6000,Kolding,01/01 - 1998,26/03 - 2013,2-4
81093628,COMPASS GROUP DANMARK A/S,Eurest A/S FLS Aerospace,Lufthavnen 1,2770,Kastrup,01/01 - 2000,04/06 - 2004,1
81093628,COMPASS GROUP DANMARK A/S,Coface Danmark,Nygade 111,7430,Ikast,28/09 - 2010,27/02 - 2013,2-4
81093628,COMPASS GROUP DANMARK A/S,"Eurest Kantine, CGI Aarhus",Margrethepladsen 4,8000,Aarhus C,01/01 - 2003,31/03 - 2016,5-9
81093628,COMPASS GROUP DANMARK A/S,EUREST A/S Bang og Olufsen,Peter Bangs Vej 15,7600,Struer,01/01 - 2005,31/05 - 2010,2-4
81093628,COMPASS GROUP DANMARK A/S,Eurest A/S DFDS Transport,Nokiavej 30,8700,Horsens,01/11 - 2004,30/04 - 2006,1
81093628,COMPASS GROUP DANMARK A/S,"Eurest Kantine, Fibertex Fabrik 2",Svendborgvej 2,9220,Aalborg Øst,01/01 - 2009,31/12 - 2017,5-9
81093628,COMPASS GROUP DANMARK A/S,EUREST A/S Blika,Falkevej 3-5,6705,Esbjerg Ø,15/11 - 2004,31/12 - 2006,1
81093628,COMPASS GROUP DANMARK A/S,"Eurest Kantine, Lemvigh-Müller",Tronholmen 12,8960,Randers SØ,01/01 - 2002,08/01 - 2015,2-4
81093628,COMPASS GROUP DANMARK A/S,Eurest A/S Toms Fabrikker,Ringvej B4 1,2750,Ballerup,01/01 - 2000,30/11 - 2005,5-9
81093628,COMPASS GROUP DANMARK A/S,EUREST A/S Vestfrost,Spangsbjerg Møllevej 100,6705,Esbjerg Ø,01/11 - 2003,27/01 - 2014,2-4
81093628,COMPASS GROUP DANMARK A/S,Eurest A/S Kantinen hos DSB,"Kalvebod Brygge 34, 1",1560,København V,01/01 - 2007,28/02 - 2011,0
81093628,COMPASS GROUP DANMARK A/S,EUREST A/S H.HOFFMANN & SØNNER,Fabriksparken 66,2600,Glostrup,01/01 - 1998,11/02 - 2010,2-4
81093628,COMPASS GROUP DANMARK A/S,Eurest Rengøringen hos Din Private Kok,Staldgade 22,1699,København V,01/03 - 2009,26/03 - 2013,2-4
81093628,COMPASS GROUP DANMARK A/S,Eurest Kantinen hos JELD-WEN Danmark,Danmarksvej 9,9670,Løgstør,01/12 - 2009,30/05 - 2010,0
81093628,COMPASS GROUP DANMARK A/S,EUREST A/S - Gorm Charlie,Lyngbyvej 28,2100,København Ø,01/05 - 2007,09/08 - 2010,0
81093628,COMPASS GROUP DANMARK A/S,EUREST A/S Berlingske Avistryk,Essen 16,6000,Kolding,01/01 - 2003,31/03 - 2009,2-4
81093628,COMPASS GROUP DANMARK A/S,EUREST A/S Nissens Kølerfabrik,Lokesalle 65,8700,Horsens,01/11 - 2003,28/02 - 2012,1
81093628,COMPASS GROUP DANMARK A/S,EUREST A/S Gea L.P. Scandinavia,Nørskovvej 1B,8660,Skanderborg,01/01 - 2003,30/05 - 2010,2-4
81093628,COMPASS GROUP DANMARK A/S,EUREST A/S - Halfdan BC,Lyngbyvej 28,2100,København Ø,01/05 - 2007,31/12 - 2010,1
81093628,COMPASS GROUP DANMARK A/S,Eurest A/S Arla Foods amba,Skanderborgvej 234,8260,Viby J,01/12 - 2006,28/04 - 2010,2-4
81093628,COMPASS GROUP DANMARK A/S,EUREST A/S Cheminova,Thyborønvej 78,7673,Harboøre,01/01 - 2000,31/08 - 2014,5-9
81093628,COMPASS GROUP DANMARK A/S,Eurest A/S Udsigten,Ørnevej 55,2400,København NV,01/10 - 2005,30/06 - 2014,5-9
81093628,COMPASS GROUP DANMARK A/S,EUREST A/S Procter & Gamble Danmark A/S,Paludan-Müllers Vej 82,8200,Århus N,20/08 - 2007,09/11 - 2010,2-4
81093628,COMPASS GROUP DANMARK A/S,Eurest A/S Kantinen hos Hobro Mejericenter og Friskvareterminal,Skivevej 39-41,9500,Hobro,01/06 - 2009,29/06 - 2013,5-9
81093628,COMPASS GROUP DANMARK A/S,Eurest A/S Den Sociale Højskole i Odense,Tolderlundsvej 5,5000,Odense C,15/08 - 2006,31/07 - 2009,5-9
81093628,COMPASS GROUP DANMARK A/S,EUREST A/S Railion Danmark,Sydvestvej 21-23,2600,Glostrup,01/06 - 2004,30/04 - 2007,1
81093628,COMPASS GROUP DANMARK A/S,Eurest A/S AKAFA (Arla),Svenstrup Skolevej 25,9230,Svenstrup J,29/08 - 2006,29/06 - 2013,2-4
81093628,COMPASS GROUP DANMARK A/S,Eurest A/S Patent & varemærkenævnet,Helgeshøj Alle 81,2630,Taastrup,01/01 - 2007,30/11 - 2008,2-4
81093628,COMPASS GROUP DANMARK A/S,"Eurest Kantine, Kulturstyrelsen",H.C. Andersens Boulevard 2,1553,København V,05/04 - 2011,30/04 - 2017,0
81093628,COMPASS GROUP DANMARK A/S,EUREST A/S - Halfdan,Lyngbyvej 28,2100,København Ø,01/05 - 2007,09/11 - 2010,0
81093628,COMPASS GROUP DANMARK A/S,Eurest A/S Kantinen hos Filadelfia,Kolonivej 1,4293,Dianalund,01/10 - 2008,30/05 - 2010,1
81093628,COMPASS GROUP DANMARK A/S,Eurest A/S Kantinen hos Betonelement A/S,Lærkevej 7,6705,Esbjerg Ø,01/04 - 2008,30/03 - 2010,2-4
81093628,COMPASS GROUP DANMARK A/S,"Eurest Kantinen DTU, bygning 381",Diplomvej 381,2800,Kgs.Lyngby,15/04 - 2009,26/03 - 2013,2-4
81093628,COMPASS GROUP DANMARK A/S,EUREST A/S Electrolux Home Products,Vester Voldgade 15,7000,Fredericia,01/01 - 2002,05/11 - 2013,2-4
81093628,COMPASS GROUP DANMARK A/S,Eurest Rengøring hos JELD-WEN Danmark,Danmarksvej 9,9670,Løgstør,01/01 - 2010,09/11 - 2010,0
81093628,COMPASS GROUP DANMARK A/S,Eurest A/S Modulex,Kløvervej 101,7190,Billund,01/08 - 2006,29/09 - 2011,0
81093628,COMPASS GROUP DANMARK A/S,Eurest A/S Kantinen hos Merrild Kaffe A/S (SARA LEE DK),Lærkevej 7,6000,Kolding,01/10 - 2007,28/04 - 2011,0
81093628,COMPASS GROUP DANMARK A/S,Eurest A/S Kantinen hos ARLA,Industrikrogen 30,2635,Ishøj,01/03 - 2007,29/06 - 2013,2-4
81093628,COMPASS GROUP DANMARK A/S,"Eurest Kantine, Alfa Laval København",Maskinvej 3,2860,Søborg,01/01 - 2002,30/09 - 2016,5-9
81093628,COMPASS GROUP DANMARK A/S,Eurest Rengøringen hos Nordicom,Kongens Nytorv 26,1050,København K,01/03 - 2009,27/12 - 2011,0
81093628,COMPASS GROUP DANMARK A/S,EUREST A/S Tuborg Bryggeri,Vestre Ringvej 111,7000,Fredericia,28/02 - 2004,31/03 - 2006,5-9
81093628,COMPASS GROUP DANMARK A/S,Eurest A/S Kantinen hos L'Oreal Danmark A/S,Greve Main 21,2670,Greve,01/01 - 2008,31/12 - 2010,0
81093628,COMPASS GROUP DANMARK A/S,EUREST A/S Udlændingestyrelsen,Ryesgade 53,2100,København Ø,01/01 - 2002,31/12 - 2004,1
81093628,COMPASS GROUP DANMARK A/S,Eurest A/S Kantinen hos First Gear Group A/S,Niels Bohrs Vej 17,8660,Skanderborg,01/06 - 2007,09/11 - 2010,2-4
81093628,COMPASS GROUP DANMARK A/S,Eurest A/S Kantinen hos Urban,Hammershusgade 9,2100,København Ø,01/11 - 2007,09/11 - 2010,1
81093628,COMPASS GROUP DANMARK A/S,EUREST A/S Royal Copenhagen,Smedeland 17,2600,Glostrup,01/06 - 2004,28/01 - 2010,2-4
81093628,COMPASS GROUP DANMARK A/S,EUREST A/S Kantinen hos Personalestyrelsen,Frederiksholms Kanal 6,1220,København K,01/01 - 2000,08/03 - 2012,2-4
81093628,COMPASS GROUP DANMARK A/S,EUREST A/S Ericsson Telebit,Skanderborgvej 232,8260,Viby J,01/01 - 2000,31/10 - 2009,2-4
81093628,COMPASS GROUP DANMARK A/S,EUREST A/S Medirest Esbønderup Sygehus,Sygehusvej 4,3230,Græsted,01/01 - 2001,31/12 - 2004,0
81093628,COMPASS GROUP DANMARK A/S,Eurest kantinen hos Politiafdelingen Ejby,Ejby Industrivej 135,2600,Glostrup,05/04 - 2011,03/09 - 2012,0
81093628,COMPASS GROUP DANMARK A/S,Eurest A/S TDC Service,Hasselager Centervej 3,8260,Viby J,01/11 - 2004,28/02 - 2006,2-4
81093628,COMPASS GROUP DANMARK A/S,Eurest A/S Tele Danmark A/S,Lautruphøj 8-10,2750,Ballerup,01/01 - 2000,28/02 - 2006,2-4
81093628,COMPASS GROUP DANMARK A/S,EUREST A/S DISA Industries,Herlev Hovedgade 17,2730,Herlev,01/01 - 2002,30/12 - 2012,2-4
81093628,COMPASS GROUP DANMARK A/S,Cegedim Denmark A/S,Vandtårnsvej 83,2860,Søborg,12/08 - 2010,11/11 - 2013,0
81093628,COMPASS GROUP DANMARK A/S,Hospishoppen,Kabbeltoft 25,7100,Vejle,01/11 - 2002,31/12 - 2007,10-19
81093628,COMPASS GROUP DANMARK A/S,EUREST A/S WM Data,Børglumvej 11,8240,Risskov,01/11 - 2004,31/07 - 2008,2-4
81093628,COMPASS GROUP DANMARK A/S,EUREST A/S TDC,Sletvej 30,8310,Tranbjerg J,01/01 - 2003,28/02 - 2006,1
81093628,COMPASS GROUP DANMARK A/S,"Compass Group, Parken",Per Henrik Lings Allé 2,2100,København Ø,30/08 - 2011,31/08 - 2016,0
81093628,COMPASS GROUP DANMARK A/S,Eurest A/S Kantinen hos DSB,Depotvej 4,2630,Taastrup,01/01 - 2007,28/02 - 2011,0
81093628,COMPASS GROUP DANMARK A/S,"Eurest Kantine, L'Oréal",Stationsparken 37,2600,Glostrup,01/01 - 2008,27/06 - 2015,5-9
81093628,COMPASS GROUP DANMARK A/S,EUREST A/S TDC,Larslejsstræde 6,1451,København K,01/01 - 2003,28/02 - 2006,10-19
81093628,COMPASS GROUP DANMARK A/S,EUREST A/S Styrelserne Sct. Kjelds Gård,Sejrøgade 11,2100,København Ø,01/01 - 2002,31/01 - 2009,5-9
81093628,COMPASS GROUP DANMARK A/S,EUREST A/S Mærsk Sealand,Nicolai Eigtveds Gade 28,1402,København K,01/01 - 2005,31/12 - 2010,0
81093628,COMPASS GROUP DANMARK A/S,"Eurest Kantine, Fibertex Fabrik 1",Svendborgvej 16,9220,Aalborg Øst,04/04 - 2011,31/12 - 2017,1
81093628,COMPASS GROUP DANMARK A/S,Eurest kantinen hos IT- og Telestyrelsen,Holsteinsgade 63,2100,København Ø,04/04 - 2011,30/03 - 2013,1
81093628,COMPASS GROUP DANMARK A/S,Eurest A/S Rengøring hos Cheminova,Thyborønvej 78,7673,Harboøre,01/09 - 2009,06/10 - 2013,5-9
81093628,COMPASS GROUP DANMARK A/S,EUREST A/S Receptionen hos Logica,Silkeborgvej 84-88,7400,Herning,01/08 - 2009,31/05 - 2010,0
81093628,COMPASS GROUP DANMARK A/S,Eurest A/S TDC Service,Fiskergade 2,8000,Århus C,01/11 - 2004,28/02 - 2006,1
81093628,COMPASS GROUP DANMARK A/S,Eurest A/S Kantinen hos Schultz Grafisk,Herstedvang 12,2620,Albertslund,01/05 - 2008,27/02 - 2009,0
81093628,COMPASS GROUP DANMARK A/S,Eurest A/S Kantinen hos Arla Foods,Arlavej 2,6070,Christiansfeld,01/08 - 2007,29/06 - 2013,0
81093628,COMPASS GROUP DANMARK A/S,EUREST A/S Taulov Pakkecenter,Stakkesvang 15,7000,Fredericia,01/08 - 2004,30/04 - 2008,2-4
81093628,COMPASS GROUP DANMARK A/S,"Eurest Kantine, Alectia Aarhus",Skanderborgvej 190,8260,Viby J,15/03 - 2008,29/09 - 2017,2-4
81093628,COMPASS GROUP DANMARK A/S,EUREST A/S Receptionen hos Logica,Kokmose 12,6000,Kolding,01/08 - 2009,27/01 - 2014,2-4
81093628,COMPASS GROUP DANMARK A/S,"Eurest A/S Hvidovre Hospital, Driftsafd. 133",Kettegård Alle 30,2650,Hvidovre,01/05 - 2006,09/11 - 2010,1
81093628,COMPASS GROUP DANMARK A/S,"Eurest Kantine, Alectia Odense","Sverigesgade 5, 1",5000,Odense C,01/12 - 2009,23/06 - 2017,0
81093628,COMPASS GROUP DANMARK A/S,Eurest A/S Kantinen hos Beauvais,Ringstedvej 13,4520,Svinninge,05/08 - 2010,29/04 - 2013,2-4
81093628,COMPASS GROUP DANMARK A/S,Eurest A/S Ministeriernes Marketenderi,Slotsholmsgade 10-12,1216,København K,01/11 - 2004,31/07 - 2007,5-9
81093628,COMPASS GROUP DANMARK A/S,Eurest kantinen hos Skat Hovedcentret,Østbanegade 123,2100,København Ø,05/04 - 2011,26/03 - 2013,0
81093628,COMPASS GROUP DANMARK A/S,"Eurest Kantine, Iveco",Julius Thomsensvej 7,7100,Vejle,01/02 - 2004,31/12 - 2014,0
81093628,COMPASS GROUP DANMARK A/S,Eurest A/S Kantinen hos Lemvigh-Müller A/S,Tronholmen 14,8960,Randers SØ,01/10 - 2008,09/12 - 2013,2-4
81093628,COMPASS GROUP DANMARK A/S,EUREST A/S APV Products,Roholmsvej 8,2620,Albertslund,01/01 - 2005,31/03 - 2006,1
81093628,COMPASS GROUP DANMARK A/S,EUREST A/S,Esrumvej 145,3000,Helsingør,01/01 - 2001,29/09 - 2009,5-9
81093628,COMPASS GROUP DANMARK A/S,"Eurest Kantine, Forsvarsministeriet",Holmens Kanal 42,1060,København K,04/04 - 2011,31/12 - 2015,0
81093628,COMPASS GROUP DANMARK A/S,EUREST A/S NIRO,Gladsaxevej 305,2860,Søborg,01/01 - 1996,30/05 - 2010,5-9
81093628,COMPASS GROUP DANMARK A/S,Eurest A/S Vola Production,Lunavej 2,8700,Horsens,01/01 - 1999,28/04 - 2010,2-4
81093628,COMPASS GROUP DANMARK A/S,"EUREST A/S Middelfart Sygehus, Psykiatisk afd",Østre Hougvej 70,5500,Middelfart,01/01 - 2004,31/12 - 2007,20-49
81093628,COMPASS GROUP DANMARK A/S,EUREST A/S,Helsevej 2,3400,Hillerød,01/01 - 2001,29/09 - 2009,1
81093628,COMPASS GROUP DANMARK A/S,EUREST A/S Vestfrost,Falkevej 12,6705,Esbjerg Ø,01/01 - 2004,27/01 - 2014,2-4
81093628,COMPASS GROUP DANMARK A/S,Eurest A/S Kantinen hos Eli Lilly Danmark A/S,Nybrovej 110,2800,Kgs.Lyngby,01/02 - 2009,08/12 - 2011,2-4
81093628,COMPASS GROUP DANMARK A/S,Eurest A/S Kantinen hos Telia Stofa,Uraniavej 6,8700,Horsens,01/02 - 2009,07/03 - 2012,2-4
81093628,COMPASS GROUP DANMARK A/S,"Sun Chemical, Eurest Kantine",Københavnsvej 112,4600,Køge,08/10 - 2012,31/07 - 2014,1
81093628,COMPASS GROUP DANMARK A/S,Eurest A/S Jamo A/S,Elmevej 8,7870,Roslev,01/01 - 1999,30/06 - 2005,1
81093628,COMPASS GROUP DANMARK A/S,EUREST A/S Billund Cargo Center,Cargo Centervej 17,7190,Billund,01/08 - 2003,29/09 - 2011,1
81093628,COMPASS GROUP DANMARK A/S,EUREST A/S TDC,Bernhard Bangs Alle 43,2000,Frederiksberg,01/01 - 2003,31/12 - 2004,5-9
81093628,COMPASS GROUP DANMARK A/S,Eurest A/S TDC Service,H P Hanssens Gade 21,6200,Aabenraa,01/11 - 2004,28/02 - 2006,1
81093628,COMPASS GROUP DANMARK A/S,EUREST A/S Schulstad Brød A/S,Hammerholmen 21-31,2650,Hvidovre,01/01 - 2002,31/12 - 2004,2-4
81093628,COMPASS GROUP DANMARK A/S,EUREST A/S Compass Group,"Nyropsgade 45, 3",1602,København V,01/01 - 2000,31/12 - 2004,1
81093628,COMPASS GROUP DANMARK A/S,EUREST A/S Mærsk Logistics,Kalkbrænderihavnsgade 4,2100,København Ø,01/01 - 2003,30/09 - 2005,2-4
81093628,COMPASS GROUP DANMARK A/S,EUREST A/S Politiskolen 2,Artillerivej 55,2300,København S,01/01 - 2002,31/12 - 2004,2-4
81093628,COMPASS GROUP DANMARK A/S,EUREST A/S SIEMENS A/S KANTINE,Bredskifte Allé 5,8210,Århus V,24/09 - 2004,30/09 - 2005,2-4
81093628,COMPASS GROUP DANMARK A/S,EUREST A/S TietoEnator Solurtions,Rygårds Allé 131,2900,Hellerup,01/01 - 2003,28/02 - 2006,2-4
81093628,COMPASS GROUP DANMARK A/S,Eurest A/S V. Løwener,Smedeland 2,2600,Glostrup,01/11 - 2004,28/02 - 2006,1
81093628,COMPASS GROUP DANMARK A/S,"Medirest Middelfart Sygehus, Somatisk Centralkøkkenet",Østre Hougvej 55,5500,Middelfart,01/11 - 2002,31/12 - 2007,2-4
81093628,COMPASS GROUP DANMARK A/S,EUREST A/S Plantedirektoratet,Skovbrynet 20,2800,Kgs.Lyngby,01/01 - 2002,31/07 - 2004,0
81093628,COMPASS GROUP DANMARK A/S,EUREST A/S SØFARTSSKOLEN KANTINE,Vangled 32,6720,Fanø,01/01 - 1993,31/12 - 2005,5-9
81093628,COMPASS GROUP DANMARK A/S,EUREST A/S Trafikministeriet,Frederiksholms Kanal 27F,1220,København K,01/01 - 2003,31/07 - 2006,2-4
81093628,COMPASS GROUP DANMARK A/S,EUREST A/S AMCOR FLEXIBLES OTTO NIELSEN,Nøjsomhedsvej 20,2800,Kgs.Lyngby,01/01 - 1985,31/12 - 2004,0
81093628,COMPASS GROUP DANMARK A/S,EUREST A/S Banestyrelsen,Pakhusvej 10,2100,København Ø,01/01 - 2002,31/12 - 2004,0
81093628,COMPASS GROUP DANMARK A/S,EUREST A/S Københavns Pakkecenter BRC,Priorparken 385,2605,Brøndby,01/01 - 2002,31/08 - 2005,5-9
81093628,COMPASS GROUP DANMARK A/S,Eurest A/S Ingeniørhøjskolen i Århus,Dalgas Avenue 2,8000,Århus C,01/01 - 2000,31/07 - 2005,5-9
81093628,COMPASS GROUP DANMARK A/S,EUREST A/S Thorn Scandinavia,Herstedvang 7B,2620,Albertslund,01/01 - 2004,31/03 - 2006,1
81093628,COMPASS GROUP DANMARK A/S,Eurest A/S Karlebo Kommune Rådhuset,Egevangen 3B,2980,Kokkedal,01/01 - 2000,31/10 - 2006,2-4
81093628,COMPASS GROUP DANMARK A/S,EUREST A/S Dell,Amager Strandvej 60-64,2300,København S,01/01 - 2003,30/09 - 2005,5-9
81093628,COMPASS GROUP DANMARK A/S,EUREST A/S Danmarks Jordbrugsforskning,Blichers Alle 20,8830,Tjele,01/05 - 2005,29/09 - 2011,2-4
81093628,COMPASS GROUP DANMARK A/S,EUREST A/S Direktoratet for Kriminalforsorgen,Strandgade 100,1401,København K,01/01 - 2002,30/06 - 2004,2-4
81093628,COMPASS GROUP DANMARK A/S,EUREST A/S KONE ELEVATOR KANTINE,Rebslagervej 8-16,2400,København NV,01/01 - 1995,31/08 - 2009,1
81093628,COMPASS GROUP DANMARK A/S,"Eurest Kantine, Danfoss Redan",Omega 7,8382,Hinnerup,01/12 - 2008,31/05 - 2015,1
81093628,COMPASS GROUP DANMARK A/S,EUREST A/S TOMS,Helseholmen 1,2650,Hvidovre,01/01 - 2004,30/11 - 2005,1
81093628,COMPASS GROUP DANMARK A/S,EUREST A/S Sterling Airlines,Lufthavnen 37,2770,Kastrup,01/03 - 1986,09/11 - 2010,5-9
81093628,COMPASS GROUP DANMARK A/S,EUREST A/S HALDOR TOPSØ KANTINE,Nymøllevej 55,2800,Kgs.Lyngby,01/01 - 1981,21/03 - 2013,10-19
81093628,COMPASS GROUP DANMARK A/S,Eurest A/S HUC,Holmboes Alle 2,8700,Horsens,01/11 - 2004,29/09 - 2011,1
81093628,COMPASS GROUP DANMARK A/S,Eurest A/S Velux,Industrivej 12,8752,Østbirk,01/11 - 2004,31/05 - 2014,5-9
81093628,COMPASS GROUP DANMARK A/S,EUREST A/S Arbejdsdirektoratet,Stormgade 10,1470,København K,01/01 - 2003,31/05 - 2009,2-4
81093628,COMPASS GROUP DANMARK A/S,EUREST A/S Nordicom,Kongens Nytorv 26,1050,København K,01/03 - 2004,29/09 - 2013,2-4
81093628,COMPASS GROUP DANMARK A/S,Eurest A/S Kantinen hos CCC + Metropol online,Gammel Mønt 2-4,1117,København K,01/11 - 2007,09/11 - 2010,1
81093628,COMPASS GROUP DANMARK A/S,Eurest kantinen hos Njalsgaarden Teknik-og Miljøforvaltning,Njalsgade 13,2300,København S,05/04 - 2011,15/03 - 2012,1
81093628,COMPASS GROUP DANMARK A/S,Eurest kantinen hos Kongskilde Maskinfabrik A/S,Skælskørvej 64,4180,Sorø,04/04 - 2011,15/03 - 2012,0
81093628,COMPASS GROUP DANMARK A/S,EUREST A/S SIEMENS KANTINE,Borupvang 3,2750,Ballerup,01/01 - 1989,30/09 - 2005,5-9
81093628,COMPASS GROUP DANMARK A/S,EUREST A/S UNILEVER DANMARK KANTINE,Stationsparken 25,2600,Glostrup,01/01 - 1991,30/05 - 2005,2-4
81093628,COMPASS GROUP DANMARK A/S,EUREST A/S - Dan Foxtrot,Lyngbyvej 28,2100,København Ø,01/05 - 2007,09/11 - 2010,0
81093628,COMPASS GROUP DANMARK A/S,EUREST A/S ALLERØD KOMMUNE KANTINE,Rådhusvej 1,3450,Allerød,01/01 - 1996,31/03 - 2006,2-4
81093628,COMPASS GROUP DANMARK A/S,EUREST A/S KDAS,Ejbyvej 35,2740,Skovlunde,01/02 - 2007,30/06 - 2009,10-19
81093628,COMPASS GROUP DANMARK A/S,EUREST A/S Gasa Århus,Havkærvej 83,8381,Tilst,01/03 - 2005,09/11 - 2010,2-4
81093628,COMPASS GROUP DANMARK A/S,Eurest A/S Kantinen hos Kbh. Universitet HCØ Instituttet,Universitetsparken 5,2100,København Ø,01/01 - 2008,09/11 - 2010,1
81093628,COMPASS GROUP DANMARK A/S,Eurest A/S Rengøring hos Procudan,Bronzevej 1,6000,Kolding,01/05 - 2009,11/11 - 2013,2-4
81093628,COMPASS GROUP DANMARK A/S,EUREST A/S F.M.C. A/S,Risingevej 1,2665,Vallensbæk Strand,01/01 - 1993,31/07 - 2005,2-4
81093628,COMPASS GROUP DANMARK A/S,Eurest kantinen hos Skattecenter Fredensborg,Kratbjerg 236,3480,Fredensborg,05/04 - 2011,31/12 - 2012,0
81093628,COMPASS GROUP DANMARK A/S,Eurest kantinen hos Patent- og Varemærkestyrelsen,Helgeshøj Alle 81,2630,Taastrup,05/04 - 2011,15/03 - 2012,1
81093628,COMPASS GROUP DANMARK A/S,Eurest kantinen hos Sundhedsstyrelsen,Islands Brygge 67,2300,København S,05/04 - 2011,15/03 - 2012,0
81093628,COMPASS GROUP DANMARK A/S,Eurest A/S Kantinen hos DSV Road A/S-Tåstrup,Litauen Alle 4,2630,Taastrup,01/10 - 2009,31/08 - 2014,0
81093628,COMPASS GROUP DANMARK A/S,Eurest A/S Tele Danmark A/S,Støberigade 10,2450,København SV,01/01 - 1999,28/02 - 2006,2-4
81093628,COMPASS GROUP DANMARK A/S,EUREST A/S DAN-FOAM,Holmelund 43,5560,Aarup,01/01 - 1998,31/12 - 2005,2-4
81093628,COMPASS GROUP DANMARK A/S,Eurest A/S Kantinen hos Gumlink A/S,Dandyvej 19,7100,Vejle,01/01 - 2007,30/05 - 2012,2-4
81093628,COMPASS GROUP DANMARK A/S,Eurest A/S Holstebro Flødeost og Smørmejeri,Hjermvej 28,7500,Holstebro,01/11 - 2006,29/06 - 2013,2-4
81093628,COMPASS GROUP DANMARK A/S,EUREST A/S SIEMENS KANTINE,Dybendalsvænget 3,2630,Taastrup,01/01 - 1990,30/09 - 2005,5-9
81093628,COMPASS GROUP DANMARK A/S,EUREST A/S GEO,Maglebjergvej 1,2800,Kgs.Lyngby,01/01 - 2004,31/01 - 2005,1
81093628,COMPASS GROUP DANMARK A/S,EUREST A/S TDC Kabel TV,Amager Strandvej 108,2300,København S,01/10 - 2005,28/02 - 2006,1
81093628,COMPASS GROUP DANMARK A/S,EUREST A/S - Alantic Rotterdam,Lyngbyvej 28,2100,København Ø,01/05 - 2007,09/08 - 2010,0
81093628,COMPASS GROUP DANMARK A/S,Eurest A/S JMM Group,Tøndervej 7,6500,Vojens,02/07 - 2006,29/09 - 2010,2-4
81093628,COMPASS GROUP DANMARK A/S,Eurest A/S Kantinen hos Naviair,Naviair Alle 1,2770,Kastrup,01/02 - 2008,30/01 - 2010,5-9
81093628,COMPASS GROUP DANMARK A/S,EUREST A/S ESBJERG LUFTHAVN OG BOREPLATFORME,John Tranums Vej 20,6705,Esbjerg Ø,01/01 - 1995,14/10 - 2010,100-199
81093628,COMPASS GROUP DANMARK A/S,EUREST A/S HYDROGAS DANMARK KANTINE,Røde Banke 120,7000,Fredericia,01/01 - 1992,31/12 - 2010,0
81093628,COMPASS GROUP DANMARK A/S,EUREST A/S STATENS SERUMINSTITUT KANTINE,Artillerivej 5,2300,København S,01/01 - 1995,31/03 - 2009,5-9
81093628,COMPASS GROUP DANMARK A/S,Eurest A/S Electrolux Holding A/S,Lundtoftegårdsvej 93A,2800,Kgs.Lyngby,01/01 - 1988,01/06 - 2006,2-4
81093628,COMPASS GROUP DANMARK A/S,EUREST A/S - Skjold,Lyngbyvej 28,2100,København Ø,01/05 - 2007,09/08 - 2010,0
81093628,COMPASS GROUP DANMARK A/S,Eurest A/S Kantinen hos SKAT Esbjerg,Adgangsvejen 3,6700,Esbjerg,01/06 - 2009,30/03 - 2013,2-4
81093628,COMPASS GROUP DANMARK A/S,Eurest A/S Organisaton A/S,Prøvensvej 1,2605,Brøndby,01/01 - 1997,31/05 - 2006,10-19
81093628,COMPASS GROUP DANMARK A/S,Eurest A/S Kantinen hos Skattecenter Odense,Lerchesgade 35,5000,Odense C,01/04 - 2007,08/10 - 2013,5-9
81093628,COMPASS GROUP DANMARK A/S,Eurest A/S Kantinen hos NCC Hellerup,Tuborg Havnevej 15,2900,Hellerup,18/05 - 2009,21/02 - 2012,2-4
81093628,COMPASS GROUP DANMARK A/S,EUREST A/S DUMEX - ALPHARMA,Dalslandsgade 11,2300,København S,01/01 - 1987,26/03 - 2013,2-4
81093628,COMPASS GROUP DANMARK A/S,EUREST A/S TRIAX KANTINE,Bjørnkærvej 3,8783,Hornsyld,01/01 - 1993,30/12 - 2009,2-4
81093628,COMPASS GROUP DANMARK A/S,EUREST A/S Thyregod Metal- og Plastindustri,Nordre Ringvej 3,7323,Give,01/01 - 2002,31/05 - 2014,2-4
81093628,COMPASS GROUP DANMARK A/S,EUREST A/S Finansministeriets Departement,Christiansborg Slotsplads 1,1218,København K,01/01 - 2002,29/11 - 2011,2-4
81093628,COMPASS GROUP DANMARK A/S,EUREST A/S - Dan Bravo,Lyngbyvej 28,2100,København Ø,01/05 - 2007,09/11 - 2010,0
81093628,COMPASS GROUP DANMARK A/S,EUREST A/S - Tyra Øst,Lyngbyvej 28,2100,København Ø,01/05 - 2007,09/08 - 2010,0
81093628,COMPASS GROUP DANMARK A/S,Eurest A/S,Gasværksvej 48,9000,Aalborg,28/07 - 2010,10/05 - 2011,0
81093628,COMPASS GROUP DANMARK A/S,Eurest A/S Kantinen hos Telia Stofa,Søren Frichs Vej 34C,8230,Åbyhøj,01/01 - 2008,17/04 - 2013,0
81093628,COMPASS GROUP DANMARK A/S,"Chartwells, DTU Ballerup",Lautrupvang 15,2750,Ballerup,15/08 - 2005,31/01 - 2018,5-9
81093628,COMPASS GROUP DANMARK A/S,SKAT Haderslev,Christian X's Vej 22,6100,Haderslev,09/12 - 2009,30/03 - 2013,2-4
81093628,COMPASS GROUP DANMARK A/S,Eurest A/S Unisys,Lejrvej 17,3500,Værløse,01/01 - 2000,30/06 - 2008,2-4
81093628,COMPASS GROUP DANMARK A/S,Eurest A/S Kantinen hos Berlingske Media Århus,Banegårdspladsen 11,8000,Århus C,01/10 - 2008,09/11 - 2010,10-19
81093628,COMPASS GROUP DANMARK A/S,Eurest kantinen hos Skov- og Naturstyrelsen,Haraldsgade 53,2100,København Ø,05/04 - 2011,15/03 - 2012,1
81093628,COMPASS GROUP DANMARK A/S,EUREST A/S Danske Fragtmænd,Letland Alle 3,2630,Taastrup,01/01 - 2002,21/12 - 2010,5-9
81093628,COMPASS GROUP DANMARK A/S,"Chartwells, DTU Lyngby Akademivej",Akademivej 358,2800,Kgs. Lyngby,05/04 - 2011,31/01 - 2018,1
81093628,COMPASS GROUP DANMARK A/S,"EUREST, Hillerød Sygehus",Helsevej 2,3400,Hillerød,01/01 - 2001,02/08 - 2009,5-9
81093628,COMPASS GROUP DANMARK A/S,Eurest A/S,Skomagervej 11C,7100,Vejle,01/11 - 2006,31/12 - 2010,0
81093628,COMPASS GROUP DANMARK A/S,EUREST A/S Skatteministeriets Departement,Nicolai Eigtveds Gade 28,1402,København K,01/01 - 2002,29/02 - 2008,2-4
81093628,COMPASS GROUP DANMARK A/S,Eurest A/S Kantinen hos Fertin Pharma,Industrivej 8,7120,Vejle Øst,01/12 - 2008,09/11 - 2010,0
81093628,COMPASS GROUP DANMARK A/S,EUREST A/S Scribona Danmark,Hovedvejen 9,2600,Glostrup,01/09 - 2003,02/04 - 2010,2-4
81093628,COMPASS GROUP DANMARK A/S,Eurest A/S Arla Foods Holstebro Smørmejeri,Hjermvej 24,7500,Holstebro,11/02 - 2008,29/06 - 2013,2-4
81093628,COMPASS GROUP DANMARK A/S,Eurest A/S Kantinen hos DSB,Bernstorffsgade 16,1577,København V,01/01 - 2007,24/02 - 2011,0
81093628,COMPASS GROUP DANMARK A/S,Hjulmagervej 4B Vejle Compass Group,Hjulmagervej 4B,7100,Vejle,01/10 - 2010,01/11 - 2017,500-999
81093628,COMPASS GROUP DANMARK A/S,"Eurest Kantine, Bavarian Nordic",Hejreskovvej 10A,3490,Kvistgård,23/04 - 2004,30/06 - 2019,5-9
81093628,COMPASS GROUP DANMARK A/S,Chartwells Café Væksthuset,Grønnegårdsvej 15,1870,Frederiksberg C,15/04 - 2016,31/01 - 2020,5-9
81093628,COMPASS GROUP DANMARK A/S,"Eurest Kantine, Munkensdam Gymnasium",Tøndervej 100,6000,Kolding,02/07 - 2012,28/06 - 2019,2-4
81093628,COMPASS GROUP DANMARK A/S,"Eurest Kantine, Skatteministeriet",Nicolai Eigtveds Gade 28,1402,København K,01/04 - 2017,30/09 - 2019,5-9
81093628,COMPASS GROUP DANMARK A/S,"Eurest Kantine, LOGSTOR",Danmarksvej 11,9670,Løgstør,04/04 - 2011,31/07 - 2018,0
81093628,COMPASS GROUP DANMARK A/S,"Eurest Kantine, Cembrit","Sohngårdsholmsvej 2, 3",9000,Aalborg,04/04 - 2011,31/07 - 2019,2-4
81093628,COMPASS GROUP DANMARK A/S,"Eurest Kantine, Tresu",Eegsvej 14-16,6091,Bjert,01/01 - 1995,30/06 - 2019,2-4
81093628,COMPASS GROUP DANMARK A/S,"Eurest Kantine, Widex",Nymøllevej 6,3540,Lynge,01/02 - 2017,31/05 - 2018,0
81093628,COMPASS GROUP DANMARK A/S,"Eurest Kantine, Skattecenter Nordsjælland",Kratbjerg 236,3480,Fredensborg,01/04 - 2017,30/09 - 2019,2-4
81093628,COMPASS GROUP DANMARK A/S,"Eurest Kantinen, Siemens Sønderborg",Coriolisvej 1-3,6400,Sønderborg,22/06 - 2015,07/09 - 2018,0
81093628,COMPASS GROUP DANMARK A/S,"Colour Kitchen, Chartwells Campus Nørrebro",Sigurdsgade 26,2200,København N,26/08 - 2008,31/07 - 2019,10-19
81093628,COMPASS GROUP DANMARK A/S,Rued Langgaards Vej 6 København S Compass Group,"Rued Langgaards Vej 6A, 1",2300,København S,20/11 - 2017,01/12 - 2017,0
81093628,COMPASS GROUP DANMARK A/S,"Eurest Kantine, Dybendalsvænget 3, Taastrup ApS",Dybendalsvænget 3,2630,Taastrup,14/09 - 2012,31/05 - 2019,1
81093628,COMPASS GROUP DANMARK A/S,"Eurest Kantine, Niras Virum",Teknikerbyen 34,2830,Virum,01/01 - 1999,30/06 - 2018,0
81093628,COMPASS GROUP DANMARK A/S,"Eurest Kantine, Arla Foods Brabrand",Gjellerupvej 105,8220,Brabrand,01/01 - 2007,31/12 - 2018,1
81093628,COMPASS GROUP DANMARK A/S,"Chartwells, Århus Social og Sundhedsskole",Hedeager 33,8200,Aarhus N,01/08 - 2015,31/07 - 2019,5-9
81093628,COMPASS GROUP DANMARK A/S,"Eurest Kantine, DS Smith Packaging Fredericia",C. F. Tietgens Vej 2,7000,Fredericia,01/04 - 2018,04/03 - 2019,1
81093628,COMPASS GROUP DANMARK A/S,"Eurest Kantine, DS Smith Packaging Grenå",Åstrupvej 30,8500,Grenaa,01/04 - 2018,04/03 - 2019,0
81093628,COMPASS GROUP DANMARK A/S,"Eurest Satellitkantine, Andritz Feed & Biofuel",Glentevej 5-7,6705,Esbjerg Ø,23/11 - 2016,31/12 - 2019,2-4
81093628,COMPASS GROUP DANMARK A/S,"Eurest Kantine, Pon Power Ballerup",Baltorpbakken 14,2750,Ballerup,25/08 - 2008,29/03 - 2019,0
81093628,COMPASS GROUP DANMARK A/S,"Eurest Kantine, Wrist Group",Stigsborgvej 60,9400,Nørresundby,11/05 - 2011,30/04 - 2018,0
81093628,COMPASS GROUP DANMARK A/S,"Eurest Kantine, SKAT Koncerncenter",Østbanegade 123,2100,København Ø,01/04 - 2017,30/09 - 2019,5-9
81093628,COMPASS GROUP DANMARK A/S,"Eurest Kantine, SKAT Kalvebod Brygge",Kalvebod Brygge 35,1560,København V,01/06 - 2017,23/11 - 2018,0
81093628,COMPASS GROUP DANMARK A/S,"Eurest Kantine, DXC Aarhus",P.O. Pedersens Vej 2,8200,Aarhus N,08/10 - 2012,30/09 - 2019,2-4
81093628,COMPASS GROUP DANMARK A/S,"Eurest Kantine, Maersk Tankers","Nicolai Eigtveds Gade 28, 4",1402,København K,01/04 - 2017,30/09 - 2019,1
81093628,COMPASS GROUP DANMARK A/S,"Chartwells, SDU Slagelse",Sdr.Stationsvej 28,4200,Slagelse,02/01 - 2017,14/09 - 2020,1
81093628,COMPASS GROUP DANMARK A/S,"Eurest Kantine, Sun Class Airlines",Handlingsvej Øst 7,2791,Dragør,25/09 - 2019,14/10 - 2020,5-9
81093628,COMPASS GROUP DANMARK A/S,Eurest Services hos BUC Børne- & ungdomspsykiatrisk center Risskov,Harald Selmers vej 66,8240,Risskov,01/05 - 2015,31/01 - 2021,0
81093628,COMPASS GROUP DANMARK A/S,"Eurest services, Arla Foods - Holstebro SMØR (5623)",Hjermvej 24,7500,Holstebro,01/12 - 2020,19/05 - 2021,
81093628,COMPASS GROUP DANMARK A/S,"Rigspolitietschefen afd. D, Eurest Kantine",Landlystvej 34-40,2650,Hvidovre,11/05 - 2011,11/05 - 2011,
81093628,COMPASS GROUP DANMARK A/S,"Politiskolen 3, Eurest kantine",Brøndbyøster Boulevard 23-30,2605,Brøndby,11/05 - 2011,11/05 - 2011,
81093628,COMPASS GROUP DANMARK A/S,Eurest kantinen hos Patienthotellet Park Inn Chagall,Vesterbro 36-38,9000,Aalborg,05/04 - 2011,02/12 - 2012,
81093628,COMPASS GROUP DANMARK A/S,Eurest kantinen hos Undervisnings- og Kirkeministeriet,Frederiksholms Kanal 25-27,1220,København K,05/04 - 2011,15/03 - 2012,
81093628,COMPASS GROUP DANMARK A/S,Eurest kantinen hos Aab College og konference,Hadsundvej 182-184,9000,Aalborg,05/04 - 2011,30/06 - 2012,
81093628,COMPASS GROUP DANMARK A/S,"Eurest Kantine, SEMCO Maritime, Esbjerg Brygge",Esbjerg Brygge 30,6700,Esbjerg,21/03 - 2013,30/11 - 2019,
81093628,COMPASS GROUP DANMARK A/S,"Chartwells, UCL Odense Asylgade",Asylgade 7-9,5000,Odense C,01/08 - 2014,01/07 - 2016,
81093628,COMPASS GROUP DANMARK A/S,"Eurest Kantine, LEGO Midtown",Hans Jensensvej 9-11,7190,Billund,17/08 - 2015,31/03 - 2018,
81093628,COMPASS GROUP DANMARK A/S,Delimarché Express,Alexander Foss Gade 11-15,9000,Aalborg,31/08 - 2015,03/08 - 2016,
81093628,COMPASS GROUP DANMARK A/S,Aalborg Kommune - Vandforsyningen Sønderbro,Sønderbro 53,9000,Aalborg,01/05 - 2021,31/05 - 2021,1
81093628,COMPASS GROUP DANMARK A/S,"Eurest Services, Visma e-conomic (6472)",Langebrogade 1,1411,København K,01/10 - 2020,31/05 - 2021,3
81093628,COMPASS GROUP DANMARK A/S,"Eurest Services, Bluegarden Ballerup (5499)",Lautrupbjerg 6,2750,Ballerup,01/10 - 2020,30/06 - 2021,2
81093628,COMPASS GROUP DANMARK A/S,146310 Sweco Danmark A/S,"Ørestads Boulevard 41, st",2300,København S,01/10 - 2021,01/10 - 2021,
81093628,COMPASS GROUP DANMARK A/S,148710 Børne- og Undervisningsministeriet,Frederiksholms Kanal 25,1220,København K,01/10 - 2021,01/10 - 2021,
81093628,COMPASS GROUP DANMARK A/S,"144010 Bestseller, Haderslev","Moltrup Landevej 201, st",6100,Haderslev,01/10 - 2021,01/10 - 2021,
81093628,COMPASS GROUP DANMARK A/S,"Food & Co, GEA Søborg (136910)",Gladsaxevej 305,2860,Søborg,01/10 - 2021,01/10 - 2021,
81093628,COMPASS GROUP DANMARK A/S,514510 Equinor,Melbyvej 17,4400,Kalundborg,01/10 - 2021,01/10 - 2021,
81093628,COMPASS GROUP DANMARK A/S,"143910 Bestseller, Aarhus",Inge Lehmanns Gade 2,8000,Aarhus C,01/11 - 2021,01/11 - 2021,
81093628,COMPASS GROUP DANMARK A/S,"143810 Bestseller, Brande",Fredskovvej 5,7330,Brande,01/11 - 2021,01/11 - 2021,
81093628,COMPASS GROUP DANMARK A/S,142310 Danva,Godthåbsvej 83,8660,Skanderborg,01/11 - 2021,01/11 - 2021,
81093628,COMPASS GROUP DANMARK A/S,143710 OBH Gruppen A/S,Agerhatten 25,5220,Odense SØ,01/11 - 2021,01/11 - 2021,
81093628,COMPASS GROUP DANMARK A/S,"Food & Co, DTU Faculty Club (518710)","Anker Engelunds Vej 101A, 1",2800,Kongens Lyngby,01/10 - 2021,01/10 - 2021,
81093628,COMPASS GROUP DANMARK A/S,"Food & Co, Sweco Kolding (142810)",Kokbjerg 5,6000,Kolding,01/10 - 2021,01/10 - 2021,
81093628,COMPASS GROUP DANMARK A/S,"Food & Co, Crossbridge (510610)",Egeskovvej 265,7000,Fredericia,01/10 - 2021,01/10 - 2021,
81093628,COMPASS GROUP DANMARK A/S,"Food & Co, Wicked Rabbit (113611)",Karen Blixens Vej 4,2300,København S,01/10 - 2021,01/10 - 2021,
81093628,COMPASS GROUP DANMARK A/S,"Food & Co, KUA (515910)",Emil Holms Kanal 4,2300,København S,01/10 - 2021,01/10 - 2021,
81093628,COMPASS GROUP DANMARK A/S,"Food & Co, Vive (145810)",Herluf Trolles Gade 11,1052,København K,01/10 - 2021,01/10 - 2021,
81093628,COMPASS GROUP DANMARK A/S,"Eurest services, Arla Foods - Sluseholmen (5615)","Sluseholmen 8, 1. 1.",2450,København SV,01/01 - 2021,31/12 - 2021,
81093628,COMPASS GROUP DANMARK A/S,"Eurest services, Varmecentral, Aalborg Kommune (5759)",Hjulmagervej 20,9000,Aalborg,01/01 - 2021,31/12 - 2021,
81093628,COMPASS GROUP DANMARK A/S,"Eurest services, Gandrup Genbrugsstation (5613)",Teglværksvej 31,9362,Gandrup,01/01 - 2021,31/12 - 2021,
81093628,COMPASS GROUP DANMARK A/S,"Eurest services, Fjernvarmecentral Svenstrup (3840)",Hellekisten 4,9230,Svenstrup J,01/01 - 2021,31/12 - 2021,
81093628,COMPASS GROUP DANMARK A/S,"Eurest services, Genbrugsplads Nibe (3950)",Aalborgvej 55,9240,Nibe,01/01 - 2021,31/12 - 2021,
81093628,COMPASS GROUP DANMARK A/S,"Eurest services, Fjernvarmecentral, Aalborg Kommune (3821)",Nefovej 50,9310,Vodskov,01/01 - 2021,31/12 - 2021,
81093628,COMPASS GROUP DANMARK A/S,"Eurest services, Genbrugspladsen Over Kæret (3949)",Over Kæret 5,9000,Aalborg,01/01 - 2021,31/12 - 2021,
81093628,COMPASS GROUP DANMARK A/S,"Eurest services, Aalborg Bygas A/S (6290)",Gasværksvej 28,9000,Aalborg,01/01 - 2021,31/12 - 2021,
81093628,COMPASS GROUP DANMARK A/S,"Eurest services, Genbrugsplads Rørdalsvej (3953)",Rørdalsvej 111A,9220,Aalborg Øst,01/01 - 2021,31/12 - 2021,
81093628,COMPASS GROUP DANMARK A/S,"Eurest services, Genbrugsplads Hals (3952)",Skovsgårdsvej 145,9370,Hals,01/01 - 2021,31/12 - 2021,
81093628,COMPASS GROUP DANMARK A/S,"Eurest services, Fjernvarmecentral Aalborg SV (3854)",Lyngvej 6,9000,Aalborg,01/01 - 2021,31/12 - 2021,
81093628,COMPASS GROUP DANMARK A/S,Medirest Roskilde Amts Sygehus - kiosk/cafe,Køgevej 7-13,4000,Roskilde,01/11 - 2002,27/06 - 2010,10-19
81093628,COMPASS GROUP DANMARK A/S,Aalborg Kommune - Genbrugsplads Nørresundby,Sundsholmen 20,9400,Nørresundby,01/05 - 2021,31/12 - 2021,1
81093628,COMPASS GROUP DANMARK A/S,"Eurest Kantine, Musikhuset Aarhus",Skovgaardsgade 2C,8000,Aarhus C,28/07 - 2008,30/09 - 2019,2-4
81093628,COMPASS GROUP DANMARK A/S,"Eurest Kantine, Hess Denmark",Østergade 26,1100,København K,01/01 - 2000,31/12 - 2020,3
81093628,COMPASS GROUP DANMARK A/S,"Eurest Kantine, Diversey",Teglbuen 10,2990,Nivå,01/05 - 2006,31/03 - 2021,1
81093628,COMPASS GROUP DANMARK A/S,"Chartwells, KU Science Gamle",Højbakkegård Alle 30,2630,Taastrup,01/02 - 2015,31/01 - 2020,1
81093628,COMPASS GROUP DANMARK A/S,"Chartwells, KU Science Gumle",Thorvaldsensvej 40,1871,Frederiksberg C,01/02 - 2015,31/01 - 2020,7
81093628,COMPASS GROUP DANMARK A/S,"Chartwells, UC Syddanmark Kolding",Dyrehavevej 116,6000,Kolding,13/12 - 2013,30/11 - 2020,3
81093628,COMPASS GROUP DANMARK A/S,"Chartwells, KU Science Niels Bohr instituttet",Blegdamsvej 17,2100,København Ø,01/02 - 2015,31/01 - 2020,1
81093628,COMPASS GROUP DANMARK A/S,"Eurest Kantine, Parker Hannifin",Industriparken 35-37,2750,Ballerup,01/10 - 2007,05/11 - 2020,1
81093628,COMPASS GROUP DANMARK A/S,"Chartwells, KU Science Biocenter",Ole Maaløes Vej 5,2200,København N,01/02 - 2015,31/01 - 2020,7
81093628,COMPASS GROUP DANMARK A/S,"Eurest Kantine, Thomas Cook Airlines Scandinavia",Lufthavnen 2,2791,Dragør,01/01 - 1998,23/09 - 2019,2-4
81093628,COMPASS GROUP DANMARK A/S,"Eurest Kantine, Schneider Electric Ballerup",Lautrupvang 1,2750,Ballerup,01/02 - 2015,30/06 - 2021,3
81093628,COMPASS GROUP DANMARK A/S,"Eurest Kantine, Siemens Aarhus",Bredskifte Allé 15,8210,Aarhus V,22/11 - 2012,29/02 - 2020,1
81093628,COMPASS GROUP DANMARK A/S,"Chartwells, KU Science H.C. Ørsted Instituttet",Universitetsparken 5,2100,København Ø,01/02 - 2015,31/01 - 2020,3
81093628,COMPASS GROUP DANMARK A/S,"Eurest Kantine, Styrelsen for It og Læring Aarhus",Olof Palmes Allé 38,8200,Aarhus N,04/04 - 2011,15/11 - 2019,1
81093628,COMPASS GROUP DANMARK A/S,"Chartwells, KU Science Gimle",Dyrlægevej 7,1870,Frederiksberg C,01/02 - 2015,31/01 - 2020,1
81093628,COMPASS GROUP DANMARK A/S,"Chartwells, KU Science Institut for Idræt og Ernæring",Nørre Allé 51,2200,København N,01/02 - 2015,31/01 - 2020,2
81093628,COMPASS GROUP DANMARK A/S,"Chartwells, IT-Universitetet",Rued Langgaards Vej 7,2300,København S,01/01 - 2004,30/09 - 2020,6
81093628,COMPASS GROUP DANMARK A/S,"Eurest Kantine, Schneider Electric Ringsted",Tinvej 1,4100,Ringsted,01/02 - 2015,30/06 - 2021,3
81093628,COMPASS GROUP DANMARK A/S,"Chartwells, UC Syddanmark Aabenraa",Campusalle 20,6200,Aabenraa,13/12 - 2013,30/11 - 2020,3
81093628,COMPASS GROUP DANMARK A/S,"Eurest Kantine, Ruko",Marielundvej 20,2730,Herlev,13/08 - 2007,30/04 - 2020,1
81093628,COMPASS GROUP DANMARK A/S,"Eurest Kantine, Siemens A/S, Vejle",Hjulmagervej 4B,7100,Vejle,01/10 - 2018,29/02 - 2020,1
81093628,COMPASS GROUP DANMARK A/S,"Eurest Kantine, DXC Valby",Retortvej 8,2500,Valby,08/10 - 2012,31/07 - 2020,4
81093628,COMPASS GROUP DANMARK A/S,"Eurest kantine, Arriva",Skøjtevej 26,2770,Kastrup,01/11 - 2018,30/04 - 2020,1
81093628,COMPASS GROUP DANMARK A/S,"Chartwells, UC Syddanmark Haderslev",Lembckesvej 7,6100,Haderslev,13/12 - 2013,30/11 - 2020,1
81093628,COMPASS GROUP DANMARK A/S,"Eurest Kantine, PaperlinX",Bastrupgårdvej 8-10,7500,Holstebro,24/07 - 2006,31/01 - 2020,1
81093628,COMPASS GROUP DANMARK A/S,"Eurest Kantine, Semco Esbjerg Staget",Staget 1,6700,Esbjerg,21/03 - 2013,30/11 - 2019,5-9
81093628,COMPASS GROUP DANMARK A/S,"Chartwells, KU Science Geocenter Danmark",Øster Voldgade 10,1350,København K,01/02 - 2015,31/01 - 2020,2
81093628,COMPASS GROUP DANMARK A/S,"Eurest Kantine, Siemens Ballerup",Borupvang 9,2750,Ballerup,25/09 - 2013,29/02 - 2020,5
81093628,COMPASS GROUP DANMARK A/S,"Chartwells, UC Syddanmark Esbjerg",Degnevej 16,6705,Esbjerg Ø,12/07 - 2011,30/11 - 2020,3
81093628,COMPASS GROUP DANMARK A/S,"Chartwells, KU Science August Krogh Instituttet",Universitetsparken 13,2100,København Ø,01/02 - 2015,27/09 - 2019,2-4
81093628,COMPASS GROUP DANMARK A/S,Aalborg Kommune - Renovationsvæsnet Over Bækken,Over Bækken 2,9000,Aalborg,25/12 - 2020,31/12 - 2021,1
81093628,COMPASS GROUP DANMARK A/S,"Eurest Kantine, Københavns Universitet",Nørregade 10,1165,København K,01/02 - 2007,31/12 - 2020,7
81093628,COMPASS GROUP DANMARK A/S,"Eurest Kantine, MAN Energy Solutions",Niels Juels Vej 15,9900,Frederikshavn,01/07 - 2007,31/03 - 2021,3
81093628,COMPASS GROUP DANMARK A/S,"Eurest Kantine, JDE Professional",Nyvang 16,5500,Middelfart,01/10 - 2007,31/12 - 2021,1
81093628,COMPASS GROUP DANMARK A/S,"Eurest Kantine, Berlingske Media",Pilestræde 34,1112,København K,15/07 - 2008,31/05 - 2021,4
81093628,COMPASS GROUP DANMARK A/S,"Eurest Kantine, TDC Klingenberg",Klingenberg 16,5000,Odense C,01/03 - 2016,31/03 - 2021,2
81093628,COMPASS GROUP DANMARK A/S,"Eurest Kantine, TDC Sletvej",Sletvej 30,8310,Tranbjerg J,01/03 - 2016,31/03 - 2021,5
81093628,COMPASS GROUP DANMARK A/S,"Eurest Kantine, Schneider Electric Odense",Ørbækvej 280,5220,Odense SØ,24/07 - 2016,30/06 - 2021,1
81093628,COMPASS GROUP DANMARK A/S,"Eurest Kantine, PFA Sundkrogsgade",Sundkrogsgade 9,2100,København Ø,03/04 - 2018,28/02 - 2021,4
81093628,COMPASS GROUP DANMARK A/S,"Eurest Kantine, PFA Marineparken",Sundkrogsgade 4,2100,København Ø,03/04 - 2018,28/02 - 2021,4
81093628,COMPASS GROUP DANMARK A/S,"Eurest Kantine, PFA Lautrupsgade",Lautrupsgade 15,2100,København Ø,03/04 - 2018,28/02 - 2021,4
81093628,COMPASS GROUP DANMARK A/S,"Eurest kantine, Lejerforeningen Frederiksplads","Frederiks Plads 36, st",8000,Aarhus C,15/11 - 2018,31/12 - 2021,2
81093628,COMPASS GROUP DANMARK A/S,511610 Compass Group Danmark A/S,Rosenørns Alle 22,1970,Frederiksberg C,14/12 - 2013,18/05 - 2022,1
81093628,COMPASS GROUP DANMARK A/S,"Eurest kantine, Aalborg Kongres og Kultur Center (469610)",Europa Plads 4,9000,Aalborg,01/04 - 2021,31/08 - 2021,5
81093628,COMPASS GROUP DANMARK A/S,114110 Compass Group Danmark A/S,Borgmester Christiansens Gade 40,2450,København SV,01/01 - 1994,08/02 - 2023,4
81093628,COMPASS GROUP DANMARK A/S,661520 Compass Group Danmark A/S,Emil Neckelmanns Vej 15H,5220,Odense SØ,15/03 - 2023,15/03 - 2023,
81093628,COMPASS GROUP DANMARK A/S,661620 Compass Group Danmark A/S,Hagensvej 42,9530,Støvring,15/03 - 2023,15/03 - 2023,
81093628,COMPASS GROUP DANMARK A/S,148710 Compass Group Danmark A/S,Frederiksholms Kanal 25,1220,København K,01/01 - 2020,14/10 - 2022,2
81093628,COMPASS GROUP DANMARK A/S,1425 / Compass Group FS Denmark A/S,Bredgade 59,1260,København K,01/09 - 2015,14/10 - 2022,1
81093628,COMPASS GROUP DANMARK A/S,145010 Compass Group Danmark A/S,Datavej 3,5220,Odense SØ,01/09 - 2017,14/10 - 2022,1
81093628,COMPASS GROUP DANMARK A/S,632 Compass Group Danmark A/S,Artillerivej 5,2300,København S,01/05 - 2018,14/10 - 2022,2
81093628,COMPASS GROUP DANMARK A/S,116210 Compass Group Danmark A/S,Midtermolen 1,2100,København Ø,01/06 - 2006,14/10 - 2022,3
81093628,COMPASS GROUP DANMARK A/S,145610 Compass Group Danmark A/S,Kirstine Pedersens Vej 27,2610,Rødovre,01/01 - 2018,14/10 - 2022,2
81093628,COMPASS GROUP DANMARK A/S,145210 Compass Group Danmark A/S,Fulbyvej 15,4180,Sorø,01/10 - 2017,14/10 - 2022,5
81093628,COMPASS GROUP DANMARK A/S,143710 Compass Group Danmark A/S,Agerhatten 25,5220,Odense SØ,01/02 - 2016,14/10 - 2022,2
81093628,COMPASS GROUP DANMARK A/S,146810 Compass Group Danmark A/S,Fynsvej 39,5500,Middelfart,01/01 - 2019,14/10 - 2022,1
81093628,COMPASS GROUP DANMARK A/S,145910 Compass Group Danmark A/S,Nybrogade 2,1203,København K,12/02 - 2018,14/10 - 2022,2
81093628,COMPASS GROUP DANMARK A/S,517810 Compass Group Danmark A/S,Kemitorvet 220,2800,Kongens Lyngby,15/09 - 2016,14/10 - 2022,1
81093628,COMPASS GROUP DANMARK A/S,1784 Compass Group Danmark A/S,Rendsburggade 14,9000,Aalborg,05/01 - 2015,14/10 - 2022,
81093628,COMPASS GROUP DANMARK A/S,144910 Compass Group Danmark A/S,Merkurvej 7,6000,Kolding,14/08 - 2017,14/10 - 2022,2
81093628,COMPASS GROUP DANMARK A/S,1791 Compass Group Danmark A/S,Fibigerstræde 15,9220,Aalborg Øst,05/04 - 2011,14/10 - 2022,2
81093628,COMPASS GROUP DANMARK A/S,1792 Compass Group Danmark A/S,Fredrik Bajers Vej 7K,9220,Aalborg Øst,05/04 - 2011,14/10 - 2022,
81093628,COMPASS GROUP DANMARK A/S,1785 Compass Group Danmark A/S,Selma Lagerløfs Vej 300,9220,Aalborg Øst,01/09 - 2014,14/10 - 2022,
81093628,COMPASS GROUP DANMARK A/S,1793 Compass Group Danmark A/S,Kroghstræde 3,9220,Aalborg Øst,05/04 - 2011,14/10 - 2022,
81093628,COMPASS GROUP DANMARK A/S,"Chartwells, AAU Aalborg Strandvejen",Strandvejen 12,9000,Aalborg,04/04 - 2011,14/10 - 2022,
81093628,COMPASS GROUP DANMARK A/S,676 Compass Group Danmark A/S,Kanalen 1,6700,Esbjerg,01/02 - 2020,14/10 - 2022,3
81093628,COMPASS GROUP DANMARK A/S,577 Compass Group Danmark A/S,Industriparken 32,2750,Ballerup,08/02 - 2016,14/10 - 2022,2
81093628,COMPASS GROUP DANMARK A/S,513710 Compass Group Danmark A/S,Strømmen 6,9400,Nørresundby,14/12 - 2013,14/10 - 2022,7
81093628,COMPASS GROUP DANMARK A/S,604 Compass Group Danmark A/S,Øster Farimagsgade 5B,1353,København K,01/05 - 2017,14/10 - 2022,1
81093628,COMPASS GROUP DANMARK A/S,470010 Compass Group Danmark A/S,Strødamvej 52,2100,København Ø,03/05 - 2021,31/12 - 2022,1
81093628,COMPASS GROUP DANMARK A/S,1373/Compass Group FS Denmark A/S,Helseholmen 31-39,2650,Hvidovre,30/11 - 2010,31/12 - 2022,1
81093628,COMPASS GROUP DANMARK A/S,147110 Compass Group Danmark A/S,Godthåbsvej 41,8660,Skanderborg,01/02 - 2019,31/12 - 2022,1
81093628,COMPASS GROUP DANMARK A/S,596 Compass Group Danmark A/S,Kronprinsessegade 8,1306,København K,30/01 - 2017,30/11 - 2022,1
81093628,COMPASS GROUP DANMARK A/S,188 Compass Group Danmark A/S,Holmbladsgade 139,2300,København S,01/01 - 2002,28/02 - 2023,4
81093628,COMPASS GROUP DANMARK A/S,147010 Compass Group Danmark A/S,Bohrsgade 35,1799,København V,01/06 - 2019,28/02 - 2023,4
81093628,COMPASS GROUP DANMARK A/S,148110 Compass Group Danmark A/S,Gammel Mønt 4,1117,København K,01/09 - 2019,28/02 - 2023,3
81093628,COMPASS GROUP DANMARK A/S,135210 Compass Group Danmark A/S,Gothersgade 49,1123,København K,31/07 - 2009,31/03 - 2023,1
81093628,COMPASS GROUP DANMARK A/S,275 Compass Group Danmark A/S,Søndre Fasanvej 7,2000,Frederiksberg,01/02 - 2007,31/12 - 2022,3
81093628,COMPASS GROUP DANMARK A/S,517610 Compass Group Danmark A/S,Toldbodgade 9,5000,Odense C,01/06 - 2016,30/04 - 2023,1
81093628,COMPASS GROUP DANMARK A/S,652 Compass Group Danmark A/S,Langagervej 1,9220,Aalborg Øst,01/06 - 2019,31/05 - 2023,2
81093628,COMPASS GROUP DANMARK A/S,657310 Compass Group Danmark A/S,Strandgade 4A,1401,København K,24/06 - 2022,30/06 - 2023,
81093628,COMPASS GROUP DANMARK A/S,5288 Compass Group Danmark A/S,Wavinvej 1,8450,Hammel,01/11 - 2020,31/07 - 2023,1
81093628,COMPASS GROUP DANMARK A/S,6476 Compass Group Danmark A/S,Slotsmarken 1,2970,Hørsholm,01/06 - 2020,31/05 - 2023,3
81093628,COMPASS GROUP DANMARK A/S,6477 Compass Group Danmark A/S,Slotsmarken 1,2970,Hørsholm,01/10 - 2020,31/05 - 2023,2
81093628,COMPASS GROUP DANMARK A/S,661520 Compass Group Danmark A/S,Emil Neckelmanns Vej 15H,5220,Odense SØ,15/03 - 2023,30/06 - 2023,
81093628,COMPASS GROUP DANMARK A/S,661620 Compass Group Danmark A/S,Assensvej 3,9220,Aalborg Øst,15/03 - 2023,30/06 - 2023,
81093628,COMPASS GROUP DANMARK A/S,86 Compass Group Danmark A/S,J.B. Winsløws Vej 19,5000,Odense C,01/01 - 1999,31/07 - 2023,2
81093628,COMPASS GROUP DANMARK A/S,Food & Co (658510),Metrovej 5,2300,København S,01/08 - 2022,30/09 - 2023,
81093628,COMPASS GROUP DANMARK A/S,664620 Compass Group Danmark A/S,Agerskellet 7,8920,Randers NV,01/10 - 2023,01/10 - 2023,
81093628,COMPASS GROUP DANMARK A/S,"Eurest kantine, 3Shape satellit",Holmens Kanal 7,1060,København K,01/03 - 2021,30/09 - 2023,
81093628,COMPASS GROUP DANMARK A/S,146410 Compass Group Danmark A/S,Leo Mathisens Vej 1,1437,København K,03/09 - 2018,30/09 - 2023,1
81093628,COMPASS GROUP DANMARK A/S,149510 Compass Group Danmark A/S,Per Knutzons Vej 5,1437,København K,03/08 - 2020,30/09 - 2023,1
81093628,COMPASS GROUP DANMARK A/S,517110 Compass Group Danmark A/S,Nordre Fasanvej 57,2000,Frederiksberg,01/04 - 2015,30/09 - 2023,1
81093628,COMPASS GROUP DANMARK A/S,147710 Compass Group Danmark A/S,Kalvebod Brygge 43,1560,København V,23/04 - 2013,30/09 - 2023,0
81093628,COMPASS GROUP DANMARK A/S,5152 / Compass Group FS Denmark A/S,Marmorvej 11,2100,København Ø,14/12 - 2013,30/09 - 2023,10
81093628,COMPASS GROUP DANMARK A/S,6179 Compass Group Danmark A/S,Sundkrogsgade 11,2100,København Ø,01/11 - 2015,30/09 - 2023,3
81093628,COMPASS GROUP DANMARK A/S,517010 Compass Group Danmark A/S,Bispebjerg Bakke 23,2400,København NV,01/04 - 2015,30/09 - 2023,10
81093628,COMPASS GROUP DANMARK A/S,"Chartwells, AAU København Frederikskaj",Frederikskaj 12,2450,København SV,10/04 - 2014,30/09 - 2023,2-4
81093628,COMPASS GROUP DANMARK A/S,1796 Compass Group Danmark A/S,A.C. Meyers Vænge 15,2450,København SV,10/04 - 2014,30/09 - 2023,1
81093628,COMPASS GROUP DANMARK A/S,134510 Compass Group Danmark A/S,Lautrupbjerg 6,2750,Ballerup,28/08 - 2008,30/09 - 2023,1
81093628,COMPASS GROUP DANMARK A/S,115610 Compass Group Danmark A/S,Nykær 68,2605,Brøndby,01/04 - 2011,30/09 - 2023,1
81093628,COMPASS GROUP DANMARK A/S,119210 Compass Group Danmark A/S,Borupvang 5D,2750,Ballerup,01/12 - 2003,30/09 - 2023,1
81093628,COMPASS GROUP DANMARK A/S,117410 Compass Group Danmark A/S,Kystvejen 2,2770,Kastrup,05/08 - 2008,30/09 - 2023,1
81093628,COMPASS GROUP DANMARK A/S,146710 Compass Group Danmark A/S,Kamillevej 10,2770,Kastrup,01/12 - 2018,30/09 - 2023,2
81093628,COMPASS GROUP DANMARK A/S,135310 Compass Group Danmark A/S,Knud Højgaards Vej 7,2860,Søborg,31/07 - 2009,30/09 - 2023,1
81093628,COMPASS GROUP DANMARK A/S,"653210 Eurest kantine, NNIT","Østmarken 3A, st",2860,Søborg,01/03 - 2022,30/09 - 2023,
81093628,COMPASS GROUP DANMARK A/S,1426/Compass Group FS Denmark A/S,Strandvejen 44,2900,Hellerup,01/08 - 2015,30/09 - 2023,13
81093628,COMPASS GROUP DANMARK A/S,1426-2 / Compass Group FS Denmark A/S,Philip Heymans Alle 5,2900,Hellerup,10/08 - 2020,30/09 - 2023,
81093628,COMPASS GROUP DANMARK A/S,1476/Compass Group FS Denmark A/S,Darupvej 19,4000,Roskilde,15/06 - 2019,30/09 - 2023,
81093628,COMPASS GROUP DANMARK A/S,147610 Compass Group Danmark A/S,Havsteensvej 11,4000,Roskilde,01/07 - 2019,30/09 - 2023,
81093628,COMPASS GROUP DANMARK A/S,131010 Compass Group Danmark A/S,Spegerborgvej 34,4230,Skælskør,01/12 - 2006,30/09 - 2023,2
81093628,COMPASS GROUP DANMARK A/S,5114 / Compass Group FS Denmark A/S,Præstøvej 55,4640,Faxe,14/12 - 2013,30/09 - 2023,2
81093628,COMPASS GROUP DANMARK A/S,5144 / Compass Group FS Denmark A/S,Forskerparken 10,5230,Odense M,14/12 - 2013,30/09 - 2023,3
81093628,COMPASS GROUP DANMARK A/S,148310 Compass Group Danmark A/S,Idunsvej 2,4600,Køge,01/11 - 2019,30/09 - 2023,1
81093628,COMPASS GROUP DANMARK A/S,5145-1 / Compass Group FS Denmark A/S,Melbyvej 17,4400,Kalundborg,01/05 - 2017,30/09 - 2023,
81093628,COMPASS GROUP DANMARK A/S,147310 Compass Group Danmark A/S,Logistikvej 25B,5250,Odense SV,01/03 - 2019,30/09 - 2023,4
81093628,COMPASS GROUP DANMARK A/S,1428 / Compass Group FS Denmark A/S,Kokbjerg 5,6000,Kolding,01/09 - 2015,30/09 - 2023,1
81093628,COMPASS GROUP DANMARK A/S,517310 Compass Group FS Denmark A/S,"Cortex Park 26E, st",5230,Odense M,01/09 - 2015,30/09 - 2023,1
81093628,COMPASS GROUP DANMARK A/S,148010 Compass Group Danmark A/S,Venusvej 44,6000,Kolding,01/08 - 2019,30/09 - 2023,1
81093628,COMPASS GROUP DANMARK A/S,3810 Compass Group Danmark A/S,Niels Bohrs Vej 8,6700,Esbjerg,03/03 - 2014,30/09 - 2023,1
81093628,COMPASS GROUP DANMARK A/S,517210 Compass Group Danmark A/S,Hack Kampmanns Plads 2,8000,Aarhus C,01/06 - 2015,30/09 - 2023,1
81093628,COMPASS GROUP DANMARK A/S,148510 Compass Group Danmark A/S,Skovgaardsgade 2C,8000,Aarhus C,01/10 - 2019,30/09 - 2023,5-9
81093628,COMPASS GROUP DANMARK A/S,149610 Compass Group Danmark A/S,Papirfabrikken 24,8600,Silkeborg,31/08 - 2020,30/09 - 2023,1
81093628,COMPASS GROUP DANMARK A/S,136130 Compass Group Danmark A/S,Willemoesgade 15,8200,Aarhus N,01/01 - 2021,30/09 - 2023,4
81093628,COMPASS GROUP DANMARK A/S,145110 Compass Group Danmark A/S,Lystrupvej 50,8240,Risskov,15/09 - 2017,30/09 - 2023,1
81093628,COMPASS GROUP DANMARK A/S,135110 Compass Group Danmark A/S,Skelagervej 1,9000,Aalborg,31/07 - 2009,30/09 - 2023,6
81093628,COMPASS GROUP DANMARK A/S,652711 Compass Group Danmark A/S,Niels Steensens Vej 2G,2820,Gentofte,01/03 - 2023,30/09 - 2023,
81093628,COMPASS GROUP DANMARK A/S,677 Compass Group Danmark A/S,Rendsburggade 2,9000,Aalborg,01/08 - 2020,01/08 - 2023,6
81093628,COMPASS GROUP DANMARK A/S,3094 Compass Group Danmark A/S,Kystvejen 34,2770,Kastrup,01/10 - 2020,31/07 - 2023,2
81093628,COMPASS GROUP DANMARK A/S,657420 Compass Group Food & Co,Strandvejen 70,2900,Hellerup,30/06 - 2022,30/09 - 2023,
81093628,COMPASS GROUP DANMARK A/S,111410 Compass Group FS Denmark A/S,Lautrupsgade 11,2100,København Ø,01/01 - 1999,31/10 - 2023,3
81093628,COMPASS GROUP DANMARK A/S,141210 Compass Group Danmark A/S,Laurentsvej 41,2880,Bagsværd,01/09 - 2022,30/09 - 2023,10
81093628,COMPASS GROUP DANMARK A/S,664521 Compass Group Danmark A/S,Kay Fiskers Plads 11,2300,København S,01/01 - 2024,01/01 - 2024,
81093628,COMPASS GROUP DANMARK A/S,656920 Compass Group Danmark A/S,Metalvej 24,4000,Roskilde,23/03 - 2022,30/11 - 2023,
81093628,COMPASS GROUP DANMARK A/S,657120 Compass Group Danmark A/S,Anders Mørchs Vej 5,9400,Nørresundby,23/03 - 2022,30/11 - 2023,
81093628,COMPASS GROUP DANMARK A/S,3030 Compass Group Danmark A/S,Rentemestervej 8,2400,København NV,04/04 - 2011,31/10 - 2023,1
81093628,COMPASS GROUP DANMARK A/S,4283 Compass Group Danmark A/S,Østerågade 19,9000,Aalborg,01/11 - 2021,31/10 - 2023,1
81093628,COMPASS GROUP DANMARK A/S,CGI Danmark Kolding - Rengøring,Kokmose 12,6000,Kolding,01/09 - 2022,31/12 - 2023,1
81093628,COMPASS GROUP DANMARK A/S,652420 Compass Group Danmark A/S,Stamholmen 156,2650,Hvidovre,02/08 - 2021,31/12 - 2023,
81093628,COMPASS GROUP DANMARK A/S,656020 Compass Group Danmark A/S,Gammel Kongevej 1,1610,København V,04/03 - 2022,31/12 - 2023,1
81093628,COMPASS GROUP DANMARK A/S,115510 Compass Group Danmark A/S,Hovvejen 10,4400,Kalundborg,31/05 - 2004,14/02 - 2024,1
81093628,COMPASS GROUP DANMARK A/S,421 Compass Group Danmark A/S,Øresundsvej 9,6715,Esbjerg N,16/07 - 2012,14/02 - 2024,1
81093628,COMPASS GROUP DANMARK A/S,1419 / Compass Group FS Denmark A/S,Hummeltoften 49,2830,Virum,01/08 - 2014,14/02 - 2024,3
81093628,COMPASS GROUP DANMARK A/S,113630 Compass Group Danmark A/S,Ørestads Boulevard 41,2300,København S,01/08 - 2018,14/02 - 2024,5
81093628,COMPASS GROUP DANMARK A/S,1406 / Compass Group FS Denmark A/S,Gasværksvej 30A,9000,Aalborg,01/10 - 2014,14/02 - 2024,
81093628,COMPASS GROUP DANMARK A/S,591 Compass Group Danmark A/S,Universitetsparken 2,2100,København Ø,01/01 - 2017,14/02 - 2024,1
81093628,COMPASS GROUP DANMARK A/S,589 Compass Group Danmark A/S,Blegdamsvej 3B,2200,København N,01/01 - 2017,14/02 - 2024,2
81093628,COMPASS GROUP DANMARK A/S,6496 Compass Group Danmark A/S,Willemoesgade 15M,8200,Aarhus N,01/02 - 2021,14/02 - 2024,3
81093628,COMPASS GROUP DANMARK A/S,5254 Compass Group Danmark A/S,Fjordparken 2,9370,Hals,13/08 - 2021,14/02 - 2024,1
81093628,COMPASS GROUP DANMARK A/S,2140 Compass Group Danmark A/S,Gartnervej 9,9200,Aalborg SV,13/08 - 2021,14/02 - 2024,1
81093628,COMPASS GROUP DANMARK A/S,655220 Compass Group Danmark A/S,"Ndr.Ringgade 70A, st",4200,Slagelse,01/01 - 2022,14/02 - 2024,1
81093628,COMPASS GROUP DANMARK A/S,654712 Compass Group Danmark A/S,Rabalderstræde 7,4000,Roskilde,11/04 - 2023,14/02 - 2024,
81093628,COMPASS GROUP DANMARK A/S,663810 Compass Group Danmark A/S,HI-Park 447,7400,Herning,01/07 - 2023,14/02 - 2024,
81093628,COMPASS GROUP DANMARK A/S,5855 Compass Group Danmark A/S,Rørdalsvej 200,9220,Aalborg Øst,01/01 - 2021,14/02 - 2024,
81093628,COMPASS GROUP DANMARK A/S,5853 Compass Group Danmark A/S,Vestre Havnepromenade 25,9000,Aalborg,01/01 - 2021,14/02 - 2024,
81093628,COMPASS GROUP DANMARK A/S,3877 Compass Group Danmark A/S,Østerbrogade 52B,9400,Nørresundby,01/01 - 2021,14/02 - 2024,1
81093628,COMPASS GROUP DANMARK A/S,3861 Compass Group Danmark A/S,Sankt Peders Gade 3A,9400,Nørresundby,13/08 - 2021,14/02 - 2024,1
81093628,COMPASS GROUP DANMARK A/S,3835 Compass Group Danmark A/S,Godthåbsvej 14D,9230,Svenstrup J,01/01 - 2021,14/02 - 2024,1
81093628,COMPASS GROUP DANMARK A/S,5504 Compass Group Danmark A/S,Saxogade 10,9000,Aalborg,01/01 - 2021,14/02 - 2024,
81093628,COMPASS GROUP DANMARK A/S,5503 Compass Group Danmark A/S,Langagervej 16,9220,Aalborg Øst,01/01 - 2021,14/02 - 2024,
81093628,COMPASS GROUP DANMARK A/S,650820 Compass Group Danmark A/S,Vævervej 7A,8800,Viborg,01/09 - 2021,14/02 - 2024,2
81093628,COMPASS GROUP DANMARK A/S,5253 Compass Group Danmark A/S,Poppelvej 14,9000,Aalborg,01/01 - 2021,14/02 - 2024,
81093628,COMPASS GROUP DANMARK A/S,5854 Compass Group Danmark A/S,Mølholmsvej 24,9000,Aalborg,01/01 - 2021,14/02 - 2024,
81093628,COMPASS GROUP DANMARK A/S,5505 Compass Group Danmark A/S,Strandvejen 25,9000,Aalborg,01/01 - 2021,14/02 - 2024,
81093628,COMPASS GROUP DANMARK A/S,3829 Compass Group Danmark A/S,Fortunavej 2,9210,Aalborg SØ,01/01 - 2021,14/02 - 2024,1
81093628,COMPASS GROUP DANMARK A/S,3820 Compass Group Danmark A/S,Arkivstræde 1,9000,Aalborg,01/01 - 2021,14/02 - 2024,
81093628,COMPASS GROUP DANMARK A/S,3838 Compass Group Danmark A/S,Hadsundvej 35,9000,Aalborg,01/01 - 2021,14/02 - 2024,1
81093628,COMPASS GROUP DANMARK A/S,2227 Compass Group Danmark A/S,Hjaltesvej 16,7500,Holstebro,01/01 - 2021,14/02 - 2024,
81093628,COMPASS GROUP DANMARK A/S,3863 Compass Group Danmark A/S,Stationsvej 5,9280,Storvorde,01/01 - 2022,14/02 - 2024,1
81093628,COMPASS GROUP DANMARK A/S,3832 Compass Group Danmark A/S,Fyensgade 25,9000,Aalborg,01/06 - 2021,14/02 - 2024,2
81093628,COMPASS GROUP DANMARK A/S,3579 Compass Group Danmark A/S,Soldalen 8,7100,Vejle,01/10 - 2020,14/02 - 2024,1
81093628,COMPASS GROUP DANMARK A/S,650520 Compass Group Danmark A/S,Dalgasgade 11,7400,Herning,01/09 - 2021,14/02 - 2024,1
81093628,COMPASS GROUP DANMARK A/S,6180 Compass Group Danmark A/S,Sundkrogsgade 11,2100,København Ø,01/10 - 2020,14/02 - 2024,1
81093628,COMPASS GROUP DANMARK A/S,650420 Compass Group Danmark A/S,Skibhusvej 52A,5000,Odense C,01/09 - 2021,14/02 - 2024,
81093628,COMPASS GROUP DANMARK A/S,5864 Compass Group Danmark A/S,Langerak 19,9220,Aalborg Øst,01/11 - 2020,14/02 - 2024,3
81093628,COMPASS GROUP DANMARK A/S,3640 Compass Group Danmark A/S,Bronzevej 1,6000,Kolding,01/05 - 2021,14/02 - 2024,1
81093628,COMPASS GROUP DANMARK A/S,3860 Compass Group Danmark A/S,Rendsburggade 2,9000,Aalborg,25/12 - 2020,14/02 - 2024,2
81093628,COMPASS GROUP DANMARK A/S,(3837) Eurest Services,Grønlands Torv 1,9210,Aalborg SØ,01/02 - 2022,14/02 - 2024,
81093628,COMPASS GROUP DANMARK A/S,1487-1/Compass Group FS Denmark A/S,Vester Voldgade 123,1552,København V,01/01 - 2020,14/02 - 2024,
81093628,COMPASS GROUP DANMARK A/S,"3830 Eurest services, Aalborg Kommune Aktivitetscenter",Fredericiagade 3A,9000,Aalborg,01/01 - 2022,14/02 - 2024,1
81093628,COMPASS GROUP DANMARK A/S,3947 Compass Group Danmark A/S,"Vodskovvej 23A, 1. th.",9310,Vodskov,13/08 - 2021,14/02 - 2024,1
81093628,COMPASS GROUP DANMARK A/S,"Eurest services, Sweco Aalborg (650720)",Sofiendalsvej 94,9200,Aalborg SV,01/09 - 2021,14/02 - 2024,1
81093628,COMPASS GROUP DANMARK A/S,"Eurest services, IDEMIA (2043)",Egegårdsvej 66,2610,Rødovre,01/11 - 2020,14/02 - 2024,2
81093628,COMPASS GROUP DANMARK A/S,"(3850) Eurest Services, Plejehjemmet Elmely",Lindholmsvej 24 201.,9400,Nørresundby,01/02 - 2022,14/02 - 2024,
81093628,COMPASS GROUP DANMARK A/S,113510 Compass Group Danmark A/S,Ørnegårdsvej 18,2820,Gentofte,01/01 - 1998,31/12 - 2023,1
81093628,COMPASS GROUP DANMARK A/S,406 Compass Group Danmark A/S,Kokmose 5,6000,Kolding,09/12 - 2011,30/11 - 2023,1
81093628,COMPASS GROUP DANMARK A/S,654910 Compass Group Danmark A/S,Rådhus Alle 7,2860,Søborg,01/01 - 2022,30/11 - 2023,4
81093628,COMPASS GROUP DANMARK A/S,657020 Compass Group Danmark A/S,Frichsvej 35,8464,Galten,23/03 - 2022,30/11 - 2023,2
81093628,COMPASS GROUP DANMARK A/S,176 Compass Group Danmark A/S,Ørestads Boulevard 69,2300,København S,09/12 - 2009,31/05 - 2024,2
81093628,COMPASS GROUP DANMARK A/S,6406 Compass Group Danmark A/S,Klostermarken 6,9550,Mariager,09/08 - 2021,01/12 - 2024,
81093628,COMPASS GROUP DANMARK A/S,671620 Compass Group Danmark A/S,Sneppevej 51,4700,Næstved,01/08 - 2024,01/08 - 2024,
81093628,COMPASS GROUP DANMARK A/S,673820 Compass Group Danmark A/S,Gunnar Clausens Vej 34,8260,Viby J,01/01 - 2025,01/01 - 2025,
81093628,COMPASS GROUP DANMARK A/S,661811 Compass Group Danmark A/S,Kanalstræde 2,4300,Holbæk,01/05 - 2023,01/01 - 2025,
81093628,COMPASS GROUP DANMARK A/S,409 Compass Group Danmark A/S,Hedeager 5,8200,Aarhus N,03/10 - 2011,01/01 - 2025,2
81093628,COMPASS GROUP DANMARK A/S,661810 Compass Group Danmark A/S,Jernbanevej 6,4300,Holbæk,01/05 - 2023,01/01 - 2025,5
81093628,COMPASS GROUP DANMARK A/S,671020 Compass Group Danmark A/S,Malervænget 4,4700,Næstved,01/08 - 2024,01/08 - 2024,1
81093628,COMPASS GROUP DANMARK A/S,670920 Compass Group Danmark A/S,Campusbuen 31,4600,Køge,01/08 - 2024,01/08 - 2024,3
81093628,COMPASS GROUP DANMARK A/S,671420 Compass Group Danmark A/S,Finlandsgade 18,4690,Haslev,01/08 - 2024,01/08 - 2024,2
81093628,COMPASS GROUP DANMARK A/S,671520 Compass Group Danmark A/S,Rådhusholmen 3,2670,Greve,01/08 - 2024,01/08 - 2024,1
81093628,COMPASS GROUP DANMARK A/S,671320 Compass Group Danmark A/S,Skolegade 21A,4690,Haslev,01/08 - 2024,01/08 - 2024,1
81093628,COMPASS GROUP DANMARK A/S,700001 Compass Group Danmark A/S,Darupvej 19,4000,Roskilde,18/06 - 2024,19/12 - 2024,4
81093628,COMPASS GROUP DANMARK A/S,657520 Compass Group Danmark A/S,Østerfælled Torv 3,2100,København Ø,30/06 - 2022,31/05 - 2025,1
81093628,COMPASS GROUP DANMARK A/S,651110 Compass Group Danmark A/S,"Rosenvængets Allé 11, 2",2100,København Ø,01/10 - 2021,01/07 - 2025,1
81093628,COMPASS GROUP DANMARK A/S,669820 Compass Group Danmark A/S,Assensvej 152,5750,Ringe,01/08 - 2024,31/05 - 2025,1
81093628,COMPASS GROUP DANMARK A/S,81 Compass Group Danmark A/S,Falkevej 2,6705,Esbjerg Ø,01/01 - 1987,31/07 - 2024,2
81093628,COMPASS GROUP DANMARK A/S,104 Compass Group Danmark A/S,Campusvej 55,5230,Odense M,01/01 - 1996,31/03 - 2025,22
81093628,COMPASS GROUP DANMARK A/S,136 Compass Group Danmark A/S,Universitetsparken 1,6000,Kolding,01/01 - 2000,30/04 - 2024,1
81093628,COMPASS GROUP DANMARK A/S,193 Compass Group Danmark A/S,Hareskovvej 12,4400,Kalundborg,01/01 - 2002,01/07 - 2025,1
81093628,COMPASS GROUP DANMARK A/S,110 Compass Group Danmark A/S,Kokmose 12,6000,Kolding,01/11 - 2004,30/04 - 2024,1
81093628,COMPASS GROUP DANMARK A/S,115710 Compass Group Danmark A/S,Kalvebod Brygge 47,1560,København V,01/10 - 2005,30/06 - 2024,1
81093628,COMPASS GROUP DANMARK A/S,131210 Compass Group Danmark A/S,Barmstedt Alle 5,5500,Middelfart,16/07 - 2007,01/08 - 2025,1
81093628,COMPASS GROUP DANMARK A/S,48 Compass Group Danmark A/S,"Lyngbyvej 24, 3",2100,København Ø,04/04 - 2011,31/08 - 2024,1
81093628,COMPASS GROUP DANMARK A/S,140410 Compass Group Danmark A/S,Niels Bohrs Allé 185,5220,Odense SØ,17/04 - 2013,31/12 - 2023,3
81093628,COMPASS GROUP DANMARK A/S,"Eurest Kantine, Electrolux",Strevelinsvej 38-40,7000,Fredericia,16/04 - 2013,01/08 - 2025,2
81093628,COMPASS GROUP DANMARK A/S,140810 Compass Group Danmark A/S,Edisonsvej 4,5000,Odense C,05/07 - 2013,01/01 - 2025,1
81093628,COMPASS GROUP DANMARK A/S,434 Compass Group Danmark A/S,Herningvej 7,6920,Videbæk,10/12 - 2013,31/03 - 2024,5
81093628,COMPASS GROUP DANMARK A/S,437 Compass Group Danmark A/S,Frankrigsvej 15,8450,Hammel,10/12 - 2013,29/02 - 2024,3
81093628,COMPASS GROUP DANMARK A/S,433 Compass Group Danmark A/S,Smed Hansens Vej 23,6940,Lem St,10/12 - 2013,31/03 - 2024,8
81093628,COMPASS GROUP DANMARK A/S,435 436 Compass Group Danmark A/S,Hedeager 42,8200,Aarhus N,10/12 - 2013,31/03 - 2024,12
81093628,COMPASS GROUP DANMARK A/S,432 Compass Group Danmark A/S,Smed Sørensens Vej 3B,6950,Ringkøbing,10/12 - 2013,31/03 - 2024,10
81093628,COMPASS GROUP DANMARK A/S,516510 Compass Group Danmark A/S,Sandholmgårdsvej 40,3460,Birkerød,07/02 - 2014,30/04 - 2024,2
81093628,COMPASS GROUP DANMARK A/S,815 813 Compass Group Danmark A/S,John Tranums Vej 20,6705,Esbjerg Ø,18/02 - 2014,14/02 - 2024,28
81093628,COMPASS GROUP DANMARK A/S,142110 Compass Group Danmark A/S,Englandsgade 25,5000,Odense C,05/01 - 2015,31/05 - 2024,1
81093628,COMPASS GROUP DANMARK A/S,570 Compass Group Danmark A/S,Kongsgårdsvej 28,8260,Viby J,01/11 - 2015,31/05 - 2025,1
81093628,COMPASS GROUP DANMARK A/S,143210 Compass Group Danmark A/S,Kalvebod Brygge 1,1560,København V,14/12 - 2015,30/06 - 2024,20
81093628,COMPASS GROUP DANMARK A/S,143310 Compass Group Danmark A/S,Under Krystallen 1,1562,København V,14/12 - 2015,30/06 - 2024,8
81093628,COMPASS GROUP DANMARK A/S,585 Compass Group Danmark A/S,Energivej 25,5260,Odense S,01/08 - 2016,31/01 - 2024,8
81093628,COMPASS GROUP DANMARK A/S,144810 Compass Group Danmark A/S,"Åboulevarden 37, 5",8000,Aarhus C,24/04 - 2017,01/12 - 2024,3
81093628,COMPASS GROUP DANMARK A/S,606 Compass Group Danmark A/S,"Ove Gjeddes Vej 35, 1",5220,Odense SØ,01/08 - 2017,31/03 - 2025,1
81093628,COMPASS GROUP DANMARK A/S,145810 Compass Group Danmark A/S,Herluf Trolles Gade 11,1052,København K,01/03 - 2018,30/04 - 2024,1
81093628,COMPASS GROUP DANMARK A/S,637 Compass Group Danmark A/S,C.F. Tietgens Boulevard 40,5220,Odense SØ,01/09 - 2018,31/01 - 2024,5
81093628,COMPASS GROUP DANMARK A/S,146910 Compass Group Danmark A/S,Lautrupbjerg 2,2750,Ballerup,21/01 - 2019,31/08 - 2024,1
81093628,COMPASS GROUP DANMARK A/S,644 Compass Group Danmark A/S,Siriusvej 6,6700,Esbjerg,01/02 - 2019,31/03 - 2024,1
81093628,COMPASS GROUP DANMARK A/S,147910 Compass Group Danmark A/S,Silkeborgvej 2,8000,Aarhus C,01/08 - 2019,01/01 - 2025,2
81093628,COMPASS GROUP DANMARK A/S,655 Compass Group Danmark A/S,Tonne Kjærsvej 65,7000,Fredericia,01/07 - 2019,31/08 - 2024,15
81093628,COMPASS GROUP DANMARK A/S,671 Compass Group Danmark A/S,Klausdalsbrovej 601,2750,Ballerup,01/10 - 2019,31/07 - 2024,14
81093628,COMPASS GROUP DANMARK A/S,149310 Compass Group Danmark A/S,Philip De Langes Allé 10,1435,København K,01/08 - 2020,31/07 - 2024,2
81093628,COMPASS GROUP DANMARK A/S,6489 Compass Group Danmark A/S,Krogshøjvej 36,2880,Bagsværd,01/01 - 2021,01/02 - 2025,1
81093628,COMPASS GROUP DANMARK A/S,353 Compass Group Danmark A/S,Korinthvej 51,9220,Aalborg Øst,12/04 - 2021,14/02 - 2024,51
81093628,COMPASS GROUP DANMARK A/S,5306 Compass Group Danmark A/S,Mejlbyvej 4,8250,Egå,01/11 - 2020,31/07 - 2024,2
81093628,COMPASS GROUP DANMARK A/S,650110 Compass Group Danmark A/S,Metrovej 3,2300,København S,31/05 - 2021,01/08 - 2025,1
81093628,COMPASS GROUP DANMARK A/S,650210 Compass Group Danmark A/S,Vasbygade 16,2450,København SV,31/05 - 2021,01/08 - 2025,2
81093628,COMPASS GROUP DANMARK A/S,651410 Compass Group Danmark A/S,Dusager 4,8200,Aarhus N,01/07 - 2021,31/03 - 2024,5
81093628,COMPASS GROUP DANMARK A/S,3394 Compass Group Danmark A/S,Gugvej 152C,9210,Aalborg SØ,01/01 - 2021,01/07 - 2025,1
81093628,COMPASS GROUP DANMARK A/S,1757 Compass Group Danmark A/S,Hermesvej 2,9530,Støvring,01/01 - 2021,30/04 - 2024,2
81093628,COMPASS GROUP DANMARK A/S,3373 Compass Group Danmark A/S,Bodil Hjorths Vej 16,9310,Vodskov,01/07 - 2021,31/07 - 2024,1
81093628,COMPASS GROUP DANMARK A/S,652310 652320 Compass Group Danmark A/S,Franciska Clausens Plads 20,1799,København V,02/08 - 2021,31/12 - 2023,2
81093628,COMPASS GROUP DANMARK A/S,6260 Compass Group Danmark A/S,Lyngvej 8,9000,Aalborg,01/07 - 2021,31/07 - 2024,1
81093628,COMPASS GROUP DANMARK A/S,653220 Compass Group Danmark A/S,Østmarken 3A,2860,Søborg,01/03 - 2022,01/07 - 2025,3
81093628,COMPASS GROUP DANMARK A/S,653610 Compass Group Danmark A/S,Lindø Nordvej 8,5330,Munkebo,01/03 - 2022,31/03 - 2024,7
81093628,COMPASS GROUP DANMARK A/S,714 Compass Group Danmark A/S,Roskildevej 7,7100,Vejle,01/01 - 2022,01/07 - 2025,1
81093628,COMPASS GROUP DANMARK A/S,655820 Compass Group Danmark A/S,Tuborg Boulevard 12,2900,Hellerup,04/03 - 2022,29/02 - 2024,2
81093628,COMPASS GROUP DANMARK A/S,653710 - Compass Group Danmark A/S,Lersø Parkallé 112,2100,København Ø,15/03 - 2022,31/05 - 2025,1
81093628,COMPASS GROUP DANMARK A/S,653910 Compass Group Danmark A/S,Oddervej 200,8270,Højbjerg,23/03 - 2022,31/08 - 2024,3
81093628,COMPASS GROUP DANMARK A/S,653310 -2 Compass Group Food & Co,"Niels Steensens Vej 1A, 1. 2.",2820,Gentofte,06/09 - 2022,14/02 - 2024,23
81093628,COMPASS GROUP DANMARK A/S,660410 Compass Group Danmark A/S,Strandgade 4C,1401,København K,01/01 - 2023,10/09 - 2024,1
81093628,COMPASS GROUP DANMARK A/S,652815 Compass Group Danmark A/S,Brennum Park 1,3400,Hillerød,01/02 - 2023,01/06 - 2024,4
81093628,COMPASS GROUP DANMARK A/S,654712 Compass Group Danmark A/S,Rabalderstræde 7,4000,Roskilde,11/04 - 2023,31/05 - 2025,1
81093628,COMPASS GROUP DANMARK A/S,662620 Compass Group Danmark A/S,F. Vestergaards Gade 5,8000,Aarhus C,01/06 - 2023,04/02 - 2024,1
81093628,COMPASS GROUP DANMARK A/S,654713 Compass Group Danmark A/S,Basgangen 20,4000,Roskilde,01/08 - 2023,31/03 - 2025,2
81093628,COMPASS GROUP DANMARK A/S,663510 Compass Group Danmark A/S,"Kronprinsesse Sofies Vej 35, st",2000,Frederiksberg,01/08 - 2023,31/05 - 2025,1
81093628,COMPASS GROUP DANMARK A/S,664110 Compass Group Danmark A/S,Ørbækvej 280,5220,Odense SØ,23/08 - 2023,08/01 - 2024,1
81093628,COMPASS GROUP DANMARK A/S,666810 Compass Group Danmark A/S,Kongens Kvarter 51,7000,Fredericia,15/01 - 2024,31/08 - 2024,3
81093628,COMPASS GROUP DANMARK A/S,147810 Compass Group Danmark A/S,Tolderlundsvej 5,5000,Odense C,20/05 - 2019,30/04 - 2024,3
81093628,COMPASS GROUP DANMARK A/S,654 Compass Group Danmark A/S,Dusager 18,8200,Aarhus N,03/06 - 2019,29/02 - 2024,1
81093628,COMPASS GROUP DANMARK A/S,691 Compass Group Danmark A/S,Sundkrogsgade 19,2100,København Ø,01/01 - 2021,01/11 - 2025,4
81093628,COMPASS GROUP DANMARK A/S,145410 Compass Group Danmark A/S,La Cours Vej 7,2000,Frederiksberg,15/12 - 2017,01/11 - 2025,2
81093628,COMPASS GROUP DANMARK A/S,EUREST A/S Danmarks Radio - TV Byen,Mørkhøjvej 500,2860,Søborg,01/01 - 2002,31/12 - 2006,2-4
81093628,COMPASS GROUP DANMARK A/S,3412 Compass Group Danmark A/S,Østergade 30,9800,Hjørring,01/01 - 2021,01/12 - 2025,4
81093628,COMPASS GROUP DANMARK A/S,666310 Compass Group Danmark A/S,Nordager 21,6000,Kolding,01/01 - 2024,01/12 - 2025,1
81093628,COMPASS GROUP DANMARK A/S,141510 Compass Group Danmark A/S,Vesterbrogade 32,1620,København V,20/02 - 2014,01/12 - 2025,1
81093628,COMPASS GROUP DANMARK A/S,5850 Compass Group Danmark A/S,Parallelvej 11,9800,Hjørring,01/09 - 2021,01/12 - 2025,
81093628,COMPASS GROUP DANMARK A/S,651320 Compass Group Danmark A/S,Storemosevej 12,9310,Vodskov,01/06 - 2021,01/12 - 2025,2
81093628,COMPASS GROUP DANMARK A/S,145710 Compass Group Danmark A/S,Østbanegade 135,2100,København Ø,01/04 - 2018,31/05 - 2025,1
81093628,COMPASS GROUP DANMARK A/S,6470 Compass Group Danmark A/S,Fortunavej 2,9210,Aalborg SØ,15/02 - 2024,28/02 - 2026,1
81093628,COMPASS GROUP DANMARK A/S,515110 Compass Group Danmark A/S,Hedelundvej 13,6705,Esbjerg Ø,14/12 - 2013,28/02 - 2026,1
81093628,COMPASS GROUP DANMARK A/S,665 Compass Group Danmark A/S,Gasværksvej 26,9000,Aalborg,15/09 - 2019,28/02 - 2026,1
81093628,COMPASS GROUP DANMARK A/S,667410 Compass Group Danmark A/S,Industriparken 29,2750,Ballerup,01/03 - 2024,28/02 - 2026,1
81093628,COMPASS GROUP DANMARK A/S,6487_6494_651510 Compass Group Danmark A/S,Biologiens Vej 2,2800,Kongens Lyngby,01/01 - 2021,01/04 - 2026,12
81093628,COMPASS GROUP DANMARK A/S,6488 Compass Group Danmark A/S,Brudelysvej 32,2880,Bagsværd,01/01 - 2021,01/04 - 2026,4
81093628,COMPASS GROUP DANMARK A/S,6490 Compass Group Danmark A/S,Hillerødgade 42,2200,København N,01/01 - 2021,01/04 - 2026,1
81093628,COMPASS GROUP DANMARK A/S,6491 Compass Group Danmark A/S,Hallas Alle 1,4400,Kalundborg,01/01 - 2021,01/04 - 2026,9
81093628,COMPASS GROUP DANMARK A/S,6189 Compass Group Danmark A/S,P.O. Pedersens Vej 18,8200,Aarhus N,14/02 - 2024,01/04 - 2026,2
81093628,COMPASS GROUP DANMARK A/S,681020 Compass Group Danmark A/S,C.F. Tietgens Boulevard 25E,5220,Odense SØ,01/07 - 2025,01/04 - 2026,
81093628,COMPASS GROUP DANMARK A/S,3334 Compass Group Danmark A/S,Solrød Center 1,2680,Solrød Strand,05/04 - 2011,01/04 - 2026,1
81093628,COMPASS GROUP DANMARK A/S,658620_682320 Compass Group Danmark A/S,Lautrupvang 4B,2750,Ballerup,01/09 - 2022,,
81093628,COMPASS GROUP DANMARK A/S,681920_682620 Compass Group Danmark A/S,"Rued Langgaards Vej 8, 1",2300,København S,01/11 - 2025,,
81093628,COMPASS GROUP DANMARK A/S,1147 Compass Group Danmark A/S,Kristian Skous Vej 1,7100,Vejle,01/01 - 2021,,1
81093628,COMPASS GROUP DANMARK A/S,650020 Compass Group Danmark A/S,"Skibhusvej 52A, 1",5000,Odense C,01/02 - 2021,,1
81093628,COMPASS GROUP DANMARK A/S,659330 Compass Group Danmark A/S,Sletvej 30,8310,Tranbjerg J,01/09 - 2022,,1
81093628,COMPASS GROUP DANMARK A/S,659520 Compass Group Danmark A/S,Borupvang 5B,2750,Ballerup,12/09 - 2022,,1
81093628,COMPASS GROUP DANMARK A/S,665920 Compass Group Danmark A/S,Ørestads Boulevard 41,2300,København S,16/10 - 2023,,1
81093628,COMPASS GROUP DANMARK A/S,659810 Compass Group Danmark A/S,Gydevang 35,3450,Allerød,01/01 - 1988,,3
81093628,COMPASS GROUP DANMARK A/S,77 Compass Group Danmark A/S,Gladsaxevej 300,2860,Søborg,01/01 - 1993,,4
81093628,COMPASS GROUP DANMARK A/S,130410 Compass Group Danmark A/S,"Skibhusvej 52A, 1",5000,Odense C,01/01 - 1986,,20
81093628,COMPASS GROUP DANMARK A/S,Rued Langgaards Vej 8 København S Compass Group,"Rued Langgaards Vej 8, 3",2300,København S,01/01 - 1994,,253
81093628,COMPASS GROUP DANMARK A/S,110110 Compass Group Danmark A/S,Malmparken 5,2750,Ballerup,01/03 - 1994,,3
81093628,COMPASS GROUP DANMARK A/S,113210_113220 Compass Group Danmark A/S,Teknikerbyen 28,2830,Virum,04/08 - 1997,,8
81093628,COMPASS GROUP DANMARK A/S,683520 Compass Group Danmark A/S,Papirmester Allé 20,5250,Odense SV,01/07 - 2026,,
81093628,COMPASS GROUP DANMARK A/S,157 Compass Group Danmark A/S,Mileparken 34,2730,Herlev,01/01 - 1998,,4
81093628,COMPASS GROUP DANMARK A/S,124 Compass Group Danmark A/S,Christian X's Vej 201,8270,Højbjerg,01/01 - 1998,,5
81093628,COMPASS GROUP DANMARK A/S,111910 Compass Group Danmark A/S,Rørmosevej 1,3450,Allerød,01/03 - 1998,,6
81093628,COMPASS GROUP DANMARK A/S,116110 Compass Group Danmark A/S,Industrivej 12,5550,Langeskov,01/10 - 1998,,2
81093628,COMPASS GROUP DANMARK A/S,112010 Compass Group Danmark A/S,Kongebakken 9,2765,Smørum,01/01 - 1999,,25
81093628,COMPASS GROUP DANMARK A/S,127 Compass Group Danmark A/S,Wavinvej 1,8450,Hammel,01/01 - 1999,,4
81093628,COMPASS GROUP DANMARK A/S,135 Compass Group Danmark A/S,Pasteursvej 1,8600,Silkeborg,01/01 - 2000,,2
81093628,COMPASS GROUP DANMARK A/S,78 Compass Group Danmark A/S,Ved Banen 16,4623,Lille Skensved,01/01 - 2000,,4
81093628,COMPASS GROUP DANMARK A/S,118610 Compass Group Danmark A/S,Pederstrupvej 84,2750,Ballerup,18/08 - 2003,,4
81093628,COMPASS GROUP DANMARK A/S,113910-113918 Compass Group Danmark A/S,Hallas Alle 1,4400,Kalundborg,31/07 - 2002,,59
81093628,COMPASS GROUP DANMARK A/S,55 & 663720 Compass Group Danmark A/S,Borupvang 5B,2750,Ballerup,01/01 - 2002,,3
81093628,COMPASS GROUP DANMARK A/S,197 Compass Group Danmark A/S,Amager Landevej 147A,2770,Kastrup,01/01 - 2003,,4
81093628,COMPASS GROUP DANMARK A/S,511 Compass Group Danmark A/S,Finsensgade 35,6700,Esbjerg,01/11 - 2002,,8
81093628,COMPASS GROUP DANMARK A/S,228 Compass Group Danmark A/S,Hjulmagervej 55,9000,Aalborg,01/01 - 2003,,2
81093628,COMPASS GROUP DANMARK A/S,119310 Compass Group Danmark A/S,Agerskellet 7,8920,Randers NV,31/01 - 2004,,7
81093628,COMPASS GROUP DANMARK A/S,118810 Compass Group Danmark A/S,Smørmosevej 2H,2880,Bagsværd,01/08 - 2003,,8
81093628,COMPASS GROUP DANMARK A/S,310 Compass Group Danmark A/S,Sønderupvej 24,6920,Videbæk,01/10 - 2004,,3
81093628,COMPASS GROUP DANMARK A/S,237 Compass Group Danmark A/S,Vindmøllevej 48,2300,København S,01/01 - 2005,,2
81093628,COMPASS GROUP DANMARK A/S,279 Compass Group Danmark A/S,Firskovvej 32,2800,Kongens Lyngby,01/09 - 2005,,4
81093628,COMPASS GROUP DANMARK A/S,114010 Compass Group Danmark A/S,Vestre Kirkevej 15,4000,Roskilde,17/05 - 2004,,2
81093628,COMPASS GROUP DANMARK A/S,285 Compass Group Danmark A/S,Skjernvej 6,9220,Aalborg Øst,01/10 - 2005,,1
81093628,COMPASS GROUP DANMARK A/S,300 Compass Group Danmark A/S,Jupitervej 4,6000,Kolding,01/04 - 2006,,3
81093628,COMPASS GROUP DANMARK A/S,353 Compass Group Danmark A/S,Assensvej 11,9220,Aalborg Øst,01/09 - 2006,,131
81093628,COMPASS GROUP DANMARK A/S,315 Compass Group Danmark A/S,Sønderhøj 46,8260,Viby J,01/08 - 2006,,5
81093628,COMPASS GROUP DANMARK A/S,112210 Compass Group Danmark A/S,Asnæsvej 16,4400,Kalundborg,01/01 - 2005,,2
81093628,COMPASS GROUP DANMARK A/S,131910 Compass Group Danmark A/S,Krogshøjvej 41,2880,Bagsværd,29/06 - 2007,,6
81093628,COMPASS GROUP DANMARK A/S,132210 Compass Group Danmark A/S,Smørmosevej 17,2880,Bagsværd,16/07 - 2007,,17
81093628,COMPASS GROUP DANMARK A/S,117510 Compass Group Danmark A/S,Københavnsvej 216,4600,Køge,01/06 - 2006,,5
81093628,COMPASS GROUP DANMARK A/S,132510 Compass Group Danmark A/S,Krogshøjvej 55,2880,Bagsværd,16/07 - 2007,,8
81093628,COMPASS GROUP DANMARK A/S,133710 Compass Group Danmark A/S,Havneholmen 29,1561,København V,11/12 - 2007,,2
81093628,COMPASS GROUP DANMARK A/S,134010 Compass Group Danmark A/S,Hovedgaden 584,2640,Hedehusene,19/03 - 2008,,11
81093628,COMPASS GROUP DANMARK A/S,134110 Compass Group Danmark A/S,Ørestads Boulevard 35,2300,København S,01/04 - 2008,,11
81093628,COMPASS GROUP DANMARK A/S,399 & 668020 Compass Group Danmark A/S,Hedeager 3,8200,Aarhus N,01/11 - 2008,,9
81093628,COMPASS GROUP DANMARK A/S,349 Compass Group Danmark A/S,Sydhavnen 5A,4400,Kalundborg,01/06 - 2009,,4
81093628,COMPASS GROUP DANMARK A/S,135510 Compass Group Danmark A/S,Park Allé 370,2605,Brøndby,21/08 - 2009,,2
81093628,COMPASS GROUP DANMARK A/S,393 Compass Group Danmark A/S,Vandtårnsvej 83B,2860,Søborg,23/10 - 2009,,7
81093628,COMPASS GROUP DANMARK A/S,136510 Compass Group Danmark A/S,Ole Lippmanns Vej 2,2630,Taastrup,05/03 - 2010,,1
81093628,COMPASS GROUP DANMARK A/S,136610 Compass Group Danmark A/S,Kyndbyvej 90,3630,Jægerspris,05/03 - 2010,,1
81093628,COMPASS GROUP DANMARK A/S,320 5617 Compass Group Danmark A/S,Mælkevejen 4,6920,Videbæk,09/03 - 2010,,6
81093628,COMPASS GROUP DANMARK A/S,136910 Compass Group Danmark A/S,Gladsaxevej 305,2860,Søborg,18/05 - 2010,,8
81093628,COMPASS GROUP DANMARK A/S,136810 Compass Group Danmark A/S,Nørskovvej 1B,8660,Skanderborg,18/05 - 2010,,1
81093628,COMPASS GROUP DANMARK A/S,137010 Compass Group Danmark A/S,Stenager Alle 4,9800,Hjørring,17/05 - 2010,,7
81093628,COMPASS GROUP DANMARK A/S,137210 Compass Group Danmark A/S,Lersø Parkallé 101,2100,København Ø,12/08 - 2010,,6
81093628,COMPASS GROUP DANMARK A/S,312 Compass Group Danmark A/S,Sønderhøj 14,8260,Viby J,06/08 - 2010,,18
81093628,COMPASS GROUP DANMARK A/S,321 Compass Group Danmark A/S,Sønderupvej 26,6920,Videbæk,08/09 - 2010,,9
81093628,COMPASS GROUP DANMARK A/S,390 Compass Group Danmark A/S,Sommervej 31C,8210,Aarhus V,19/11 - 2010,,3
81093628,COMPASS GROUP DANMARK A/S,32 Compass Group Danmark A/S,Vestre Stationsvej 7,5000,Odense C,19/11 - 2010,,2
81093628,COMPASS GROUP DANMARK A/S,137610 Compass Group Danmark A/S,Roskildevej 157,2620,Albertslund,30/11 - 2010,,3
81093628,COMPASS GROUP DANMARK A/S,658010_658020_811_813_815 Compass Group Danmark A/S,Agro Food Park 26,8200,Aarhus N,01/10 - 2010,,56
81093628,COMPASS GROUP DANMARK A/S,"Skibbrogade 5, st. tv. Aalborg Compass Group",Skibbrogade 5,9000,Aalborg,01/10 - 2010,,39
81093628,COMPASS GROUP DANMARK A/S,35 Compass Group Danmark A/S,Skibbrogade 5,9000,Aalborg,04/04 - 2011,,4
81093628,COMPASS GROUP DANMARK A/S,53 Compass Group Danmark A/S,Ottiliavej 7-57,2500,Valby,04/04 - 2011,,32
81093628,COMPASS GROUP DANMARK A/S,"Eurest, Vejle Sygehus Kiosk og Café",Kabbeltoft 25,7100,Vejle,04/04 - 2011,,8
81093628,COMPASS GROUP DANMARK A/S,89 Compass Group Danmark A/S,Røde Banke 120,7000,Fredericia,04/04 - 2011,,1
81093628,COMPASS GROUP DANMARK A/S,2096 Compass Group Danmark A/S,Hadsundvej 17,9550,Mariager,04/04 - 2011,,3
81093628,COMPASS GROUP DANMARK A/S,299 Compass Group Danmark A/S,Kærup Industrivej 12,4100,Ringsted,04/04 - 2011,,20
81093628,COMPASS GROUP DANMARK A/S,3961 Compass Group Danmark A/S,Rued Langgaards Vej 6A,2300,København S,04/04 - 2011,,9
81093628,COMPASS GROUP DANMARK A/S,138110 Compass Group Danmark A/S,Strandboulevarden 130,2100,København Ø,15/04 - 2011,,4
81093628,COMPASS GROUP DANMARK A/S,3787_3789_3790_3958 Compass Group Danmark A/S,Rørdalsvej 44,9220,Aalborg Øst,05/04 - 2011,,31
81093628,COMPASS GROUP DANMARK A/S,199_5400 Compass Group Danmark A/S,Fiskergade 1,7100,Vejle,01/12 - 2011,,8
81093628,COMPASS GROUP DANMARK A/S,139110 Compass Group Danmark A/S,Kalvebod Brygge 39,1560,København V,19/12 - 2011,,3
81093628,COMPASS GROUP DANMARK A/S,652130 Compass Group Danmark A/S,Borupvej 16,7330,Brande,21/02 - 2012,,61
81093628,COMPASS GROUP DANMARK A/S,139510 Compass Group Danmark A/S,Kigkurren 10,2300,København S,31/08 - 2012,,4
81093628,COMPASS GROUP DANMARK A/S,419 Compass Group Danmark A/S,Visionsvej 51,9000,Aalborg,27/11 - 2012,,7
81093628,COMPASS GROUP DANMARK A/S,139910 Compass Group Danmark A/S,Hammerholmen 50,2650,Hvidovre,15/12 - 2012,,5
81093628,COMPASS GROUP DANMARK A/S,140010 Compass Group Danmark A/S,Nybrovej 185,6851,Janderup Vestj,21/12 - 2012,,1
81093628,COMPASS GROUP DANMARK A/S,139710 Compass Group Danmark A/S,Højager 8,2630,Taastrup,15/12 - 2012,,4
81093628,COMPASS GROUP DANMARK A/S,140110 Compass Group Danmark A/S,Ny Studstrupvej 14,8541,Skødstrup,21/12 - 2012,,2
81093628,COMPASS GROUP DANMARK A/S,3395 Compass Group Danmark A/S,Vestermarksvej 27,4000,Roskilde,27/03 - 2013,,9
81093628,COMPASS GROUP DANMARK A/S,140610 Compass Group Danmark A/S,Lauritzens Plads 1,9000,Aalborg,17/04 - 2013,,11
81093628,COMPASS GROUP DANMARK A/S,140310 Compass Group Danmark A/S,Lautrupparken 40,2750,Ballerup,17/04 - 2013,,14
81093628,COMPASS GROUP DANMARK A/S,51 Compass Group Danmark A/S,Oddenvej 182,4500,Nykøbing Sj,16/04 - 2013,,6
81093628,COMPASS GROUP DANMARK A/S,428 Compass Group Danmark A/S,Langebrogade 1,1411,København K,26/06 - 2013,,8
81093628,COMPASS GROUP DANMARK A/S,141010 Compass Group Danmark A/S,Novo Alle 1,2880,Bagsværd,05/12 - 2013,,37
81093628,COMPASS GROUP DANMARK A/S,141110 Compass Group Danmark A/S,Krogshøjvej 44,2880,Bagsværd,06/12 - 2013,,7
81093628,COMPASS GROUP DANMARK A/S,141210 Compass Group Danmark A/S,Laurentsvej 45,2880,Bagsværd,06/12 - 2013,,9
81093628,COMPASS GROUP DANMARK A/S,516010 Compass Group Danmark A/S,Karen Blixens Plads 8,2300,København S,14/12 - 2013,,35
81093628,COMPASS GROUP DANMARK A/S,511710 Compass Group Danmark A/S,Højager 7,2630,Taastrup,14/12 - 2013,,3
81093628,COMPASS GROUP DANMARK A/S,515910 Compass Group Danmark A/S,Emil Holms Kanal 4,2300,København S,14/12 - 2013,,7
81093628,COMPASS GROUP DANMARK A/S,510610 Compass Group Danmark A/S,Egeskovvej 265,7000,Fredericia,14/12 - 2013,,6
81093628,COMPASS GROUP DANMARK A/S,510410 Compass Group Danmark A/S,Næsbyvej 20,5000,Odense C,14/12 - 2013,,3
81093628,COMPASS GROUP DANMARK A/S,516011 Compass Group Danmark A/S,Karen Blixens Plads 10,2300,København S,14/12 - 2013,,3
81093628,COMPASS GROUP DANMARK A/S,510910 Compass Group Danmark A/S,Alsvej 18,8940,Randers SV,14/12 - 2013,,3
81093628,COMPASS GROUP DANMARK A/S,514510 Compass Group Danmark A/S,Melbyvej 10,4400,Kalundborg,14/12 - 2013,,8
81093628,COMPASS GROUP DANMARK A/S,138810 Compass Group Danmark A/S,Havneholmen 25,1561,København V,07/02 - 2014,,11
81093628,COMPASS GROUP DANMARK A/S,311 Compass Group Danmark A/S,Bülowsvej 9,7500,Holstebro,07/04 - 2014,,3
81093628,COMPASS GROUP DANMARK A/S,316 5620 Compass Group Danmark A/S,Hjermvej 28,7500,Holstebro,07/04 - 2014,,8
81093628,COMPASS GROUP DANMARK A/S,322 5623 Compass Group Danmark A/S,Hjermvej 24,7500,Holstebro,07/04 - 2014,,6
81093628,COMPASS GROUP DANMARK A/S,493 & 658420..658460 Compass Group Danmark A/S,Industriparken 55,2750,Ballerup,01/01 - 2015,,42
81093628,COMPASS GROUP DANMARK A/S,516910 Compass Group Danmark A/S,Amager Landevej 76,2770,Kastrup,01/12 - 2014,,5
81093628,COMPASS GROUP DANMARK A/S,5910 Compass Group Danmark A/S,Vigerslev Allé 77,2500,Valby,01/02 - 2015,,15
81093628,COMPASS GROUP DANMARK A/S,5971 Compass Group Danmark A/S,Britanniavej 10,6700,Esbjerg,01/02 - 2015,,31
81093628,COMPASS GROUP DANMARK A/S,142310 Compass Group Danmark A/S,Godthåbsvej 83,8660,Skanderborg,05/01 - 2015,,2
81093628,COMPASS GROUP DANMARK A/S,142210 Compass Group Danmark A/S,"Philip Heymans Alle 17, st. 1.",2900,Hellerup,05/01 - 2015,,1
81093628,COMPASS GROUP DANMARK A/S,142410 Compass Group Danmark A/S,Industriparken 27,2750,Ballerup,01/03 - 2015,,4
81093628,COMPASS GROUP DANMARK A/S,664510_664511_664512_664520_664521_664522_664530_681320 Compass Group Danmark A/S,Kay Fiskers Plads 9,2300,København S,01/05 - 2019,,11
81093628,COMPASS GROUP DANMARK A/S,683720 Compass Group Danmark A/S,"Nyhavnsgade 14, 3",9000,Aalborg,01/05 - 2026,,
81093628,COMPASS GROUP DANMARK A/S,560_6012_6389 Compass Group Danmark A/S,Gasværksvej 21,9000,Aalborg,24/04 - 2015,,11
81093628,COMPASS GROUP DANMARK A/S,142710_142711 Compass Group Danmark A/S,Skagensgade 3,2630,Taastrup,01/08 - 2015,,15
81093628,COMPASS GROUP DANMARK A/S,569 Compass Group Danmark A/S,Borupvang 4,2750,Ballerup,01/11 - 2015,,21
81093628,COMPASS GROUP DANMARK A/S,571 Compass Group Danmark A/S,Sønderhøj 48,8260,Viby J,01/11 - 2015,,6
81093628,COMPASS GROUP DANMARK A/S,573 Compass Group Danmark A/S,Midtermolen 3,2100,København Ø,01/12 - 2015,,5
81093628,COMPASS GROUP DANMARK A/S,517510 Compass Group Danmark A/S,Hattingvej 10,8700,Horsens,01/02 - 2016,,4
81093628,COMPASS GROUP DANMARK A/S,143610 Compass Group Danmark A/S,Tankedraget 25,9000,Aalborg,14/12 - 2015,,5
81093628,COMPASS GROUP DANMARK A/S,143510 Compass Group Danmark A/S,Åhave Parkvej 29,8260,Viby J,14/12 - 2015,,3
81093628,COMPASS GROUP DANMARK A/S,144010 Compass Group Danmark A/S,Moltrup Landevej 201,6100,Haderslev,29/02 - 2016,,10
81093628,COMPASS GROUP DANMARK A/S,143910 Compass Group Danmark A/S,Inge Lehmanns Gade 2,8000,Aarhus C,29/02 - 2016,,23
81093628,COMPASS GROUP DANMARK A/S,143810 Compass Group Danmark A/S,Fredskovvej 5,7330,Brande,29/02 - 2016,,29
81093628,COMPASS GROUP DANMARK A/S,574 Compass Group Danmark A/S,Østmarken 7,2860,Søborg,04/01 - 2016,,4
81093628,COMPASS GROUP DANMARK A/S,568 Compass Group Danmark A/S,Sommervej 31E,8210,Aarhus V,01/10 - 2015,,3
81093628,COMPASS GROUP DANMARK A/S,580 Compass Group Danmark A/S,Jernbanevej 65,5210,Odense NV,01/07 - 2016,,8
81093628,COMPASS GROUP DANMARK A/S,584 Compass Group Danmark A/S,Seebladsgade 1,5000,Odense C,01/08 - 2016,,5
81093628,COMPASS GROUP DANMARK A/S,291 Compass Group Danmark A/S,Niels Bohrs Allé 1,5230,Odense M,01/08 - 2016,,6
81093628,COMPASS GROUP DANMARK A/S,132110 Compass Group Danmark A/S,Smørmosevej 5A,2880,Bagsværd,01/08 - 2016,,7
81093628,COMPASS GROUP DANMARK A/S,586 Compass Group Danmark A/S,Industrivej 1,9560,Hadsund,01/09 - 2016,,3
81093628,COMPASS GROUP DANMARK A/S,619 Compass Group Danmark A/S,Hedeager 44,8200,Aarhus N,19/09 - 2016,,12
81093628,COMPASS GROUP DANMARK A/S,144310 Compass Group Danmark A/S,Agro Food Park 15,8200,Aarhus N,01/10 - 2016,,16
81093628,COMPASS GROUP DANMARK A/S,572 Compass Group Danmark A/S,Sankt Petri Passage 5,1165,København K,07/11 - 2016,,8
81093628,COMPASS GROUP DANMARK A/S,144410 Compass Group Danmark A/S,Stilling Kirkevej 10,8660,Skanderborg,01/12 - 2016,,4
81093628,COMPASS GROUP DANMARK A/S,518010 Compass Group Danmark A/S,Gjesinglund Alle 8,6715,Esbjerg N,01/01 - 2017,,4
81093628,COMPASS GROUP DANMARK A/S,144510 Compass Group Danmark A/S,Løvstræde 5,1152,København K,01/02 - 2017,,4
81093628,COMPASS GROUP DANMARK A/S,516012 Compass Group Danmark A/S,Njalsgade 76,2300,København S,01/02 - 2017,,53
81093628,COMPASS GROUP DANMARK A/S,"Chartwells, PH Metropol Nyelandsvej",Nyelandsvej 27-29,2000,Frederiksberg,01/04 - 2017,,1
81093628,COMPASS GROUP DANMARK A/S,601 Compass Group Danmark A/S,Priorparken 478,2605,Brøndby,01/05 - 2017,,5
81093628,COMPASS GROUP DANMARK A/S,517910 Compass Group Danmark A/S,Kemitorvet 202,2800,Kongens Lyngby,01/04 - 2017,,8
81093628,COMPASS GROUP DANMARK A/S,309 Compass Group Danmark A/S,Agro Food Park 19,8200,Aarhus N,01/08 - 2017,,4
81093628,COMPASS GROUP DANMARK A/S,323 Compass Group Danmark A/S,Skivevej 39,9500,Hobro,01/09 - 2017,,6
81093628,COMPASS GROUP DANMARK A/S,319 Compass Group Danmark A/S,Arlavej 2,6070,Christiansfeld,01/09 - 2017,,5
81093628,COMPASS GROUP DANMARK A/S,313 Compass Group Danmark A/S,Århusvej 15,8840,Rødkærsbro,01/09 - 2017,,3
81093628,COMPASS GROUP DANMARK A/S,324 Compass Group Danmark A/S,Danbovej 2,7000,Fredericia,01/09 - 2017,,4
81093628,COMPASS GROUP DANMARK A/S,198 Compass Group Danmark A/S,Karolinevej 1A,4200,Slagelse,01/09 - 2017,,2
81093628,COMPASS GROUP DANMARK A/S,314 Compass Group Danmark A/S,Svenstrup Skolevej 25,9230,Svenstrup J,01/09 - 2017,,7
81093628,COMPASS GROUP DANMARK A/S,6396 Compass Group Danmark A/S,"Amerika Plads 29, st",2100,København Ø,01/10 - 2017,,20
81093628,COMPASS GROUP DANMARK A/S,611 Compass Group Danmark A/S,Lykkebækvej 1,4600,Køge,01/01 - 2018,,4
81093628,COMPASS GROUP DANMARK A/S,613 Compass Group Danmark A/S,Exnersgade 2,6700,Esbjerg,01/01 - 2018,,3
81093628,COMPASS GROUP DANMARK A/S,145310 Compass Group Danmark A/S,Hallas Alle 210,4400,Kalundborg,08/01 - 2018,,4
81093628,COMPASS GROUP DANMARK A/S,518611 Compass Group Danmark A/S,"Anker Engelunds Vej 101A, 1",2800,Kongens Lyngby,01/02 - 2018,,3
81093628,COMPASS GROUP DANMARK A/S,518810 Compass Group Danmark A/S,"Ørsteds Plads 342, kl",2800,Kongens Lyngby,01/02 - 2018,,4
81093628,COMPASS GROUP DANMARK A/S,519010 Compass Group Danmark A/S,"Lautrupvang 15, st",2750,Ballerup,01/03 - 2018,,4
81093628,COMPASS GROUP DANMARK A/S,145510 Compass Group Danmark A/S,Amerika Plads 37,2100,København Ø,01/04 - 2018,,7
81093628,COMPASS GROUP DANMARK A/S,615 Compass Group Danmark A/S,Mørupvej 2,7400,Herning,01/03 - 2018,,7
81093628,COMPASS GROUP DANMARK A/S,614 Compass Group Danmark A/S,Knud Højgaards Vej 19,7100,Vejle,01/03 - 2018,,6
81093628,COMPASS GROUP DANMARK A/S,146010 Compass Group Danmark A/S,Arvad Møllevej 37,7330,Brande,19/03 - 2018,,6
81093628,COMPASS GROUP DANMARK A/S,620 Compass Group Danmark A/S,Islevdalvej 151,2610,Rødovre,01/05 - 2018,,3
81093628,COMPASS GROUP DANMARK A/S,633 6312 Compass Group Danmark A/S,Frichsvej 18,8600,Silkeborg,01/06 - 2018,,9
81093628,COMPASS GROUP DANMARK A/S,146210 Compass Group Danmark A/S,Albuen 31,6000,Kolding,01/06 - 2018,,10
81093628,COMPASS GROUP DANMARK A/S,146110 Compass Group Danmark A/S,Strandholtvej 49,5270,Odense N,01/08 - 2018,,3
81093628,COMPASS GROUP DANMARK A/S,636 & 666420 Compass Group Danmark A/S,Telehøjen 8,5220,Odense SØ,01/10 - 2018,,6
81093628,COMPASS GROUP DANMARK A/S,450 Compass Group Danmark A/S,Amerikavej 18,6700,Esbjerg,28/09 - 2018,,3
81093628,COMPASS GROUP DANMARK A/S,146510_146520 Compass Group Danmark A/S,M.P. Allerups Vej 48,5220,Odense SØ,01/12 - 2018,,16
81093628,COMPASS GROUP DANMARK A/S,147210 Compass Group Danmark A/S,Vendersgade 74,7000,Fredericia,01/02 - 2019,,3
81093628,COMPASS GROUP DANMARK A/S,641 Compass Group Danmark A/S,Minervavej 47,8960,Randers SØ,01/01 - 2019,,2
81093628,COMPASS GROUP DANMARK A/S,642 Compass Group Danmark A/S,Tagensvej 18,2200,København N,01/01 - 2019,,5
81093628,COMPASS GROUP DANMARK A/S,645 Compass Group Danmark A/S,Lufthavnsboulevarden 10,2770,Kastrup,01/02 - 2019,,12
81093628,COMPASS GROUP DANMARK A/S,646 Compass Group Danmark A/S,Vilhelm Lauritzens Alle 1,2770,Kastrup,01/02 - 2019,,3
81093628,COMPASS GROUP DANMARK A/S,643 Compass Group Danmark A/S,Møntergade 19,1116,København K,01/03 - 2019,,3
81093628,COMPASS GROUP DANMARK A/S,6444 Compass Group Danmark A/S,Fabrikvej 1,8500,Grenaa,01/03 - 2019,,8
81093628,COMPASS GROUP DANMARK A/S,6446_6647_6453_6465 Compass Group Danmark A/S,Sydmarken 44A,2860,Søborg,01/03 - 2019,,7
81093628,COMPASS GROUP DANMARK A/S,6442 Compass Group Danmark A/S,Hovmarken 4,8520,Lystrup,01/03 - 2019,,11
81093628,COMPASS GROUP DANMARK A/S,147410 Compass Group Danmark A/S,Amerika Plads 38,2100,København Ø,01/04 - 2019,,2
81093628,COMPASS GROUP DANMARK A/S,147510 Compass Group Danmark A/S,Ørstedsvej 16,8660,Skanderborg,01/08 - 2019,,1
81093628,COMPASS GROUP DANMARK A/S,666 Compass Group Danmark A/S,"Erhvervsbyvej 11, 2",8700,Horsens,01/09 - 2019,,4
81093628,COMPASS GROUP DANMARK A/S,668 Compass Group Danmark A/S,Prinsessens Kvarter 10,7000,Fredericia,09/09 - 2019,,9
81093628,COMPASS GROUP DANMARK A/S,148410 & 148420 Compass Group Danmark A/S,Nils Foss Alle 1,3400,Hillerød,01/10 - 2019,,25
81093628,COMPASS GROUP DANMARK A/S,673 Compass Group Danmark A/S,Jernholmen 12,2650,Hvidovre,01/01 - 2020,,8
81093628,COMPASS GROUP DANMARK A/S,675 Compass Group Danmark A/S,Vandvejen 7,8000,Aarhus C,06/01 - 2020,,3
81093628,COMPASS GROUP DANMARK A/S,148810 Compass Group Danmark A/S,Oceanvej 10,2150,Nordhavn,01/01 - 2020,,4
81093628,COMPASS GROUP DANMARK A/S,519110 Compass Group Danmark A/S,Ole Maaløes Vej 5,2200,København N,01/02 - 2020,,4
81093628,COMPASS GROUP DANMARK A/S,519210 Compass Group Danmark A/S,Universitetsparken 5,2100,København Ø,01/02 - 2020,,4
81093628,COMPASS GROUP DANMARK A/S,519310 Compass Group Danmark A/S,Thorvaldsensvej 40,1871,Frederiksberg C,01/02 - 2020,,6
81093628,COMPASS GROUP DANMARK A/S,519410 Compass Group Danmark A/S,Dyrlægevej 7,1870,Frederiksberg C,01/02 - 2020,,3
81093628,COMPASS GROUP DANMARK A/S,519610 Compass Group Danmark A/S,Øster Voldgade 10,1350,København K,01/02 - 2020,,2
81093628,COMPASS GROUP DANMARK A/S,678010 Compass Group Danmark A/S,Lyngby Hovedgade 85,2800,Kongens Lyngby,13/05 - 2020,,7
81093628,COMPASS GROUP DANMARK A/S,148610 Compass Group Danmark A/S,Munkebjergvænget 1B,5230,Odense M,01/07 - 2020,,3
81093628,COMPASS GROUP DANMARK A/S,148910_149410_149430 Compass Group Danmark A/S,Bredevej 2,2830,Virum,01/07 - 2020,,15
81093628,COMPASS GROUP DANMARK A/S,680 Compass Group Danmark A/S,Jens Chr. Skous Vej 9C,8000,Aarhus C,01/09 - 2020,,4
81093628,COMPASS GROUP DANMARK A/S,678 Compass Group Danmark A/S,Parallelvej 2,2800,Kongens Lyngby,01/09 - 2020,,16
81093628,COMPASS GROUP DANMARK A/S,679 Compass Group Danmark A/S,Havneparken 1,7100,Vejle,01/09 - 2020,,2
81093628,COMPASS GROUP DANMARK A/S,685 Compass Group Danmark A/S,Lykkegårdsvej 10,4000,Roskilde,01/01 - 2021,,3
81093628,COMPASS GROUP DANMARK A/S,686 Compass Group Danmark A/S,Sofiendalsvej 60,9200,Aalborg SV,01/01 - 2021,,4
81093628,COMPASS GROUP DANMARK A/S,687 Compass Group Danmark A/S,Hobrovej 85,9000,Aalborg,01/01 - 2021,,2
81093628,COMPASS GROUP DANMARK A/S,690 Compass Group Danmark A/S,Skolevangen 45,9800,Hjørring,01/01 - 2021,,3
81093628,COMPASS GROUP DANMARK A/S,689 Compass Group Danmark A/S,Selma Lagerløfs Vej 2,9220,Aalborg Øst,01/01 - 2021,,5
81093628,COMPASS GROUP DANMARK A/S,688 Compass Group Danmark A/S,Mylius Erichsens Vej 137,9210,Aalborg SØ,01/01 - 2021,,12
81093628,COMPASS GROUP DANMARK A/S,694 Compass Group Danmark A/S,Niels Juels Gade 13,1059,København K,01/03 - 2021,,8
81093628,COMPASS GROUP DANMARK A/S,682 Compass Group Danmark A/S,Hovedvejen 2,2600,Glostrup,01/05 - 2021,,5
81093628,COMPASS GROUP DANMARK A/S,519510 Compass Group Danmark A/S,Nødebovej 77A,3480,Fredensborg,01/04 - 2021,,3
81093628,COMPASS GROUP DANMARK A/S,4295 Compass Group Danmark A/S,Kirkebjergvej 17,4180,Sorø,01/10 - 2020,,2
81093628,COMPASS GROUP DANMARK A/S,6172 Compass Group Danmark A/S,Vandtårnsvej 83A,2860,Søborg,01/10 - 2020,,3
81093628,COMPASS GROUP DANMARK A/S,5630 Compass Group Danmark A/S,Gammel Horsensvej 385,8660,Skanderborg,01/10 - 2020,,1
81093628,COMPASS GROUP DANMARK A/S,6313 Compass Group Danmark A/S,Mileparken 34,2730,Herlev,01/10 - 2020,,5
81093628,COMPASS GROUP DANMARK A/S,6448 Compass Group Danmark A/S,Bregnehøjvej 16,6500,Vojens,01/10 - 2020,,3
81093628,COMPASS GROUP DANMARK A/S,6264 Compass Group Danmark A/S,Lautrupvang 6,2750,Ballerup,01/10 - 2020,,3
81093628,COMPASS GROUP DANMARK A/S,3078 Compass Group Danmark A/S,Ved Banen 16,4623,Lille Skensved,01/10 - 2020,,7
81093628,COMPASS GROUP DANMARK A/S,6310 Compass Group Danmark A/S,Oddenvej 182,4500,Nykøbing Sj,01/10 - 2020,,3
81093628,COMPASS GROUP DANMARK A/S,649710 649720 Compass Group Danmark A/S,Energivej 1,2750,Ballerup,01/04 - 2021,,3
81093628,COMPASS GROUP DANMARK A/S,649820 Compass Group Danmark A/S,Klausdalsbrovej 601,2750,Ballerup,01/04 - 2021,,3
81093628,COMPASS GROUP DANMARK A/S,649920 Compass Group Danmark A/S,Lyngbyvej 2,2100,København Ø,01/04 - 2021,,1
81093628,COMPASS GROUP DANMARK A/S,6304 Compass Group Danmark A/S,Dofovej 2B,7100,Vejle,01/10 - 2020,,2
81093628,COMPASS GROUP DANMARK A/S,6263 Compass Group Danmark A/S,Nymøllevej 78,2800,Kongens Lyngby,01/10 - 2020,,2
81093628,COMPASS GROUP DANMARK A/S,469710 Compass Group Danmark A/S,Åkandevej 21,2700,Brønshøj,01/06 - 2021,,15
81093628,COMPASS GROUP DANMARK A/S,1756 Compass Group Danmark A/S,"Gasværksvej 24, 1",9000,Aalborg,01/11 - 2020,,1
81093628,COMPASS GROUP DANMARK A/S,6303 Compass Group Danmark A/S,Danbovej 2,7000,Fredericia,01/11 - 2020,,9
81093628,COMPASS GROUP DANMARK A/S,5896 Compass Group Danmark A/S,"Havneholmen 29, st",1561,København V,01/11 - 2020,,1
81093628,COMPASS GROUP DANMARK A/S,6266 Compass Group Danmark A/S,Tangen 4,8200,Aarhus N,01/11 - 2020,,2
81093628,COMPASS GROUP DANMARK A/S,6267 Compass Group Danmark A/S,Venusvej 6,6000,Kolding,01/11 - 2020,,1
81093628,COMPASS GROUP DANMARK A/S,6299 Compass Group Danmark A/S,Aabenraavej 2A,6340,Kruså,01/11 - 2020,,7
81093628,COMPASS GROUP DANMARK A/S,1254 Compass Group Danmark A/S,Europa Plads 4,9000,Aalborg,01/11 - 2020,,10
81093628,COMPASS GROUP DANMARK A/S,5619 Compass Group Danmark A/S,Sønderupvej 24,6920,Videbæk,01/11 - 2020,,13
81093628,COMPASS GROUP DANMARK A/S,5622 Compass Group Danmark A/S,Århusvej 15,8840,Rødkærsbro,01/11 - 2020,,6
81093628,COMPASS GROUP DANMARK A/S,651020 Compass Group Danmark A/S,Frisenborgvej 33,7800,Skive,01/07 - 2021,,5
81093628,COMPASS GROUP DANMARK A/S,6311 Compass Group Danmark A/S,Fåborgvej 15,9220,Aalborg Øst,21/12 - 2020,,2
81093628,COMPASS GROUP DANMARK A/S,6437 Compass Group Danmark A/S,Industrivej 1,6920,Videbæk,21/12 - 2020,,1
81093628,COMPASS GROUP DANMARK A/S,6294 Compass Group Danmark A/S,Håndværkervej 15A,9000,Aalborg,21/12 - 2020,,2
81093628,COMPASS GROUP DANMARK A/S,6409 Compass Group Danmark A/S,Daniavej 49,9550,Mariager,21/12 - 2020,,2
81093628,COMPASS GROUP DANMARK A/S,5778 Compass Group Danmark A/S,Arne Jacobsens Allé 17,2300,København S,21/12 - 2020,,2
81093628,COMPASS GROUP DANMARK A/S,651220 Compass Group Danmark A/S,Borgergade 39,9362,Gandrup,01/06 - 2021,,1
81093628,COMPASS GROUP DANMARK A/S,3401 Compass Group Danmark A/S,Sælsager 84,9000,Aalborg,01/01 - 2021,,1
81093628,COMPASS GROUP DANMARK A/S,5758 Compass Group Danmark A/S,Mørupvej 4,7400,Herning,01/01 - 2021,,2
81093628,COMPASS GROUP DANMARK A/S,1566 Compass Group Danmark A/S,Gundorfslund 32,9000,Aalborg,01/01 - 2021,,1
81093628,COMPASS GROUP DANMARK A/S,1601 Compass Group Danmark A/S,Kløvermarksvej 6,9500,Hobro,01/01 - 2021,,2
81093628,COMPASS GROUP DANMARK A/S,2095 Compass Group Danmark A/S,Hadsundvej 17,9550,Mariager,01/01 - 2021,,4
81093628,COMPASS GROUP DANMARK A/S,5624 Compass Group Danmark A/S,Bülowsvej 9,7500,Holstebro,01/01 - 2021,,3
81093628,COMPASS GROUP DANMARK A/S,5038 Compass Group Danmark A/S,Mercurvej 1,9530,Støvring,01/01 - 2021,,1
81093628,COMPASS GROUP DANMARK A/S,2141 Compass Group Danmark A/S,Skælskørvej 64,4180,Sorø,01/01 - 2021,,1
81093628,COMPASS GROUP DANMARK A/S,6471 Compass Group Danmark A/S,Prinsensgade 36,9000,Aalborg,01/01 - 2021,,1
81093628,COMPASS GROUP DANMARK A/S,6296 Compass Group Danmark A/S,Skivevej 39,9500,Hobro,01/01 - 2021,,3
81093628,COMPASS GROUP DANMARK A/S,651910 Compass Group Danmark A/S,Skanderborg Fælled 1,8660,Skanderborg,01/01 - 2022,,17
81093628,COMPASS GROUP DANMARK A/S,652020 Compass Group Danmark A/S,Oldenborggade 25,7000,Fredericia,01/10 - 2021,,6
81093628,COMPASS GROUP DANMARK A/S,651810 Compass Group Danmark A/S,Kvaglundvej 84,6705,Esbjerg Ø,01/09 - 2021,,4
81093628,COMPASS GROUP DANMARK A/S,2127 Compass Group Danmark A/S,Troensevej 2,9220,Aalborg Øst,01/02 - 2021,,3
81093628,COMPASS GROUP DANMARK A/S,6298 Compass Group Danmark A/S,Ørbækvej 723,5220,Odense SØ,01/07 - 2021,,3
81093628,COMPASS GROUP DANMARK A/S,"Eurest services, Arla Foods - Esbjerg (6300)",Kvaglundvej 84,6705,Esbjerg Ø,01/07 - 2021,,7
81093628,COMPASS GROUP DANMARK A/S,651710 651720 Compass Group Danmark A/S,Vejlevej 150,6000,Kolding,01/08 - 2021,,4
81093628,COMPASS GROUP DANMARK A/S,652210 Compass Group Danmark A/S,Edwin Rahrs Vej 73,8220,Brabrand,18/10 - 2021,,2
81093628,COMPASS GROUP DANMARK A/S,652220 Compass Group Danmark A/S,Edwin Rahrs Vej 73,8220,Brabrand,18/10 - 2021,,2
81093628,COMPASS GROUP DANMARK A/S,519810 Compass Group Danmark A/S,Blegdamsvej 17,2100,København Ø,01/07 - 2021,,1
81093628,COMPASS GROUP DANMARK A/S,6466 Compass Group Danmark A/S,Lavavej 15,9220,Aalborg Øst,13/08 - 2021,,1
81093628,COMPASS GROUP DANMARK A/S,1572 Compass Group Danmark A/S,Svinget 7,9200,Aalborg SV,13/08 - 2021,,1
81093628,COMPASS GROUP DANMARK A/S,3968 Compass Group Danmark A/S,Kulgårdsvej 10,4220,Korsør,01/09 - 2021,,1
81093628,COMPASS GROUP DANMARK A/S,651610 Compass Group Danmark A/S,Knud Højgaards Vej 2,2860,Søborg,01/09 - 2021,,5
81093628,COMPASS GROUP DANMARK A/S,5626 Compass Group Danmark A/S,Engdraget 4,6535,Branderup J,01/09 - 2021,,2
81093628,COMPASS GROUP DANMARK A/S,6302 Compass Group Danmark A/S,Højrupvej 116,7000,Fredericia,01/09 - 2021,,3
81093628,COMPASS GROUP DANMARK A/S,141520 Compass Group Danmark A/S,Vesterbrogade 32,1620,København V,01/10 - 2021,,2
81093628,COMPASS GROUP DANMARK A/S,5628 Compass Group Danmark A/S,Hvalpsundvej 3D,9240,Nibe,01/10 - 2021,,1
81093628,COMPASS GROUP DANMARK A/S,655020 Compass Group Danmark A/S,Bredskifte Allé 13,8210,Aarhus V,01/11 - 2021,,3
81093628,COMPASS GROUP DANMARK A/S,655120 Compass Group Danmark A/S,Hjulmagervej 55,9000,Aalborg,01/11 - 2021,,1
81093628,COMPASS GROUP DANMARK A/S,3032 Compass Group Danmark A/S,Gasværksvej 26,9000,Aalborg,01/11 - 2021,,1
81093628,COMPASS GROUP DANMARK A/S,654010 Compass Group Danmark A/S,Kirke Værløsevej 30,3500,Værløse,01/11 - 2021,,3
81093628,COMPASS GROUP DANMARK A/S,652810_652811_652812_652813_652814_652815 Compass Group Danmark A/S,Brennum Park 1,3400,Hillerød,03/01 - 2022,,52
81093628,COMPASS GROUP DANMARK A/S,653510_653511_653512_653513_563514_653515 Compass Group Danmark A/S,Novo Nordisk Park 1,2760,Måløv,03/01 - 2022,,58
81093628,COMPASS GROUP DANMARK A/S,653310 Compass Group Danmark A/S,Vandtårnsvej 108,2860,Søborg,03/01 - 2022,,26
81093628,COMPASS GROUP DANMARK A/S,652710 Compass Group Danmark A/S,Nybrovej 80,2820,Gentofte,03/01 - 2022,,8
81093628,COMPASS GROUP DANMARK A/S,652510 Compass Group Danmark A/S,Brogårdsvej 66A,2820,Gentofte,03/01 - 2022,,3
81093628,COMPASS GROUP DANMARK A/S,652610 Compass Group Danmark A/S,Hagedornsvej 1,2820,Gentofte,03/01 - 2022,,14
81093628,COMPASS GROUP DANMARK A/S,654110_654111_654120 Compass Group Danmark A/S,Roskildevej 58,3400,Hillerød,03/01 - 2022,,35
81093628,COMPASS GROUP DANMARK A/S,653010 Compass Group Danmark A/S,Tangen 8,8200,Aarhus N,01/02 - 2022,,2
81093628,COMPASS GROUP DANMARK A/S,6414 Compass Group Danmark A/S,Holmbladsgade 139,2300,København S,01/12 - 2021,,5
81093628,COMPASS GROUP DANMARK A/S,652910 Compass Group Danmark A/S,Buddingevej 195,2860,Søborg,01/03 - 2022,,2
81093628,COMPASS GROUP DANMARK A/S,6211 Compass Group Danmark A/S,Lyngvej 3,9000,Aalborg,01/12 - 2021,,1
81093628,COMPASS GROUP DANMARK A/S,677710 Compass Group Danmark A/S,Østmarken 3A,2860,Søborg,14/02 - 2022,,8
81093628,COMPASS GROUP DANMARK A/S,6493 Compass Group Danmark A/S,Arlavej 2,6070,Christiansfeld,01/01 - 2022,,3
81093628,COMPASS GROUP DANMARK A/S,653810_653811 - Compass Group Danmark A/S,Hallas Alle 225,4400,Kalundborg,28/02 - 2022,,10
81093628,COMPASS GROUP DANMARK A/S,656720 Compass Group Danmark A/S,Ørestads Boulevard 73,2300,København S,04/03 - 2022,,1
81093628,COMPASS GROUP DANMARK A/S,656520_676920 Compass Group Danmark A/S,"Rådhuspladsen 16, st",1550,København V,04/03 - 2022,,3
81093628,COMPASS GROUP DANMARK A/S,655620_676520 Compass Group Danmark A/S,Automatikvej 1,2860,Søborg,04/03 - 2022,,1
81093628,COMPASS GROUP DANMARK A/S,655520 Compass Group Danmark A/S,Lautruphøj 1,2750,Ballerup,04/03 - 2022,,2
81093628,COMPASS GROUP DANMARK A/S,656820 Compass Group Danmark A/S,Ny Carlsberg Vej 80,1799,København V,04/03 - 2022,,3
81093628,COMPASS GROUP DANMARK A/S,656320 Compass Group Danmark A/S,Strandvejen 60,2900,Hellerup,04/03 - 2022,,2
81093628,COMPASS GROUP DANMARK A/S,656220 Compass Group Danmark A/S,Lyngby Hovedgade 10C,2800,Kongens Lyngby,04/03 - 2022,,2
81093628,COMPASS GROUP DANMARK A/S,655720 Compass Group Danmark A/S,"Frederiksborggade 15, 3",1360,København K,04/03 - 2022,,2
81093628,COMPASS GROUP DANMARK A/S,656420 Compass Group Danmark A/S,Lyngbyvej 20,2100,København Ø,04/03 - 2022,,1
81093628,COMPASS GROUP DANMARK A/S,656620 Compass Group Danmark A/S,Havnegade 39,1058,København K,04/03 - 2022,,2
81093628,COMPASS GROUP DANMARK A/S,6319 Compass Group Danmark A/S,Hedeager 44,8200,Aarhus N,01/01 - 2022,,7
81093628,COMPASS GROUP DANMARK A/S,657210 Compass Group Danmark A/S,Tempovej 15,2750,Ballerup,13/04 - 2022,,3
81093628,COMPASS GROUP DANMARK A/S,657810 Compass Group Danmark A/S,Victor Albecks Vej 1,8000,Aarhus C,16/06 - 2022,,19
81093628,COMPASS GROUP DANMARK A/S,658110 Compass Group Danmark A/S,Nørredybet 1,9220,Aalborg Øst,16/06 - 2022,,5
81093628,COMPASS GROUP DANMARK A/S,658120 Compass Group Danmark A/S,Nørredybet 1,9220,Aalborg Øst,01/06 - 2022,,3
81093628,COMPASS GROUP DANMARK A/S,657620 Compass Group Danmark A/S,"Christians Brygge 28, 1",1559,København V,30/06 - 2022,,1
81093628,COMPASS GROUP DANMARK A/S,658220 Compass Group Danmark A/S,Langerak 15A,9220,Aalborg Øst,11/07 - 2022,,1
81093628,COMPASS GROUP DANMARK A/S,658510 Compass Group Danmark A/S,Metrovej 5,2300,København S,11/07 - 2022,,6
81093628,COMPASS GROUP DANMARK A/S,858710 Compass Group Danmark A/S,Centrifugevej 374,2800,Kongens Lyngby,11/07 - 2022,,2
81093628,COMPASS GROUP DANMARK A/S,658610 & 658630 Compass Group Danmark A/S,Lautrupvang 4B,2750,Ballerup,01/09 - 2022,,3
81093628,COMPASS GROUP DANMARK A/S,141910 Compass Group Danmark A/S,Hummeltoftevej 49,2830,Virum,01/09 - 2022,,3
81093628,COMPASS GROUP DANMARK A/S,6200 Compass Group Danmark A/S,"Lyngbyvej 24, 3",2100,København Ø,16/09 - 2022,,1
81093628,COMPASS GROUP DANMARK A/S,655010 Compass Group Danmark A/S,"Bredskifte Allé 13, 2",8210,Aarhus V,01/10 - 2022,,4
81093628,COMPASS GROUP DANMARK A/S,659610 Compass Group Danmark A/S,Runevej 2A,8210,Aarhus V,01/10 - 2022,,5
81093628,COMPASS GROUP DANMARK A/S,659710 Compass Group Danmark A/S,Arne Jacobsens Allé 7,2300,København S,01/01 - 2023,,8
81093628,COMPASS GROUP DANMARK A/S,660060 Compass Group Danmark A/S,Kanalvej 7,2800,Kongens Lyngby,01/11 - 2022,,1
81093628,COMPASS GROUP DANMARK A/S,660120 Compass Group Danmark A/S,Ørestads Boulevard 45,2300,København S,01/12 - 2022,,1
81093628,COMPASS GROUP DANMARK A/S,144320 Compass Group Danmark A/S,Agro Food Park 15,8200,Aarhus N,01/01 - 2023,,5
81093628,COMPASS GROUP DANMARK A/S,659910 & 659920 Compass Group Danmark A/S,"Kristine Nielsens Gade 5, 3",8000,Aarhus C,19/12 - 2022,,5
81093628,COMPASS GROUP DANMARK A/S,660520 Compass Group Danmark A/S,Vejleåvej 13,2635,Ishøj,01/01 - 2023,,3
81093628,COMPASS GROUP DANMARK A/S,660820 Compass Group Danmark A/S,Sydvestvej 100,2600,Glostrup,01/01 - 2023,,1
81093628,COMPASS GROUP DANMARK A/S,6295 Compass Group Danmark A/S,"Glarmestervej 16B, 1. tv.",8600,Silkeborg,01/01 - 2023,,1
81093628,COMPASS GROUP DANMARK A/S,660920 Compass Group Danmark A/S,Spanien 1,8000,Aarhus C,01/07 - 2023,,6
81093628,COMPASS GROUP DANMARK A/S,654210 Compass Group Danmark A/S,Knud Højgaards Vej 1,2860,Søborg,01/02 - 2023,,5
81093628,COMPASS GROUP DANMARK A/S,661120 Compass Group Danmark A/S,Gasværksvej 30D,9000,Aalborg,01/03 - 2023,,1
81093628,COMPASS GROUP DANMARK A/S,661410 Compass Group Danmark A/S,Ryttermarken 11,3520,Farum,01/04 - 2023,,4
81093628,COMPASS GROUP DANMARK A/S,661020 Compass Group Danmark A/S,"Filmbyen 23, 1",8000,Aarhus C,01/09 - 2023,,5
81093628,COMPASS GROUP DANMARK A/S,661210 Compass Group Danmark A/S,Thyborønvej 78,7673,Harboøre,01/04 - 2023,,9
81093628,COMPASS GROUP DANMARK A/S,661310 Compass Group Danmark A/S,"Havnegade 34C, st",5000,Odense C,01/08 - 2023,,4
81093628,COMPASS GROUP DANMARK A/S,661710 Compass Group Danmark A/S,H.C. Andersens Boulevard 2,1553,København V,01/04 - 2023,,4
81093628,COMPASS GROUP DANMARK A/S,662420 Compass Group Danmark A/S,Oddervej 3,7800,Skive,01/07 - 2023,,1
81093628,COMPASS GROUP DANMARK A/S,652711 Compass Group Danmark A/S,Niels Steensens Vej 2G,2820,Gentofte,01/03 - 2023,,2
81093628,COMPASS GROUP DANMARK A/S,662220 Compass Group Danmark,Amerikavej 40,9500,Hobro,01/10 - 2023,,1
81093628,COMPASS GROUP DANMARK A/S,662710_662720 Compass Group Danmark A/S,Kobbervej 6,6900,Skjern,01/09 - 2023,,8
81093628,COMPASS GROUP DANMARK A/S,662020 Compass Group Danmark A/S,Kildemosevej 15,3310,Ølsted,01/10 - 2023,,1
81093628,COMPASS GROUP DANMARK A/S,661920 Compass Group Danmark A/S,Baldersvej 3,4000,Roskilde,01/10 - 2023,,2
81093628,COMPASS GROUP DANMARK A/S,662810-662820 Compass Group Danmark A/S,Produktionsvej 42,2600,Glostrup,01/08 - 2023,,17
81093628,COMPASS GROUP DANMARK A/S,663210 Compass Group Danmark A/S,Tagensvej 86,2200,København N,01/08 - 2023,,2
81093628,COMPASS GROUP DANMARK A/S,663110 Compass Group Danmark A/S,Rued Langgaards Vej 7,2300,København S,01/08 - 2023,,8
81093628,COMPASS GROUP DANMARK A/S,663610 Compass Group Danmark A/S,Carlsbergvej 14,3400,Hillerød,01/08 - 2023,,3
81093628,COMPASS GROUP DANMARK A/S,662920 Compass Group Danmark A/S,Studentervænget 2,8700,Horsens,01/08 - 2023,,6
81093628,COMPASS GROUP DANMARK A/S,663410 Compass Group Danmark A/S,Humletorvet 3,1799,København V,01/08 - 2023,,13
81093628,COMPASS GROUP DANMARK A/S,660610 Compass Group Danmark A/S,J.C. Jacobsens Gade 12,1799,København V,01/09 - 2023,,10
81093628,COMPASS GROUP DANMARK A/S,663310 Compass Group Danmark A/S,Sigurdsgade 26,2200,København N,01/08 - 2023,,10
81093628,COMPASS GROUP DANMARK A/S,662120 Compass Group Danmark A/S,Møllebakken 5C,4230,Skælskør,01/10 - 2023,,2
81093628,COMPASS GROUP DANMARK A/S,662320 Compass Group Danmark A/S,Fjordvejen 20A,6340,Kruså,01/08 - 2023,,1
81093628,COMPASS GROUP DANMARK A/S,664010 & 667720 Compass Group Danmark A/S,Tinvej 1,4100,Ringsted,23/08 - 2023,,4
81093628,COMPASS GROUP DANMARK A/S,664210 & 667920 Compass Group Danmark A/S,Silcon Alle 1,6000,Kolding,23/08 - 2023,,6
81093628,COMPASS GROUP DANMARK A/S,663910 & 667620 Compass Group Danmark A/S,Lautrupvang 1,2750,Ballerup,23/08 - 2023,,6
81093628,COMPASS GROUP DANMARK A/S,665410_665411 Compass Group Danmark A/S,Nørregade 49,1165,København K,01/11 - 2023,,4
81093628,COMPASS GROUP DANMARK A/S,664420 Compass Group Danmark A/S,A P Møllers Vej 35,5700,Svendborg,01/10 - 2023,,7
81093628,COMPASS GROUP DANMARK A/S,665020 Compass Group Danmark A/S,Birk Centerpark 32,7400,Herning,01/10 - 2023,,1
81093628,COMPASS GROUP DANMARK A/S,664920 Compass Group Danmark A/S,Ankeret 9,9220,Aalborg Øst,01/10 - 2023,,1
81093628,COMPASS GROUP DANMARK A/S,658720 Compass Group Danmark A/S,Vallensved Bygade 41,4700,Næstved,01/10 - 2023,,1
81093628,COMPASS GROUP DANMARK A/S,665510 Compass Group Danmark A/S,Kystvejen 18,2770,Kastrup,01/12 - 2023,,4
81093628,COMPASS GROUP DANMARK A/S,6657 - Compass Group Danmark A/S,Bernstorffsgade 40,1577,København V,25/10 - 2023,,230
81093628,COMPASS GROUP DANMARK A/S,666110 Compass Group Danmark A/S,Lautrupparken 42,2750,Ballerup,25/10 - 2023,,13
81093628,COMPASS GROUP DANMARK A/S,666210 & 666220 Compass Group Danmark A/S,Grønjordsvej 2,2300,København S,01/01 - 2024,,7
81093628,COMPASS GROUP DANMARK A/S,666510 Compass Group Danmark A/S,Sverigesgade 3 tv.,5000,Odense C,02/01 - 2024,,3
81093628,COMPASS GROUP DANMARK A/S,666610 Compass Group Danmark A/S,Emil Holms Kanal 20,2300,København S,01/02 - 2024,,24
81093628,COMPASS GROUP DANMARK A/S,666710 Compass Group Danmark A/S,Olof Palmes Allé 10,8200,Aarhus N,01/02 - 2024,,4
81093628,COMPASS GROUP DANMARK A/S,5480 Compass Group Danmark A/S,Thomas Jensens Allé 2,8000,Aarhus C,01/09 - 2023,,18
81093628,COMPASS GROUP DANMARK A/S,6485 Compass Group Danmark A/S,Langerak 20,9220,Aalborg Øst,14/02 - 2024,,1
81093628,COMPASS GROUP DANMARK A/S,5411_5544 Compass Group Danmark A/S,Sahara 13,6700,Esbjerg,14/02 - 2024,,7
81093628,COMPASS GROUP DANMARK A/S,667820 Compass Group Danmark A/S,"Cortex Park Vest 3, 5. 1.",5230,Odense M,01/04 - 2024,,1
81093628,COMPASS GROUP DANMARK A/S,668720 Compass Group Danmark A/S,Håndværkervej 9,8800,Viborg,01/05 - 2024,,1
81093628,COMPASS GROUP DANMARK A/S,668220 Compass Group Danmark A/S,N P Josiassens Vej 44A,8500,Grenaa,01/05 - 2024,,1
81093628,COMPASS GROUP DANMARK A/S,668420 Compass Group Danmark A/S,Karen Blixens Vej 1A 1.,8500,Grenaa,01/05 - 2024,,2
81093628,COMPASS GROUP DANMARK A/S,668320 Compass Group Danmark A/S,N P Josiassens Vej 44E,8500,Grenaa,01/05 - 2024,,2
81093628,COMPASS GROUP DANMARK A/S,668820 Compass Group Danmark A/S,Lystlundvej 18,6990,Ulfborg,01/05 - 2024,,4
81093628,COMPASS GROUP DANMARK A/S,668520 Compass Group Danmark A/S,Skovridervej 3,8410,Rønde,01/05 - 2024,,3
81093628,COMPASS GROUP DANMARK A/S,668620 Compass Group Danmark A/S,H.C. Andersens Vej 9,8800,Viborg,01/05 - 2024,,9
81093628,COMPASS GROUP DANMARK A/S,115810_115812_115820 Compass Group Danmark A/S,Sundkrogsgade 25,2150,Nordhavn,24/04 - 2024,,80
81093628,COMPASS GROUP DANMARK A/S,668920 Compass Group Danmark A/S,Banegårdspladsen 2,8800,Viborg,01/05 - 2024,,3
81093628,COMPASS GROUP DANMARK A/S,668120 Compass Group Danmark A/S,Århusvej 49,8500,Grenaa,01/05 - 2024,,2
81093628,COMPASS GROUP DANMARK A/S,669120 Compass Group Danmark A/S,Sverigesgade 3 th.,5000,Odense C,06/05 - 2024,,1
81093628,COMPASS GROUP DANMARK A/S,669010 Compass Group Danmark A/S,Rendsborgparken 12,4400,Kalundborg,05/08 - 2024,,5
81093628,COMPASS GROUP DANMARK A/S,669310 Compass Group Danmark A/S,Frederiksborgvej 399,4000,Roskilde,15/07 - 2024,,4
81093628,COMPASS GROUP DANMARK A/S,669610 Compass Group Danmark A/S,Weidekampsgade 14,2300,København S,01/07 - 2024,,13
81093628,COMPASS GROUP DANMARK A/S,670420 Compass Group Danmark A/S,Stationsvej 4,7300,Jelling,01/10 - 2024,,4
81093628,COMPASS GROUP DANMARK A/S,670920_671020_671120_671320_671420_671520_671620 Compass Group Danmark A/S,"Rued Langgaards Vej 7, st",2300,København S,01/08 - 2024,,17
81093628,COMPASS GROUP DANMARK A/S,671720 Compass Group Danmark A/S,Boulevarden 36,7100,Vejle,01/08 - 2024,,6
81093628,COMPASS GROUP DANMARK A/S,670320 Compass Group Danmark A/S,Klostervænget 2,5700,Svendborg,01/10 - 2024,,2
81093628,COMPASS GROUP DANMARK A/S,671820 Compass Group Danmark A/S,Jernbanegade 28,7100,Vejle,01/08 - 2024,,2
81093628,COMPASS GROUP DANMARK A/S,670520 Compass Group Danmark A/S,Vestre Engvej 51C,7100,Vejle,01/10 - 2024,,6
81093628,COMPASS GROUP DANMARK A/S,669410 Compass Group Danmark A/S,Avedøreholmen 96,2650,Hvidovre,01/06 - 2024,,39
81093628,COMPASS GROUP DANMARK A/S,670620 Compass Group Danmark A/S,Lyngvej 21,4600,Køge,01/08 - 2024,,2
81093628,COMPASS GROUP DANMARK A/S,669920 Compass Group Danmark A/S,Niels Bohrs Allé 1,5230,Odense M,01/10 - 2024,,19
81093628,COMPASS GROUP DANMARK A/S,670820 Compass Group Danmark A/S,Femøvej 3,4700,Næstved,01/08 - 2024,,2
81093628,COMPASS GROUP DANMARK A/S,670720 Compass Group Danmark A/S,Maglegårdsvej 2,4000,Roskilde,01/08 - 2024,,3
81093628,COMPASS GROUP DANMARK A/S,670020 Compass Group Danmark A/S,Seebladsgade 1,5000,Odense C,01/10 - 2024,,12
81093628,COMPASS GROUP DANMARK A/S,672610 Compass Group Danmark A/S,Fredrik Nielsens Vej 2,8000,Aarhus C,01/09 - 2024,,30
81093628,COMPASS GROUP DANMARK A/S,672510 Compass Group Danmark A/S,Bartholins Allé 8,8000,Aarhus C,01/09 - 2024,,1
81093628,COMPASS GROUP DANMARK A/S,672310 Compass Group Danmark A/S,Jens Chr. Skous Vej 4,8000,Aarhus C,01/09 - 2024,,8
81093628,COMPASS GROUP DANMARK A/S,672410 Compass Group Danmark A/S,Høegh-Guldbergs Gade 8,8000,Aarhus C,01/09 - 2024,,1
81093628,COMPASS GROUP DANMARK A/S,519910 Compass Group Danmark A/S,Jagtvej 128,2200,København N,19/08 - 2024,,8
81093628,COMPASS GROUP DANMARK A/S,673710 Compass Group Danmark A/S,Stenhuggervej 12,6710,Esbjerg V,01/10 - 2024,,3
81093628,COMPASS GROUP DANMARK A/S,667510 Compass Group Danmark A/S,Ib Spang Olsens Gade 12,8200,Aarhus N,01/12 - 2024,,5
81093628,COMPASS GROUP DANMARK A/S,674110 Compass Group Danmark A/S,Glasværksvej 52,4684,Holmegaard,01/12 - 2024,,3
81093628,COMPASS GROUP DANMARK A/S,673910_673920_673930 Compass Group Danmark A/S,Sundkrogsgade 29,2150,Nordhavn,01/01 - 2025,,36
81093628,COMPASS GROUP DANMARK A/S,674923 Compass Group Danmark A/S,Båstlundvej 2,7190,Billund,01/01 - 2025,,1
81093628,COMPASS GROUP DANMARK A/S,674410 Compass Group Danmark A/S,Kløvermarken 14,7190,Billund,01/01 - 2025,,4
81093628,COMPASS GROUP DANMARK A/S,674210..674216_674220..674221_674230..674232,Åstvej 1,7190,Billund,01/01 - 2025,,112
81093628,COMPASS GROUP DANMARK A/S,675110..675111_675130,Hans Jensensvej 7,7190,Billund,01/01 - 2025,,32
81093628,COMPASS GROUP DANMARK A/S,674310_674311 Compass Group Danmark A/S,Havremarken 1,7190,Billund,01/01 - 2025,,12
81093628,COMPASS GROUP DANMARK A/S,675710 Compass Group Danmark A/S,Skanderborgvej 190,8260,Viby J,01/01 - 2025,,4
81093628,COMPASS GROUP DANMARK A/S,675610_675620_675630 Compass Group Danmark A/S,"Løvstræde 1, 1",1152,København K,01/01 - 2025,,5
81093628,COMPASS GROUP DANMARK A/S,674510_674320..674321 Compass Group Danmark A/S,Kløvermarken 16,7190,Billund,01/01 - 2025,,42
81093628,COMPASS GROUP DANMARK A/S,675510_675520_675530 Compass Group Danmark A/S,Østergade 26B,1100,København K,01/01 - 2025,,9
81093628,COMPASS GROUP DANMARK A/S,674910_674920_674921_674930 Compass Group Danmark A/S,Koldingvej 2,7190,Billund,01/01 - 2025,,9
81093628,COMPASS GROUP DANMARK A/S,674610 Compass Group Danmark A/S,Kornmarken 33,7190,Billund,01/01 - 2025,,15
81093628,COMPASS GROUP DANMARK A/S,672710_672720 Compass Group Danmark A/S,Industriparken 32,2750,Ballerup,01/02 - 2025,,13
81093628,COMPASS GROUP DANMARK A/S,675421 Compass Group Danmark A/S,"Arne Jacobsens Allé 15, 4",2300,København S,01/02 - 2025,,1
81093628,COMPASS GROUP DANMARK A/S,677620 Compass Group Danmark A/S,Agern Alle 1,2970,Hørsholm,01/02 - 2025,,1
81093628,COMPASS GROUP DANMARK A/S,677120 Compass Group Danmark A/S,Bøgeskovvej 7,3490,Kvistgård,01/02 - 2025,,13
81093628,COMPASS GROUP DANMARK A/S,677910 Compass Group Danmark A/S,Nyropsgade 1,1602,København V,01/03 - 2025,,7
81093628,COMPASS GROUP DANMARK A/S,674720 Compass Group Danmark A/S,Birkemose Allé 11,6000,Kolding,01/04 - 2025,,3
81093628,COMPASS GROUP DANMARK A/S,678120 Compass Group Danmark A/S,Tietgensvej 4,8600,Silkeborg,01/04 - 2025,,3
81093628,COMPASS GROUP DANMARK A/S,676420 Compass Group Danmark A/S,Bredgade 67,9610,Nørager,01/05 - 2025,,1
81093628,COMPASS GROUP DANMARK A/S,678320 Compass Group Danmark A/S,Prinsensgade 15,9000,Aalborg,01/05 - 2025,,1
81093628,COMPASS GROUP DANMARK A/S,678410 Compass Group Danmark A/S,Universitetsbyen 14,8000,Aarhus C,01/05 - 2025,,1
81093628,COMPASS GROUP DANMARK A/S,676620 Compass Group Danmark A/S,Digevej 114,2300,København S,01/05 - 2025,,1
81093628,COMPASS GROUP DANMARK A/S,667110 Compass Group Danmark A/S,"Kildepladsen 6, 3",1799,København V,09/05 - 2025,,3
81093628,COMPASS GROUP DANMARK A/S,676820 Compass Group Danmark A/S,H C Ørsteds Vej 8,7800,Skive,01/06 - 2025,,1
81093628,COMPASS GROUP DANMARK A/S,676720 Compass Group Danmark A/S,Hematoften 1,8543,Hornslet,01/05 - 2025,,1
81093628,COMPASS GROUP DANMARK A/S,678610_678620 Compass Group Danmark A/S,Skolesvinget 20,7190,Billund,01/07 - 2025,,16
81093628,COMPASS GROUP DANMARK A/S,678910 Compass Group Danmark A/S,Rådhuspladsen 1,1550,København V,01/08 - 2025,,10
81093628,COMPASS GROUP DANMARK A/S,679310 Compass Group Danmark A/S,Ekvipagemestervej 10,1438,København K,01/08 - 2025,,6
81093628,COMPASS GROUP DANMARK A/S,679820 Compass Group Danmark A/S,Dannebrogsgade 2,5000,Odense C,01/08 - 2025,,1
81093628,COMPASS GROUP DANMARK A/S,679910 Compass Group Danmark A/S,Kornmarken 1,8464,Galten,13/08 - 2025,,7
81093628,COMPASS GROUP DANMARK A/S,653410 Compass Group Danmark A/S,Vandtårnsvej 114,2860,Søborg,01/08 - 2025,,11
81093628,COMPASS GROUP DANMARK A/S,681210 Compass Group Danmark A/S,Sohngårdsholmsvej 60,9000,Aalborg,09/10 - 2025,,1
81093628,COMPASS GROUP DANMARK A/S,681410 Compass Group Danmark A/S,Dalbergstrøget 17,2630,Taastrup,23/10 - 2025,,29
81093628,COMPASS GROUP DANMARK A/S,680710 Compass Group Danmark A/S,Universitetsbyen 41,8000,Aarhus C,28/10 - 2025,,5
81093628,COMPASS GROUP DANMARK A/S,679520 Compass Group Danmark A/S,Saxogade 10,9000,Aalborg,01/01 - 2026,,4
81093628,COMPASS GROUP DANMARK A/S,679420 Compass Group Danmark A/S,Strandvejen 25,9000,Aalborg,01/01 - 2026,,4
81093628,COMPASS GROUP DANMARK A/S,679720 Compass Group Danmark A/S,Langagervej 16,9220,Aalborg Øst,01/01 - 2026,,3
81093628,COMPASS GROUP DANMARK A/S,679620 Compass Group Danmark A/S,Turøgade 1,9000,Aalborg,01/01 - 2026,,6
81093628,COMPASS GROUP DANMARK A/S,681820_681830 Compass Group Danmark A/S,Scandiagade 8,2450,København SV,17/11 - 2025,,2
81093628,COMPASS GROUP DANMARK A/S,681510_681511_681520_681530 Compass Group Danmark A/S,Kornmarken 65,7190,Billund,17/11 - 2025,,17
81093628,COMPASS GROUP DANMARK A/S,681720 Compass Group Danmark A/S,Kærvej 1,9900,Frederikshavn,01/01 - 2026,,4
81093628,COMPASS GROUP DANMARK A/S,681610 Compass Group Danmark A/S,Skolevangen 25,9800,Hjørring,17/11 - 2025,,2
81093628,COMPASS GROUP DANMARK A/S,678510 Compass Group Danmark A/S,Foss Park 1,3600,Frederikssund,15/12 - 2025,,2
81093628,COMPASS GROUP DANMARK A/S,682010 Compass Group Danmark A/S,Paul Bergsøes Vej 6,2600,Glostrup,17/12 - 2025,,2
81093628,COMPASS GROUP DANMARK A/S,680510 Compass Group Danmark A/S,Universitetsbyen 81,8000,Aarhus C,24/10 - 2025,,
81093628,COMPASS GROUP DANMARK A/S,679210 Compass Group Danmark A/S,Universitetsbyen 71,8000,Aarhus C,24/10 - 2025,,
81093628,COMPASS GROUP DANMARK A/S,3972 Compass Group Danmark A/S,Fyrtårnvej 13B,2300,København S,26/03 - 2026,,
81093628,COMPASS GROUP DANMARK A/S,142712 Compass Group Danmark A/S,Skagensgade 66,2630,Taastrup,18/03 - 2026,,
81093628,COMPASS GROUP DANMARK A/S,677220 Compass Group Danmark A/S,Bøgeskovvej 11A,3490,Kvistgård,01/02 - 2025,,
81093628,COMPASS GROUP DANMARK A/S,675420 Compass Group Danmark A/S,Guldborgsundvej 14,6705,Esbjerg Ø,01/02 - 2025,,
81093628,COMPASS GROUP DANMARK A/S,677520 Compass Group Danmark A/S,Hejreskovvej 18C,3490,Kvistgård,01/02 - 2025,,
81093628,COMPASS GROUP DANMARK A/S,675320 Compass Group Danmark A/S,Ejby Industrivej 11,2600,Glostrup,01/02 - 2025,,
81093628,COMPASS GROUP DANMARK A/S,675220 Compass Group Danmark A/S,Brudelysvej 28,2880,Bagsværd,01/02 - 2025,,
81093628,COMPASS GROUP DANMARK A/S,677420 Compass Group Danmark A/S,Hejreskovvej 18A,3490,Kvistgård,01/02 - 2025,,
81093628,COMPASS GROUP DANMARK A/S,677020 Compass Group Danmark A/S,Bøgeskovvej 6,3490,Kvistgård,01/02 - 2025,,
81093628,COMPASS GROUP DANMARK A/S,682220 Compass Group Danmark A/S,Strandlodsvej 6A,2300,København S,02/01 - 2026,,
81093628,COMPASS GROUP DANMARK A/S,699 Compass Group Danmark A/S,Kærup Parkvej 5,4100,Ringsted,05/04 - 2011,,0
81093628,COMPASS GROUP DANMARK A/S,"Eurest Kantine, Vestas Ringkøbing EFJ 3",E F Jacobsens Vej 3,6950,Ringkøbing,10/12 - 2013,,
81093628,COMPASS GROUP DANMARK A/S,"Eurest Kantine, Vestas Lem SHV 15",Smed Hansens Vej 15,6940,Lem St,10/12 - 2013,,
81093628,COMPASS GROUP DANMARK A/S,"Eurest Kantine, Vestas Lem SHV 25",Smed Hansens Vej 25,6940,Lem St,10/12 - 2013,,
81093628,COMPASS GROUP DANMARK A/S,"Eurest Kantine, Vestas Ringkøbing EFJ 7",E F Jacobsens Vej 7,6950,Ringkøbing,10/12 - 2013,,
81093628,COMPASS GROUP DANMARK A/S,679120 Compass Group Danmark A/S,Borupvang 9,2750,Ballerup,01/06 - 2025,,
81093628,COMPASS GROUP DANMARK A/S,514511 Compass Group Danmark A/S,Hareskovvej 12,4400,Kalundborg,15/03 - 2026,,
81093628,COMPASS GROUP DANMARK A/S,672220 Compass Group Danmark A/S,Kay Fiskers Plads 11,2300,København S,24/06 - 2024,,1
81093628,COMPASS GROUP DANMARK A/S,677320 Compass Group Danmark A/S,Hejreskovvej 10A,3490,Kvistgård,01/02 - 2025,,1
81093628,COMPASS GROUP DANMARK A/S,518610 Compass Group Danmark A/S,Anker Engelunds Vej 101A,2800,Kongens Lyngby,29/01 - 2018,,42
81093628,COMPASS GROUP DANMARK A/S,5468_94 Compass Group Danmark A/S,Fabriksvej 4,7330,Brande,01/03 - 2012,,
81093628,COMPASS GROUP DANMARK A/S,682120 Compass Group Danmark A/S,Vestre Kaj 18B,4700,Næstved,01/10 - 2023,,
81093628,COMPASS GROUP DANMARK A/S,654710 Compass Group Danmark A/S,Vor Frue Hovedgade 6,4000,Roskilde,15/06 - 2019,,2
81093628,COMPASS GROUP DANMARK A/S,6020 Compass Group Danmark A/S,"Klostergade 18, 1",8000,Aarhus C,01/09 - 2021,,1
81093628,COMPASS GROUP DANMARK A/S,655920 Compass Group Danmark A/S,Herstedøstervej 27,2620,Albertslund,04/03 - 2022,,1
81093628,COMPASS GROUP DANMARK A/S,3815 Compass Group Danmark A/S,Mellemvej 30,6200,Aabenraa,15/08 - 2022,,1
81093628,COMPASS GROUP DANMARK A/S,665120 Compass Group Danmark A/S,Gjellerupvej 89A,8230,Åbyhøj,01/10 - 2023,,1
81093628,COMPASS GROUP DANMARK A/S,664720 Compass Group Danmark A/S,Kulholmsvej 12,8930,Randers NØ,01/10 - 2023,,1
81093628,COMPASS GROUP DANMARK A/S,667210 Compass Group Danmark A/S,Carl Gustavs Gade 1,2630,Taastrup,01/02 - 2024,,1
81093628,COMPASS GROUP DANMARK A/S,670220 Compass Group Danmark A/S,Skræddermaen 2,5220,Odense SØ,01/10 - 2024,,1
81093628,COMPASS GROUP DANMARK A/S,6415 Compass Group Danmark A/S,Birkegårdsvej 18,8361,Hasselager,01/11 - 2020,,1
81093628,COMPASS GROUP DANMARK A/S,6475 Compass Group Danmark A/S,Hasselager Allé 5,8260,Viby J,01/11 - 2020,,1
81093628,COMPASS GROUP DANMARK A/S,3816 Compass Group Danmark A/S,Sdr. Havnegade 74,6000,Kolding,01/01 - 2021,,2
81093628,COMPASS GROUP DANMARK A/S,682510 Compass Group Danmark A/S,Vallensbækvej 47,2605,Brøndby,16/02 - 2026,,
81093628,COMPASS GROUP DANMARK A/S,677810 Compass Group Danmark A/S,Girostrøget 1,2630,Taastrup,01/02 - 2025,,7
81093628,COMPASS GROUP DANMARK A/S,654820 Compass Group Danmark A/S,Rørdalsvej 211,9220,Aalborg Øst,01/10 - 2021,,
81093628,COMPASS GROUP DANMARK A/S,6454 Compass Group Danmark A/S,Islevdalvej 151,2610,Rødovre,01/11 - 2021,,2
81093628,COMPASS GROUP DANMARK A/S,656120 Compass Group Danmark A/S,Lufthavnsboulevarden 6,2770,Kastrup,04/03 - 2022,,
81093628,COMPASS GROUP DANMARK A/S,655320 & 658320 Compass Group Danmark A/S,Vesterbrogade 34,1620,København V,01/06 - 2022,,1
81093628,COMPASS GROUP DANMARK A/S,682710 Compass Group Danmark A/S,Mørdrupvej 145,3060,Espergærde,23/03 - 2026,,
81093628,COMPASS GROUP DANMARK A/S,659220 Compass Group Danmark A/S,Strømmen 6,9400,Nørresundby,01/09 - 2022,,
81093628,COMPASS GROUP DANMARK A/S,1437 Compass Group Danmark A/S,Gunnar Clausens Vej 18,8260,Viby J,20/10 - 2022,,1
81093628,COMPASS GROUP DANMARK A/S,660220 Compass Group Danmark A/S,Sønderhøj 48,8260,Viby J,20/01 - 2023,,
81093628,COMPASS GROUP DANMARK A/S,6416 Compass Group Danmark A/S,Kokbjerg 7,6000,Kolding,14/02 - 2024,,
81093628,COMPASS GROUP DANMARK A/S,518910 Compass Group Danmark A/S,Akademivej 358,2800,Kongens Lyngby,01/02 - 2019,,1
81093628,COMPASS GROUP DANMARK A/S,675020 Compass Group Danmark A/S,Mosegårdsvænget 21,8361,Hasselager,01/01 - 2025,,
81093628,COMPASS GROUP DANMARK A/S,660320 Compass Group Danmark A/S,"Rued Langgaards Vej 8, 5",2300,København S,01/12 - 2022,,
81093628,COMPASS GROUP DANMARK A/S,660720 Compass Group Danmark A/S,Metrovej 1,2300,København S,01/01 - 2023,,
81093628,COMPASS GROUP DANMARK A/S,654711 Compass Group Danmark A/S,"Rabalderstræde 7, 4. 1.",4000,Roskilde,01/06 - 2023,,
81093628,COMPASS GROUP DANMARK A/S,144321 Compass Group Danmark A/S,Agro Food Park 13,8200,Aarhus N,01/04 - 2023,,
81093628,COMPASS GROUP DANMARK A/S,519710 Compass Group Danmark A/S,Grønnegårdsvej 15,1870,Frederiksberg C,01/02 - 2020,,2
81093628,COMPASS GROUP DANMARK A/S,664820 Compass Group Danmark A/S,Kulholmsvej 22,8930,Randers NØ,01/10 - 2023,,
81093628,COMPASS GROUP DANMARK A/S,665220 Compass Group Danmark A/S,Askvang 4,3400,Hillerød,01/10 - 2023,,
81093628,COMPASS GROUP DANMARK A/S,666020 Compass Group Danmark A/S,Erhvervsparken 17,4621,Gadstrup,01/01 - 2024,,
81093628,COMPASS GROUP DANMARK A/S,667310 Compass Group Danmark A/S,Knardrupvej 2,2760,Måløv,01/03 - 2024,,
81093628,COMPASS GROUP DANMARK A/S,6469 Compass Group Danmark A/S,"Skovvejen 11, st",8000,Aarhus C,14/02 - 2024,,
81093628,COMPASS GROUP DANMARK A/S,6459 Compass Group Danmark A/S,Stockholmsgade 45,2100,København Ø,14/02 - 2024,,
81093628,COMPASS GROUP DANMARK A/S,1882 Compass Group Danmark A/S,Sofiendalsvej 80,9200,Aalborg SV,14/02 - 2024,,
81093628,COMPASS GROUP DANMARK A/S,6278 Compass Group Danmark A/S,Fyrrevej 5,7400,Herning,14/02 - 2024,,
81093628,COMPASS GROUP DANMARK A/S,6483 Compass Group Danmark A/S,Telehøjen 2,5220,Odense SØ,14/02 - 2024,,
81093628,COMPASS GROUP DANMARK A/S,6449 Compass Group Danmark A/S,Østmarken 9,2860,Søborg,14/02 - 2024,,
81093628,COMPASS GROUP DANMARK A/S,667820 Compass Group Danmark A/S,"Cortex Park Vest 3, 5. 1.",5230,Odense M,01/04 - 2024,,
81093628,COMPASS GROUP DANMARK A/S,670120 Compass Group Danmark A/S,"Cortex Park 26E, st",5230,Odense M,01/10 - 2024,,
81093628,COMPASS GROUP DANMARK A/S,671920 Compass Group Danmark A/S,Industrivej 3,7120,Vejle Øst,01/08 - 2024,,
81093628,COMPASS GROUP DANMARK A/S,672120 Compass Group Danmark A/S,Gl. Skivevej 89,8800,Viborg,01/07 - 2024,,
81093628,COMPASS GROUP DANMARK A/S,669710 Compass group Danmark A/S,Bredgade 62,1260,København K,01/07 - 2024,,
81093628,COMPASS GROUP DANMARK A/S,672820 Compass Group Danmark A/S,Boulevarden 9,7100,Vejle,01/08 - 2024,,
81093628,COMPASS GROUP DANMARK A/S,653812 Compass Group A/S,Hallas Alle 246,4400,Kalundborg,16/01 - 2026,,
81093628,COMPASS GROUP DANMARK A/S,680810 Compass Group Danmark A/S,Universitetsbyen 43B,8000,Aarhus C,28/10 - 2025,,
81093628,COMPASS GROUP DANMARK A/S,674924 Compass Group Danmark A/S,Hovedgaden 12,7190,Billund,01/01 - 2026,,
81093628,COMPASS GROUP DANMARK A/S,675121 Compass Group Danmark A/S,Hans Jensensvej 9,7190,Billund,01/01 - 2025,,
81093628,COMPASS GROUP DANMARK A/S,674523 Compass Group Danmark A/S,Kløvermarken 25,7190,Billund,01/01 - 2025,,
81093628,COMPASS GROUP DANMARK A/S,674521 Compass Group Danmark A/S,Kløvermarken 12,7190,Billund,01/01 - 2025,,
81093628,COMPASS GROUP DANMARK A/S,675321 Compass Group Danmark A/S,Højmarksvej 5,7190,Billund,01/01 - 2025,,
81093628,COMPASS GROUP DANMARK A/S,674722 Compass Group Danmark A/S,Kløvervej 101,7190,Billund,01/01 - 2025,,
81093628,COMPASS GROUP DANMARK A/S,675420 Compass Group Danmark A/S,Systemvej 1,7190,Billund,01/01 - 2025,,
81093628,COMPASS GROUP DANMARK A/S,674622 Compass Group Danmark A/S,Kornmarken 42,7190,Billund,01/01 - 2025,,
81093628,COMPASS GROUP DANMARK A/S,675122 Compass Group Danmark A/S,Hans Jensensvej 11,7190,Billund,01/01 - 2025,,
81093628,COMPASS GROUP DANMARK A/S,675320 Compass Group Danmark A/S,Højmarksvej 3,7190,Billund,01/01 - 2025,,
81093628,COMPASS GROUP DANMARK A/S,675322 Compass Group Danmark A/S,Højmarksvej 7,7190,Billund,01/01 - 2025,,
81093628,COMPASS GROUP DANMARK A/S,675323 Compass Group Danmark A/S,Højmarksvej 11,7190,Billund,01/01 - 2025,,
81093628,COMPASS GROUP DANMARK A/S,675421 Compass Group Danmark A/S,Systemvej 6,7190,Billund,01/01 - 2025,,
81093628,COMPASS GROUP DANMARK A/S,674721 Compass Group Danmark A/S,Kløvervej 40,7190,Billund,01/01 - 2025,,
81093628,COMPASS GROUP DANMARK A/S,674720 Compass Group Danmark A/S,Kløvervej 95,7190,Billund,01/01 - 2025,,
81093628,COMPASS GROUP DANMARK A/S,674410 Compass Group Danmark A/S,Kløvermarken 14,7190,Billund,01/01 - 2025,,
81093628,COMPASS GROUP DANMARK A/S,675220 Compass Group Danmark A/S,Hedegårdsvej 12,7190,Billund,01/01 - 2025,,
81093628,COMPASS GROUP DANMARK A/S,674524 Compass Group Danmark A/S,Kløvermarken 29,7190,Billund,01/01 - 2025,,
81093628,COMPASS GROUP DANMARK A/S,674621 Compass Group Danmark A/S,Kornmarken 33,7190,Billund,01/01 - 2025,,
81093628,COMPASS GROUP DANMARK A/S,657720 Compass Group Food Danmark A/S,Fuglevangsvej 13,1962,Frederiksberg C,30/06 - 2022,,1
81093628,COMPASS GROUP DANMARK A/S,678820 Compass Group Danmark A/S,Literbuen 17,2740,Skovlunde,01/05 - 2025,,
61056416,CARLSBERG A/S,Carlsberg Laboratorium,Gamle Carlsberg Vej 10,1799,København V,01/01 - 2003,31/12 - 2003,
61056416,CARLSBERG A/S,Carlsberg Forskningscenter,Gamle Carlsberg Vej 10,1799,København V,15/11 - 2005,15/11 - 2005,
61056416,CARLSBERG A/S,Carlsberg Konference Center,Gamle Carlsberg Vej 15,1799,København V,13/01 - 2006,13/01 - 2006,
61056416,CARLSBERG A/S,CARLSBERG A/S DC-KOLDING,Gejlhavegård 10,6000,Kolding,02/10 - 1978,31/12 - 1999,10-19
61056416,CARLSBERG A/S,CARLSBERG A/S DC-AMAGER,Kirstinehøj 16,2770,Kastrup,01/10 - 1998,31/12 - 1999,20-49
61056416,CARLSBERG A/S,CARLSBERG A/S DC-ROSKILDE,Langebjerg 6,4000,Roskilde,17/10 - 1999,31/12 - 2000,1
61056416,CARLSBERG A/S,CARLSBERG A/S DC-HORSENS,Vågøvej 9,8700,Horsens,06/07 - 1992,31/12 - 1999,10-19
61056416,CARLSBERG A/S,CARLSBERG A/S DC-BRØNDBY,Park Allé 356,2605,Brøndby,01/05 - 1986,31/12 - 1999,0
61056416,CARLSBERG A/S,CARLSBERG A/S DC-KØGE,Færøvej 7,4681,Herfølge,01/06 - 1993,31/12 - 2000,1
61056416,CARLSBERG A/S,CARLSBERG A/S DC-GLADSAXE,Rovsingsgade 78,2200,København N,01/02 - 1989,31/12 - 1999,1
61056416,CARLSBERG A/S,CARLSBERG DEPOT,Ydertoften 61,7400,Herning,13/01 - 1995,31/12 - 1999,1
61056416,CARLSBERG A/S,CARLSBERG DEPOT,Kosanvej 7,4500,Nykøbing Sj,01/02 - 1984,31/12 - 1999,0
61056416,CARLSBERG A/S,CARLSBERG A/S,Jens Juuls Vej 12,8260,Viby J,15/08 - 1983,31/12 - 1999,2-4
61056416,CARLSBERG A/S,Carlsberg A/S Ejendomme,J.C. Jacobsens Gade 1,1799,København V,01/01 - 2001,,0
61056416,CARLSBERG A/S,Carlsberg Forskningscenter,J.C. Jacobsens Gade 4,1799,København V,01/01 - 2001,,108
61056416,CARLSBERG A/S,Grønland (CAS),J.C. Jacobsens Gade 1,1799,København V,08/10 - 2013,,1
69749917,COLOPLAST A/S,COLOPLAST A/S, 1,9999,Ukendt,04/09 - 1957,15/01 - 1978,
69749917,COLOPLAST A/S,COLOPLAST A/S,Møllevej 11-15,2990,Nivå,17/03 - 2003,17/03 - 2003,
69749917,COLOPLAST A/S,Coloplast A/S,Industrivej 13A,7700,Thisted,03/09 - 2013,31/07 - 2019,1
69749917,COLOPLAST A/S,COLOPLAST A/S,Bronzevej 2-8,3060,Espergærde,16/01 - 1978,31/08 - 2011,0
69749917,COLOPLAST A/S,COLOPLAST A/S,"Egevangen 3E-3F, 4",2980,Kokkedal,01/01 - 1984,31/12 - 2009,200-499
69749917,COLOPLAST A/S,Coloplast A/S,Oldenvej 4,3490,Kvistgård,03/09 - 2013,31/12 - 2018,1
69749917,COLOPLAST A/S,COLOPLAST A/S,Kromosevej 7,3050,Humlebæk,01/01 - 2002,31/12 - 2011,100-199
69749917,COLOPLAST A/S,COLOPLAST A/S,Oldenvej 4,3490,Kvistgård,01/01 - 2004,31/12 - 2007,2-4
69749917,COLOPLAST A/S,COLOPLAST A/S,Bakkegårdsvej 406A,3050,Humlebæk,01/01 - 2001,31/07 - 2010,0
69749917,COLOPLAST A/S,COLOPLAST A/S,Tigervej 4,7700,Thisted,05/02 - 2004,31/12 - 2010,0
69749917,COLOPLAST A/S,COLOPLAST A/S,Porthusvej 4,3490,Kvistgård,01/10 - 2001,31/12 - 2011,20-49
69749917,COLOPLAST A/S,COLOPLAST A/S,Holmenevej 31,3140,Ålsgårde,13/04 - 1987,31/12 - 2003,20-49
69749917,COLOPLAST A/S,COLOPLAST A/S,Højvangen 23,3480,Fredensborg,01/09 - 2004,31/12 - 2010,0
69749917,COLOPLAST A/S,COLOPLAST A/S,Højvangen 2,3060,Espergærde,01/01 - 2007,31/12 - 2010,0
69749917,COLOPLAST A/S,COLOPLAST A/S,Industrivej 7,7700,Thisted,16/01 - 1978,31/07 - 2019,100-199
69749917,COLOPLAST A/S,COLOPLAST A/S,Holtedam 1,3050,Humlebæk,01/01 - 1992,,917
69749917,COLOPLAST A/S,COLOPLAST A/S,Aa.Louis-Hansens Alle 15,3060,Espergærde,01/01 - 2001,,230
69749917,COLOPLAST A/S,COLOPLAST A/S,Holtedam 3,3050,Humlebæk,01/12 - 2005,,312
26259495,COOP DANMARK A/S,IRMA sundbyvesterplads,Amagerbrogade 243,2300,København S,14/11 - 2003,25/10 - 2005,
26259495,COOP DANMARK A/S,Varer hos Frigoscandia,Kanalholmen 25,2650,Hvidovre,25/07 - 2007,31/12 - 2017,
26259495,COOP DANMARK A/S,Varer hos Frigoscandia,Birkedam 11,6000,Kolding,25/07 - 2007,31/12 - 2017,
26259495,COOP DANMARK A/S,SuperBrugsen Rødding A/S,Rødding Vestergade 3,6630,Rødding,30/11 - 2012,30/11 - 2012,
26259495,COOP DANMARK A/S,JuleBrugsen Tivoli,Vesterbrogade 3,1620,København V,14/11 - 2014,31/12 - 2017,
26259495,COOP DANMARK A/S,COOP SUPERBRUGSEN CITY,Vestergade 76,5000,Odense C,01/07 - 2005,31/12 - 2005,
26259495,COOP DANMARK A/S,Superbrugsen Bjælkerup,Rådhuspladsen 10,4660,Store Heddinge,01/01 - 2009,01/01 - 2009,
26259495,COOP DANMARK A/S,DagliBrugsen Rømø,Nordre Havnevej 2,6792,Rømø,26/03 - 2009,26/03 - 2009,
26259495,COOP DANMARK A/S,Kvickly xtra,Slotsarkaderne 26,3400,Hillerød,14/10 - 2002,14/10 - 2002,
26259495,COOP DANMARK A/S,Dagli´Brugsen Mejdal,Prins Buris Vej 44,7500,Holstebro,01/05 - 2012,01/05 - 2012,
26259495,COOP DANMARK A/S,"Varer hos Claus Sørensen A/S, TVN",Kristian Skous Vej 1,7100,Vejle,26/10 - 2007,21/02 - 2012,
26259495,COOP DANMARK A/S,SuperBrugsen Kiosk,Christianshavns Torv 2,1410,København K,01/01 - 2004,01/01 - 2004,
26259495,COOP DANMARK A/S,Varer hos Danish Crown,Bragesvej 18,4100,Ringsted,24/07 - 2007,17/06 - 2013,
26259495,COOP DANMARK A/S,Kvickly Storcenter,Vestergade 167,5700,Svendborg,28/06 - 2005,28/06 - 2005,
26259495,COOP DANMARK A/S,SuperBrugsen Matthæusgade,Matthæusgade 50,1666,København V,01/02 - 2012,01/02 - 2012,
26259495,COOP DANMARK A/S,Coop Kvickly extra-Randers,Merkurvej 53,8900,Randers C,31/05 - 2006,31/05 - 2006,
26259495,COOP DANMARK A/S,Coop Kvickly Metropolen,Østergade 30,9800,Hjørring,04/03 - 2008,04/03 - 2008,
26259495,COOP DANMARK A/S,DagliBrugsen Rømø,Nordre Havnevej 2,6792,Rømø,26/03 - 2009,26/03 - 2009,
26259495,COOP DANMARK A/S,Coop Convenience,Gammel Kongevej 122,1850,Frederiksberg C,21/10 - 2009,13/01 - 2010,
26259495,COOP DANMARK A/S,COOP DANMARK A/S,Roskildevej 65,2620,Albertslund,02/10 - 2001,31/12 - 2001,
26259495,COOP DANMARK A/S,Superbrugsen Vallensbæk,Vallensbæk Torvevej 80,2665,Vallensbæk Strand,22/11 - 2001,31/12 - 2002,
26259495,COOP DANMARK A/S,Varer hos Danish Crown,Erhvervsparken 57,8882,Fårvang,25/07 - 2007,30/06 - 2017,
26259495,COOP DANMARK A/S,Coop SuperBrugsen Statsfængslet Sdr.Omme,Holdgårdsvej 142,7260,Sønder Omme,12/10 - 2009,30/06 - 2017,
26259495,COOP DANMARK A/S,SuperBrugsen,Københavnsvej 5,3550,Slangerup,01/01 - 2012,01/01 - 2012,
26259495,COOP DANMARK A/S,Varer hos Danish Crown,Ndr. Havnevej 1,6000,Kolding,25/07 - 2007,18/09 - 2017,
26259495,COOP DANMARK A/S,Coop Kvickly Vestbyen Aalborg,Dannebrogsgade 64,9000,Aalborg,22/12 - 2008,22/12 - 2008,
26259495,COOP DANMARK A/S,Coop Mad Fredericia Lager,Vejle Landevej 29,7000,Fredericia,18/09 - 2019,30/11 - 2020,
26259495,COOP DANMARK A/S,LokalBrugsen Snertinge,Kalundborgvej 24,4460,Snertinge,01/01 - 1991,31/03 - 2015,0
26259495,COOP DANMARK A/S,IRMA A/S,Gyngemose Parkvej 74,2860,Søborg,15/01 - 2009,31/10 - 2014,0
26259495,COOP DANMARK A/S,DAGLIBRUGSEN SØLLESTED,Højrebygade 3,4920,Søllested,01/07 - 1980,30/06 - 2014,0
26259495,COOP DANMARK A/S,COOP SuperBrugsen Ølstykke,Bryggertorvet 1,3650,Ølstykke,22/12 - 1980,02/04 - 2011,0
26259495,COOP DANMARK A/S,SUPERBRUGSEN BREDBALLE,Bredballe Center 7,7120,Vejle Øst,01/07 - 1981,24/02 - 2013,0
26259495,COOP DANMARK A/S,KVICKLY,Tofthøjvej 6,4130,Viby Sjælland,22/12 - 1980,31/05 - 2004,20-49
26259495,COOP DANMARK A/S,SUPERBRUGSEN,Hovedgaden 58A,4140,Borup,22/12 - 1980,13/04 - 2012,0
26259495,COOP DANMARK A/S,SUPERBRUGSEN,Kastruplundgade 21,2770,Kastrup,22/12 - 1980,31/12 - 2011,0
26259495,COOP DANMARK A/S,SuperBrugsen,Hovedvejen 140,2600,Glostrup,22/12 - 1980,17/11 - 2013,20-49
26259495,COOP DANMARK A/S,COOP Kvickly Buddinge,Søborg Hovedgade 219,2860,Søborg,22/12 - 1980,02/05 - 2013,100-199
26259495,COOP DANMARK A/S,SUPERBRUGSEN,Østergade 1,6670,Holsted,22/12 - 1980,18/06 - 2011,0
26259495,COOP DANMARK A/S,SUPERBRUGSEN,Kongensgade 18,6700,Esbjerg,01/09 - 1994,28/01 - 2010,50-99
26259495,COOP DANMARK A/S,Coop Kvickly Hillerød,Slotsarkaderne 26,3400,Hillerød,01/01 - 1992,30/05 - 2010,200-499
26259495,COOP DANMARK A/S,COOP Dybfrost Center Vest,Birkedam 11,6000,Kolding,01/07 - 1999,29/04 - 2007,0
26259495,COOP DANMARK A/S,Coop SuperBrugsen Østbyen,Randersvej 42,6700,Esbjerg,01/02 - 2012,24/02 - 2013,0
26259495,COOP DANMARK A/S,IRMA A/S,Solrød Center 105,2680,Solrød Strand,13/11 - 2008,31/10 - 2014,0
26259495,COOP DANMARK A/S,DAGLIBRUGSEN GELSTED,Vandværksvej 32,4160,Herlufmagle,01/01 - 1983,09/11 - 2012,10-19
26259495,COOP DANMARK A/S,SUPERBRUGSEN EGERIS,Kirke Alle 92,7800,Skive,22/12 - 1980,24/02 - 2013,0
26259495,COOP DANMARK A/S,SUPERBRUGSEN,Skolegade 7,7490,Aulum,01/07 - 1980,10/02 - 2013,0
26259495,COOP DANMARK A/S,SUPERBRUGSEN ØSTBYEN,Udbyhøjvej 62,8930,Randers NØ,22/12 - 1980,31/01 - 2013,0
26259495,COOP DANMARK A/S,IRMA A/S,Lyngby Storcenter 39,2800,Kgs. Lyngby,01/01 - 1991,31/12 - 2013,0
26259495,COOP DANMARK A/S,LOKALBRUGSEN TRØJBORG,Tordenskjoldsgade 22,8200,Århus N,22/12 - 1980,29/04 - 2012,0
26259495,COOP DANMARK A/S,COOP SuperBrugsen Birkerød,Hovedgaden 42,3460,Birkerød,22/12 - 1980,31/01 - 2013,0
26259495,COOP DANMARK A/S,IRMA A/S,Torvestrædet 20,2740,Skovlunde,01/01 - 1991,22/02 - 2015,0
26259495,COOP DANMARK A/S,DAGLIBRUGSEN VIRRING,Gadebakken 36,8660,Skanderborg,01/07 - 1981,29/04 - 2010,10-19
26259495,COOP DANMARK A/S,DAGLIBRUGSEN VEJLE-ALLESTED,Vejlegårdsvej 2,5672,Broby,22/12 - 1980,02/07 - 2011,0
26259495,COOP DANMARK A/S,Dagli´Brugsen Nørre Søby,Røjlevej 6,5792,Årslev,01/07 - 1981,31/12 - 2011,0
26259495,COOP DANMARK A/S,COOP SuperBrugsen Hanstholm,Bytorvet 3,7730,Hanstholm,22/12 - 1980,10/02 - 2013,0
26259495,COOP DANMARK A/S,SUPERBRUGSEN SØHOLM,Frederikssundsvej 202,2700,Brønshøj,01/07 - 1980,31/01 - 2013,0
26259495,COOP DANMARK A/S,KVICKLY BRØNDBY,Nygårds Plads 29,2605,Brøndby,01/03 - 2011,29/06 - 2012,0
26259495,COOP DANMARK A/S,COOP Superbrugsen Glentevej,Glentevej 16,7400,Herning,01/03 - 2011,10/02 - 2013,0
26259495,COOP DANMARK A/S,DAGLIBRUGSEN JUNGSHOVED,Jungshovedvej 51,4720,Præstø,01/01 - 1983,20/03 - 2011,0
26259495,COOP DANMARK A/S,DAGLIBRUGSEN BREJNING,Brejning Søndergade 36,7080,Børkop,22/12 - 1980,16/07 - 2011,0
26259495,COOP DANMARK A/S,DAGLIBRUGSEN TRANEGÅRDEN,Brøndbyvestervej 18,2600,Glostrup,22/12 - 1980,31/08 - 2014,0
26259495,COOP DANMARK A/S,Dagli Brugsen,Skagensvej 427,9981,Jerup,01/01 - 1983,06/04 - 2014,0
26259495,COOP DANMARK A/S,Dagli´Brugsen Blovstrød,Sjælsø Alle 1,3450,Allerød,01/01 - 1990,27/03 - 2010,20-49
26259495,COOP DANMARK A/S,SUPERBRUGSEN SÆDDING CENTRET,Tarphagevej 54,6710,Esbjerg V,22/12 - 1980,24/02 - 2013,0
26259495,COOP DANMARK A/S,COOP Kvickly Holbæk,Ahlgade 15,4300,Holbæk,22/12 - 1980,30/04 - 2006,20-49
26259495,COOP DANMARK A/S,COOP DANMARK A/S Lager,Korsdalsvej 101,2610,Rødovre,01/01 - 1991,14/10 - 2013,1
26259495,COOP DANMARK A/S,SUPERBRUGSEN,Bagsværd Hovedgade 107,2880,Bagsværd,14/02 - 1993,01/05 - 2011,0
26259495,COOP DANMARK A/S,SUPERBRUGSEN DRAGØR CENTRUM,Kongevejen 20,2791,Dragør,13/02 - 1993,01/05 - 2011,50-99
26259495,COOP DANMARK A/S,KVICKLY,Sønderbrogade 4,7100,Vejle,01/09 - 1994,30/06 - 2006,10-19
26259495,COOP DANMARK A/S,SUPERBRUGSEN,Østergade 74,5610,Assens,01/07 - 1980,07/01 - 2010,20-49
26259495,COOP DANMARK A/S,SUPERBRUGSEN BREMENSGADE,Holmbladsgade 96,2300,København S,22/12 - 1980,17/01 - 2013,0
26259495,COOP DANMARK A/S,SUPERBRUGSEN,Holmegade 34,6990,Ulfborg,22/12 - 1980,13/04 - 2012,0
26259495,COOP DANMARK A/S,LOKALBRUGSEN Højmark,Adelvej 15,6940,Lem St,22/12 - 1980,31/07 - 2008,1
26259495,COOP DANMARK A/S,IRMA A/S,Brogade 5,4220,Korsør,15/06 - 2006,05/01 - 2013,2-4
26259495,COOP DANMARK A/S,DAGLIBRUGSEN STOHOLM,Nørregade 8,7850,Stoholm Jyll,01/01 - 1983,31/05 - 2006,2-4
26259495,COOP DANMARK A/S,DAGLIBRUGSEN,Hovedgaden 40,7752,Snedsted,01/01 - 1982,31/12 - 2013,0
26259495,COOP DANMARK A/S,LOKALBRUGSEN,Fynshovedvej 310,5380,Dalby,13/09 - 1964,31/01 - 2006,5-9
26259495,COOP DANMARK A/S,DAGLIBRUGSEN FREJLEV,Nibevej 317,9200,Aalborg SV,01/01 - 1983,29/01 - 2011,0
26259495,COOP DANMARK A/S,COOP DANMARK A/S Specielvare afdelingen,Roskildevej 25,2620,Albertslund,01/01 - 1979,30/12 - 2013,5-9
26259495,COOP DANMARK A/S,SUPERBRUGSEN,Jernbane Allé 41,2720,Vanløse,22/12 - 1980,11/04 - 2008,10-19
26259495,COOP DANMARK A/S,IRMA A/S,Thulebakken 42,9000,Aalborg,01/10 - 1986,31/10 - 2013,10-19
26259495,COOP DANMARK A/S,COOP Kvickly Frederikssund,Falkenborggården 4,3600,Frederikssund,22/12 - 1980,19/03 - 2010,100-199
26259495,COOP DANMARK A/S,SUPERBRUGSEN,Sct Olai Plads 5,9800,Hjørring,22/12 - 1980,24/02 - 2013,0
26259495,COOP DANMARK A/S,DAGLIBRUGSEN ØRSLEV V,Ørslevvej 129A,4760,Vordingborg,01/07 - 1981,30/06 - 2015,0
26259495,COOP DANMARK A/S,IRMA A/S,Vestergade 20,5000,Odense C,16/04 - 2008,13/02 - 2013,20-49
26259495,COOP DANMARK A/S,Coop SuperBrugsen Lind,Lind Hovedgade 17,7400,Herning,01/08 - 2010,13/04 - 2012,0
26259495,COOP DANMARK A/S,Irma Møllebakken,Jespervej 21-25,3400,Hillerød,14/04 - 2011,02/06 - 2013,0
26259495,COOP DANMARK A/S,Dagli´Brugsen STENDERUP-KROGAGER,Storegade 2,7200,Grindsted,03/07 - 1967,31/03 - 2013,0
26259495,COOP DANMARK A/S,Kvickly City 2,Cityringen 1,2630,Taastrup,01/01 - 1979,21/03 - 2011,0
26259495,COOP DANMARK A/S,SuperBrugsen,Rødovre Centrum 137,2610,Rødovre,22/12 - 1980,01/05 - 2010,50-99
26259495,COOP DANMARK A/S,SUPERBRUGSEN,Stensgårdsvej 26,5620,Glamsbjerg,01/01 - 1982,29/04 - 2011,0
26259495,COOP DANMARK A/S,COOP SuperBrugsen Brovst,Rotfelds Vej 5,9460,Brovst,01/07 - 1980,31/01 - 2013,20-49
26259495,COOP DANMARK A/S,LokalBrugsen,Snerlevej 1,4000,Roskilde,22/12 - 1980,31/12 - 2014,1
26259495,COOP DANMARK A/S,COOP Dagli´Brugsen Kibæk,Nr. Bredgade 13,6933,Kibæk,22/12 - 1980,30/12 - 2011,0
26259495,COOP DANMARK A/S,LOKALBRUGSEN,Jernaldervej 215,8210,Aarhus V,22/12 - 1980,31/07 - 2014,0
26259495,COOP DANMARK A/S,Dagli´Brugsen Grejs,Nørre Bygade 7,7100,Vejle,23/10 - 1964,31/10 - 2013,0
26259495,COOP DANMARK A/S,SUPERBRUGSEN,Møllevænget 1,5592,Ejby,01/07 - 1981,31/07 - 2011,0
26259495,COOP DANMARK A/S,SUPERBRUGSEN EJBY,Ejbyvej 66,4623,Lille Skensved,01/01 - 1983,20/03 - 2011,0
26259495,COOP DANMARK A/S,COOP SuperBrugsen Kokkedal Holmegårdscenteret,Højengen 3,2980,Kokkedal,22/12 - 1980,31/03 - 2013,0
26259495,COOP DANMARK A/S,KVICKLY HASLE,Frydenlunds Allé 7,8210,Aarhus V,01/01 - 1986,31/12 - 2013,0
26259495,COOP DANMARK A/S,DAGLIBRUGSEN MØLLEBAKKEN,Jespervej 21,3400,Hillerød,22/12 - 1980,20/03 - 2011,10-19
26259495,COOP DANMARK A/S,Superbrugsen Christianfeld,Lindegade 61,6070,Christiansfeld,01/09 - 2009,21/03 - 2011,0
26259495,COOP DANMARK A/S,LOKALBRUGSEN GUDUM,Gudumbro 41,7620,Lemvig,01/04 - 1964,29/11 - 2009,10-19
26259495,COOP DANMARK A/S,SUPERBRUGSEN,Birkevænget 7,4900,Nakskov,01/01 - 1986,31/01 - 2003,2-4
26259495,COOP DANMARK A/S,BRUGSEN MØBLER,Roskildevej 45,2620,Albertslund,22/12 - 1980,31/12 - 2004,2-4
26259495,COOP DANMARK A/S,SUPERBRUGSEN,Torvegade 6,7700,Thisted,01/01 - 1991,29/04 - 2008,10-19
26259495,COOP DANMARK A/S,Dagli´Brugsen Karrebæk,Kirkebakken 19,4736,Karrebæksminde,01/01 - 1983,31/08 - 2016,0
26259495,COOP DANMARK A/S,SUPERBRUGSEN,Kochsgade 120,5000,Odense C,22/12 - 1980,27/06 - 2015,0
26259495,COOP DANMARK A/S,SuperBrugsen Slangerup,Københavnsvej 5,3550,Slangerup,01/09 - 2011,31/12 - 2011,0
26259495,COOP DANMARK A/S,Dagli´Brugsen Thyholm,Bredgade 4,7790,Thyholm,22/12 - 1980,01/09 - 2012,0
26259495,COOP DANMARK A/S,SUPERBRUGSEN HOULKÆR,Odshøjvej 1,8800,Viborg,22/12 - 1980,03/09 - 2011,0
26259495,COOP DANMARK A/S,COOP REGION NORD,Søndervangs Allé 20,8260,Viby J,01/01 - 1979,30/04 - 2005,2-4
26259495,COOP DANMARK A/S,LOKALBRUGSEN ØSTERBO,Ørstedsgade 58C,7100,Vejle,22/12 - 1980,26/06 - 2011,0
26259495,COOP DANMARK A/S,IRMA A/S,Pilestræde 13,1112,København K,01/01 - 1991,22/05 - 2016,0
26259495,COOP DANMARK A/S,DAGLIBRUGSEN LØGET BY,Løget Center 16,7100,Vejle,22/12 - 1980,30/06 - 2005,2-4
26259495,COOP DANMARK A/S,IRMA A/S,Immervad 2-8,8000,Århus C,15/04 - 2008,13/02 - 2013,20-49
26259495,COOP DANMARK A/S,IRMA A/S,Trørødvej 52,2950,Vedbæk,01/01 - 1991,30/10 - 2016,10-19
26259495,COOP DANMARK A/S,Irma A/S,Rungsted Bytorv 3,2960,Rungsted Kyst,01/10 - 2014,02/10 - 2016,0
26259495,COOP DANMARK A/S,COOP DANMARK A/S Ejendomme,Roskildevej 29,2620,Albertslund,01/01 - 1993,31/12 - 2006,20-49
26259495,COOP DANMARK A/S,DAGLIBRUGSEN KONGSTED,Møllevej 21,4683,Rønnede,01/01 - 1983,24/05 - 2012,0
26259495,COOP DANMARK A/S,LOKALBRUGSEN VEBBESTRUP,Hobrovej 84,9500,Hobro,01/01 - 1982,30/11 - 2015,0
26259495,COOP DANMARK A/S,SUPERBRUGSEN,Nørregade 53,3390,Hundested,22/12 - 1980,30/05 - 2011,0
26259495,COOP DANMARK A/S,COOP SuperBrugsen Budolfi,Vingårdsgade 10,9000,Aalborg,22/12 - 1980,09/12 - 2012,20-49
26259495,COOP DANMARK A/S,IRMA A/S,Amager Landevej 52,2770,Kastrup,01/01 - 1991,22/02 - 2015,0
26259495,COOP DANMARK A/S,LOKALBRUGSEN,Fåborgvej 47,6818,Årre,21/07 - 1964,31/12 - 2003,0
26259495,COOP DANMARK A/S,LOKALBRUGSEN EJSING,Gl Landevej 1,7830,Vinderup,01/01 - 1983,14/03 - 2015,0
26259495,COOP DANMARK A/S,SUPERBRUGSEN,Østerparken 8,2630,Taastrup,22/12 - 1980,15/06 - 2015,0
26259495,COOP DANMARK A/S,LOKALBRUGSEN KØNG,Byvejen 64,5620,Glamsbjerg,01/01 - 1982,30/11 - 2002,5-9
26259495,COOP DANMARK A/S,SUPERBRUGSEN HALSSKOV,Halsskovvej 46,4220,Korsør,22/12 - 1980,31/01 - 2003,0
26259495,COOP DANMARK A/S,Kvickly Nexø Døgnbutik,Bryggeristræde 4,3730,Nexø,01/01 - 1992,31/12 - 2003,0
26259495,COOP DANMARK A/S,DAGLIBRUGSEN EBBERUP,Ebberupvej 67,5631,Ebberup,19/07 - 1964,31/07 - 2005,1
26259495,COOP DANMARK A/S,BRUGSEN MØBLER NØRREBRO RUNDDEL,Nørrebrogade 124,2200,København N,22/12 - 1980,31/12 - 2003,0
26259495,COOP DANMARK A/S,SUPERBRUGSEN,Algade 29,4220,Korsør,22/12 - 1980,31/01 - 2003,0
26259495,COOP DANMARK A/S,SUPERBRUGSEN,Hjallerup Centret 7,9320,Hjallerup,22/12 - 1980,25/09 - 2004,10-19
26259495,COOP DANMARK A/S,COOP Dybfrost Center Øst,Kanalholmen 25-29,2650,Hvidovre,01/10 - 1998,31/12 - 2002,1
26259495,COOP DANMARK A/S,COOP Dagli´Brugsen Pedersborg,Pedersborg Torv 14,4180,Sorø,01/01 - 1983,12/04 - 2010,20-49
26259495,COOP DANMARK A/S,LokalBrugsen,Juelsmindevej 11,5200,Odense V,22/12 - 1980,30/12 - 2006,2-4
26259495,COOP DANMARK A/S,SUPERBRUGSEN,Vendsysselvej 5,4800,Nykøbing F,22/12 - 1980,19/11 - 2005,5-9
26259495,COOP DANMARK A/S,SUPERBRUGSEN,Vinkældertorvet 4,4640,Faxe,01/01 - 1982,13/04 - 2012,0
26259495,COOP DANMARK A/S,IRMA A/S,Nordre Strandvej 19,8240,Risskov,01/01 - 1983,25/02 - 2013,2-4
26259495,COOP DANMARK A/S,SUPERBRUGSEN VALBY ST,Skolegade 12,2500,Valby,06/05 - 1993,31/12 - 2003,0
26259495,COOP DANMARK A/S,SUPERBRUGSEN STENGÅRDSCENTRET,Stengårdsvej 4,6705,Esbjerg Ø,01/09 - 1994,31/01 - 2003,0
26259495,COOP DANMARK A/S,COOP Indkøb Nonfood,Roskildevej 29,2620,Albertslund,01/01 - 1992,31/12 - 2005,100-199
26259495,COOP DANMARK A/S,COOP DANMARK A/S Avedøre Ferskvare Terminal,Helseholmen 26,2650,Hvidovre,01/01 - 1991,31/05 - 2007,2-4
26259495,COOP DANMARK A/S,SUPERBRUGSEN,Mosevej 68,6000,Kolding,18/01 - 1995,31/12 - 2003,1
26259495,COOP DANMARK A/S,SUPERBRUGSEN,Viby Ringvej 10,8260,Viby J,22/12 - 1980,26/03 - 2005,2-4
26259495,COOP DANMARK A/S,COOP Kvickly Brønderslev,Grønnegade 19,9700,Brønderslev,01/01 - 1983,19/11 - 2005,20-49
26259495,COOP DANMARK A/S,LokalBrugsen,Fjeldstedvej 56,2650,Hvidovre,22/12 - 1980,15/06 - 2015,0
26259495,COOP DANMARK A/S,FDB ANDELSSKOLEN,Skovsvinget 25,5500,Middelfart,01/01 - 1979,31/05 - 2007,2-4
26259495,COOP DANMARK A/S,KVICKLY FISKETORVET FISKETORVET SHOPPINGTORV,Kalvebod Brygge 59,1560,København V,01/10 - 2000,06/07 - 2002,20-49
26259495,COOP DANMARK A/S,SUPERBRUGSEN,Ny Boder 2,7080,Børkop,22/12 - 1980,24/02 - 2013,0
26259495,COOP DANMARK A/S,COOP DANMARK A/S Region Øst,Sydvestvej 104,2600,Glostrup,01/01 - 1993,15/07 - 2007,50-99
26259495,COOP DANMARK A/S,SUPERBRUGSEN RUGKOBBEL,Farversmøllevej 14,6200,Aabenraa,22/12 - 1980,31/01 - 2013,0
26259495,COOP DANMARK A/S,SUPERBRUGSEN,Søndergade 14,9900,Frederikshavn,22/12 - 1980,24/02 - 2013,0
26259495,COOP DANMARK A/S,DAGLIBRUGSEN EGEBJERG,Egebjergvej 173,8700,Horsens,01/07 - 1980,31/12 - 2011,0
26259495,COOP DANMARK A/S,SUPERBRUGSEN,Nørregade 30,6740,Bramming,01/01 - 1990,28/05 - 2011,0
26259495,COOP DANMARK A/S,SuperBrugsen Godthåbsparken,Rypehusene 1,2620,Albertslund,01/07 - 1980,20/03 - 2011,0
26259495,COOP DANMARK A/S,SUPERBRUGSEN,Nørre Voldgade 15,1358,København K,22/12 - 1980,17/01 - 2013,0
26259495,COOP DANMARK A/S,COOP SuperBrugsen Værløse,Bymidten 39,3500,Værløse,22/12 - 1980,29/01 - 2010,100-199
26259495,COOP DANMARK A/S,LOKALBRUGSEN ÅLHOLM,Ålholmvej 2,2500,Valby,22/12 - 1980,16/12 - 2012,10-19
26259495,COOP DANMARK A/S,COOP Kvickly Herlev,Herlev Torv 30,2730,Herlev,22/12 - 1980,02/11 - 2007,10-19
26259495,COOP DANMARK A/S,SUPERBRUGSEN SKIPPEREN,Vestre Alle 13,9000,Aalborg,22/12 - 1980,24/02 - 2013,0
26259495,COOP DANMARK A/S,IRMA A/S,Buddinge Hovedgade 154-158,2860,Søborg,19/11 - 2008,15/12 - 2014,10-19
26259495,COOP DANMARK A/S,LOKALBRUGSEN LINDE,Vilhelmsborgvej 24,7600,Struer,01/01 - 1982,04/08 - 2002,0
26259495,COOP DANMARK A/S,SuperBrugsen Nykøbing Mors,Algade 5,7900,Nykøbing M,01/04 - 1976,11/05 - 2012,0
26259495,COOP DANMARK A/S,LOKALBRUGSEN,Landevejen 8,8350,Hundslund,01/07 - 1980,30/09 - 2007,2-4
26259495,COOP DANMARK A/S,Coop C,Falkoner Alle 13,2000,Frederiksberg,26/03 - 2010,21/09 - 2012,20-49
26259495,COOP DANMARK A/S,"Coop C, Metropolen",Njalsgade 72A,2300,København S,01/05 - 2010,22/09 - 2012,0
26259495,COOP DANMARK A/S,"COOP DANMARK A/S, Fakta Administration",Arnfredsvej 6,6600,Vejen,01/01 - 1996,31/12 - 2014,1
26259495,COOP DANMARK A/S,LOKALBRUGSEN,Herman Bangs Plads 3,2500,Valby,22/12 - 1980,18/03 - 2016,0
26259495,COOP DANMARK A/S,Coop Kvickly Rosengårdcentret,Ørbækvej 75,5220,Odense SØ,01/01 - 1979,31/12 - 2013,0
26259495,COOP DANMARK A/S,Kvickly Hvidovre Delikatesse,Hvidovrevej 178,2650,Hvidovre,01/05 - 2015,31/12 - 2017,0
26259495,COOP DANMARK A/S,LOKALBRUGSEN,Låsbygade 38,6000,Kolding,01/07 - 1980,31/03 - 2016,0
26259495,COOP DANMARK A/S,Coop Kvickly Horsens,Sankt Helene Vej 8,8700,Horsens,01/01 - 1990,15/01 - 2015,0
26259495,COOP DANMARK A/S,Coop Brugsen Amagerbrogade,Amagerbrogade 49,2300,København S,01/03 - 2016,22/06 - 2018,0
26259495,COOP DANMARK A/S,DAGLIBRUGSEN,Stationsvej 5D,9280,Storvorde,01/01 - 1982,28/02 - 2017,0
26259495,COOP DANMARK A/S,DAGLIBRUGSEN TVERSTED,Østervej 4,9881,Bindslev,01/01 - 1983,31/01 - 2017,0
26259495,COOP DANMARK A/S,Dagli'Brugsen Vissenbjerg,Østergade 11,5492,Vissenbjerg,22/12 - 1980,28/02 - 2017,0
26259495,COOP DANMARK A/S,COOP Dagli'brugsen Visse,Vissevej 93,9210,Aalborg SØ,10/04 - 2011,28/02 - 2017,0
26259495,COOP DANMARK A/S,Dagli´Brugsen Viborg,Gl. Aalborgvej 72,8800,Viborg,15/01 - 1974,30/06 - 2018,0
26259495,COOP DANMARK A/S,Coop DagliBrugsen Islev Torv,Islevbrovej 24,2610,Rødovre,10/05 - 2013,01/01 - 2019,2-4
26259495,COOP DANMARK A/S,SuperBrugsen Brovst,Jernbanegade 4,9460,Brovst,01/10 - 2012,24/06 - 2018,0
26259495,COOP DANMARK A/S,Coop SuperBrugsen Korsør,Norvangen 1B,4220,Korsør,01/07 - 2012,28/04 - 2019,2-4
26259495,COOP DANMARK A/S,Coop DagliBrugsen Smidstrup Strand,Smidstrup Strandvej 65,3250,Gilleleje,12/10 - 2000,30/06 - 2018,0
26259495,COOP DANMARK A/S,Dagli' Brugsen,Refsvej 28,7700,Thisted,01/01 - 1988,30/06 - 2018,1
26259495,COOP DANMARK A/S,IRMA A/S,Østergade 18,3200,Helsinge,01/01 - 1991,06/01 - 2019,2-4
26259495,COOP DANMARK A/S,DAGLIBRUGSEN SUNDHØJ,Solvej 1,5700,Svendborg,01/01 - 1982,31/10 - 2018,0
26259495,COOP DANMARK A/S,DAGLIBRUGSEN,Overvejen 77,5792,Årslev,01/07 - 1980,30/06 - 2018,1
26259495,COOP DANMARK A/S,Coop Kvickly Randers,Merkurvej 53,8960,Randers SØ,01/07 - 1980,31/12 - 2017,2-4
26259495,COOP DANMARK A/S,COOP Dagli´Brugsen Arden,Vestergade 34,9510,Arden,23/06 - 1964,30/06 - 2018,1
26259495,COOP DANMARK A/S,IRMA A/S,Stenstuegade 7,4200,Slagelse,27/02 - 2003,09/04 - 2018,0
26259495,COOP DANMARK A/S,IRMA A/S,Lundevej 1,3600,Frederikssund,02/05 - 2002,09/04 - 2018,0
26259495,COOP DANMARK A/S,LOKALBRUGSEN RESEN,Frugtparken 1,7800,Skive,01/01 - 1992,30/06 - 2018,1
26259495,COOP DANMARK A/S,DAGLIBRUGSEN,Møllevej 2,8783,Hornsyld,01/07 - 1980,30/06 - 2018,1
26259495,COOP DANMARK A/S,DAGLIBRUGSEN TILST,Havkærvej 5,8381,Tilst,22/12 - 1980,28/02 - 2017,0
26259495,COOP DANMARK A/S,Coop Kvickly Esbjerg,Gl Vardevej 230,6715,Esbjerg N,01/01 - 1992,08/04 - 2017,0
26259495,COOP DANMARK A/S,IRMA A/S,Amagerbrogade 243,2300,København S,01/12 - 2003,09/04 - 2018,0
26259495,COOP DANMARK A/S,IRMA A/S,Labæk 16,4300,Holbæk,01/01 - 1992,09/04 - 2018,0
26259495,COOP DANMARK A/S,IRMA A/S,Emdrupvej 22,2100,København Ø,01/05 - 1993,09/01 - 2017,0
26259495,COOP DANMARK A/S,IRMA A/S,Taastrup Hovedgade 87,2630,Taastrup,06/10 - 2005,09/04 - 2018,0
26259495,COOP DANMARK A/S,Coop Dagli´Brugsen,Faaruphusevej 1,7900,Nykøbing M,28/04 - 1998,30/06 - 2018,1
26259495,COOP DANMARK A/S,DAGLIBRUGSEN,Stensgade 6,9541,Suldrup,01/04 - 1964,30/06 - 2018,1
26259495,COOP DANMARK A/S,SUPERBRUGSEN,Stationsvej 6,4295,Stenlille,01/01 - 1983,24/06 - 2018,0
26259495,COOP DANMARK A/S,IRMA A/S,Nørre Boulevard 16,4600,Køge,01/01 - 1991,28/05 - 2018,20-49
26259495,COOP DANMARK A/S,DagliBrugsen Hjortekær,Bjælkevangen 63,2800,Kgs.Lyngby,22/12 - 1980,30/06 - 2018,0
26259495,COOP DANMARK A/S,Coop Brugsen St. Kongensgade,Store Kongensgade 21,1264,København K,01/03 - 2016,31/12 - 2018,0
26259495,COOP DANMARK A/S,DAGLIBRUGSEN EJSTRUPHOLM,Østergade 1,7361,Ejstrupholm,01/01 - 1993,01/01 - 2019,0
26259495,COOP DANMARK A/S,SUPERBRUGSEN,Søndervænget 2,8732,Hovedgård,01/01 - 1983,31/12 - 2018,1
26259495,COOP DANMARK A/S,DAGLIBRUGSEN HOLDBØLL PLADS,Mylius Erichsens Vej 74,9210,Aalborg SØ,22/12 - 1980,30/06 - 2018,1
26259495,COOP DANMARK A/S,KVICKLY,Adelgade 134,8660,Skanderborg,01/07 - 1980,30/06 - 2019,20-49
26259495,COOP DANMARK A/S,DAGLIBRUGSEN KRAGELUND,Engesvangvej 9,8600,Silkeborg,01/07 - 1981,30/06 - 2018,0
26259495,COOP DANMARK A/S,DAGLIBRUGSEN,Nørregade 82,6690,Gørding,01/07 - 1981,30/06 - 2018,0
26259495,COOP DANMARK A/S,COOP Dagli´Brugsen Ullerslev,Lundsager 10,5540,Ullerslev,01/07 - 1980,30/06 - 2018,0
26259495,COOP DANMARK A/S,SUPERBRUGSEN,Hovedgaden 3,7260,Sønder Omme,22/12 - 1980,17/02 - 2019,2-4
26259495,COOP DANMARK A/S,IRMA A/S,Bymidten 114,3500,Værløse,01/01 - 1991,09/04 - 2018,0
26259495,COOP DANMARK A/S,Dagli'Brugsen Taulov,Adelvej 7,7000,Fredericia,22/12 - 1980,30/06 - 2018,2-4
26259495,COOP DANMARK A/S,IRMA A/S,Dania 13,4700,Næstved,01/01 - 1991,08/04 - 2018,0
26259495,COOP DANMARK A/S,IRMA A/S,Kongevejen 170,2830,Virum,01/01 - 1991,09/04 - 2018,0
26259495,COOP DANMARK A/S,IRMA A/S,Valby Langgade 24,2500,Valby,01/01 - 1991,09/04 - 2018,0
26259495,COOP DANMARK A/S,IRMA A/S,Sct Hansgade 43,4100,Ringsted,01/01 - 1992,09/04 - 2018,0
26259495,COOP DANMARK A/S,Kantinen Jydekrogen 78144,Jydekrogen 4,2625,Vallensbæk,01/01 - 2020,31/05 - 2021,
26259495,COOP DANMARK A/S,Lille Torv,Torvegade 4-6,7700,Thisted,30/09 - 2008,30/09 - 2008,
26259495,COOP DANMARK A/S,"Englandsvej 28-30, Skotlandsgade 12",Englandsvej 28-30,2300,København S,30/09 - 2008,30/09 - 2008,
26259495,COOP DANMARK A/S,Coop Kvickly Vordingborg,Prins Jørgens Alle 10-12,4760,Vordingborg,08/02 - 2013,01/04 - 2013,
26259495,COOP DANMARK A/S,COOP REGION SYD VEJEN TØRVARECENTER,Arnfredsvej 6,6600,Vejen,01/01 - 1979,01/10 - 2019,100-199
26259495,COOP DANMARK A/S,FDB Møbler Trommesalen,Trommesalen 5,1614,København V,27/09 - 2017,31/12 - 2019,5-9
26259495,COOP DANMARK A/S,"FDB Møbler, St Kongensgade",Store Kongensgade 21,1264,København K,20/09 - 2019,31/12 - 2019,2-4
26259495,COOP DANMARK A/S,DAGLIBRUGSEN MØLLEPARKEN,L.P. Houmøllers Vej 22,9900,Frederikshavn,01/07 - 1981,30/06 - 2020,3
26259495,COOP DANMARK A/S,FDB Møbler Odense,Kongensgade 37,5000,Odense C,23/07 - 2018,31/12 - 2019,5-9
26259495,COOP DANMARK A/S,IRMA A/S,Sylows Alle 17,2000,Frederiksberg,29/11 - 2007,30/06 - 2020,2
26259495,COOP DANMARK A/S,FDB Møbler Århus,Guldsmedgade 42,8000,Aarhus C,08/05 - 2018,31/12 - 2019,2-4
26259495,COOP DANMARK A/S,FDB Møbler Ålborg,Nytorv 13,9000,Aalborg,21/02 - 2019,31/12 - 2019,2-4
26259495,COOP DANMARK A/S,Dagli´Brugsen Bispeparken,Tuborgvej 245-247,2400,København NV,22/12 - 1980,30/06 - 2020,3
26259495,COOP DANMARK A/S,IRMA A/S,Østerbrogade 110,2100,København Ø,01/02 - 2004,18/10 - 2020,2
26259495,COOP DANMARK A/S,FDB Møbler Lyngby,Klampenborgvej 248,2800,Kongens Lyngby,04/07 - 2016,31/12 - 2019,2-4
26259495,COOP DANMARK A/S,DAGLIBRUGSEN,Løjtegårdsvej 1,2770,Kastrup,22/12 - 1980,18/10 - 2020,1
26259495,COOP DANMARK A/S,FDB Møbler Roskilde,Algade 51,4000,Roskilde,02/06 - 2017,31/12 - 2019,2-4
26259495,COOP DANMARK A/S,COOP Kvickly Nyborg,Dronningensvej 1,5800,Nyborg,22/12 - 1980,15/08 - 2021,4
26259495,COOP DANMARK A/S,SUPERBRUGSEN,Vestergade 44,8723,Løsning,01/01 - 1981,23/12 - 2021,10
26259495,COOP DANMARK A/S,SUPERBRUGSEN,Odensevej 10,5260,Odense S,01/01 - 1979,10/01 - 2021,4
26259495,COOP DANMARK A/S,COOP SuperBrugsen Hørsholm Midtp,Hørsholm Midtpunkt 37,2970,Hørsholm,22/12 - 1980,23/12 - 2021,9
26259495,COOP DANMARK A/S,SUPERBRUGSEN,Dr. Ingrids Vej 3N,9640,Farsø,01/07 - 1980,12/03 - 2021,2
26259495,COOP DANMARK A/S,KVICKLY,Søtorvet 1,8600,Silkeborg,22/12 - 1980,31/08 - 2021,7
26259495,COOP DANMARK A/S,Irma Illum,Østergade 52,1100,København K,19/06 - 2018,31/12 - 2021,2
26259495,COOP DANMARK A/S,DAGLIBRUGSEN SØBY,Langebro 13,5985,Søby Ærø,01/01 - 1983,29/05 - 2022,23
26259495,COOP DANMARK A/S,LokalBrugsen,Spættevej 16,8600,Silkeborg,22/12 - 1980,27/02 - 2022,8
26259495,COOP DANMARK A/S,DAGLIBRUGSEN TERSLEV,Årløsevej 2,4690,Haslev,01/07 - 1981,19/06 - 2022,11
26259495,COOP DANMARK A/S,Dagli´Brugsen,Gevninge Bygade 2,4000,Roskilde,01/01 - 1991,19/06 - 2022,6
26259495,COOP DANMARK A/S,Irma A/S,Axeltorv 3,1609,København V,26/05 - 2014,01/09 - 2022,1
26259495,COOP DANMARK A/S,SuperBrugsen Plukbutik Ringe,Skovvej 21,5750,Ringe,01/09 - 2014,31/12 - 2022,
26259495,COOP DANMARK A/S,LokalBrugsen RØRBY,Gl Rørbyvej 2,4400,Kalundborg,01/01 - 1994,27/11 - 2022,6
26259495,COOP DANMARK A/S,DAGLIBRUGSEN AAGAARD,Bramdrupvej 105,6040,Egtved,01/07 - 1980,04/12 - 2022,15
26259495,COOP DANMARK A/S,DAGLIBRUGSEN NØRRE BROBY,Byvænget 24,5672,Broby,01/07 - 1980,27/11 - 2022,7
26259495,COOP DANMARK A/S,DAGLIBRUGSEN TRIGE,Smedebroen 15,8380,Trige,01/01 - 1981,04/12 - 2022,11
26259495,COOP DANMARK A/S,IRMA A/S Waterfront,Tuborg Havnevej 4,2900,Hellerup,27/09 - 2007,31/12 - 2022,2
26259495,COOP DANMARK A/S,MADcooperativet,Banegårdspladsen 5,1570,København V,18/12 - 2014,23/12 - 2022,10
26259495,COOP DANMARK A/S,DAGLIBRUGSEN HEDEGÅRDENE,Klosterengen 58,4000,Roskilde,15/06 - 1964,18/01 - 2023,7
26259495,COOP DANMARK A/S,Dagli´Brugsen Lime,Limegårdsvej 4,8544,Mørke,22/08 - 1964,24/02 - 2023,5
26259495,COOP DANMARK A/S,DAGLIBRUGSEN TARP,Tarp Byvej 51,6715,Esbjerg N,01/01 - 1987,24/02 - 2023,2
26259495,COOP DANMARK A/S,IRMA A/S,Østerbrogade 162,2100,København Ø,07/12 - 1994,05/03 - 2023,1
26259495,COOP DANMARK A/S,IRMA A/S,Finsensvej 9,2000,Frederiksberg,14/03 - 1996,05/03 - 2023,7
26259495,COOP DANMARK A/S,Daglibrugsen Kalvehave,Kalvehave Havnevej 41,4771,Kalvehave,05/10 - 2001,24/02 - 2023,4
26259495,COOP DANMARK A/S,IRMA A/S,Peter Fjelstrups Vej 6,3250,Gilleleje,01/01 - 1991,31/03 - 2023,6
26259495,COOP DANMARK A/S,IRMA A/S,Lyngby Hovedgade 21,2800,Kgs. Lyngby,01/01 - 1991,26/03 - 2023,14
26259495,COOP DANMARK A/S,IRMA A/S,Greve Strandvej 4A,2670,Greve,27/11 - 2012,26/03 - 2023,9
26259495,COOP DANMARK A/S,IRMA A/S,Rantzausgade 11,2200,København N,01/05 - 1979,01/05 - 2023,13
26259495,COOP DANMARK A/S,IRMA A/S,Holte Stationsvej 6,2840,Holte,01/01 - 1991,23/04 - 2023,8
26259495,COOP DANMARK A/S,IRMA A/S,Mozartsvej 32,2450,København SV,01/01 - 1991,01/05 - 2023,8
26259495,COOP DANMARK A/S,IRMA A/S,Bagsværd Hovedgade 107,2880,Bagsværd,16/06 - 2011,16/04 - 2023,6
26259495,COOP DANMARK A/S,IRMA Nærum,Nærumvænge Torv 1,2850,Nærum,18/12 - 2014,23/04 - 2023,8
26259495,COOP DANMARK A/S,IRMA A/S,Farum Bytorv 72,3520,Farum,01/10 - 2003,28/05 - 2023,11
26259495,COOP DANMARK A/S,IRMA A/S,Kastrupvej 223,2770,Kastrup,23/05 - 1993,04/06 - 2023,13
26259495,COOP DANMARK A/S,IRMA A/S,Tybjergvej 115,2720,Vanløse,22/12 - 1980,14/05 - 2023,6
26259495,COOP DANMARK A/S,IRMA A/S,"Rødovre Centrum 1G, st. 150.",2610,Rødovre,01/01 - 1991,26/05 - 2023,19
26259495,COOP DANMARK A/S,IRMA A/S,Emdrupvej 155,2400,København NV,01/01 - 1991,14/05 - 2023,4
26259495,COOP DANMARK A/S,Irma Strandboulevarden,Strandboulevarden 94,2100,København Ø,22/12 - 1980,21/05 - 2023,7
26259495,COOP DANMARK A/S,IRMA A/S,Stengårds Alle 38A,2800,Kgs.Lyngby,22/12 - 1980,10/06 - 2023,9
26259495,COOP DANMARK A/S,IRMA A/S,Rosenørns Alle 60,1970,Frederiksberg C,01/01 - 1991,14/05 - 2023,1
26259495,COOP DANMARK A/S,IRMA A/S,Nørrebrogade 3A,2200,København N,01/12 - 2003,14/05 - 2023,3
26259495,COOP DANMARK A/S,IRMA A/S,Sluseholmen 18,2450,København SV,15/10 - 2008,28/05 - 2023,8
26259495,COOP DANMARK A/S,Irma Hillerød,Østergade 7,3400,Hillerød,12/05 - 2011,10/06 - 2023,11
26259495,COOP DANMARK A/S,IRMA A/S,Kongevejen 18,2791,Dragør,09/06 - 2011,14/05 - 2023,9
26259495,COOP DANMARK A/S,IRMA A/S,Smedetoften 10,2400,København NV,01/01 - 1991,18/06 - 2023,9
26259495,COOP DANMARK A/S,IRMA A/S,Gefionsvej 47,3000,Helsingør,01/01 - 1981,18/06 - 2023,6
26259495,COOP DANMARK A/S,IRMA A/S,Skomagergade 21,4000,Roskilde,21/03 - 1993,02/07 - 2023,11
26259495,COOP DANMARK A/S,Irma Køge,Rådhusstræde 10A,4600,Køge,06/12 - 2017,25/06 - 2023,7
26259495,COOP DANMARK A/S,IRMA A/S,Borgergade 24A,1300,København K,18/09 - 2008,30/07 - 2023,10
26259495,COOP DANMARK A/S,IRMA A/S,Lyngbyvej 32,2100,København Ø,01/01 - 1991,14/05 - 2023,4
26259495,COOP DANMARK A/S,IRMA A/S,Roskildevej 150,2500,Valby,01/01 - 1991,05/03 - 2023,3
26259495,COOP DANMARK A/S,IRMA A/S,Nordre Fasanvej 175,2000,Frederiksberg,01/01 - 1991,16/04 - 2023,4
26259495,COOP DANMARK A/S,DAGLIBRUGSEN,Aalborgvej 326,9362,Gandrup,01/01 - 1981,24/02 - 2023,3
26259495,COOP DANMARK A/S,IRMA A/S,Nørre Voldgade 76,1358,København K,01/01 - 1991,05/04 - 2023,11
26259495,COOP DANMARK A/S,IRMA A/S,Tagensvej 70,2200,København N,01/01 - 1991,14/05 - 2023,9
26259495,COOP DANMARK A/S,IRMA A/S,Madvigs Plads 10A,4500,Nykøbing Sj,01/01 - 1991,14/05 - 2023,7
26259495,COOP DANMARK A/S,LOKALBRUGSEN VORREVANGEN,Vorregårds Allé 96,8200,Aarhus N,22/12 - 1980,24/02 - 2023,9
26259495,COOP DANMARK A/S,Dagli´Brugsen Nørhalne,Bygaden 2,9430,Vadum,03/07 - 1967,24/02 - 2023,3
26259495,COOP DANMARK A/S,DAGLIBRUGSEN VESTER ÅBY,Svendborgvej 419,5600,Faaborg,01/07 - 1981,24/02 - 2023,2
26259495,COOP DANMARK A/S,DAGLIGBRUGSEN FRØLUNDE,Stibjergvej 2,4220,Korsør,01/07 - 1981,24/02 - 2023,4
26259495,COOP DANMARK A/S,IRMA A/S,Hovedgaden 42,3460,Birkerød,01/01 - 1991,25/06 - 2023,15
26259495,COOP DANMARK A/S,DAGLIBRUGSEN,Bystævnet 10,5474,Veflinge,01/01 - 1982,24/02 - 2023,4
26259495,COOP DANMARK A/S,SUPERBRUGSEN,Hovedgaden 43,6064,Jordrup,01/07 - 1981,24/02 - 2023,3
26259495,COOP DANMARK A/S,IRMA A/S,Torvegade 58,1400,København K,01/01 - 1991,16/07 - 2023,24
26259495,COOP DANMARK A/S,DAGLIBRUGSEN BORRIS,Borgergade 13,6900,Skjern,03/09 - 1964,24/02 - 2023,3
26259495,COOP DANMARK A/S,Dagli´Brugsen Engesvang,Jernbanegade 4,7442,Engesvang,23/04 - 1964,24/02 - 2023,4
26259495,COOP DANMARK A/S,IRMA A/S,Godthåbsvej 197,2720,Vanløse,08/02 - 1996,05/03 - 2023,7
26259495,COOP DANMARK A/S,Coop Dagli´Brugsen,Lupinkrogen 12,3460,Birkerød,07/03 - 1978,07/07 - 2023,11
26259495,COOP DANMARK A/S,IRMA A/S,Humlebæk Center 27,3050,Humlebæk,24/10 - 2002,14/05 - 2023,6
26259495,COOP DANMARK A/S,COOP SuperBrugsen Vildbjerg,Bredgade 35,7480,Vildbjerg,12/09 - 2004,10/02 - 2023,10
26259495,COOP DANMARK A/S,IRMA A/S,Nørrebrogade 124,2200,København N,01/06 - 2006,05/03 - 2023,9
26259495,COOP DANMARK A/S,Coop Kvickly Vejle,Søndertorv 2,7100,Vejle,13/04 - 2008,02/07 - 2023,2
26259495,COOP DANMARK A/S,IRMA A/S,Valby Langgade 46-48,2500,Valby,15/09 - 2008,07/05 - 2023,12
26259495,COOP DANMARK A/S,IRMA A/S,Islands Brygge 79E,2300,København S,01/10 - 2009,30/07 - 2023,14
26259495,COOP DANMARK A/S,IRMA ØRESTADEN,Edvard Thomsens Vej 4,2300,København S,27/09 - 2012,14/05 - 2023,7
26259495,COOP DANMARK A/S,Coop.dk Mad,Jydekrogen 4,2625,Vallensbæk,07/08 - 2013,26/02 - 2023,122
26259495,COOP DANMARK A/S,Irma Hellerup St.,"Ryvangs Allé 81, st",2900,Hellerup,23/11 - 2017,05/03 - 2023,2
26259495,COOP DANMARK A/S,IRMA A/S,Vesterbrogade 1A,1620,København V,01/01 - 1991,29/10 - 2023,2
26259495,COOP DANMARK A/S,IRMA A/S,Jernbane Allé 53,2720,Vanløse,01/01 - 1991,04/06 - 2023,12
26259495,COOP DANMARK A/S,Coop Mad Odense Lager,Svovlhatten 3,5220,Odense SØ,03/07 - 2020,04/08 - 2025,
26259495,COOP DANMARK A/S,Coop Mad Århus Lager,Bredskiftevej 36,8210,Aarhus V,18/09 - 2019,04/08 - 2025,
26259495,COOP DANMARK A/S,"Varer hos Catering Danmark, Smedeland",Smedeland 8B,2600,Glostrup,01/10 - 2019,04/08 - 2025,
26259495,COOP DANMARK A/S,COOP MAD Aalborg,Tarmvej 8,9220,Aalborg Øst,02/11 - 2021,04/08 - 2025,
26259495,COOP DANMARK A/S,SUPERBRUGSEN,Hovedgaden 46,4520,Svinninge,22/12 - 1980,16/04 - 2025,2
26259495,COOP DANMARK A/S,Dagli'Brugsen Holbæk,Ladegårdsparken Vest 167,4300,Holbæk,01/01 - 1982,22/12 - 2023,9
26259495,COOP DANMARK A/S,Coop SuperBrugsen Løgstør,Limfjordsvej 17,9670,Løgstør,22/12 - 1980,31/07 - 2024,14
26259495,COOP DANMARK A/S,Brugsen Skt Jørgens Gade,Skt. Jørgens Gade 112,5000,Odense C,22/12 - 1980,23/06 - 2024,8
26259495,COOP DANMARK A/S,SUPERBRUGSEN NÆSBY,Karlavej 1,5270,Odense N,23/08 - 2013,16/04 - 2025,1
26259495,COOP DANMARK A/S,LOKALBRUGSEN PILEPARKEN,Mørkhøjvej 105,2730,Herlev,22/12 - 1980,30/08 - 2006,2-4
26259495,COOP DANMARK A/S,COOP MAD Fredericia,Teknikervej 22,7000,Fredericia,13/09 - 2021,04/08 - 2025,
26259495,COOP DANMARK A/S,Coop Kvickly Slagelse,Vestsjællandscentret 8,4200,Slagelse,01/07 - 1981,31/05 - 2025,47
26259495,COOP DANMARK A/S,SUPERBRUGSEN,Algade 39,4281,Gørlev,01/01 - 1991,16/04 - 2025,1
26259495,COOP DANMARK A/S,SUPERBRUGSEN,Albanigade 42,5000,Odense C,22/12 - 1980,29/09 - 2025,1
26259495,COOP DANMARK A/S,Coop Kvickly Esbjerg Broen,"Exnersgade 18, 1. ste.",6700,Esbjerg,17/01 - 2017,16/04 - 2025,1
26259495,COOP DANMARK A/S,COOP SuperBrugsen Hobro,Adelgade 14,9500,Hobro,22/12 - 1980,16/04 - 2025,2
26259495,COOP DANMARK A/S,"Coop SuperBrugsen Midtbyen, Kolding",Vestre Ringgade 4,6000,Kolding,09/09 - 2014,16/04 - 2025,1
26259495,COOP DANMARK A/S,Brugsen Humble,Ristingevej 27,5932,Humble,01/07 - 1980,18/01 - 2026,20
26259495,COOP DANMARK A/S,DAGLIBRUGSEN SEJS,Julsøvej 91,8600,Silkeborg,16/01 - 1995,,11
26259495,COOP DANMARK A/S,SuperBrugsen Vindinggård,Vindinggård Center 25,7100,Vejle,01/07 - 1990,,42
26259495,COOP DANMARK A/S,Brugsen Havnsø,Havnevej 8,4591,Føllenslev,01/10 - 1972,,20
26259495,COOP DANMARK A/S,Brugsen Voel,Hjaltesvej 2,8600,Silkeborg,01/10 - 1981,,16
26259495,COOP DANMARK A/S,Brugsen Årre,Skolegade 6A,6818,Årre,01/07 - 1984,,16
26259495,COOP DANMARK A/S,Brugsen Ørum,Ørum Torv 1,8830,Tjele,01/07 - 1981,,29
26259495,COOP DANMARK A/S,COOP DANMARK A/S Albertslund Tørvarecenter,Roskildevej 45,2620,Albertslund,01/01 - 1979,,175
26259495,COOP DANMARK A/S,COOP Kvickly Holte,Holte Midtpunkt 23,2840,Holte,22/12 - 1980,,85
26259495,COOP DANMARK A/S,KVICKLY,Vestergade 34,7200,Grindsted,01/01 - 1982,,68
26259495,COOP DANMARK A/S,SUPERBRUGSEN,Sct. Laurentii Vej 28,9990,Skagen,01/07 - 1981,,67
26259495,COOP DANMARK A/S,Brugsen Lem,Bredgade 100,6940,Lem St,01/01 - 1990,,23
26259495,COOP DANMARK A/S,IRMA A/S HOVEDKONTOR,Roskildevej 65,2620,Albertslund,01/01 - 1991,,1
26259495,COOP DANMARK A/S,Brugsen Horslunde,Nylandsvej 12,4913,Horslunde,01/01 - 1986,,25
26259495,COOP DANMARK A/S,COOP SuperBrugsen Struer,Smedegade 21,7600,Struer,01/01 - 1981,,79
26259495,COOP DANMARK A/S,SUPERBRUGSEN,Chr. Pedersensvej 4,9300,Sæby,01/01 - 1981,,64
26259495,COOP DANMARK A/S,Brugsen Stevnstrup,Grenstenvej 1,8870,Langå,01/01 - 1983,,31
26259495,COOP DANMARK A/S,SUPERBRUGSEN ISLANDS BRYGGE,Njalsgade 27,2300,København S,01/01 - 1990,,70
26259495,COOP DANMARK A/S,COOP Kvickly Års,Markedsvej 3,9600,Aars,01/07 - 1981,,75
26259495,COOP DANMARK A/S,SUPERBRUGSEN HAMMELSTRUPVEJ,Stubmøllevej 1,2450,København SV,22/12 - 1980,,45
26259495,COOP DANMARK A/S,SUPERBRUGSEN GENTOFTE BYMIDTE,Baunegårdsvej 7F,2820,Gentofte,01/05 - 1993,,44
26259495,COOP DANMARK A/S,Kvickly Spinderiet,Valby Torvegade 13,2500,Valby,22/12 - 1980,,100
26259495,COOP DANMARK A/S,Brugsen Platan,Vesterbrogade 162,1800,Frederiksberg C,27/02 - 1993,,31
26259495,COOP DANMARK A/S,Coop Kvickly Nørresundby,Loftbrovej 17,9400,Nørresundby,01/07 - 1980,,111
26259495,COOP DANMARK A/S,Brugsen Ryesgade,Ryesgade 60,2100,København Ø,01/01 - 1991,,23
26259495,COOP DANMARK A/S,Coop SuperBrugsen Hinnerup,Storegade 7,8382,Hinnerup,22/12 - 1980,,68
26259495,COOP DANMARK A/S,COOP Kvickly Svendborg Storcenter,Vestergade 167,5700,Svendborg,03/10 - 1994,,98
26259495,COOP DANMARK A/S,SUPERBRUGSEN,Jørgen Fibigersgade 1,9850,Hirtshals,22/12 - 1980,,39
26259495,COOP DANMARK A/S,Brugsen Gl Kongevej,Gammel Kongevej 117,1850,Frederiksberg C,01/01 - 1991,,21
26259495,COOP DANMARK A/S,COOP Kvickly Ringkøbing,Skaadsmosevej 11,6950,Ringkøbing,22/12 - 1980,,66
26259495,COOP DANMARK A/S,Brugsen Mørkøv,Ringstedvej 7,4440,Mørkøv,01/07 - 1980,,20
26259495,COOP DANMARK A/S,SUPERBRUGSEN,Rousthøjs Alle 53,7130,Juelsminde,01/07 - 1980,,51
26259495,COOP DANMARK A/S,COOP Kvickly Vestbyen,Dannebrogsgade 64,9000,Aalborg,22/12 - 1980,,86
26259495,COOP DANMARK A/S,COOP Kvickly Nexø,Købmagergade 12,3730,Nexø,22/12 - 1980,,71
26259495,COOP DANMARK A/S,KVICKLY,Falkoner Alle 90,2000,Frederiksberg,01/07 - 1980,,95
26259495,COOP DANMARK A/S,SUPERBRUGSEN,Nørregade 8,6580,Vamdrup,01/01 - 1985,,52
26259495,COOP DANMARK A/S,KVICKLY,Haslevej 3,8230,Åbyhøj,22/12 - 1980,,156
26259495,COOP DANMARK A/S,SUPERBRUGSEN,Nordre Frihavnsgade 24,2100,København Ø,22/12 - 1980,,78
26259495,COOP DANMARK A/S,COOP Kvickly Næstved,Kvægtorvet 8,4700,Næstved,22/12 - 1980,,90
26259495,COOP DANMARK A/S,Coop SuperBrugsen Samsø,Møllebakkevej 1,8305,Samsø,01/01 - 1983,,39
26259495,COOP DANMARK A/S,Brugsen Folehaven,Frugthaven 16,2500,Valby,22/12 - 1980,,24
26259495,COOP DANMARK A/S,Brugsen Bønnerup,Bønnerupvej 12B,8585,Glesborg,01/01 - 1993,,16
26259495,COOP DANMARK A/S,KVICKLY NØRREBRO,Nørrebrogade 157,2200,København N,22/12 - 1980,,92
26259495,COOP DANMARK A/S,Brugsen Gedser,E. Schiødtsgade 2,4874,Gedser,01/01 - 1991,,15
26259495,COOP DANMARK A/S,SUPERBRUGSEN,Borgergade 28,1300,København K,30/01 - 1993,,40
26259495,COOP DANMARK A/S,COOP SuperBrugsen Skovlunde,Bybjergvej 2,2740,Skovlunde,22/12 - 1980,,66
26259495,COOP DANMARK A/S,Brugsen Jægersborg Alle,Jægersborg Alle 21,2920,Charlottenlund,01/01 - 1991,,24
26259495,COOP DANMARK A/S,Brugsen Mogenstrup,Lovvej 12,4700,Næstved,01/12 - 1994,,21
26259495,COOP DANMARK A/S,Brugsen Brobergsgade,Brobergsgade 7,1427,København K,01/01 - 1991,,16
26259495,COOP DANMARK A/S,SUPERBRUGSEN,Kæpgårdsvej 6,4840,Nørre Alslev,01/01 - 1981,,33
26259495,COOP DANMARK A/S,Brugsen Bredsten Centret,Steen Blicher Vej 1,7182,Bredsten,01/01 - 1983,,25
26259495,COOP DANMARK A/S,COOP Kvickly Skive Søndercenter,Ågade 2,7800,Skive,01/01 - 1991,,72
26259495,COOP DANMARK A/S,Brugsen Rask Mølle,Gl Jernbanevej 5,8763,Rask Mølle,01/07 - 1980,,25
26259495,COOP DANMARK A/S,Superbrugsen,"Kirketorvet 6B, st. 2.",8310,Tranbjerg J,01/01 - 1990,,69
26259495,COOP DANMARK A/S,SUPERBRUGSEN,Tårnby Torv 3,2770,Kastrup,22/12 - 1980,,35
26259495,COOP DANMARK A/S,KVICKLY SVENDBORG CITY,Gerritsgade 33,5700,Svendborg,01/09 - 1994,,60
26259495,COOP DANMARK A/S,Coop SuperBrugsen Søborg Hovedgade,Søborg Hovedgade 70,2860,Søborg,25/04 - 1993,,45
26259495,COOP DANMARK A/S,Coop Kvickly Herning,"Merkurvej 1C, st. 63.",7400,Herning,01/07 - 1980,,78
26259495,COOP DANMARK A/S,Brugsen Agersted,Præstbrovej 4,9330,Dronninglund,01/01 - 1983,,16
26259495,COOP DANMARK A/S,SUPERBRUGSEN,Flodvej 75G,2765,Smørum,22/12 - 1980,,51
26259495,COOP DANMARK A/S,Coop SuperBrugsen Frederiksborggade,Frederiksborggade 34,1360,København K,01/01 - 1991,,32
26259495,COOP DANMARK A/S,SUPERBRUGSEN,Ålekistevej 75,2720,Vanløse,22/12 - 1980,,48
26259495,COOP DANMARK A/S,SUPERBRUGSEN BULLERUP,Mølledammen 5,5320,Agedrup,01/01 - 1983,,49
26259495,COOP DANMARK A/S,COOP Aalborg Tørvarecenter,Hobrovej 461,9200,Aalborg SV,01/01 - 1979,,147
26259495,COOP DANMARK A/S,KVICKLY,Nygårds Plads 29,2605,Brøndby,22/12 - 1980,,42
26259495,COOP DANMARK A/S,COOP SuperBrugsen Otterup,Nørregade 2,5450,Otterup,01/07 - 1981,,81
26259495,COOP DANMARK A/S,Coop Kvickly Prøvestenscentret,Birkedalsvej 5,3000,Helsingør,01/01 - 1983,,115
26259495,COOP DANMARK A/S,Brugsen Hornum,Havbrovej 5,9600,Aars,11/10 - 1964,,28
26259495,COOP DANMARK A/S,SUPERBRUGSEN,Strandby Plads 13,6700,Esbjerg,22/12 - 1980,,64
26259495,COOP DANMARK A/S,COOP SuperBrugsen Thisted,Vestergade 15,7700,Thisted,01/07 - 1980,,76
26259495,COOP DANMARK A/S,Brugsen Højslev,Viborgvej 214,7840,Højslev,01/01 - 1991,,24
26259495,COOP DANMARK A/S,Coop Kvickly Grenå,Østerbrogade 55,8500,Grenaa,22/12 - 1980,,64
26259495,COOP DANMARK A/S,COOP SuperBrugsen Fortunbyen,Lyngbygårdsvej 153,2800,Kgs.Lyngby,22/12 - 1980,,49
26259495,COOP DANMARK A/S,Brugsen Tejn,Havnevej 1,3770,Allinge,13/05 - 1964,,20
26259495,COOP DANMARK A/S,Coop SuperBrugsen Amagerbrogade,Amagerbrogade 266,2300,København S,22/12 - 1980,,68
26259495,COOP DANMARK A/S,COOP Kvickly Stenløse,Centertorvet 1,3660,Stenløse,01/01 - 1981,,73
26259495,COOP DANMARK A/S,COOP DANMARK A/S,Roskildevej 65,2620,Albertslund,01/01 - 1979,,1233
26259495,COOP DANMARK A/S,Brugsen Havndal,Østerbro 17,8970,Havndal,22/12 - 1980,,18
26259495,COOP DANMARK A/S,SUPERBRUGSEN,Nøvlingvej 25,9260,Gistrup,01/01 - 1982,,43
26259495,COOP DANMARK A/S,SUPERBRUGSEN CITY,Vestergade 76,5000,Odense C,22/12 - 1980,,45
26259495,COOP DANMARK A/S,SUPERBRUGSEN,Søndermarksvej 10,8340,Malling,01/01 - 1982,,42
26259495,COOP DANMARK A/S,Brugsen Væggerløse,Væggerløsevej 14,4873,Væggerløse,01/01 - 1990,,22
26259495,COOP DANMARK A/S,Brugsen Ny Nørup,Billundvej 35,7182,Bredsten,01/01 - 1988,,19
26259495,COOP DANMARK A/S,COOP Kvickly Frederiksværk,Torvet 35,3300,Frederiksværk,01/01 - 1990,,78
26259495,COOP DANMARK A/S,SUPERBRUGSEN SOLRØD,Solrød Center 23,2680,Solrød Strand,22/12 - 1980,,37
26259495,COOP DANMARK A/S,Brugsen Nyråd,Nyraad Hovedgade 54,4760,Vordingborg,01/01 - 1983,,21
26259495,COOP DANMARK A/S,Coop SuperBrugsen Roskilde,Algade 51,4000,Roskilde,01/10 - 1978,,54
26259495,COOP DANMARK A/S,SUPERBRUGSEN ALLINGE,Østergade 30,3770,Allinge,02/02 - 1970,,31
26259495,COOP DANMARK A/S,Brugsen Sengeløse,Landsbygaden 23,2630,Taastrup,22/12 - 1980,,17
26259495,COOP DANMARK A/S,SUPERBRUGSEN,Hobrovej 53,9530,Støvring,01/01 - 1979,,35
26259495,COOP DANMARK A/S,KVICKLY,Konsul Andersensgade 3B,7620,Lemvig,01/01 - 1982,,72
26259495,COOP DANMARK A/S,COOP Kvickly Skibhusvej,"Skibhusvej 66, kl",5000,Odense C,22/12 - 1980,,66
26259495,COOP DANMARK A/S,COOP SuperBrugsen Ringsted,Nørretorv 26,4100,Ringsted,22/12 - 1980,,54
26259495,COOP DANMARK A/S,Brugsen Rødvig,Vemmetoftevej 1,4673,Rødvig Stevns,22/12 - 1980,,31
26259495,COOP DANMARK A/S,Coop SuperBrugsen Ordrupvej,Ordrupvej 79,2920,Charlottenlund,01/01 - 1991,,73
26259495,COOP DANMARK A/S,Brugsen Rantzausminde,Rantzausmindevej 112,5700,Svendborg,01/07 - 1981,,14
26259495,COOP DANMARK A/S,KVICKLY,Rådhuscentret 11,6500,Vojens,01/01 - 1987,,110
26259495,COOP DANMARK A/S,Brugsen Anholt,Bygaden 11,8592,Anholt,22/12 - 1980,,10
26259495,COOP DANMARK A/S,SUPERBRUGSEN SKÅRUP,Skårup Stationsvej 12,5881,Skårup Fyn,01/01 - 1983,,30
26259495,COOP DANMARK A/S,COOP SuperBrugsen Humlebæk,Humlebæk Center 1,3050,Humlebæk,01/01 - 1981,,45
26259495,COOP DANMARK A/S,SUPERBRUGSEN,Nørrebrogade 53B,2200,København N,20/02 - 1993,,47
26259495,COOP DANMARK A/S,Coop SuperBrugsen Svanemøllen,Østerbrogade 135,2100,København Ø,01/07 - 1980,,39
26259495,COOP DANMARK A/S,COOP SuperBrugsen Haslev,Lysholm Alle 5,4690,Haslev,01/01 - 1983,,34
26259495,COOP DANMARK A/S,Brugsen Hunderupparken,Skovsbovænget 6,5230,Odense M,22/12 - 1980,,31
26259495,COOP DANMARK A/S,SUPERBRUGSEN,Sunds Hovedgade 77,7451,Sunds,01/01 - 1982,,32
26259495,COOP DANMARK A/S,Brugsen Lindved,Agersbølvej 5,7100,Vejle,01/07 - 1980,,21
26259495,COOP DANMARK A/S,Brugsen Merløse,Ørnevej 3,4370,Store Merløse,22/12 - 1980,,22
26259495,COOP DANMARK A/S,SUPERBRUGSEN,Vodskovvej 17,9310,Vodskov,22/12 - 1980,,41
26259495,COOP DANMARK A/S,SUPERBRUGSEN VANGEDE,Vangede Bygade 61,2820,Gentofte,18/04 - 1993,,36
26259495,COOP DANMARK A/S,Brugsen Osted,Nørretoften 1,4320,Lejre,22/12 - 1980,,22
26259495,COOP DANMARK A/S,SUPERBRUGSEN,Jægergårdsgade 16,8000,Aarhus C,22/12 - 1980,,38
26259495,COOP DANMARK A/S,SuperBrugsen,Christianshavns Torv 2,1410,København K,22/12 - 1980,,46
26259495,COOP DANMARK A/S,SUPERBRUGSEN,Ved Åen 3,4930,Maribo,01/01 - 1987,,47
26259495,COOP DANMARK A/S,Brugsen Harboøre,Lemvigvej 5,7673,Harboøre,01/01 - 1988,,25
26259495,COOP DANMARK A/S,COOP DANMARK A/S Hasselager ferskvarecenter,Beringvej 2,8361,Hasselager,01/01 - 1993,,365
26259495,COOP DANMARK A/S,COOP BRØNDBY FERSKVARE CENTER,Solmarksvej 7,2605,Brøndby,01/01 - 1993,,338
26259495,COOP DANMARK A/S,Brugsen Bårse,Næstvedvej 50,4720,Præstø,01/01 - 1983,,20
26259495,COOP DANMARK A/S,KVICKLY VERICENTRET,Frijsenborgvej 5B,8240,Risskov,22/12 - 1980,,86
26259495,COOP DANMARK A/S,KVICKLY,Søndergade 15,8370,Hadsten,01/01 - 1983,,51
26259495,COOP DANMARK A/S,SuperBrugsen,Vesterbro Torv 1,8000,Aarhus C,22/12 - 1980,,68
26259495,COOP DANMARK A/S,SUPERBRUGSEN,Lystrup Centervej 55,8520,Lystrup,22/12 - 1980,,127
26259495,COOP DANMARK A/S,SUPERBRUGSEN,Rødegårdsvej 84,5000,Odense C,22/12 - 1980,,42
26259495,COOP DANMARK A/S,SUPERBRUGSEN,Billesborgvej 26,4681,Herfølge,01/07 - 1981,,92
26259495,COOP DANMARK A/S,SUPERBRUGSEN,Nymarksvej 39A,7000,Fredericia,22/12 - 1980,,34
26259495,COOP DANMARK A/S,Brugsen Bogø,Bogø Hovedgade 131,4793,Bogø By,01/07 - 1980,,22
26259495,COOP DANMARK A/S,Brugsen Østerbrogade 52,Østerbrogade 52,2100,København Ø,01/01 - 1991,,31
26259495,COOP DANMARK A/S,COOP Kvickly Vordingborg,Prins Jørgens Alle 10-12,4760,Vordingborg,01/01 - 1983,,81
26259495,COOP DANMARK A/S,SUPERBRUGSEN FAKSE LADEPLADS,Hovedgaden 24,4654,Faxe Ladeplads,01/07 - 1981,,46
26259495,COOP DANMARK A/S,SUPERBRUGSEN BELLINGE,Brogårdsvej 3,5250,Odense SV,22/12 - 1980,,45
26259495,COOP DANMARK A/S,SUPERBRUGSEN FÆRØ PLADS,Sjællandsgade 45,9000,Aalborg,01/01 - 1990,,39
26259495,COOP DANMARK A/S,Brugsen Brydes Alle,Brydes Allé 34,2300,København S,22/12 - 1980,,26
26259495,COOP DANMARK A/S,Brugsen Bindslev,Vesterbro 9,9881,Bindslev,22/12 - 1980,,24
26259495,COOP DANMARK A/S,SUPERBRUGSEN,Vallensbæk Stationstorv 80,2665,Vallensbæk Strand,06/06 - 1993,,29
26259495,COOP DANMARK A/S,COOP Kvickly Farum,Farum Bytorv 2,3520,Farum,01/01 - 1992,,110
26259495,COOP DANMARK A/S,Brugsen Kirke Såby,Rømøvej 3,4060,Kirke Såby,01/03 - 1994,,21
26259495,COOP DANMARK A/S,COOP SuperBrugsen Hellerup,Strandvejen 169,2900,Hellerup,21/03 - 1993,,41
26259495,COOP DANMARK A/S,Brugsen Hasle,Storegade 67,3790,Hasle,01/01 - 1982,,28
26259495,COOP DANMARK A/S,Brugsen Bryrup,Hovedgaden 13,8654,Bryrup,01/07 - 1981,,23
26259495,COOP DANMARK A/S,Coop SuperBrugsen Østerport St,Oslo Plads 2,2100,København Ø,01/01 - 1991,,71
26259495,COOP DANMARK A/S,SUPERBRUGSEN BRØNSHØJ TORV,Frederikssundsvej 175,2700,Brønshøj,20/03 - 1993,,48
26259495,COOP DANMARK A/S,KVICKLY BUTIKSTORVET,Hvidovrevej 178,2650,Hvidovre,22/12 - 1980,,81
26259495,COOP DANMARK A/S,SUPERBRUGSEN,Toften 1A,9240,Nibe,22/12 - 1980,,32
26259495,COOP DANMARK A/S,SUPERBRUGSEN,Centervej 13,4270,Høng,01/01 - 1984,,38
26259495,COOP DANMARK A/S,COOP Kvickly Nykøbing F,Højbrogade 4,4800,Nykøbing F,01/07 - 1981,,79
26259495,COOP DANMARK A/S,COOP Kvickly Dalum,Dalumvej 46,5250,Odense SV,01/07 - 1980,,52
26259495,COOP DANMARK A/S,COOP RØNNE AFDELING,Lillevangsvej 21,3700,Rønne,01/01 - 1979,,11
26259495,COOP DANMARK A/S,SUPERBRUGSEN BROSTYKKEVEJ,Ketilstorp Alle 1,2650,Hvidovre,23/05 - 1993,,34
26259495,COOP DANMARK A/S,SUPERBRUGSEN,Søndre Ringvej 45A,2605,Brøndby,22/12 - 1980,,44
26259495,COOP DANMARK A/S,SUPERBRUGSEN,Torvet 4,4293,Dianalund,22/12 - 1980,,43
26259495,COOP DANMARK A/S,SUPERBRUGSEN,Halmtorvet 25,1700,København V,20/02 - 1993,,40
26259495,COOP DANMARK A/S,Brugsen Vemmelev,Akacievej 4A,4241,Vemmelev,01/01 - 1985,,25
26259495,COOP DANMARK A/S,Brugsen Ulstrup,Hovedgaden 23,8860,Ulstrup,01/01 - 1983,,29
26259495,COOP DANMARK A/S,SUPERBRUGSEN NR LYNDELSE,Albanivej 26,5792,Årslev,22/12 - 1980,,45
26259495,COOP DANMARK A/S,SuperBrugsen,Vestergade 32,9620,Aalestrup,22/12 - 1980,,41
26259495,COOP DANMARK A/S,Brugsen Nr Jernløse,Nørupvej 16,4420,Regstrup,01/01 - 1982,,25
26259495,COOP DANMARK A/S,Brugsen Ruds Vedby,Slagelsevej 7,4291,Ruds Vedby,01/07 - 1981,,20
26259495,COOP DANMARK A/S,COOP SuperBrugsen Nakskov,Krøyers Gård 23,4900,Nakskov,22/12 - 1980,,50
26259495,COOP DANMARK A/S,COOP Kvickly Brande,Storegade 60,7330,Brande,01/01 - 1981,,75
26259495,COOP DANMARK A/S,Brugsen Ll Skensved,Hovedgaden 21,4623,Lille Skensved,01/07 - 1980,,24
26259495,COOP DANMARK A/S,COOP Kvickly Rønne,Nordre Kystvej 28,3700,Rønne,01/01 - 1982,,91
26259495,COOP DANMARK A/S,Brugsen Thor,Fåborgvej 38,5762,Vester Skerninge,01/01 - 1982,,22
26259495,COOP DANMARK A/S,Brugsen Hjortshøj,Hundkærvej 4,8530,Hjortshøj,01/07 - 1980,,22
26259495,COOP DANMARK A/S,Brugsen Jerslev,Boulevarden 19,9740,Jerslev J,01/01 - 1982,,21
26259495,COOP DANMARK A/S,Coop SuperBrugsen Amager Center,Reberbanegade 3,2300,København S,01/01 - 1991,,30
26259495,COOP DANMARK A/S,Coop SuperBrugsen Haderslev,Jomfrustien 40,6100,Haderslev,22/12 - 1980,,60
26259495,COOP DANMARK A/S,COOP ODENSE NONFOOD CENTER,Hestehaven 51,5260,Odense S,01/01 - 1979,,302
26259495,COOP DANMARK A/S,COOP Kvickly Køge,Vestergade 25A,4600,Køge,22/12 - 1980,,63
26259495,COOP DANMARK A/S,Brugsen Vedbæk,Vedbæk Strandvej 393,2950,Vedbæk,01/01 - 1993,,29
26259495,COOP DANMARK A/S,SUPERBRUGSEN,Markedsgade 1,8850,Bjerringbro,01/01 - 1987,,42
26259495,COOP DANMARK A/S,Brugsen Hundelev,Løkkensvej 669,9480,Løkken,01/07 - 1981,,17
26259495,COOP DANMARK A/S,Brugsen Tuse Næs,Udbyvej 57,4300,Holbæk,01/01 - 1982,,25
26259495,COOP DANMARK A/S,Brugsen Brahetrolleborg,Lykkevalg 3,5600,Faaborg,01/07 - 1980,,22
26259495,COOP DANMARK A/S,SUPERBRUGSEN VEJGÅRD,Vejgård Bymidte 10,9000,Aalborg,01/01 - 1982,,77
26259495,COOP DANMARK A/S,Coop SuperBrugsen Hørsholm Midtpunkt,Hørsholm Midtpunkt 71,2970,Hørsholm,01/01 - 1991,,61
26259495,COOP DANMARK A/S,COOP SuperBrugsen Helsingør,Stjernegade 25,3000,Helsingør,01/01 - 1981,,91
26259495,COOP DANMARK A/S,SUPERBRUGSEN,Svendborgvej 10,5772,Kværndrup,01/01 - 1983,,29
26259495,COOP DANMARK A/S,Brugsen Skødstrup,Kløvervangen 108,8541,Skødstrup,01/07 - 1980,,26
26259495,COOP DANMARK A/S,Brugsen Gislinge,Byvej 37,4532,Gislinge,01/01 - 1982,,14
26259495,COOP DANMARK A/S,Coop Kvickly Holstebro,Brogårdsvej 6,7500,Holstebro,01/01 - 1993,,126
26259495,COOP DANMARK A/S,Brugsen Fjellerup,Strandvejen 8,8585,Glesborg,01/01 - 1981,,18
26259495,COOP DANMARK A/S,KVICKLY SUNDBY,Englandsvej 28,2300,København S,20/11 - 1995,,151
26259495,COOP DANMARK A/S,Brugsen Skyttegården,Vigerslevvej 125,2500,Valby,03/11 - 1997,,20
26259495,COOP DANMARK A/S,Brugsen Sorgenfri Torv,Sorgenfri Torv 14,2830,Virum,09/10 - 1997,,30
26259495,COOP DANMARK A/S,Kvickly Viby J.,Ringvej Syd 100,8260,Viby J,01/03 - 1998,,132
26259495,COOP DANMARK A/S,Brugsen Uldum,I P Hansens Vej 16,7171,Uldum,06/11 - 2000,,19
26259495,COOP DANMARK A/S,Brugsen Hjordkær,Kirkegade 59,6230,Rødekro,15/02 - 2001,,16
26259495,COOP DANMARK A/S,Brugsen Ulsted,Vestergade 80,9370,Hals,15/02 - 2001,,28
26259495,COOP DANMARK A/S,SuperBrugsen Finsensvej,Finsensvej 14,2000,Frederiksberg,01/01 - 2000,,60
26259495,COOP DANMARK A/S,Kvickly Hyrdehøj,Hyrdehøj Bygade 6A,4000,Roskilde,23/09 - 2001,,114
26259495,COOP DANMARK A/S,Brugsen Vesterbros Torv,Vesterbrogade 46,1620,København V,15/12 - 2001,,19
26259495,COOP DANMARK A/S,COOP Kvickly Slotscentret,"Slotsvolden 7, st",4300,Holbæk,24/02 - 2002,,108
26259495,COOP DANMARK A/S,Kvickly Bruuns Galleri Bruuns Galleri butik 413,M.P. Bruuns Gade 25,8000,Aarhus C,13/10 - 2003,,101
26259495,COOP DANMARK A/S,Brugsen Gredstedbro,Andelsgade 4,6771,Gredstedbro,01/11 - 2003,,22
26259495,COOP DANMARK A/S,Brugsen Søvind,Haldrupvej 1,8700,Horsens,01/04 - 2007,,19
26259495,COOP DANMARK A/S,Coop SuperBrugsen Codanhus,Gammel Kongevej 64,1850,Frederiksberg C,01/12 - 2004,,46
26259495,COOP DANMARK A/S,Coop Kvickly Hjørring,Østergade 30,9800,Hjørring,04/03 - 2008,,66
26259495,COOP DANMARK A/S,Coop SuperBrugsen Trekroner,Trekroner Centervej 51-53,4000,Roskilde,24/08 - 2008,,87
26259495,COOP DANMARK A/S,SuperBrugsen Løgten,Grenåvej 768,8541,Skødstrup,01/01 - 2009,,41
26259495,COOP DANMARK A/S,Coop Kvickly Værløse,Bymidten 75,3500,Værløse,01/02 - 2009,,89
26259495,COOP DANMARK A/S,SuperBrugsen Ringkøbing,Torvegade 9-11,6950,Ringkøbing,01/01 - 2009,,47
26259495,COOP DANMARK A/S,Coop SuperBrugsen Assens,Søndre Ringvej 10,5610,Assens,01/02 - 2009,,56
26259495,COOP DANMARK A/S,Brugsen Skodborg,Skodborg Søndergade 1,6630,Rødding,16/11 - 2009,,21
26259495,COOP DANMARK A/S,COOP Kvickly Frederikssund,Nygade 1,3600,Frederikssund,01/03 - 2010,,65
26259495,COOP DANMARK A/S,Coop Superbrugsen Stensballe,Sundgårdsvej 1,8700,Horsens,10/06 - 2010,,50
26259495,COOP DANMARK A/S,Brugsen Rødkærsbro,Søndergade 2,8840,Rødkærsbro,01/01 - 2011,,31
26259495,COOP DANMARK A/S,Brugsen Strandvejen,Strandvejen 213,2900,Hellerup,10/03 - 2011,,31
26259495,COOP DANMARK A/S,Superbrugsen Bramming,Nørregade 36,6740,Bramming,01/05 - 2011,,39
26259495,COOP DANMARK A/S,Brugsen Vivild,Langgade 43,8961,Allingåbro,10/07 - 2011,,23
26259495,COOP DANMARK A/S,COOP SUPERBRUGSEN MATTHÆUSGADE,Matthæusgade 50,1666,København V,01/02 - 2012,,84
26259495,COOP DANMARK A/S,Brugsen Parcelvej,Parcelvej 71,2830,Virum,14/11 - 2011,,17
26259495,COOP DANMARK A/S,Brugsen Græse Bakkeby,Højvang 5,3600,Frederikssund,01/01 - 2012,,22
26259495,COOP DANMARK A/S,Brugsen Lejre,Bygaden 21,4320,Lejre,01/10 - 2012,,28
26259495,COOP DANMARK A/S,Kvickly Buddinge (ny),Buddingevej 272,2860,Søborg,11/02 - 2013,,124
26259495,COOP DANMARK A/S,CoopKvickly Strandlodsvej,Strandlodsvej 43,2300,København S,06/05 - 2013,,140
26259495,COOP DANMARK A/S,COOP Kvickly Taastrup,Taastrup Torv 18,2630,Taastrup,14/06 - 2013,,89
26259495,COOP DANMARK A/S,Coop SuperBrugsen Ølsted,Byvej 6,3310,Ølsted,01/02 - 2014,,49
26259495,COOP DANMARK A/S,SuperBrugsen Øster Bordingvej,Øster Bordingvej 1,8600,Silkeborg,07/05 - 2015,,51
26259495,COOP DANMARK A/S,Coop Kvickly Albertslund,Stationsporten 8,2620,Albertslund,30/09 - 2015,,87
26259495,COOP DANMARK A/S,Brugsen Peter Bangs Vej,Peter Bangs Vej 61,2000,Frederiksberg,14/12 - 2015,,20
26259495,COOP DANMARK A/S,Brugsen Herman Bangs Plads,Herman Bangs Plads 3,2500,Valby,01/03 - 2016,,24
26259495,COOP DANMARK A/S,SuperBrugsen Godthåbsvej,Godthåbsvej 207,2720,Vanløse,31/05 - 2016,,52
26259495,COOP DANMARK A/S,SUPERBRUGSEN NORDHAVNEN,Havnegade 10,9400,Nørresundby,01/07 - 2017,,40
26259495,COOP DANMARK A/S,Superbrugsen Skanderborg,Adelgade 70,8660,Skanderborg,01/07 - 2019,,49
26259495,COOP DANMARK A/S,SuperBrugsen Nærheden,Sejlbjerg Alle 1,2640,Hedehusene,01/01 - 2020,,49
26259495,COOP DANMARK A/S,Brugsen Øster Farimagsgade,Øster Farimagsgade 28A,2100,København Ø,17/12 - 2020,,18
26259495,COOP DANMARK A/S,Brødcooperativet,Vallensbæk Torvevej 7,2620,Albertslund,21/01 - 2021,,75
26259495,COOP DANMARK A/S,Coop Superbrugsen Dragør,Krudttårnsvej 171,2791,Dragør,04/02 - 2021,,36
26259495,COOP DANMARK A/S,Coop SuperBrugsen Søtorvet,Søtorvet 8,8600,Silkeborg,09/02 - 2021,,48
26259495,COOP DANMARK A/S,Coop Superbrugsen Nyborg,Dronningensvej 1,5800,Nyborg,18/05 - 2021,,39
26259495,COOP DANMARK A/S,Coop SuperBrugsen Nørre Alslev fængsel,Blichersvej 1,4840,Nørre Alslev,20/01 - 2022,,5
26259495,COOP DANMARK A/S,Kvickly Silkeborg,Viborgvej 21,8600,Silkeborg,01/04 - 2022,,112
26259495,COOP DANMARK A/S,Brugsen Biersted,Stationsvej 27,9440,Aabybro,17/11 - 2023,,17
26259495,COOP DANMARK A/S,Brugsen Hellerup Station,Ryvangs Allé 81,2900,Hellerup,02/06 - 2025,,23
26259495,COOP DANMARK A/S,Brugsen Allingåbro,Hovedgaden 80,8961,Allingåbro,08/10 - 2025,,24
26259495,COOP DANMARK A/S,Varer hos Jetpak,Venusvej 13,6000,Kolding,27/08 - 2025,,
26259495,COOP DANMARK A/S,Coop Odense DC afd Roulund,Rolundvej 5,5260,Odense S,27/08 - 2025,,
26259495,COOP DANMARK A/S,Varer hos Alex Andersen,Handelsvej 28,5260,Odense S,27/08 - 2025,,
26259495,COOP DANMARK A/S,Varer hos Postnord TPL,Sleipnersvej 4,4600,Køge,27/08 - 2025,,
26259495,COOP DANMARK A/S,Varer hos Schulstad,Hammerholmen 21-35,2650,Hvidovre,25/07 - 2007,,
26259495,COOP DANMARK A/S,Varer hos Harndrup Frugtlager,Overgade 15,5463,Harndrup,25/07 - 2007,,
26259495,COOP DANMARK A/S,Varer hos Schulstad,Klokkestøbervej 12,9490,Pandrup,25/07 - 2007,,
26259495,COOP DANMARK A/S,Varer hos Schulstad,Stiftsvej 10,7100,Vejle,25/07 - 2007,,
26259495,COOP DANMARK A/S,Varer hos Lineage Vejle ApS,Kristian Skous Vej 6,7100,Vejle,01/01 - 2018,,
26259495,COOP DANMARK A/S,Varer hos Claus Sørensen,Løhdesvej 15,7442,Engesvang,01/01 - 2018,,
26259495,COOP DANMARK A/S,Varer hos Claus Sørensen,Kristian Skous Vej 1,7100,Vejle,01/01 - 2018,,
26259495,COOP DANMARK A/S,Coop Danmark A/S,Hjulmagervej 12,7100,Vejle,01/11 - 2018,,
26259495,COOP DANMARK A/S,Coop SuperBrugsen Karup,Bredgade 5,7470,Karup J,08/04 - 2026,,
26259495,COOP DANMARK A/S,IRMA A/S ESPERGÆRDE CENTRET,Nørre Torv 9,3060,Espergærde,01/01 - 1991,,1
26259495,COOP DANMARK A/S,Kantinen Roskildevej 25 78984,Roskildevej 25,2620,Albertslund,01/01 - 2020,,
26259495,COOP DANMARK A/S,Kantinen Brøndby FVC 78985,Solmarksvej 7,2605,Brøndby,01/01 - 2020,,
26259495,COOP DANMARK A/S,"Kantinen, Roskildevej 45 78983",Roskildevej 45,2620,Albertslund,01/01 - 2020,,
26259495,COOP DANMARK A/S,Kantine Ragnesminde 78982,Vallensbæk Torvevej 9,2620,Albertslund,01/01 - 2020,,
26259495,COOP DANMARK A/S,Brugsen Mejdal,Prins Buris Vej 44,7500,Holstebro,13/01 - 2026,,
26259495,COOP DANMARK A/S,Coop Assentoft,Storegade 51,8960,Randers SØ,07/01 - 2026,,
26259495,COOP DANMARK A/S,"HFG Food factory, Hasselager",Brunagervej 2,8361,Hasselager,19/01 - 2010,,
26259495,COOP DANMARK A/S,COOP Dagli´Brugsen Mejrup,Viborgvej 111,7500,Holstebro,01/07 - 1981,,1
26259495,COOP DANMARK A/S,SUPERBRUGSEN,Vesterkøb 39,2640,Hedehusene,22/12 - 1980,,28
26259495,COOP DANMARK A/S,DAGLIBRUGSEN MØRKHØJ,Rybjerg Alle 64,2860,Søborg,22/12 - 1980,,1
26259495,COOP DANMARK A/S,SUPERBRUGSEN RØNNE SYD,Søndergårds Alle 2,3700,Rønne,01/01 - 1982,,2
26259495,COOP DANMARK A/S,DAGLIBRUGSEN BJERREGRAV,Frederiksbergvej 1C,8920,Randers NV,01/07 - 1980,,1
38714295,Dagrofa ApS,SPAR Vejby,Vejby Strandvej 7,3210,Vejby,08/03 - 2019,31/12 - 2019,
38714295,Dagrofa ApS,SPAR Stoholm,Vestergade 31,7850,Stoholm Jyll,01/07 - 2017,31/12 - 2019,10-19
38714295,Dagrofa ApS,KIWI Vestbjerg,Blomsterbakken 4,9380,Vestbjerg,01/07 - 2017,30/06 - 2018,10-19
38714295,Dagrofa ApS,KIWI Starup,Lyøvej 10,6100,Haderslev,01/07 - 2017,30/06 - 2018,1
38714295,Dagrofa ApS,SPAR Hørve,Nørregade 4,4534,Hørve,01/07 - 2017,31/12 - 2019,2-4
38714295,Dagrofa ApS,KIWI Næsby,Ærtebjerghaven 3,5270,Odense N,01/07 - 2017,30/06 - 2018,1
38714295,Dagrofa ApS,KIWI Hobro,Forsythiavej 2,9500,Hobro,01/07 - 2017,30/06 - 2018,5-9
38714295,Dagrofa ApS,KIWI Broby,Stationsvej 30,5672,Broby,01/07 - 2017,30/06 - 2018,0
38714295,Dagrofa ApS,Spar Viborg,Gl. Aalborgvej 21,8800,Viborg,01/07 - 2017,31/12 - 2019,0
38714295,Dagrofa ApS,Spar Roskilde,Holbækvej 7,4000,Roskilde,01/12 - 2017,31/12 - 2019,0
38714295,Dagrofa ApS,SPAR Munkebo,Bycentret 208 1.,5330,Munkebo,01/07 - 2017,31/12 - 2019,1
38714295,Dagrofa ApS,MENY Frederiksværk,Nørregade 38,3300,Frederiksværk,01/07 - 2017,31/12 - 2019,1
38714295,Dagrofa ApS,MENY Charlottenlund,Jægersborg Alle 4,2920,Charlottenlund,01/07 - 2017,31/12 - 2019,0
38714295,Dagrofa ApS,MENY Sct. Jørgens Park,Sct Jørgens Park 34,4700,Næstved,01/07 - 2017,31/12 - 2019,0
38714295,Dagrofa ApS,MENY Præstø,Svend Gønges Torv 9,4720,Præstø,01/07 - 2017,31/12 - 2019,0
38714295,Dagrofa ApS,SPAR Hillerød,Centervænget 9,3400,Hillerød,01/07 - 2017,31/12 - 2019,0
38714295,Dagrofa ApS,Spar Thisted,Simons Bakke 72,7700,Thisted,01/07 - 2017,31/12 - 2019,0
38714295,Dagrofa ApS,Spar Ebeltoft,Sdr. Skovvænget 2,8400,Ebeltoft,01/07 - 2017,31/12 - 2019,0
38714295,Dagrofa ApS,SPAR Ejby,Ejbyvej 55,4623,Lille Skensved,01/07 - 2017,31/12 - 2019,20-49
38714295,Dagrofa ApS,KIWI Ålborg,Nøhr Sørensens Vej 1B,9210,Aalborg SØ,01/07 - 2017,30/06 - 2018,0
38714295,Dagrofa ApS,MENY Risskov,Tornebakken 1,8240,Risskov,01/07 - 2017,31/12 - 2021,6
38714295,Dagrofa ApS,Spar Hasle,Ryhavevej 28,8210,Aarhus V,01/07 - 2017,31/12 - 2019,20-49
38714295,Dagrofa ApS,MENY Viborg,Fabrikvej 2,8800,Viborg,01/07 - 2017,31/03 - 2021,1
38714295,Dagrofa ApS,Spar Bjerringbro,Brogade 30,8850,Bjerringbro,01/07 - 2017,31/01 - 2021,21
38714295,Dagrofa ApS,MENY Hjørring,Frederikshavnsvej 42,9800,Hjørring,01/12 - 2018,31/12 - 2020,1
38714295,Dagrofa ApS,MENY Bryggervangen,Bryggervangen 17,2100,København Ø,01/07 - 2017,,2
38714295,Dagrofa ApS,SPAR Skals,Hovedgaden 25,8832,Skals,01/01 - 2022,,5
38714295,Dagrofa ApS,SPAR Visse,Vissevej 93,9210,Aalborg SØ,01/06 - 2022,,5
38714295,Dagrofa ApS,SPAR NR. BJERT,Nr. Bjertvej 70,6000,Kolding,01/11 - 2022,,4
38714295,Dagrofa ApS,Dagrofa ApS,Kærup Industrivej 12,4100,Ringsted,15/06 - 2017,,321
38714295,Dagrofa ApS,MENY Gl. Skagensvej,Gl. Skagensvej 85,9900,Frederikshavn,01/07 - 2017,,33
38714295,Dagrofa ApS,Dagrofa aps Kærup Parkvej 5,Kærup Parkvej 5,4100,Ringsted,01/07 - 2017,,59
38714295,Dagrofa ApS,MENY St. Heddinge,Østergade 7,4660,Store Heddinge,01/07 - 2017,,52
38714295,Dagrofa ApS,MENY Amager,Vermlandsgade 51,2300,København S,01/07 - 2017,,74
38714295,Dagrofa ApS,MENY Korup,Åbakkevej 69,5210,Odense NV,01/07 - 2017,,44
38714295,Dagrofa ApS,SPAR Feldsted,Østergade 2,6200,Aabenraa,01/07 - 2017,,28
38714295,Dagrofa ApS,MENY Skanderborg,Højvang Centret 4,8660,Skanderborg,01/07 - 2017,,55
38714295,Dagrofa ApS,MENY Karlslunde,Karlslunde Parkvej 7,2690,Karlslunde,01/07 - 2017,,80
38714295,Dagrofa ApS,MENY Skibby,Hovedgaden 34,4050,Skibby,01/07 - 2017,,44
38714295,Dagrofa ApS,MENY Aabybro,Aabybro Centret 12,9440,Aabybro,01/07 - 2017,,33
38714295,Dagrofa ApS,MENY Kastrup,Ugandavej 111,2770,Kastrup,01/07 - 2017,,57
38714295,Dagrofa ApS,MENY Bistrup,Vasevej 119A,3460,Birkerød,01/07 - 2017,,61
38714295,Dagrofa ApS,Dagrofa Vejle,Knud Højgaards Vej 19,7100,Vejle,01/07 - 2017,,76
38714295,Dagrofa ApS,MENY Kennedy,John F. Kennedys Plads 1F,9000,Aalborg,01/07 - 2017,,57
38714295,Dagrofa ApS,MENY Herning,Dæmningen 17,7400,Herning,01/07 - 2017,,58
38714295,Dagrofa ApS,MENY Kibæk,Sandfeldparken 16,6933,Kibæk,01/07 - 2017,,47
38714295,Dagrofa ApS,MENY Lyngby,Lyngby Hovedgade 80,2800,Kgs. Lyngby,01/07 - 2017,,49
38714295,Dagrofa ApS,MENY Rugårdsvej,Rugårdsvej 211,5210,Odense NV,01/07 - 2017,,55
38714295,Dagrofa ApS,MENY Virum,Geels Plads 20,2830,Virum,01/07 - 2017,,63
38714295,Dagrofa ApS,Meny Randers,Bøsbrovej 54,8940,Randers SV,01/07 - 2017,,37
38714295,Dagrofa ApS,"Spar Ålborg, Saltumvej",Saltumvej 3,9220,Aalborg Øst,01/07 - 2017,,29
38714295,Dagrofa ApS,MENY Ballerup,Centrumgaden 3,2750,Ballerup,01/07 - 2017,,51
38714295,Dagrofa ApS,SPAR Nykøbing Falster,Enighedsvej 46,4800,Nykøbing F,01/07 - 2017,,23
38714295,Dagrofa ApS,MENY Nyborg,Bøjdenvej 5,5800,Nyborg,01/07 - 2017,,46
38714295,Dagrofa ApS,Spar Ny Ellebjerg,Carl Jacobsens Vej 19L,2500,Valby,01/07 - 2017,,41
38714295,Dagrofa ApS,MENY Struer,Ølbyvej 30 th.,7600,Struer,01/07 - 2017,,38
38714295,Dagrofa ApS,MENY Allerød,Kirsebærgården 4,3450,Allerød,01/07 - 2017,,42
38714295,Dagrofa ApS,MENY Hjerting,Bytoften 20,6710,Esbjerg V,14/09 - 2017,,51
38714295,Dagrofa ApS,MENY Viborg Marsk Stigs Vej,Marsk Stigs Vej 2B,8800,Viborg,01/06 - 2018,,53
38714295,Dagrofa ApS,MENY Nordhavn,Southamptongade 2,2150,Nordhavn,01/06 - 2018,,76
38714295,Dagrofa ApS,FSD Ishøj,Vejleåvej 13,2635,Ishøj,01/08 - 2018,,44
38714295,Dagrofa ApS,Meny Fredericia,Indre Ringvej 25,7000,Fredericia,01/09 - 2018,,72
38714295,Dagrofa ApS,Meny Aalborg Østerhavn,Østre Havnegade 11,9000,Aalborg,01/09 - 2018,,33
38714295,Dagrofa ApS,MENY Støvring,Støvring Bytorv 4,9530,Støvring,01/12 - 2018,,44
38714295,Dagrofa ApS,FSD Middelfart,Langelandsvej 17,5500,Middelfart,01/01 - 2019,,1
38714295,Dagrofa ApS,MENY Risskov Brynet,"Vindrosen 37, st",8240,Risskov,01/04 - 2019,,59
38714295,Dagrofa ApS,SPAR Teglholmen,Støberigade 27,2450,København SV,01/05 - 2019,,28
38714295,Dagrofa ApS,MENY Horsens,Jenny Kammersgaards Vej 2,8700,Horsens,01/01 - 2020,,53
38714295,Dagrofa ApS,Vemmelev,Industrivænget 16,4241,Vemmelev,01/03 - 2020,,2
38714295,Dagrofa ApS,Dagrofa Fyrrevej,Fyrrevej 5,7400,Herning,01/05 - 2021,,99
38714295,Dagrofa ApS,MENY Illum,Østergade 52,1100,København K,01/01 - 2022,,48
38714295,Dagrofa ApS,Meny Viborg,Fabrikvej 2,8800,Viborg,01/06 - 2022,,84
38714295,Dagrofa ApS,SPAR Rørvig,Smedestræde 9,4581,Rørvig,01/06 - 2022,,5
38714295,Dagrofa ApS,MENY Vin,Kokkedal Industripark 10,2980,Kokkedal,01/09 - 2022,,4
38714295,Dagrofa ApS,MENY Kolding Galgebjergvej,Galgebjergvej 8,6000,Kolding,01/03 - 2023,,55
38714295,Dagrofa ApS,MENY Kolding Domhusgade,Domhusgade 6,6000,Kolding,01/03 - 2023,,55
38714295,Dagrofa ApS,MENY Charlottenlund,Jægersborg Alle 4,2920,Charlottenlund,01/04 - 2023,,64
38714295,Dagrofa ApS,"Meny Valby, Toften",Gammel Køge Landevej 4,2500,Valby,01/11 - 2023,,85
38714295,Dagrofa ApS,MENY HJALLESEVEJ,Hjallesevej 130,5230,Odense M,01/12 - 2023,,46
38714295,Dagrofa ApS,MENY Skovlunde,Torvestrædet 26,2740,Skovlunde,01/04 - 2024,,46
38714295,Dagrofa ApS,SPAR Tønder,Kongevej 1,6270,Tønder,01/08 - 2024,,17
38714295,Dagrofa ApS,Meny Grenå,Søndergade 10,8500,Grenaa,01/09 - 2024,,41
38714295,Dagrofa ApS,SPAR Rødovre Port,Rødovre Port 2,2610,Rødovre,01/10 - 2024,,36
38714295,Dagrofa ApS,Spar Strandby Kirkevej,Strandby Kirkevej 88,6705,Esbjerg Ø,23/10 - 2024,,18
38714295,Dagrofa ApS,"Meny Frederiksberg, Borups Alle",Borups Alle 130,2000,Frederiksberg,01/10 - 2024,,114
38714295,Dagrofa ApS,Meny Fjerritslev,Søgade 10,9690,Fjerritslev,01/09 - 2025,,36
38714295,Dagrofa ApS,MENY Hobro,Søndre Ringvej 12,9500,Hobro,01/07 - 2017,,8
38714295,Dagrofa ApS,Spar Nykøbing Mors,Fruevej 41,7900,Nykøbing M,01/07 - 2017,,8
38714295,Dagrofa ApS,SPAR St. Kongensgade,Store Kongensgade 100,1264,København K,01/12 - 2020,,11
38714295,Dagrofa ApS,SPAR Frederiksberg,Sylows Alle 17,2000,Frederiksberg,01/02 - 2021,,14
38714295,Dagrofa ApS,MENY Espergærde,Øster Torv 10,3060,Espergærde,01/08 - 2022,,28
38714295,Dagrofa ApS,SPAR Jyderup,Holbækvej 100,4450,Jyderup,01/07 - 2017,,27
38714295,Dagrofa ApS,Skovlund,Nørremarken 2,6823,Ansager,01/01 - 2019,,
38714295,Dagrofa ApS,MENY Nordhavn Vinbaren/Cafeen,Southamptongade 2,2150,Nordhavn,01/07 - 2019,,
38714295,Dagrofa ApS,Dagrofa Herning,Mørupvej 2,7400,Herning,01/07 - 2017,,1
38714295,Dagrofa ApS,SPAR Nr. Broby,Stationsvej 30,5672,Broby,27/02 - 2026,,
20165715,DANFOSS A/S,DANFOSS A/S, 81,9999,Ukendt,25/09 - 1961,07/11 - 1971,
20165715,DANFOSS A/S,"DANFOSS A/S, Farum",Ryttermarken 15-21,3520,Farum,05/08 - 2004,31/12 - 2004,
20165715,DANFOSS A/S,DANFOSS A/S JIP,Bodebjergvej 22,5620,Glamsbjerg,05/08 - 1982,01/06 - 2015,0
20165715,DANFOSS A/S,DANFOSS A/S,Rømersvej 30,7430,Ikast,20/06 - 2008,14/07 - 2010,20-49
20165715,DANFOSS A/S,DANFOSS A/S,Ulsnæs 1,6300,Gråsten,02/01 - 1999,31/12 - 1999,20-49
20165715,DANFOSS A/S,DANFOSS A/S,Svendborgvej 253,5260,Odense S,01/12 - 2006,31/12 - 2006,0
20165715,DANFOSS A/S,DANFOSS A/S,Brundtlandparken 2,6520,Toftlund,12/08 - 1996,31/12 - 2006,1
20165715,DANFOSS A/S,DANFOSS A/S,Ellegårdvej 36,6400,Sønderborg,01/01 - 2004,30/04 - 2005,1
20165715,DANFOSS A/S,DANFOSS A/S,Ulvehavevej 61,7100,Vejle,01/01 - 2004,31/01 - 2010,10-19
20165715,DANFOSS A/S,DANFOSS A/S INDUSTRIAL REFRIGERATION,Nordborgvej 81,6430,Nordborg,01/01 - 1988,31/12 - 2008,20-49
20165715,DANFOSS A/S,Danfoss A/S,Alsion 2,6400,Sønderborg,13/01 - 2011,31/12 - 2016,0
20165715,DANFOSS A/S,Danfoss A/S Software udvikling,Dynamovej 9,2730,Herlev,01/01 - 1999,31/12 - 2003,1
20165715,DANFOSS A/S,DANFOSS A/S,Smedeland 30,2600,Glostrup,08/11 - 1971,31/12 - 2001,0
20165715,DANFOSS A/S,Danfoss A/S,Kemitorvet 207,2800,Kgs.Lyngby,15/10 - 2003,31/12 - 2009,1
20165715,DANFOSS A/S,DANFOSS A/S,Jegstrupvej 3,8361,Hasselager,01/01 - 1985,01/04 - 2019,0
20165715,DANFOSS A/S,DANFOSS A/S Redan,Sindalsvej 33-35,8240,Risskov,01/10 - 2003,01/10 - 2003,
20165715,DANFOSS A/S,Danfoss Redan A/S - member of the Danfoss Group,Sindalsvej 33-35,8240,Risskov,01/11 - 2003,01/11 - 2003,
20165715,DANFOSS A/S,DANFOSS A/S,Omega 7,8382,Hinnerup,01/01 - 2009,01/02 - 2021,1
20165715,DANFOSS A/S,Danfoss A/S,Diplomvej 381,2800,Kgs. Lyngby,01/03 - 2017,01/12 - 2023,10
20165715,DANFOSS A/S,Danfoss A/S,Amaliegade 3,1256,København K,12/06 - 2013,01/12 - 2023,8
20165715,DANFOSS A/S,DANFOSS A/S,Jens Juuls Vej 9,8260,Viby J,10/01 - 1972,01/02 - 2024,11
20165715,DANFOSS A/S,Danfoss A/S,Middelfartvej 9A,5000,Odense C,01/07 - 2017,29/11 - 2024,
20165715,DANFOSS A/S,DANFOSS A/S,Ulvehavevej 61,7100,Vejle,01/03 - 1988,,19
20165715,DANFOSS A/S,DANFOSS A/S,Albuen 29,6000,Kolding,01/10 - 1979,,6
20165715,DANFOSS A/S,DANFOSS A/S,Nordborgvej 81,6430,Nordborg,06/08 - 1973,,1485
20165715,DANFOSS A/S,DANFOSS A/S,Hårupvænget 11,8600,Silkeborg,01/10 - 1979,,360
20165715,DANFOSS A/S,Danfoss A/S,Marsvej 5,6000,Kolding,01/06 - 2017,,339
20165715,DANFOSS A/S,Danfoss A/S,Kometvej 40,6230,Rødekro,01/06 - 2017,,11
20165715,DANFOSS A/S,Danfoss A/S,Ulsnæs 1,6300,Gråsten,01/06 - 2017,,3
20165715,DANFOSS A/S,Danfoss A/S,Tingvejen 28A,6500,Vojens,01/01 - 2022,,6
20165715,DANFOSS A/S,Danfoss A/S,Ravnhavevej 6,6070,Christiansfeld,01/09 - 2022,,79
20165715,DANFOSS A/S,Danfoss A/S,Hauser Plads 1,1127,København K,01/09 - 2023,,143
20165715,DANFOSS A/S,Danfoss A/S,Jernet 9,6000,Kolding,01/09 - 2022,,7
20165715,DANFOSS A/S,Danfoss A/S,Navervej 15-17,7451,Sunds,01/06 - 2017,,
20165715,DANFOSS A/S,Danfoss A/S,"Hestehaven 21B, st",5260,Odense S,15/07 - 2019,,1
20165715,DANFOSS A/S,Danfoss A/S,Nørre Havnegade 43,6400,Sønderborg,01/01 - 2023,,24
20165715,DANFOSS A/S,Danfoss A/S,"Kokmose 12, 1",6000,Kolding,01/04 - 2021,,
26121264,DANISH CROWN A/S,Danish Crown A/S,Nygade 48,6900,Skjern,10/12 - 2010,31/12 - 2014,2-4
26121264,DANISH CROWN A/S,ESS-FOOD,Kirkebjerg Parkvej 9,2605,Brøndby,31/01 - 2013,31/10 - 2014,1
26121264,DANISH CROWN A/S,Danish Crown A/S,Gl Hygumvej 5,6630,Rødding,20/12 - 2010,05/01 - 2012,0
26121264,DANISH CROWN A/S,Danish Crown A/S,Vendersgade 40,7500,Holstebro,10/12 - 2010,31/12 - 2013,0
26121264,DANISH CROWN A/S,DANISH CROWN A/S,Gammelby Ringvej 1,6700,Esbjerg,10/12 - 2010,31/12 - 2014,1
26121264,DANISH CROWN A/S,Danish Crown A/S,Vendersgade 6,7500,Holstebro,10/12 - 2010,31/12 - 2014,2-4
26121264,DANISH CROWN A/S,Danish Crown A/S,Vendersgade 23-25,7500,Holstebro,10/12 - 2010,31/12 - 2014,1
26121264,DANISH CROWN A/S,Danish Crown A/S,Brårupgade 11,7800,Skive,10/12 - 2010,11/11 - 2014,0
26121264,DANISH CROWN A/S,Danish Crown A/S,Viddingherredsgade 26,6270,Tønder,10/12 - 2010,31/12 - 2016,0
26121264,DANISH CROWN A/S,Danish Crown A/S,Østre Alle 4,9560,Hadsund,10/12 - 2010,31/12 - 2013,0
26121264,DANISH CROWN A/S,Danish Crown A/S,Skt. Knuds Torv 7-9,8000,Aarhus C,15/09 - 2016,31/12 - 2017,0
26121264,DANISH CROWN A/S,Danish Crown A/S,Tulipvej 10,7100,Vejle,01/10 - 2016,30/11 - 2017,0
26121264,DANISH CROWN A/S,ESS-Food,Kirkebjerg Parkvej 9,2605,Brøndby,01/01 - 2013,30/09 - 2020,2
26121264,DANISH CROWN A/S,Danish Crown A/S,Havnegade 5,5600,Faaborg,22/11 - 2010,31/12 - 2022,1
26121264,DANISH CROWN A/S,Danish Crown A/S,Danmarksgade 22,7400,Herning,16/12 - 2010,01/03 - 2024,1
26121264,DANISH CROWN A/S,Danish Crown A/S,Snuderup 4,4450,Jyderup,01/05 - 2023,29/02 - 2024,1
26121264,DANISH CROWN A/S,DANISH CROWN A/S,Marsvej 43,8960,Randers SØ,01/07 - 2001,11/03 - 2024,2
26121264,DANISH CROWN A/S,DANISH CROWN A/S,Wenbovej 9,9300,Sæby,10/12 - 2010,28/02 - 2025,1
26121264,DANISH CROWN A/S,DANISH CROWN A/S,Engelsholmvej 28,8940,Randers SV,01/10 - 2017,01/08 - 2024,1
26121264,DANISH CROWN A/S,DANISH CROWN A/S,Danmarksgade 22,7400,Herning,22/11 - 2010,,873
26121264,DANISH CROWN A/S,DANISH CROWN A/S,Haslevej 19,3700,Rønne,22/11 - 2010,,216
26121264,DANISH CROWN A/S,DANISH CROWN A/S,Bragesvej 18,4100,Ringsted,10/12 - 2010,,4
26121264,DANISH CROWN A/S,DANISH CROWN A/S,Svanningevej 1,9220,Aalborg Øst,10/12 - 2010,,120
26121264,DANISH CROWN A/S,DANISH CROWN A/S,Erhvervsparken 2,7280,Sønder Felding,10/12 - 2010,,90
26121264,DANISH CROWN A/S,DANISH CROWN A/S,Østbirkvej 2,8700,Horsens,10/12 - 2010,,1636
26121264,DANISH CROWN A/S,DANISH CROWN A/S,Ndr. Havnevej 1,6000,Kolding,10/12 - 2010,,46
26121264,DANISH CROWN A/S,DANISH CROWN A/S,Åbenråvej 11,6780,Skærbæk,10/12 - 2010,,72
26121264,DANISH CROWN A/S,DANISH CROWN A/S,Langbro 7,6400,Sønderborg,10/12 - 2010,,1190
26121264,DANISH CROWN A/S,DANISH CROWN A/S,Danish Crown Vej 1,8940,Randers SV,15/10 - 2012,,709
26121264,DANISH CROWN A/S,DANISH CROWN A/S,Energivej 5-55,6670,Holsted,30/05 - 2013,,110
26121264,DANISH CROWN A/S,DANISH CROWN A/S,Energivej 5-55,6670,Holsted,30/05 - 2013,,8
26121264,DANISH CROWN A/S,DANISH CROWN A/S,Grindstedvej 2,6670,Holsted,25/09 - 2013,,331
26121264,DANISH CROWN A/S,DANISH CROWN A/S,Vesterbrogade 4A,1620,København V,01/06 - 2014,,11
26121264,DANISH CROWN A/S,DANISH CROWN A/S,Mukkerten 13,6715,Esbjerg N,28/11 - 2022,,53
26121264,DANISH CROWN A/S,DANISH CROWN A/S,Egegårdsvej 10,4621,Gadstrup,28/11 - 2022,,3
26121264,DANISH CROWN A/S,DANISH CROWN A/S,Mosevangen 1,9230,Svenstrup J,28/11 - 2022,,342
26121264,DANISH CROWN A/S,DANISH CROWN A/S,Bommen 9,8620,Kjellerup,28/11 - 2022,,122
26121264,DANISH CROWN A/S,DANISH CROWN A/S,Tulipvej 10,7100,Vejle,28/11 - 2022,,277
26121264,DANISH CROWN A/S,DANISH CROWN A/S,Kilen 10,6200,Aabenraa,28/11 - 2022,,64
26121264,DANISH CROWN A/S,DANISH CROWN A/S,Østerbro 40,9000,Aalborg,28/11 - 2022,,135
26121264,DANISH CROWN A/S,DANISH CROWN A/S,Scandiavej 5,8670,Låsby,28/11 - 2022,,18
26121264,DANISH CROWN A/S,DANISH CROWN A/S,Drejervej 7,6600,Vejen,01/06 - 2023,,1
26121264,DANISH CROWN A/S,Danish Crown A/S,Industrivej Syd 1,6600,Vejen,01/09 - 2025,,2
26121264,DANISH CROWN A/S,DANISH CROWN A/S,Gammelby Ringvej 1,6700,Esbjerg,14/09 - 2017,,2-4
26121264,DANISH CROWN A/S,Nødslagtning Danish Crown A/S,Svanningevej 1,9220,Aalborg Øst,01/01 - 2025,,
26121264,DANISH CROWN A/S,Nødslagtning Danish Crown A/S,"Energivej 5, 1",6670,Holsted,01/01 - 2025,,
26121264,DANISH CROWN A/S,DANISH CROWN A/S,Innovations Allé 3,7100,Vejle,01/03 - 2023,,
61126228,DANSKE BANK A/S,BG BANK Randers,Østervold 43,8900,Randers C,22/03 - 2006,22/03 - 2006,
61126228,DANSKE BANK A/S,Danske Ejendomme A/S,Edwin Rahrs Vej 40,8220,Brabrand,10/01 - 2003,31/12 - 2005,
61126228,DANSKE BANK A/S,Danske Bank A/S,Niels Juels Gade 7,1059,København K,29/07 - 2010,29/07 - 2010,
61126228,DANSKE BANK A/S,Danske Ejendomme A/S,"Store Torv 3, 2",8000,Århus C,10/01 - 2003,31/12 - 2005,
61126228,DANSKE BANK A/S,DANSKE BANK A/S,Trommesalen 1,1614,København V,26/11 - 2004,26/11 - 2004,
61126228,DANSKE BANK A/S,Danske Bank Kundelinien,Stamholmen 157,2650,Hvidovre,11/12 - 2001,11/12 - 2001,
61126228,DANSKE BANK A/S,DANSKE EJENDOMME A/S,Skarridsøgade 29,4450,Jyderup,01/01 - 2001,01/01 - 2001,
61126228,DANSKE BANK A/S,DANSKE BANK A/S Ejendommen Falkoner Alle 53,Falkoner Alle 53,2000,Frederiksberg,01/01 - 1979,31/12 - 2005,
61126228,DANSKE BANK A/S,Danske Bank A/S,Parallelvej 17,2800,Kgs. Lyngby,01/04 - 2016,01/04 - 2016,
61126228,DANSKE BANK A/S,Danske Bank A/S Amager Privatafdeling,Amagerbrogade 105,2300,København S,01/01 - 2000,01/01 - 2000,
61126228,DANSKE BANK A/S,DANSKE EJENDOMME A/S,Østergade 64,5610,Assens,01/01 - 2001,01/01 - 2001,
61126228,DANSKE BANK A/S,DANSKE EJENDOMME A/S,Strandboulevarden 59,2100,København Ø,01/01 - 1982,31/12 - 2005,0
61126228,DANSKE BANK A/S,DANSKE EJENDOMME A/S,Bredegade 3,4200,Slagelse,01/01 - 1988,31/12 - 2005,0
61126228,DANSKE BANK A/S,DANSKE EJENDOMME A/S,Danmarksgade 41,9900,Frederikshavn,01/01 - 1998,31/12 - 2005,1
61126228,DANSKE BANK A/S,DANSKE EJENDOMME A/S,Slotsgade 64,9330,Dronninglund,01/01 - 1993,31/12 - 2005,0
61126228,DANSKE BANK A/S,DANSKE EJENDOMME A/S,Vestergade 1,6800,Varde,01/01 - 1991,31/12 - 2005,0
61126228,DANSKE BANK A/S,DANSKE EJENDOMME A/S,Frederiksværksgade 117,3400,Hillerød,01/01 - 1993,31/12 - 2005,0
61126228,DANSKE BANK A/S,DANSKE EJENDOMME A/S,Gydevang 43,3450,Allerød,01/01 - 1997,31/12 - 2005,0
61126228,DANSKE BANK A/S,DANSKE EJENDOMME A/S,Søndergade 2,5580,Nørre Aaby,01/01 - 1996,31/12 - 2005,0
61126228,DANSKE BANK A/S,DANSKE EJENDOMME A/S,Østergade 7,7000,Fredericia,01/01 - 1990,31/12 - 2005,0
61126228,DANSKE BANK A/S,DANSKE EJENDOMME A/S,Storegade 26,6430,Nordborg,01/01 - 1982,31/12 - 2005,1
61126228,DANSKE BANK A/S,DANSKE EJENDOMME A/S,Guldsmedgade 42,8000,Århus C,01/01 - 1996,31/12 - 2005,0
61126228,DANSKE BANK A/S,DANSKE EJENDOMME A/S VESTERSØHUS,Gyldenløvesgade 21,1600,København V,01/01 - 1997,31/12 - 2005,0
61126228,DANSKE BANK A/S,DANSKE EJENDOMME A/S,Stenløse Center 32,3660,Stenløse,01/01 - 1993,31/12 - 2005,0
61126228,DANSKE BANK A/S,DANSKE EJENDOMME A/S HVIDKLØVERVEJ 4-18,Lucernevej 7,8200,Aarhus N,01/01 - 1998,01/01 - 2002,2-4
61126228,DANSKE BANK A/S,DANSKE EJENDOMME A/S,Lautrupbjerg 1,2750,Ballerup,01/01 - 1997,31/12 - 2005,0
61126228,DANSKE BANK A/S,DANSKE EJENDOMME A/S,Næsbyhovedvej 1A,5270,Odense N,01/01 - 1992,31/12 - 2005,0
61126228,DANSKE BANK A/S,DANSKE EJENDOMME A/S,Hovedgaden 40,4295,Stenlille,01/01 - 1994,31/12 - 2005,0
61126228,DANSKE BANK A/S,DANSKE EJENDOMME A/S,Algade 61,4760,Vordingborg,01/01 - 1982,31/12 - 2005,0
61126228,DANSKE BANK A/S,DANSKE EJENDOMME A/S,Ny Østergade 7,4000,Roskilde,01/01 - 1997,31/12 - 2005,0
61126228,DANSKE BANK A/S,DANSKE EJENDOMME A/S,Store Torv 12,3700,Rønne,01/01 - 1982,31/12 - 2005,0
61126228,DANSKE BANK A/S,DANSKE EJENDOMME A/S,Torvegade 3,8850,Bjerringbro,01/01 - 1991,31/12 - 2005,0
61126228,DANSKE BANK A/S,BG Bank A/S Lansbrugscenter Fyn,Dalumvej 7,5250,Odense SV,30/09 - 2005,31/12 - 2006,10-19
61126228,DANSKE BANK A/S,DANSKE EJENDOMME A/S NÆRUM HOVEDG,Concordiavej 1A,2850,Nærum,01/01 - 1997,31/12 - 2005,0
61126228,DANSKE BANK A/S,DANSKE EJENDOMME A/S,Hovedgaden 4,8860,Ulstrup,01/01 - 1990,31/12 - 2005,1
61126228,DANSKE BANK A/S,DANSKE EJENDOMME A/S,Sankt Nicolai Gade 11,5700,Svendborg,01/01 - 1998,31/12 - 2005,0
61126228,DANSKE BANK A/S,DANSKE EJENDOMME A/S,Søndergade 4,6670,Holsted,01/01 - 1991,31/12 - 2005,0
61126228,DANSKE BANK A/S,DANSKE EJENDOMME A/S,Langeskov-Centret 1,5550,Langeskov,01/01 - 1992,31/12 - 2005,0
61126228,DANSKE BANK A/S,DANSKE EJENDOMME A/S,Tølløsevej 1,4340,Tølløse,01/01 - 1990,31/12 - 2005,1
61126228,DANSKE BANK A/S,DANSKE EJENDOMME A/S,Ålekistevej 36,2720,Vanløse,01/01 - 1991,31/12 - 2005,0
61126228,DANSKE BANK A/S,DANSKE EJENDOMME A/S,Ordrupvej 55A,2920,Charlottenlund,01/01 - 1982,31/12 - 2005,1
61126228,DANSKE BANK A/S,DANSKE EJENDOMME A/S,Hovedgaden 20,8410,Rønde,01/01 - 1992,31/12 - 2005,0
61126228,DANSKE BANK A/S,DANSKE EJENDOMME A/S,Stationsvej 1,4241,Vemmelev,01/01 - 1991,31/12 - 2001,0
61126228,DANSKE BANK A/S,DANSKE EJENDOMME A/S,Vestergade 7,7200,Grindsted,01/01 - 1982,31/12 - 2005,0
61126228,DANSKE BANK A/S,DANSKE EJENDOMME A/S,Tandervej 6,8320,Mårslet,01/01 - 1991,31/12 - 2005,0
61126228,DANSKE BANK A/S,DANSKE EJENDOMME A/S Clemenstorv 11,Kannikegade 4,8000,Århus C,01/01 - 2000,31/12 - 2005,0
61126228,DANSKE BANK A/S,DANSKE EJENDOMME A/S,Stationsvej 1,7000,Fredericia,01/01 - 1990,31/12 - 2005,0
61126228,DANSKE BANK A/S,DANSKE EJENDOMME A/S LINDEPARKEN,Sankt Peders Vej 3,2900,Hellerup,01/01 - 1997,31/12 - 2005,0
61126228,DANSKE BANK A/S,DANSKE EJENDOMME A/S,Ørnebjergvej 3A,2600,Glostrup,01/01 - 1997,31/12 - 2005,0
61126228,DANSKE BANK A/S,DANSKE EJENDOMME A/S,Hjultorv 8,4700,Næstved,01/01 - 1982,31/12 - 2005,0
61126228,DANSKE BANK A/S,DANSKE EJENDOMME A/S,Godthaabsvej 6,6950,Ringkøbing,01/01 - 1997,31/12 - 2005,0
61126228,DANSKE BANK A/S,DANSKE EJENDOMME A/S,Østergade 16,1100,København K,01/01 - 1997,31/12 - 2005,0
61126228,DANSKE BANK A/S,DANSKE EJENDOMME A/S,Hejrevej 43,2400,København NV,01/01 - 1997,31/12 - 2005,0
61126228,DANSKE BANK A/S,DANSKE EJENDOMME A/S,Vestergade 16,6270,Tønder,01/01 - 1994,31/12 - 2005,0
61126228,DANSKE BANK A/S,DANSKE EJENDOMME A/S,Industribuen 5A,2635,Ishøj,01/01 - 1997,31/12 - 2005,0
61126228,DANSKE BANK A/S,DANSKE EJENDOMME A/S,Søndergade 7,8464,Galten,01/01 - 1992,31/12 - 2005,0
61126228,DANSKE BANK A/S,DANSKE EJENDOMME A/S,Hovedgaden 19,4270,Høng,01/01 - 1994,31/12 - 2005,0
61126228,DANSKE BANK A/S,DANSKE EJENDOMME A/S,Hovedgaden 31,4050,Skibby,01/01 - 1990,31/12 - 2005,0
61126228,DANSKE BANK A/S,DANSKE EJENDOMME A/S,Banegårdsgade 8,8300,Odder,01/01 - 1993,31/12 - 2005,0
61126228,DANSKE BANK A/S,DANSKE BANK A/S Uglemosen,Holmegårdsvej 28,2920,Charlottenlund,01/01 - 1991,31/12 - 2001,5-9
61126228,DANSKE BANK A/S,DANSKE EJENDOMME A/S BANGSBOHUS,Peter Bangs Vej 71,2000,Frederiksberg,01/01 - 1997,31/12 - 2005,0
61126228,DANSKE BANK A/S,DEN DANSKE BANK A/S TRE-EGE,Årslev Møllevej 15,8220,Brabrand,01/01 - 1991,31/12 - 1999,2-4
61126228,DANSKE BANK A/S,DANSKE EJENDOMME A/S,Caspar Brands Plads 9,4220,Korsør,01/01 - 1994,04/09 - 2006,0
61126228,DANSKE BANK A/S,DANSKE EJENDOMME A/S,Jernbanegade 5,9610,Nørager,01/01 - 1993,31/12 - 2005,0
61126228,DANSKE BANK A/S,DANSKE EJENDOMME A/S ROSENHOLM,Bassegården 1,8543,Hornslet,01/01 - 1997,31/12 - 2005,0
61126228,DANSKE BANK A/S,DANSKE EJENDOMME A/S,Frederikssundsvej 60A,2400,København NV,01/01 - 1982,31/12 - 2005,0
61126228,DANSKE BANK A/S,DANSKE EJENDOMME A/S,Slotsgade 1,6300,Gråsten,01/01 - 1992,31/12 - 2005,0
61126228,DANSKE BANK A/S,DANSKE BANK A/S Rosenlund-Vedbæk,Vedbæk Strandvej 326,2950,Vedbæk,01/01 - 1991,30/06 - 2001,0
61126228,DANSKE BANK A/S,DANSKE EJENDOMME A/S,Østergade 24,3600,Frederikssund,01/01 - 1991,31/12 - 2005,0
61126228,DANSKE BANK A/S,DANSKE EJENDOMME A/S,Dronning Margrethes Vej 1,4000,Roskilde,01/01 - 1997,31/12 - 2005,0
61126228,DANSKE BANK A/S,DANSKE EJENDOMME A/S,Falkoner Alle 40,2000,Frederiksberg,01/01 - 1997,31/12 - 2005,0
61126228,DANSKE BANK A/S,DANSKE EJENDOMME A/S,Danmarksgade 70A,9900,Frederikshavn,01/01 - 1992,31/12 - 2005,0
61126228,DANSKE BANK A/S,DANSKE EJENDOMME A/S,Springvandspl 2,9800,Hjørring,01/01 - 1982,31/12 - 2005,0
61126228,DANSKE BANK A/S,DANSKE EJENDOMME A/S,Bankpladsen 2,9560,Hadsund,01/01 - 1991,31/12 - 2005,1
61126228,DANSKE BANK A/S,DANSKE EJENDOMME A/S HERLEV TORV 17/HOVEDG 102,Hovedvejen 104,2600,Glostrup,01/01 - 1982,31/12 - 2005,1
61126228,DANSKE BANK A/S,DANSKE EJENDOMME A/S,Møllegade 1,6330,Padborg,01/01 - 1982,31/12 - 2005,0
61126228,DANSKE BANK A/S,DANSKE EJENDOMME A/S,Hærvejen 35,6230,Rødekro,01/01 - 1984,31/12 - 2005,0
61126228,DANSKE BANK A/S,DANSKE EJENDOMME A/S,Hundige Strandvej 218,2670,Greve,01/01 - 2000,31/12 - 2005,0
61126228,DANSKE BANK A/S,DANSKE EJENDOMME A/S,Stamholmen 111,2650,Hvidovre,01/01 - 1997,31/12 - 2005,0
61126228,DANSKE BANK A/S,DANSKE BANK A/S Viceværter,UKENDT,,,03/01 - 1994,31/10 - 1999,2-4
61126228,DANSKE BANK A/S,DANSKE EJENDOMME A/S,Jyllandsgade 3,9520,Skørping,01/01 - 1991,31/12 - 2005,1
61126228,DANSKE BANK A/S,DANSKE EJENDOMME A/S,Stavensbølgade 7,6440,Augustenborg,01/01 - 1982,31/12 - 2005,0
61126228,DANSKE BANK A/S,DANSKE EJENDOMME A/S,Randersvej 12,8800,Viborg,01/01 - 1982,31/12 - 2005,0
61126228,DANSKE BANK A/S,DANSKE EJENDOMME A/S,Jernbanegade 22,6000,Kolding,01/01 - 1994,31/12 - 2005,0
61126228,DANSKE BANK A/S,DANSKE EJENDOMME A/S,Snogegårdsvej 1,2820,Gentofte,01/01 - 1982,31/12 - 2005,0
61126228,DANSKE BANK A/S,DANSKE EJENDOMME A/S,Kongensgade 6,3550,Slangerup,01/01 - 1990,31/12 - 2005,0
61126228,DANSKE BANK A/S,DANSKE EJENDOMME A/S BAGSVÆRD TORV 12,Bagsværd Hovedgade 150,2880,Bagsværd,01/01 - 1990,31/12 - 2005,0
61126228,DANSKE BANK A/S,DANSKE EJENDOMME A/S,Herstedvang 10,2620,Albertslund,01/01 - 1997,31/12 - 2005,0
61126228,DANSKE BANK A/S,DANSKE EJENDOMME A/S,Vestergade 35,9300,Sæby,01/01 - 1991,31/12 - 2005,0
61126228,DANSKE BANK A/S,DANSKE EJENDOMME A/S,Vestergade 9,4930,Maribo,01/01 - 1982,31/12 - 2005,0
61126228,DANSKE BANK A/S,DANSKE EJENDOMME A/S SCT.JOSEPHPARKEN,Kastetvej 31,9000,Aalborg,01/01 - 1997,31/12 - 2005,0
61126228,DANSKE BANK A/S,DANSKE EJENDOMME A/S,Vestervej 10,4960,Holeby,01/01 - 1990,31/12 - 2005,0
61126228,DANSKE BANK A/S,DANSKE EJENDOMME A/S,Lejrvej 11,3500,Værløse,01/01 - 1997,31/12 - 2005,0
61126228,DANSKE BANK A/S,DANSKE EJENDOMME A/S,Skansevej 29,3400,Hillerød,01/01 - 1991,31/12 - 2005,0
61126228,DANSKE BANK A/S,DANSKE EJENDOMME A/S STOVESBERG,Hjallesevej 86,5230,Odense M,01/01 - 1997,31/12 - 2005,0
61126228,DANSKE BANK A/S,DANSKE EJENDOMME A/S,Havnevej 1,9990,Skagen,01/01 - 1982,31/12 - 2005,0
61126228,DANSKE BANK A/S,DANSKE EJENDOMME A/S,Bredgade 3,9490,Pandrup,01/01 - 1991,31/12 - 2005,0
61126228,DANSKE BANK A/S,DANSKE EJENDOMME A/S,Banevej 2,4180,Sorø,01/01 - 1997,31/12 - 2004,1
61126228,DANSKE BANK A/S,DANSKE EJENDOMME A/S FJORDHAVEN,Sundvej 30,8700,Horsens,01/01 - 1998,31/12 - 2005,1
61126228,DANSKE BANK A/S,DANSKE EJENDOMME A/S,Axeltorv 5,4700,Næstved,01/01 - 1997,31/12 - 2005,0
61126228,DANSKE BANK A/S,DANSKE EJENDOMME A/S,Himmerlandsgade 73,9600,Aars,01/01 - 1990,31/12 - 2005,0
61126228,DANSKE BANK A/S,DANSKE EJENDOMME A/S SOFIENDALSCENTRET,Sofiendalsvej 88,9200,Aalborg SV,01/01 - 1997,31/12 - 2005,0
61126228,DANSKE BANK A/S,DANSKE EJENDOMME A/S,Tarphagevej 46,6710,Esbjerg V,01/01 - 1990,31/12 - 2005,0
61126228,DANSKE BANK A/S,DANSKE EJENDOMME A/S,Østergade 12,3600,Frederikssund,01/01 - 1982,31/12 - 2003,2-4
61126228,DANSKE BANK A/S,DANSKE EJENDOMME A/S,Gersonsvej 51,2900,Hellerup,01/01 - 1996,31/12 - 2005,0
61126228,DANSKE BANK A/S,DANSKE EJENDOMME A/S,Nørrebrogade 26,2200,København N,01/01 - 1994,31/12 - 2005,0
61126228,DANSKE BANK A/S,DANSKE EJENDOMME A/S,Stevnsvej 33,4600,Køge,01/01 - 1982,31/12 - 2005,0
61126228,DANSKE BANK A/S,DANSKE EJENDOMME A/S,Store Kongensgade 21,1264,København K,01/01 - 1994,31/12 - 2005,0
61126228,DANSKE BANK A/S,DANSKE EJENDOMME A/S,Nørregade 6,3300,Frederiksværk,01/01 - 1997,31/12 - 2005,0
61126228,DANSKE BANK A/S,DANSKE BANK A/S,Holmens Kanal 2,1060,København K,01/01 - 1991,31/12 - 2005,0
61126228,DANSKE BANK A/S,DANSKE EJENDOMME A/S,Torvegade 17,7100,Vejle,01/01 - 1997,31/12 - 2005,0
61126228,DANSKE BANK A/S,DANSKE EJENDOMME A/S,Torvet 5,4930,Maribo,01/01 - 1992,31/12 - 2005,0
61126228,DANSKE BANK A/S,DANSKE EJENDOMME A/S,M D Madsensvej 10,3450,Allerød,01/01 - 1982,31/12 - 2005,0
61126228,DANSKE BANK A/S,DANSKE EJENDOMME A/S,Vestergade 2,4990,Sakskøbing,01/01 - 1990,31/12 - 2005,0
61126228,DANSKE BANK A/S,DANSKE EJENDOMME A/S,Lautrupvang 2,2750,Ballerup,01/01 - 1997,31/12 - 2005,1
61126228,DANSKE BANK A/S,DANSKE EJENDOMME A/S,Torvet 2,4850,Stubbekøbing,01/01 - 1982,31/12 - 2005,0
61126228,DANSKE BANK A/S,DANSKE EJENDOMME A/S,Toftegårds Alle 41,2500,Valby,01/01 - 1998,31/12 - 2005,0
61126228,DANSKE BANK A/S,DANSKE EJENDOMME A/S,Bøsbrovej 3A,8900,Randers C,01/01 - 1994,31/12 - 2005,1
61126228,DANSKE BANK A/S,DANSKE EJENDOMME A/S,Borgergade 2,7080,Børkop,01/01 - 1990,31/12 - 2005,0
61126228,DANSKE BANK A/S,DANSKE EJENDOMME A/S,Hadsundvej 33,9000,Aalborg,01/01 - 1982,31/12 - 2005,1
61126228,DANSKE BANK A/S,DANSKE EJENDOMME A/S NØRREHUS,Thomas B. Thriges Gade 42,5000,Odense C,01/01 - 1997,31/12 - 2005,1
61126228,DANSKE BANK A/S,DANSKE EJENDOMME A/S,Østergade 64,5610,Assens,01/01 - 1992,31/12 - 2005,0
61126228,DANSKE BANK A/S,DANSKE EJENDOMME A/S,Tobaksvejen 23,2860,Søborg,01/01 - 1997,31/12 - 2005,0
61126228,DANSKE BANK A/S,DEN DANSKE BANK A/S STAURBYSKOV,Staurbyskovvej 6,5500,Middelfart,01/01 - 1991,31/12 - 1999,0
61126228,DANSKE BANK A/S,DANSKE EJENDOMME A/S,Vejlevej 328,6000,Kolding,01/01 - 1991,31/12 - 2005,0
61126228,DANSKE BANK A/S,DANSKE EJENDOMME A/S,Storegade 16,6780,Skærbæk,01/01 - 1992,31/12 - 2005,0
61126228,DANSKE BANK A/S,DANSKE EJENDOMME A/S ENGHAVEVEJ,Boulevarden 19A,7100,Vejle,01/01 - 1997,31/12 - 2005,0
61126228,DANSKE BANK A/S,DANSKE EJENDOMME A/S,Halsskovvej 27,4220,Korsør,01/01 - 1982,31/12 - 2005,1
61126228,DANSKE BANK A/S,DANSKE EJENDOMME A/S,Køgevej 20,4652,Hårlev,01/01 - 1997,31/12 - 2000,0
61126228,DANSKE BANK A/S,DANSKE EJENDOMME A/S TORVEGADE 4,Østergade 13,8450,Hammel,01/01 - 1982,31/12 - 2005,0
61126228,DANSKE BANK A/S,DANSKE EJENDOMME A/S,Laksegade 20A,1063,København K,01/01 - 1990,31/12 - 2005,1
61126228,DANSKE BANK A/S,DANSKE EJENDOMME A/S,Hasselager Centervej 1,8260,Viby J,01/01 - 1997,31/12 - 2005,0
61126228,DANSKE BANK A/S,DANSKE EJENDOMME A/S,Adelgade 108,8660,Skanderborg,01/01 - 1993,31/12 - 2005,0
61126228,DANSKE BANK A/S,DANSKE EJENDOMME A/S,Genboløsgade 3,9240,Nibe,01/01 - 1991,31/12 - 2005,0
61126228,DANSKE BANK A/S,DANSKE EJENDOMME A/S,Herlev Hovedgade 125,2730,Herlev,01/01 - 1990,31/12 - 2005,0
61126228,DANSKE BANK A/S,DANSKE EJENDOMME A/S,Rungstedvej 79,2960,Rungsted Kyst,01/01 - 1990,31/12 - 2005,0
61126228,DANSKE BANK A/S,DANSKE EJENDOMME A/S,Odelsgade 34,7130,Juelsminde,01/01 - 1982,31/12 - 2005,0
61126228,DANSKE BANK A/S,DANSKE EJENDOMME A/S,Bredgade 6,5560,Aarup,01/01 - 1992,31/12 - 2005,0
61126228,DANSKE BANK A/S,DANSKE EJENDOMME A/S WILDERS GÅRD,Wildersgade 61,1408,København K,01/01 - 1997,31/12 - 2005,0
61126228,DANSKE BANK A/S,DANSKE EJENDOMME A/S,Algade 21,4500,Nykøbing Sj,01/01 - 1991,31/12 - 2005,1
61126228,DANSKE BANK A/S,DANSKE EJENDOMME A/S,Alsgade 58,6400,Sønderborg,01/01 - 1998,31/12 - 2005,0
61126228,DANSKE BANK A/S,DANSKE EJENDOMME A/S,Østergade 8,3200,Helsinge,01/01 - 1982,31/12 - 2005,0
61126228,DANSKE BANK A/S,DANSKE EJENDOMME A/S,Søndergade 2,8560,Kolind,01/01 - 1991,31/12 - 2005,0
61126228,DANSKE BANK A/S,DANSKE EJENDOMME A/S,Ericaparken 1,2820,Gentofte,01/01 - 1997,31/12 - 2005,0
61126228,DANSKE BANK A/S,DANSKE EJENDOMME A/S ISTEDGADE 134-136,Valdemarsgade 34,1665,København V,01/01 - 1990,31/12 - 2005,0
61126228,DANSKE BANK A/S,DANSKE EJENDOMME A/S,Olof Palmes Allé 22,8200,Århus N,01/01 - 1997,31/12 - 2005,1
61126228,DANSKE BANK A/S,DANSKE EJENDOMME A/S,Langegade 31,5300,Kerteminde,01/01 - 1991,31/12 - 2005,0
61126228,DANSKE BANK A/S,DANSKE EJENDOMME A/S,Østergade 1,7430,Ikast,01/01 - 1990,31/12 - 2005,0
61126228,DANSKE BANK A/S,DANSKE EJENDOMME A/S,Gerdasgade 17,2500,Valby,01/01 - 1997,31/12 - 2005,0
61126228,DANSKE BANK A/S,DANSKE EJENDOMME A/S,Thylandsgade 7,7755,Bedsted Thy,01/01 - 2001,31/12 - 2005,0
61126228,DANSKE BANK A/S,DANSKE EJENDOMME A/S,Korsørvej 5,4250,Fuglebjerg,01/01 - 1991,31/12 - 2005,0
61126228,DANSKE BANK A/S,DANSKE EJENDOMME A/S,Hvidovrevej 275,2650,Hvidovre,01/01 - 1982,31/12 - 2005,0
61126228,DANSKE BANK A/S,DANSKE EJENDOMME A/S,Kildeparken 1,7000,Fredericia,01/01 - 1997,31/12 - 2005,0
61126228,DANSKE BANK A/S,DANSKE EJENDOMME A/S,Vesterbrogade 10,1620,København V,01/11 - 0082,31/12 - 2005,0
61126228,DANSKE BANK A/S,DANSKE EJENDOMME A/S,Søndergade 22,4900,Nakskov,01/01 - 1991,31/12 - 2005,1
61126228,DANSKE BANK A/S,DANSKE EJENDOMME A/S,Grenåvej 719,8541,Skødstrup,01/01 - 1993,31/12 - 2005,0
61126228,DANSKE BANK A/S,DANSKE EJENDOMME A/S,Nørregade 29,3390,Hundested,01/01 - 1991,31/12 - 2005,0
61126228,DANSKE BANK A/S,DANSKE EJENDOMME A/S,Algade 35,5500,Middelfart,01/01 - 2000,31/12 - 2005,1
61126228,DANSKE BANK A/S,DANSKE EJENDOMME A/S,Madevej 9,6200,Aabenraa,01/01 - 1997,31/12 - 2005,0
61126228,DANSKE BANK A/S,DANSKE EJENDOMME A/S,Kirstinedalsvej 14,2000,Frederiksberg,01/06 - 1983,31/12 - 2005,1
61126228,DANSKE BANK A/S,DANSKE EJENDOMME A/S,Nørregade 8,6600,Vejen,01/01 - 1992,31/12 - 2005,0
61126228,DANSKE BANK A/S,DANSKE EJENDOMME A/S,Vestergade 3,8963,Auning,01/01 - 1982,31/12 - 2005,0
61126228,DANSKE BANK A/S,DANSKE EJENDOMME A/S,Overdammen 4,6760,Ribe,01/01 - 1992,31/12 - 2005,0
61126228,DANSKE BANK A/S,DANSKE EJENDOMME A/S,Skolegade 2,7490,Aulum,01/01 - 1996,31/12 - 2005,0
61126228,DANSKE BANK A/S,DANSKE EJENDOMME A/S,Frederikssundsvej 322A,2700,Brønshøj,01/01 - 1982,31/12 - 2005,1
61126228,DANSKE BANK A/S,DANSKE EJENDOMME A/S,Frederiks Allé 178,8000,Århus C,01/01 - 1991,31/12 - 2005,0
61126228,DANSKE BANK A/S,DANSKE EJENDOMME A/S,Hoffmannsvej 2,8220,Brabrand,01/01 - 1998,31/12 - 2005,0
61126228,DANSKE BANK A/S,DANSKE EJENDOMME A/S,Perlegade 26,6400,Sønderborg,01/01 - 1990,31/12 - 2005,0
61126228,DANSKE BANK A/S,DANSKE EJENDOMME A/S,Slotsmarken 10,2970,Hørsholm,01/01 - 1997,31/12 - 2005,0
61126228,DANSKE BANK A/S,DANSKE EJENDOMME A/S,Søndergade 14,7080,Børkop,01/01 - 1991,31/12 - 2005,0
61126228,DANSKE BANK A/S,DANSKE EJENDOMME A/S,Samsøgade 8,9000,Aalborg,01/01 - 1991,31/12 - 2005,0
61126228,DANSKE BANK A/S,DANSKE EJENDOMME A/S DAMHAVEN,Sønderbrogade 34,7100,Vejle,01/01 - 1997,31/12 - 2005,0
61126228,DANSKE BANK A/S,DANSKE EJENDOMME A/S SAUNTEHUS,Saunte Bygade 50,3100,Hornbæk,01/01 - 1997,31/12 - 2005,0
61126228,DANSKE BANK A/S,DANSKE EJENDOMME A/S,Bredgade 20,5450,Otterup,01/01 - 1992,31/12 - 2005,0
61126228,DANSKE BANK A/S,DANSKE EJENDOMME A/S,Bredgade 43,8340,Malling,01/01 - 1992,31/12 - 2005,0
61126228,DANSKE BANK A/S,DANSKE EJENDOMME A/S,Torvet 6,4100,Ringsted,01/01 - 1993,31/12 - 2005,0
61126228,DANSKE BANK A/S,DANSKE EJENDOMME A/S,Nørre Torv 1,3060,Espergærde,01/01 - 1990,31/12 - 2005,0
61126228,DANSKE BANK A/S,DANSKE EJENDOMME A/S,Laur Larsensgade 8,4800,Nykøbing F,01/01 - 1982,31/12 - 2005,0
61126228,DANSKE BANK A/S,DANSKE EJENDOMME A/S,Jernbanegade 7,7700,Thisted,01/01 - 1991,31/12 - 2005,0
61126228,DANSKE BANK A/S,DANSKE EJENDOMME A/S,Kongensgade 18,6070,Christiansfeld,01/01 - 1982,31/12 - 2005,0
61126228,DANSKE BANK A/S,DANSKE EJENDOMME A/S,Torvegade 1,8900,Randers C,01/01 - 1982,31/12 - 2005,0
61126228,DANSKE BANK A/S,DANSKE EJENDOMME A/S,Nygade 34,9700,Brønderslev,01/01 - 1982,31/12 - 2005,1
61126228,DANSKE BANK A/S,DANSKE EJENDOMME A/S BJERRINGBROVEJ,Islevdalvej 142,2610,Rødovre,01/01 - 1997,31/12 - 2005,0
61126228,DANSKE BANK A/S,DANSKE EJENDOMME A/S,Gl Vardevej 15,6700,Esbjerg,01/01 - 1985,31/12 - 2005,0
61126228,DANSKE BANK A/S,DANSKE EJENDOMME A/S,Hasseris Bymidte 1,9000,Aalborg,01/01 - 1991,31/12 - 2005,1
61126228,DANSKE BANK A/S,DANSKE EJENDOMME A/S,Østre Havnevej 2,4583,Sjællands Odde,01/01 - 1992,31/12 - 2005,0
61126228,DANSKE BANK A/S,DANSKE EJENDOMME A/S,Nitivej 12,2000,Frederiksberg,01/01 - 1997,31/12 - 2005,0
61126228,DANSKE BANK A/S,DANSKE EJENDOMME A/S PRINSESSEGÅRDEN,Dronningens Tværgade 44,1302,København K,01/01 - 1991,31/12 - 2005,0
61126228,DANSKE BANK A/S,DANSKE EJENDOMME A/S,Søndergade 16,8783,Hornsyld,01/01 - 1996,31/12 - 2005,0
61126228,DANSKE BANK A/S,DANSKE EJENDOMME A/S LYNGBYPORT,Lyngby Hovedgade 106,2800,Kgs.Lyngby,01/01 - 1997,31/12 - 2005,0
61126228,DANSKE BANK A/S,DANSKE EJENDOMME A/S,Vestergade 31,6270,Tønder,01/01 - 1991,31/12 - 2005,1
61126228,DANSKE BANK A/S,DANSKE EJENDOMME A/S BJÆLKEN,Melsted By 6,3760,Gudhjem,01/01 - 1997,31/12 - 2005,1
61126228,DANSKE BANK A/S,DANSKE EJENDOMME A/S,Skarridsøgade 29,4450,Jyderup,01/01 - 1988,31/12 - 2005,0
61126228,DANSKE BANK A/S,DANSKE EJENDOMME A/S,Jernbanegade 1,7760,Hurup Thy,01/01 - 1990,31/12 - 2005,1
61126228,DANSKE BANK A/S,DANSKE EJENDOMME A/S,Bolderslev Hovedgade 2,6392,Bolderslev,01/01 - 1982,31/12 - 2005,0
61126228,DANSKE BANK A/S,DANSKE EJENDOMME A/S,Nørregade 23,6100,Haderslev,01/01 - 1990,31/12 - 2005,0
61126228,DANSKE BANK A/S,DANSKE BANK A/S,Dtc Torvet 24,7100,Vejle,01/03 - 2012,31/05 - 2018,0
61126228,DANSKE BANK A/S,DANSKE BANK A/S,Hammerensgade 4,1267,København K,01/09 - 2016,26/07 - 2021,10
61126228,DANSKE BANK A/S,DANSKE BANK A/S HERNING AFD.,Bredgade 28,7400,Herning,01/01 - 1990,06/05 - 2007,5-9
61126228,DANSKE BANK A/S,DANSKE BANK A/S ISHØJ BYCENTER AFD.,Ishøj Lilletorv 4A,2635,Ishøj,01/01 - 1990,30/06 - 2007,5-9
61126228,DANSKE BANK A/S,DANSKE BANK A/S FAXE AFD.,Kirketorvet 1,4640,Faxe,01/01 - 1990,31/12 - 2013,2-4
61126228,DANSKE BANK A/S,BG BANK A/S SKÅRUP AFD.,Skårup Stationsvej 14,5881,Skårup Fyn,01/01 - 1990,31/12 - 2003,0
61126228,DANSKE BANK A/S,DANSKE BANK A/S STRANDMARK AFD.,Strandmarksvej 20,2650,Hvidovre,01/01 - 1990,31/12 - 2009,10-19
61126228,DANSKE BANK A/S,BG BANK A/S ULLERSLEV AFD.,Ullerslev-Centret 23,5540,Ullerslev,01/01 - 1990,31/12 - 2001,2-4
61126228,DANSKE BANK A/S,DANSKE BANK A/S MIDDELFART AFD.,Østergade 40,5500,Middelfart,01/01 - 1990,31/12 - 2009,5-9
61126228,DANSKE BANK A/S,BG BANK A/S VINDEBY AFD.,Bregningevej 60,5700,Svendborg,01/01 - 1990,30/06 - 2001,5-9
61126228,DANSKE BANK A/S,DANSKE BANK A/S VIBORG AFD.,Gravene 1,8800,Viborg,01/01 - 1990,31/12 - 2008,5-9
61126228,DANSKE BANK A/S,DANSKE BANK A/S TARUP CENTER,Rugvang 36,5210,Odense NV,01/01 - 1990,30/09 - 2017,0
61126228,DANSKE BANK A/S,BG BANK A/S GRINDSTED AFD.,Nørregade 8,7200,Grindsted,01/01 - 1990,31/12 - 2001,2-4
61126228,DANSKE BANK A/S,BG BANK A/S VÆRLØSE AFD.,Bymidten 70,3500,Værløse,01/01 - 1990,31/12 - 2001,2-4
61126228,DANSKE BANK A/S,DANSKE BANK A/S FARUM AFD.,Farum Bytorv 74,3520,Farum,01/01 - 1990,31/12 - 2012,0
61126228,DANSKE BANK A/S,DANSKE BANK A/S HOLSTED AFD.,Søndergade 14,6670,Holsted,01/01 - 1992,31/12 - 2013,2-4
61126228,DANSKE BANK A/S,DANSKE BANK A/S BILLUND AFD.,Rådhuscentret 7,7190,Billund,01/01 - 1990,13/05 - 2007,2-4
61126228,DANSKE BANK A/S,DANSKE BANK A/S ODDER AFD.,Nørregade 6A,8300,Odder,01/01 - 1990,31/12 - 2008,5-9
61126228,DANSKE BANK A/S,BG BANK A/S BJERRINGBRO AFD.,Rossensgade 1,8850,Bjerringbro,01/01 - 1990,30/06 - 2003,0
61126228,DANSKE BANK A/S,BG BANK A/S ALLERØD AFD.,M D Madsensvej 19,3450,Allerød,01/01 - 1990,31/12 - 2006,5-9
61126228,DANSKE BANK A/S,BG BANK A/S HOLSTED SYD AFD.,Storegade 59,6670,Holsted,01/01 - 1992,30/06 - 2001,0
61126228,DANSKE BANK A/S,DANSKE BANK A/S GELSTED AFD.,Gelsted Byvej 3,5591,Gelsted,01/01 - 1990,31/12 - 2009,2-4
61126228,DANSKE BANK A/S,DANSKE BANK A/S Kolding Afd.,Riberdyb 26,6000,Kolding,01/01 - 1990,31/07 - 2018,50-99
61126228,DANSKE BANK A/S,DANSKE BANK A/S Kongens Nytorv Afd.,Store Kongensgade 24,1264,København K,01/01 - 1990,17/06 - 2007,5-9
61126228,DANSKE BANK A/S,BG BANK A/S ODENSE UNIVERSITETSHOSPITAL AFD.,Sdr. Boulevard 29,5000,Odense C,01/01 - 1990,30/06 - 2001,0
61126228,DANSKE BANK A/S,DANSKE BANK A/S RØDOVRE CENTRUM AFD.,Rødovre Centrum 159,2610,Rødovre,01/01 - 1990,03/06 - 2007,5-9
61126228,DANSKE BANK A/S,BG BANK A/S VESTER SKERNINGE AFD.,Fåborgvej 40,5762,Vester Skerninge,01/01 - 1990,31/12 - 2003,1
61126228,DANSKE BANK A/S,BG BANK A/S EBELTOFT AFD.,Ndr. Strandvej 1,8400,Ebeltoft,01/01 - 1990,31/12 - 2001,2-4
61126228,DANSKE BANK A/S,DANSKE BANK A/S KOCHSGADE AFD.,Kochsgade 139,5000,Odense C,01/01 - 1990,09/12 - 2014,5-9
61126228,DANSKE BANK A/S,DANSKE BANK A/S HELSINGØR AFD.,Bjergegade 22B,3000,Helsingør,01/01 - 1990,31/12 - 2010,10-19
61126228,DANSKE BANK A/S,DANSKE BANK A/S KØGE AFD.,Vestergade 24,4600,Køge,01/01 - 1990,31/12 - 2008,5-9
61126228,DANSKE BANK A/S,BG BANK A/S SKOVLUNDE AFD.,Torvestrædet 27,2740,Skovlunde,01/01 - 1990,31/12 - 2001,5-9
61126228,DANSKE BANK A/S,DANSKE BANK A/S HOBRO AFD.,Østergade 7A,9500,Hobro,01/01 - 1990,13/05 - 2007,1
61126228,DANSKE BANK A/S,DANSKE BANK A/S BELLINGE AFD.,Elmegårdsvej 5,5250,Odense SV,01/01 - 1990,31/12 - 2009,2-4
61126228,DANSKE BANK A/S,BG BANK A/S VIBENSHUS AFD.,Østerbrogade 162,2100,København Ø,01/01 - 1990,30/06 - 2001,5-9
61126228,DANSKE BANK A/S,BG BANK A/S PADBORG AFD.,Torvegade 5,6330,Padborg,01/01 - 1990,31/12 - 2001,5-9
61126228,DANSKE BANK A/S,DANSKE BANK A/S TAULOV AFD.,Bøgevej 1,7000,Fredericia,01/01 - 1990,31/12 - 2012,0
61126228,DANSKE BANK A/S,BG BANK A/S VESTRE AFD.,Vestergade 153,5700,Svendborg,01/01 - 1990,31/12 - 2001,5-9
61126228,DANSKE BANK A/S,DANSKE BANK A/S HILLERØD AFD.,Slotsgade 25,3400,Hillerød,01/01 - 1990,30/06 - 2007,10-19
61126228,DANSKE BANK A/S,BG BANK A/S KASTRUP AFD.,Kastruplundgade 24B,2770,Kastrup,01/01 - 1990,31/12 - 2001,5-9
61126228,DANSKE BANK A/S,BG BANK A/S HUSUM AFD.,Frederikssundsvej 346,2700,Brønshøj,01/01 - 1990,30/06 - 2001,5-9
61126228,DANSKE BANK A/S,BG BANK A/S BENEDIKT AFD.,Benediktsgade 46,5000,Odense C,01/01 - 1990,30/06 - 2001,5-9
61126228,DANSKE BANK A/S,BG BANK A/S SKIVE AFD.,Nørregade 17,7800,Skive,01/01 - 1990,31/12 - 2001,5-9
61126228,DANSKE BANK A/S,BG BANK A/S RINGSTED AFD.,Parkstræde 2,4100,Ringsted,01/01 - 1990,31/12 - 2001,5-9
61126228,DANSKE BANK A/S,BG BANK A/S ERRINDLEV AFD.,Rødbyvej 1,4895,Errindlev,01/01 - 1990,31/12 - 2001,0
61126228,DANSKE BANK A/S,DANSKE BANK A/S SLAGELSE AFD.,Rådhuspladsen 2,4200,Slagelse,01/01 - 1990,20/05 - 2007,5-9
61126228,DANSKE BANK A/S,DANSKE BANK A/S BRANDE AFD.,Jernbanegade 5,7330,Brande,01/01 - 1990,31/12 - 2013,2-4
61126228,DANSKE BANK A/S,DANSKE BANK A/S BALLERUP AFD.,Banegårdspladsen 7,2750,Ballerup,01/01 - 1990,30/06 - 2007,10-19
61126228,DANSKE BANK A/S,DANSKE BANK A/S KRISTRUP AFD.,Vennelystvej 54A,8960,Randers SØ,01/01 - 1990,31/12 - 2010,2-4
61126228,DANSKE BANK A/S,DANSKE BANK A/S FREDERIKSSUND AFD.,Ny Østergade 1A,3600,Frederikssund,01/01 - 1990,30/06 - 2007,5-9
61126228,DANSKE BANK A/S,DANSKE BANK A/S TAASTRUP AFD.,Taastrup Hovedgade 107,2630,Taastrup,01/01 - 1990,31/12 - 2010,0
61126228,DANSKE BANK A/S,DANSKE BANK A/S HOLSTEBRO AFD.,Nørregade 43,7500,Holstebro,01/01 - 1990,31/12 - 2008,1
61126228,DANSKE BANK A/S,BG BANK A/S,Silkegade 8,1113,København K,01/01 - 1990,31/12 - 2001,10-19
61126228,DANSKE BANK A/S,DANSKE BANK A/S AABENRAA AFD.,Storetorv 5,6200,Aabenraa,01/01 - 1990,03/06 - 2007,5-9
61126228,DANSKE BANK A/S,BG BANK A/S STENLØSE AFD.,Rådhustorvet 23,3660,Stenløse,01/01 - 1990,31/12 - 2001,5-9
61126228,DANSKE BANK A/S,DANSKE BANK A/S SØBORG AFD.,Søborg Hovedgade 116,2860,Søborg,01/01 - 1990,20/05 - 2007,5-9
61126228,DANSKE BANK A/S,DANSKE BANK A/S STORE-HEDDINGE AFD.,Algade 30,4660,Store Heddinge,01/01 - 1990,31/12 - 2013,2-4
61126228,DANSKE BANK A/S,DANSKE BANK A/S STEGE AFD.,Storegade 47,4780,Stege,01/01 - 1990,16/09 - 2013,0
61126228,DANSKE BANK A/S,DANSKE BANK A/S City Afd.,Højbro Plads 5,1200,København K,01/01 - 1990,30/06 - 2013,0
61126228,DANSKE BANK A/S,DANSKE BANK A/S AMAGERBRO AFD.,Amagerbrogade 30,2300,København S,01/01 - 1990,31/12 - 2010,2-4
61126228,DANSKE BANK A/S,DANSKE BANK A/S SKANDERBORG AFD.,Adelgade 78,8660,Skanderborg,01/01 - 1990,20/05 - 2007,5-9
61126228,DANSKE BANK A/S,DANSKE BANK A/S NYBORG AFD.,Adelgade 3,5800,Nyborg,01/01 - 1990,20/05 - 2007,5-9
61126228,DANSKE BANK A/S,DANSKE BANK A/S GLOSTRUP AFD.,Hovedvejen 126,2600,Glostrup,01/01 - 1990,31/12 - 2008,10-19
61126228,DANSKE BANK A/S,BG BANK A/S BAGSVÆRD AFD.,Bagsværd Hovedgade 101A,2880,Bagsværd,01/01 - 1990,31/12 - 2006,5-9
61126228,DANSKE BANK A/S,DANSKE BANK A/S ORDRUP AFD.,Ordrupvej 82,2920,Charlottenlund,01/01 - 1990,30/06 - 2007,5-9
61126228,DANSKE BANK A/S,BG BANK A/S SOLRØD CENTER AFD.,Solrød Center 58,2680,Solrød Strand,01/01 - 1990,31/12 - 2006,2-4
61126228,DANSKE BANK A/S,BG BANK A/S HERLEV AFD.,Herlev Bygade 40,2730,Herlev,01/01 - 1990,31/12 - 2006,5-9
61126228,DANSKE BANK A/S,BG BANK A/S TOMMERUP AFD.,Tallerupvej 8,5690,Tommerup,01/01 - 1990,31/12 - 2001,0
61126228,DANSKE BANK A/S,DANSKE BANK A/S FENSMARK AFD.,Næstvedvej 5,4684,Holmegaard,01/01 - 1990,30/06 - 2011,0
61126228,DANSKE BANK A/S,DANSKE BANK A/S ØSTERBRO AFD.,Østerbrogade 23,2100,København Ø,01/01 - 1990,31/12 - 2010,5-9
61126228,DANSKE BANK A/S,BG BANK A/S RUDE AFD.,Østervej 1,4243,Rude,01/01 - 1990,30/06 - 2002,2-4
61126228,DANSKE BANK A/S,DANSKE BANK A/S TOFTLUND AFD.,Vestergade 11,6520,Toftlund,01/01 - 1992,31/12 - 2013,2-4
61126228,DANSKE BANK A/S,DANSKE BANK A/S Tommerup Afd.,Møllebakken 1,5690,Tommerup,01/01 - 1990,31/12 - 2013,5-9
61126228,DANSKE BANK A/S,BG BANK A/S ROSENGÅRDCENTRET 93,Ørbækvej 75,5220,Odense SØ,01/01 - 1990,30/06 - 2003,10-19
61126228,DANSKE BANK A/S,DANSKE BANK A/S MORUD AFD.,Rugårdsvej 749,5462,Morud,01/01 - 1990,17/03 - 2013,0
61126228,DANSKE BANK A/S,BG BANK A/S NÆSBY AFD.,Karlavej 2,5270,Odense N,01/01 - 1990,31/12 - 2001,5-9
61126228,DANSKE BANK A/S,BG BANK A/S HØJBY AFD.,Højbyvej 44,5260,Odense S,01/01 - 1990,30/06 - 2001,5-9
61126228,DANSKE BANK A/S,DANSKE BANK A/S VALBY AFD.,Toftegårds Allé 42,2500,Valby,01/01 - 1990,31/08 - 2014,0
61126228,DANSKE BANK A/S,DANSKE BANK A/S CHRISTIANSHAVN AFD.,Torvegade 35,1400,København K,01/01 - 1990,31/12 - 2008,2-4
61126228,DANSKE BANK A/S,DANSKE BANK A/S NÆRUM AFD.,Nærumvænge Torv 10,2850,Nærum,01/01 - 1990,31/05 - 2015,0
61126228,DANSKE BANK A/S,BG BANK A/S,Vestergade 4,4230,Skælskør,01/01 - 1990,31/12 - 2001,5-9
61126228,DANSKE BANK A/S,DANSKE BANK A/S KERTEMINDE AFD.,Langegade 6,5300,Kerteminde,01/01 - 1990,13/05 - 2007,5-9
61126228,DANSKE BANK A/S,DANSKE BANK A/S LANGESKOV AFD.,Langeskov Centret 10,5550,Langeskov,01/01 - 1990,06/05 - 2007,2-4
61126228,DANSKE BANK A/S,DANSKE BANK A/S Højby Sjælland Afd.,Højby Hovedgade 26,4573,Højby,01/01 - 1990,31/12 - 2010,2-4
61126228,DANSKE BANK A/S,DANSKE BANK A/S,Jernbanegade 17,4690,Haslev,01/01 - 1990,01/04 - 2018,0
61126228,DANSKE BANK A/S,DANSKE BANK A/S 4548 BØRKOP AFD.,Ny Boder 27,7080,Børkop,01/01 - 1992,31/03 - 2015,0
61126228,DANSKE BANK A/S,DANSKE BANK A/S FÆLLEDVEJ AFD.,Fælledvej 8,4000,Roskilde,01/01 - 1990,31/12 - 2012,0
61126228,DANSKE BANK A/S,DANSKE BANK A/S KORSØR AFD.,Jens Baggesens Gade 34,4220,Korsør,01/01 - 1990,17/06 - 2007,5-9
61126228,DANSKE BANK A/S,BG BANK A/S VINDINGGÅRDSCENTER AFD.,Vindinggård Center 27C,7100,Vejle,01/01 - 1992,31/12 - 2001,5-9
61126228,DANSKE BANK A/S,DANSKE BANK A/S SEEST AFD.,Seestvej 1,6000,Kolding,01/01 - 1990,30/09 - 2016,0
61126228,DANSKE BANK A/S,DANSKE BANK A/S SAMSØ AFD.,Langgade 43,8305,Samsø,01/01 - 1990,30/12 - 2013,2-4
61126228,DANSKE BANK A/S,DANSKE BANK A/S HJALLESE AFD.,Enebærvej 2,5260,Odense S,01/01 - 1990,31/12 - 2012,0
61126228,DANSKE BANK A/S,BG BANK A/S SKIBHUS AFD.,Skibhusvej 163,5000,Odense C,01/01 - 1990,30/06 - 2001,0
61126228,DANSKE BANK A/S,BG BANK A/S KØGEVEJ AFD.,Køgevej 108E,4000,Roskilde,01/01 - 1990,31/12 - 2001,5-9
61126228,DANSKE BANK A/S,DANSKE BANK A/S HØRSHOLM AFD.,Hovedgaden 22,2970,Hørsholm,01/01 - 1990,31/12 - 2008,2-4
61126228,DANSKE BANK A/S,DANSKE BANK A/S CHRISTIANSFELD AFD.,Kongensgade 7,6070,Christiansfeld,01/01 - 1992,31/03 - 2015,0
61126228,DANSKE BANK A/S,DANSKE BANK A/S FUGLEBJERG AFD.,Byagervej 5,4250,Fuglebjerg,01/01 - 1990,31/12 - 2012,2-4
61126228,DANSKE BANK A/S,DANSKE BANK A/S VIRUM AFD.,Virum Torv 5,2830,Virum,01/01 - 1990,16/09 - 2013,0
61126228,DANSKE BANK A/S,DANSKE BANK A/S HVIDOVRE AFD.,Hvidovrevej 103,2650,Hvidovre,01/01 - 1990,31/12 - 2008,5-9
61126228,DANSKE BANK A/S,BG BANK A/S VEJLEVEJ AFD.,Vejlevej 41,7000,Fredericia,01/01 - 1992,31/12 - 2002,5-9
61126228,DANSKE BANK A/S,DANSKE BANK A/S RINGE AFD.,Torvet 1,5750,Ringe,01/01 - 1990,03/06 - 2007,5-9
61126228,DANSKE BANK A/S,DANSKE BANK A/S VESTERBRO AFD.,Vesterbrogade 55,1620,København V,01/01 - 1990,30/12 - 2013,0
61126228,DANSKE BANK A/S,DANSKE BANK A/S HVALSØ AFD.,Hovedgaden 12,4330,Hvalsø,01/01 - 1990,31/12 - 2012,1
61126228,DANSKE BANK A/S,DANSKE BANK A/S BRØNSHØJ AFD.,Frederikssundsvej 154D,2700,Brønshøj,01/01 - 1990,31/12 - 2010,10-19
61126228,DANSKE BANK A/S,DANSKE BANK A/S NYKØBING FALSTER AFD.,Hollands Gaard 46,4800,Nykøbing F,01/01 - 1990,17/06 - 2007,5-9
61126228,DANSKE BANK A/S,DANSKE BANK A/S HEDENSTED AFD.,Vesterbrogade 10B,8722,Hedensted,01/01 - 1992,07/05 - 2017,0
61126228,DANSKE BANK A/S,DANSKE BANK A/S VIBY Sjælland Afd.,Torvet 6,4130,Viby Sjælland,01/01 - 1990,31/12 - 2012,0
61126228,DANSKE BANK A/S,DANSKE BANK A/S OTTERUP AFD.,Nørregade 7,5450,Otterup,01/01 - 1990,31/12 - 2013,5-9
61126228,DANSKE BANK A/S,DANSKE BANK A/S H.C.ØRSTEDS VEJ AFD.,H.C. Ørsteds Vej 38,1879,Frederiksberg C,01/01 - 1990,31/12 - 2012,0
61126228,DANSKE BANK A/S,DANSKE BANK A/S FISKETORVET AFD.,Fisketorvet 8-10,5000,Odense C,01/01 - 1990,30/09 - 2010,50-99
61126228,DANSKE BANK A/S,BG BANK A/S HEDEHUSENE AFD.,Hovedgaden 423,2640,Hedehusene,01/01 - 1990,31/12 - 2003,0
61126228,DANSKE BANK A/S,BG BANK A/S HUNDIGE CENTER AFD.,Over Bølgen 15H,2670,Greve,01/01 - 1990,11/09 - 2003,0
61126228,DANSKE BANK A/S,DANSKE BANK A/S RYVANG AFD.,Lyngbyvej 34,2100,København Ø,01/01 - 1990,30/09 - 2016,5-9
61126228,DANSKE BANK A/S,DANSKE BANK A/S GODTHÅB AFD.,Godthåbsvej 70,2000,Frederiksberg,01/01 - 1990,31/12 - 2010,5-9
61126228,DANSKE BANK A/S,DANSKE BANK A/S FREDERIKSSUNDSVEJ AFD.,Frederikssundsvej 26B,2400,København NV,01/01 - 1990,31/12 - 2008,1
61126228,DANSKE BANK A/S,DANSKE BANK A/S NR.BROBY AFD.,Østerågade 1,5672,Broby,01/01 - 1990,22/07 - 2014,0
61126228,DANSKE BANK A/S,DANSKE BANK A/S SØHUS AFD.,Rullekrovej 2,5270,Odense N,01/01 - 1990,31/12 - 2009,5-9
61126228,DANSKE BANK A/S,BG BANK A/S MUNKEBO AFD.,Bycentret 101,5330,Munkebo,01/01 - 1990,31/12 - 2001,2-4
61126228,DANSKE BANK A/S,BG BANK A/S KONGENSGADE AFD.,"Kongensgade 74, 76",5000,Odense C,01/01 - 1990,31/12 - 2001,0
61126228,DANSKE BANK A/S,DANSKE BANK A/S VISSENBJERG AFD.,Østergade 11,5492,Vissenbjerg,01/01 - 1990,31/12 - 2008,2-4
61126228,DANSKE BANK A/S,BG BANK A/S FERRITSLEV AFD.,Ørbækvej 78,5863,Ferritslev Fyn,01/01 - 1990,31/12 - 2001,2-4
61126228,DANSKE BANK A/S,BG BANK A/S SCT.HANS GADE AFD.,Sankt Hans Gade 32,4000,Roskilde,01/01 - 1990,31/12 - 2001,5-9
61126228,DANSKE BANK A/S,BG BANK A/S ASNÆS AFD.,Asnæs Centret 49,4550,Asnæs,01/01 - 1990,31/12 - 2001,2-4
61126228,DANSKE BANK A/S,BG BANK A/S SIMMERSTEDVEJ AFD.,Simmerstedvej 37,6100,Haderslev,01/01 - 1992,31/12 - 2001,2-4
61126228,DANSKE BANK A/S,DANSKE BANK A/S SDR.NÆRÅ AFD.,Stationsvej 145,5792,Årslev,01/01 - 1990,03/06 - 2007,5-9
61126228,DANSKE BANK A/S,BG BANK A/S GUDME AFD.,Kirkegade 10,5884,Gudme,01/01 - 1990,31/12 - 2006,2-4
61126228,DANSKE BANK A/S,DANSKE BANK A/S HELLERUP AFD.,Strandvejen 169A,2900,Hellerup,01/01 - 1990,30/06 - 2007,5-9
61126228,DANSKE BANK A/S,BG BANK A/S JAGTVEJ AFD.,"Nørre Voldgade 68, st",1358,København K,01/01 - 1990,31/12 - 2001,5-9
61126228,DANSKE BANK A/S,DANSKE BANK A/S SVENDBORG AFD.,Tinghusgade 11,5700,Svendborg,01/01 - 1990,30/04 - 2010,10-19
61126228,DANSKE BANK A/S,BG BANK A/S BOLBRO AFD.,Middelfartvej 115,5200,Odense V,01/01 - 1990,31/12 - 2001,5-9
61126228,DANSKE BANK A/S,DANSKE BANK A/S HOLTE AFD.,Øverødvej 3,2840,Holte,01/01 - 1990,30/12 - 2007,2-4
61126228,DANSKE BANK A/S,BG BANK A/S LUNDTOFTE AFD.,Lundtofteparken 81,2800,Kgs. Lyngby,01/01 - 1990,31/12 - 2001,5-9
61126228,DANSKE BANK A/S,DANSKE BANK A/S,Vendersgade 26,7000,Fredericia,01/01 - 1992,31/01 - 2015,0
61126228,DANSKE BANK A/S,BG BANK A/S VONSILD AFD.,Vonsildvej 36,6000,Kolding,01/01 - 1990,31/12 - 2001,0
61126228,DANSKE BANK A/S,BG BANK A/S SEJS AFD.,Julsøvej 16,8600,Silkeborg,01/01 - 1990,31/12 - 2005,2-4
61126228,DANSKE BANK A/S,DANSKE BANK A/S NORDRE AFD.,Borgergade 2,8600,Silkeborg,01/01 - 1990,30/06 - 2013,0
61126228,DANSKE BANK A/S,DANSKE BANK A/S ULSTRUP AFD.,Østergade 15,8860,Ulstrup,01/01 - 1990,31/12 - 2012,0
61126228,DANSKE BANK A/S,BG BANK A/S LUNDERSKOV AFD.,Storegade 24,6640,Lunderskov,01/01 - 1990,31/12 - 2001,2-4
61126228,DANSKE BANK A/S,BG BANK A/S ØRUM DJURS AFD.,Åbrovej 39,8586,Ørum Djurs,01/01 - 1990,31/12 - 2001,20-49
61126228,DANSKE BANK A/S,DANSKE BANK A/S KJELLERUP AFD.,Søndergade 2,8620,Kjellerup,01/01 - 1990,30/06 - 2013,0
61126228,DANSKE BANK A/S,DANSKE BANK A/S HOVEDGÅRD AFD.,Horsensvej 8,8732,Hovedgård,01/01 - 1990,30/11 - 2010,2-4
61126228,DANSKE BANK A/S,DANSKE BANK A/S STORE TORV AFD.,Store Torv 3,8000,Aarhus C,01/01 - 1990,31/12 - 2010,0
61126228,DANSKE BANK A/S,DANSKE BANK A/S AALESTRUP AFD.,Vestergade 8,9620,Aalestrup,01/01 - 1990,30/12 - 2013,2-4
61126228,DANSKE BANK A/S,DANSKE BANK A/S HOLBÆK AFD.,Nygade 20,4300,Holbæk,01/01 - 1990,06/05 - 2007,10-19
61126228,DANSKE BANK A/S,DANSKE BANK A/S VESTERGADE AFD.,Vestergade 39,7100,Vejle,01/01 - 1990,31/12 - 2012,0
61126228,DANSKE BANK A/S,DANSKE BANK A/S ARDEN AFD.,Vestergade 21,9510,Arden,01/01 - 1990,30/09 - 2010,2-4
61126228,DANSKE BANK A/S,BG BANK A/S KOLDINGSTORCENTER AFD.,Skovvangen 42,6000,Kolding,01/01 - 1990,31/12 - 2002,5-9
61126228,DANSKE BANK A/S,BG BANK A/S BRYRUP AFD,Hovedgaden 34,8654,Bryrup,01/01 - 1990,30/06 - 2001,0
61126228,DANSKE BANK A/S,DANSKE BANK A/S BRÆDSTRUP AFD.,Bredgade 21,8740,Brædstrup,01/01 - 1990,30/12 - 2013,0
61126228,DANSKE BANK A/S,DANSKE BANK A/S HORNSYLD AFD.,Møllevej 4,8783,Hornsyld,01/01 - 1990,31/12 - 2012,0
61126228,DANSKE BANK A/S,DANSKE BANK A/S DAGNÆS AFD.,Bjerrevej 50,8700,Horsens,01/01 - 1990,30/12 - 2013,1
61126228,DANSKE BANK A/S,DANSKE BANK A/S SUNDVEJ AFD.,Sundvej 101,8700,Horsens,01/01 - 1990,30/12 - 2013,1
61126228,DANSKE BANK A/S,DANSKE BANK A/S FÅRVANG AFD.,Lærkevej 1,8882,Fårvang,01/01 - 1990,31/12 - 2010,2-4
61126228,DANSKE BANK A/S,DANSKE BANK A/S JERNBANEGADE AFD.,Jernbanegade 3,6000,Kolding,01/01 - 1990,31/12 - 2012,0
61126228,DANSKE BANK A/S,DANSKE BANK A/S SPEDALSØ TORV AFD.,Spedalsø Torv 6,8700,Horsens,01/01 - 1990,31/12 - 2010,5-9
61126228,DANSKE BANK A/S,DANSKE BANK A/S TØRRING AFD.,Jernbanegade 4,7160,Tørring,01/01 - 1992,30/12 - 2013,2-4
61126228,DANSKE BANK A/S,DANSKE BANK A/S GØRDING AFD.,Jernbanegade 1,6690,Gørding,01/01 - 1992,31/12 - 2010,2-4
61126228,DANSKE BANK A/S,BG BANK A/S OKSBØL AFD.,Østergade 2,6840,Oksbøl,01/01 - 1992,31/12 - 2001,2-4
61126228,DANSKE BANK A/S,DANSKE BANK A/S THEM AFD.,Them-Centret 2,8653,Them,01/01 - 1990,31/12 - 2012,0
61126228,DANSKE BANK A/S,DANSKE BANK A/S RØNNE AFD.,Store Torv 15,3700,Rønne,01/01 - 1992,31/12 - 2010,10-19
61126228,DANSKE BANK A/S,BG BANK A/S BÆKKE AFD.,Søndergade 6,6622,Bække,01/01 - 1992,30/06 - 2001,2-4
61126228,DANSKE BANK A/S,DANSKE BANK A/S NIBE AFD.,Skomagergade 1,9240,Nibe,01/01 - 1990,30/06 - 2007,5-9
61126228,DANSKE BANK A/S,DANSKE BANK A/S LØSNING AFD.,Vestergade 19,8723,Løsning,01/01 - 1990,31/12 - 2013,0
61126228,DANSKE BANK A/S,DANSKE BANK A/S VEJEN AFD.,Nørregade 5,6600,Vejen,01/01 - 1992,30/06 - 2007,20-49
61126228,DANSKE BANK A/S,DANSKE BANK A/S ØSTBIRK AFD.,Storegade 7,8752,Østbirk,01/01 - 1990,30/11 - 2010,2-4
61126228,DANSKE BANK A/S,BG BANK A/S KONGENSGADE AFD.,Kongensgade 58,6700,Esbjerg,01/01 - 1990,30/06 - 2006,20-49
61126228,DANSKE BANK A/S,DANSKE BANK A/S JUELSMINDE AFD.,Juelsgade 5,7130,Juelsminde,01/01 - 1990,30/06 - 2013,0
61126228,DANSKE BANK A/S,DANSKE BANK A/S LÆSØ AFD.,Byrum Hovedgade 55,9940,Læsø,01/01 - 1990,31/12 - 2012,0
61126228,DANSKE BANK A/S,DANSKE BANK A/S NR.SNEDE AFD.,Engholmvej 5,8766,Nørre Snede,01/01 - 1990,31/12 - 2010,2-4
61126228,DANSKE BANK A/S,BG BANK A/S ALBERTSLUND AFD.,Bygangen 20,2620,Albertslund,01/01 - 1990,31/12 - 2001,0
61126228,DANSKE BANK A/S,BG BANK A/S BREDBALLE CENTER AFD.,Bredballe Center 9,7120,Vejle Øst,01/01 - 1992,31/12 - 2001,5-9
61126228,DANSKE BANK A/S,BG BANK A/S GJESING AFD.,Gl Vardevej 230,6715,Esbjerg N,01/01 - 1990,31/12 - 2001,2-4
61126228,DANSKE BANK A/S,BG BANK A/S STENSTRUP AFD.,Stationsvej 23,5771,Stenstrup,01/01 - 1990,31/12 - 2002,2-4
61126228,DANSKE BANK A/S,DANSKE BANK A/S TJÆREBORG AFD.,Vestre Strandvej 15,6731,Tjæreborg,01/01 - 1990,17/03 - 2013,0
61126228,DANSKE BANK A/S,DANSKE BANK A/S ØLGOD AFD.,Torvegade 2,6870,Ølgod,01/01 - 1990,30/06 - 2013,0
61126228,DANSKE BANK A/S,DANSKE BANK A/S AGERSKOV AFD.,Hovedgaden 21,6534,Agerskov,01/01 - 1992,31/12 - 2008,2-4
61126228,DANSKE BANK A/S,BG BANK A/S GENTOFTE AFD.,Gentoftegade 64,2820,Gentofte,01/01 - 1990,31/12 - 2006,5-9
61126228,DANSKE BANK A/S,DANSKE BANK A/S JERNE AFD.,Strandby Kirkevej 82,6705,Esbjerg Ø,01/01 - 1990,31/12 - 2008,2-4
61126228,DANSKE BANK A/S,DANSKE BANK A/S GIVE AFD.,Torvegade 5,7323,Give,01/01 - 1992,30/06 - 2013,0
61126228,DANSKE BANK A/S,DANSKE BANK A/S GLESBORG AFD.,Glesborg Bygade 55,8585,Glesborg,01/01 - 1990,31/12 - 2008,1
61126228,DANSKE BANK A/S,BG BANK A/S HASLE AFD.,Storegade 73,3790,Hasle,01/01 - 1992,31/12 - 2001,2-4
61126228,DANSKE BANK A/S,DANSKE BANK A/S SKODBORG AFD.,Skodborg Vestergade 1,6630,Rødding,01/01 - 1990,31/12 - 2008,1
61126228,DANSKE BANK A/S,BG BANK A/S RANDERS AFD.,Storegade 1,8900,Randers C,01/01 - 1990,31/12 - 2001,10-19
61126228,DANSKE BANK A/S,BG BANK A/S BIRKERØD AFD,Hovedgaden 49,3460,Birkerød,01/01 - 1990,31/12 - 2001,2-4
61126228,DANSKE BANK A/S,BG BANK A/S ALLINGE AFD.,Kirkegade 13,3770,Allinge,01/01 - 1992,31/12 - 2002,2-4
61126228,DANSKE BANK A/S,BG BANK A/S CHRISTIANSBJERG AFD.,Otte Ruds Gade 98,8200,Århus N,01/01 - 1990,31/12 - 2001,0
61126228,DANSKE BANK A/S,DANSKE BANK A/S SINDAL AFD.,Nørregade 11,9870,Sindal,01/01 - 1990,31/12 - 2012,0
61126228,DANSKE BANK A/S,BG BANK A/S RÆDERSGADE AFD.,Rædersgade 1,8700,Horsens,01/01 - 1990,31/12 - 2004,5-9
61126228,DANSKE BANK A/S,DANSKE BANK A/S NEKSØ AFD.,Torvet 2,3730,Nexø,01/01 - 1992,31/12 - 2013,2-4
61126228,DANSKE BANK A/S,DANSKE BANK A/S SDR.BJERT AFD.,Skartvedvej 12,6091,Bjert,01/01 - 1990,17/03 - 2013,0
61126228,DANSKE BANK A/S,BG BANK A/S STRANDHUSE AFD.,Lyshøj Alle 4A,6000,Kolding,01/01 - 1992,30/06 - 2002,2-4
61126228,DANSKE BANK A/S,DANSKE BANK A/S RY AFD.,Klostervej 18,8680,Ry,01/01 - 1990,30/06 - 2007,5-9
61126228,DANSKE BANK A/S,DANSKE BANK A/S RASK MØLLE AFD.,Hovedgaden 20,8763,Rask Mølle,01/01 - 1990,31/12 - 2010,1
61126228,DANSKE BANK A/S,DANSKE BANK A/S SÆDDING AFD.,Tarphagevej 59,6710,Esbjerg V,01/01 - 1990,31/12 - 2013,0
61126228,DANSKE BANK A/S,BG BANK A/S HALSKOV AFD,Halsskovvej 40,4220,Korsør,01/01 - 1990,31/12 - 2001,2-4
61126228,DANSKE BANK A/S,DANSKE BANK A/S VAMDRUP AFD.,Torvet 4,6580,Vamdrup,01/01 - 1990,31/12 - 2013,0
61126228,DANSKE BANK A/S,DANSKE BANK A/S VESTBY AFD.,Hjørringvej 163B,9900,Frederikshavn,01/01 - 1990,31/12 - 2010,5-9
61126228,DANSKE BANK A/S,DANSKE BANK A/S RIBE AFD.,Saltgade 10,6760,Ribe,01/01 - 1992,30/12 - 2013,0
61126228,DANSKE BANK A/S,DANSKE BANK A/S ERRITSØ AFD.,Erritsø Bygade 95,7000,Fredericia,01/01 - 1992,17/03 - 2013,0
61126228,DANSKE BANK A/S,DANSKE BANK A/S HØJER AFD.,Storegade 10,6280,Højer,01/01 - 1990,31/12 - 2010,2-4
61126228,DANSKE BANK A/S,DANSKE BANK A/S BRAMMING AFD.,Nørregade 15D,6740,Bramming,01/01 - 1992,20/05 - 2007,5-9
61126228,DANSKE BANK A/S,DANSKE BANK A/S DAMHAVEN AFD.,Damhaven 5,7100,Vejle,01/01 - 1992,31/12 - 2008,5-9
61126228,DANSKE BANK A/S,DANSKE BANK A/S EGTVED AFD.,Østergade 1B,6040,Egtved,01/01 - 1992,30/12 - 2013,0
61126228,DANSKE BANK A/S,DANSKE BANK A/S Ålborg Afd.,Boulevarden 28,9000,Aalborg,01/01 - 1990,31/12 - 2010,10-19
61126228,DANSKE BANK A/S,DANSKE BANK A/S SØNDERBORG AFD.,Perlegade 13,6400,Sønderborg,01/01 - 1990,30/06 - 2007,1
61126228,DANSKE BANK A/S,BG BANK A/S EGESKOVVEJ AFD.,Egeskovvej 90,7000,Fredericia,01/01 - 1992,31/12 - 2001,0
61126228,DANSKE BANK A/S,DANSKE BANK A/S AAKIRKEBY AFD.,Torvet 5,3720,Aakirkeby,01/01 - 1992,31/12 - 2013,0
61126228,DANSKE BANK A/S,DANSKE BANK A/S DANMARKSGADE AFD.,Danmarksgade 64,9900,Frederikshavn,01/01 - 1990,31/12 - 2008,1
61126228,DANSKE BANK A/S,DANSKE BANK A/S LØGSTØR AFD.,Østerbrogade 29,9670,Løgstør,01/01 - 1990,31/12 - 2012,0
61126228,DANSKE BANK A/S,BG BANK A/S BREDSTEN CENTER AFD.,Steen Blicher Vej 25,7182,Bredsten,01/01 - 1992,31/12 - 2001,2-4
61126228,DANSKE BANK A/S,BG BANK A/S IKAST AFD.,Østergade 11,7430,Ikast,01/01 - 1990,31/12 - 2001,2-4
61126228,DANSKE BANK A/S,DANSKE BANK A/S VIBY AFD. VIBY MIDTPUNKT,"Viby Ringvej 7, 9",8260,Viby J,01/01 - 1990,10/06 - 2007,2-4
61126228,DANSKE BANK A/S,DANSKE BANK A/S SÆBY AFD.,Henrik Nielsens Plads 4,9300,Sæby,01/01 - 1990,30/12 - 2007,2-4
61126228,DANSKE BANK A/S,BG BANK A/S,Højbro Plads 10,1200,København K,01/01 - 1990,31/12 - 2001,5-9
61126228,DANSKE BANK A/S,DANSKE BANK A/S SKÆRBÆK AFD.,Storegade 20,6780,Skærbæk,01/01 - 1990,30/06 - 2013,0
61126228,DANSKE BANK A/S,BG BANK A/S HASSERIS AFD,Thulebakken 44,9000,Aalborg,01/01 - 1991,31/12 - 2001,2-4
61126228,DANSKE BANK A/S,BG BANK A/S TISTRUP AFD.,Torvet 2,6862,Tistrup,01/01 - 1990,31/12 - 2001,2-4
61126228,DANSKE BANK A/S,BG BANK A/S TØNDER AFD.,Vestergade 26,6270,Tønder,01/01 - 1990,31/12 - 2001,5-9
61126228,DANSKE BANK A/S,BG BANK A/S AAGAARD AFD.,Bramdrupvej 112,6040,Egtved,01/01 - 1992,31/12 - 2001,0
61126228,DANSKE BANK A/S,DANSKE BANK A/S,Egedal 5,2690,Karlslunde,22/10 - 1979,11/03 - 2007,2-4
61126228,DANSKE BANK A/S,DANSKE BANK A/S,Torvestrædet 27,2740,Skovlunde,01/01 - 1980,30/06 - 2013,0
61126228,DANSKE BANK A/S,DANSKE BANK A/S,Kongens Nytorv 24,1050,København K,22/10 - 1979,31/12 - 2001,10-19
61126228,DANSKE BANK A/S,DANSKE BANK A/S Butik 365,Cityringen 2,2630,Taastrup,22/10 - 1979,13/05 - 2007,5-9
61126228,DANSKE BANK A/S,DANSKE BANK A/S Udenlandsansatte,UKENDT,,,03/01 - 1991,31/10 - 1999,2-4
61126228,DANSKE BANK A/S,DANSKE BANK A/S HEDEGÅRDENS BUTIKSCENTER,Hedeparken 9,2750,Ballerup,22/10 - 1979,31/12 - 2010,2-4
61126228,DANSKE BANK A/S,DANSKE BANK A/S,Stengårdsvej 4,6705,Esbjerg Ø,22/10 - 1979,31/12 - 2001,5-9
61126228,DANSKE BANK A/S,DANSKE BANK A/S,Rådhuspladsen 45,1550,København V,22/10 - 1979,15/10 - 2000,0
61126228,DANSKE BANK A/S,DANSKE BANK A/S,Torvet 7,7620,Lemvig,01/01 - 1991,17/03 - 2013,0
61126228,DANSKE BANK A/S,DANSKE BANK A/S,Strandvejen 8,2100,København Ø,01/01 - 1991,30/12 - 2013,0
61126228,DANSKE BANK A/S,DANSKE BANK A/S,Algade 53,9000,Aalborg,01/01 - 1991,31/12 - 2004,20-49
61126228,DANSKE BANK A/S,DANSKE BANK A/S,Rødovrevej 264,2610,Rødovre,22/10 - 1979,31/12 - 2010,2-4
61126228,DANSKE BANK A/S,DANSKE BANK A/S,Strandvejen 209,2900,Hellerup,22/10 - 1979,15/04 - 2013,0
61126228,DANSKE BANK A/S,DEN DANSKE BANK A/S,Østerbrogade 153,2100,København Ø,22/10 - 1979,31/12 - 1999,5-9
61126228,DANSKE BANK A/S,DEN DANSKE BANK A/S,Willemoesgade 60,2100,København Ø,22/10 - 1979,30/04 - 2000,5-9
61126228,DANSKE BANK A/S,DANSKE BANK A/S,Sadelmagerporten 2,2650,Hvidovre,22/10 - 1979,19/06 - 2000,5-9
61126228,DANSKE BANK A/S,DANSKE BANK A/S,Jernbane Allé 99,2720,Vanløse,01/09 - 2011,31/12 - 2020,9
61126228,DANSKE BANK A/S,DANSKE BANK A/S,Polititorvet 12,1567,København V,22/10 - 1979,12/06 - 2000,2-4
61126228,DANSKE BANK A/S,DANSKE BANK A/S,Halsskovvej 27,4220,Korsør,01/01 - 1991,31/12 - 2008,2-4
61126228,DANSKE BANK A/S,DANSKE BANK A/S,Gammel Køge Landevej 264,2650,Hvidovre,22/10 - 1979,23/04 - 2001,5-9
61126228,DANSKE BANK A/S,DANSKE BANK A/S,Vester Farimagsgade 43,1606,København V,22/10 - 1979,31/12 - 2001,5-9
61126228,DANSKE BANK A/S,DANSKE BANK A/S,Tårnby Torv 9,2770,Kastrup,22/10 - 1979,31/12 - 2001,0
61126228,DANSKE BANK A/S,DANSKE BANK AF 1871,Københavns Lufthavn 1,2770,Kastrup,01/01 - 1994,31/12 - 2002,5-9
61126228,DANSKE BANK A/S,DANSKE BANK A/S,Kongevejen 159,2830,Virum,22/10 - 1979,31/12 - 2003,0
61126228,DANSKE BANK A/S,DANSKE BANK A/S,Søborg Hovedgade 71,2860,Søborg,22/10 - 1979,21/11 - 2016,0
61126228,DANSKE BANK A/S,DANSKE BANK A/S,Ålholmvej 1,2500,Valby,22/10 - 1979,31/05 - 2000,5-9
61126228,DANSKE BANK A/S,DANSKE BANK A/S,Borgbjergsvej 17,2450,København SV,22/10 - 1979,30/11 - 2012,5-9
61126228,DANSKE BANK A/S,DANSKE BANK A/S,Torvet 2,4850,Stubbekøbing,01/01 - 1991,31/12 - 2002,5-9
61126228,DANSKE BANK A/S,DANSKE BANK A/S,Bernstorffsvej 140,2900,Hellerup,22/10 - 1979,05/06 - 2000,2-4
61126228,DANSKE BANK A/S,DANSKE BANK A/S,Vesterbrogade 46,1620,København V,22/10 - 1979,31/12 - 2001,0
61126228,DANSKE BANK A/S,DANSKE BANK A/S,Holmbladsgade 34,2300,København S,22/10 - 1979,30/12 - 2013,5-9
61126228,DANSKE BANK A/S,DANSKE BANK A/S,Himmerlandsgade 73,9600,Aars,22/10 - 1979,07/05 - 2017,0
61126228,DANSKE BANK A/S,DANSKE BANK A/S,Munkholmvej 24,4300,Holbæk,22/10 - 1979,31/12 - 2001,2-4
61126228,DANSKE BANK A/S,DANSKE BANK A/S,Fredensgade 27,2200,København N,22/10 - 1979,30/06 - 2013,0
61126228,DANSKE BANK A/S,DANSKE BANK A/S,Frederiksborgvej 131,2400,København NV,22/10 - 1979,05/11 - 2011,2-4
61126228,DANSKE BANK A/S,DANSKE BANK A/S,Østergade 29,7600,Struer,01/01 - 1991,01/10 - 2017,0
61126228,DANSKE BANK A/S,DANSKE BANK A/S,Frederikssundsvej 381,2700,Brønshøj,22/10 - 1979,12/06 - 2000,0
61126228,DANSKE BANK A/S,DEN DANSKE BANK A/S,Adelgade 50,1304,København K,22/10 - 1979,31/12 - 1999,0
61126228,DANSKE BANK A/S,DANSKE BANK A/S,Taarbæk Strandvej 95,2930,Klampenborg,22/10 - 1979,31/12 - 2001,2-4
61126228,DANSKE BANK A/S,DANSKE BANK A/S,Godthåbsvej 35,2000,Frederiksberg,22/10 - 1979,31/05 - 2000,0
61126228,DANSKE BANK A/S,DANSKE BANK A/S,Sct Jørgens Park 38,4700,Næstved,01/01 - 1991,31/12 - 2001,0
61126228,DANSKE BANK A/S,DANSKE BANK A/S,Amagertorv 24,1160,København K,22/10 - 1979,31/12 - 2003,1
61126228,DANSKE BANK A/S,DANSKE BANK A/S,Lilleholm 1,2670,Greve,22/10 - 1979,30/06 - 2003,2-4
61126228,DANSKE BANK A/S,DANSKE BANK A/S,Frederikssundsvej 145,2700,Brønshøj,22/10 - 1979,22/05 - 2000,1
61126228,DANSKE BANK A/S,DANSKE BANK A/S,Ishøj Vestergade 12,2635,Ishøj,22/10 - 1979,01/05 - 2017,0
61126228,DANSKE BANK A/S,DANSKE BANK A/S Lindehøj Centret,Tvedvangen 201,2730,Herlev,22/10 - 1979,11/03 - 2007,2-4
61126228,DANSKE BANK A/S,DEN DANSKE BANK A/S,Århusgade 115,2150,Nordhavn,22/10 - 1979,08/11 - 1999,0
61126228,DANSKE BANK A/S,DANSKE BANK A/S,Kæpgårdsvej 8,4840,Nørre Alslev,01/01 - 1991,31/12 - 2013,2-4
61126228,DANSKE BANK A/S,DANSKE BANK A/S,Jernbanepladsen 43,2800,Kgs. Lyngby,22/10 - 1979,31/12 - 2006,5-9
61126228,DANSKE BANK A/S,DANSKE BANK A/S,Hjultorv 8,4700,Næstved,01/01 - 1991,31/12 - 2008,1
61126228,DANSKE BANK A/S,DANSKE BANK A/S,Vejlevej 328,6000,Kolding,22/10 - 1979,17/03 - 2013,0
61126228,DANSKE BANK A/S,DANSKE BANK A/S,Måløv Hovedgade 61,2760,Måløv,22/10 - 1979,05/11 - 2011,2-4
61126228,DANSKE BANK A/S,DANSKE BANK A/S,Vigerslevvej 137,2500,Valby,22/10 - 1979,19/06 - 2000,5-9
61126228,DANSKE BANK A/S,DANSKE BANK A/S,Hvidovrevej 178,2650,Hvidovre,22/10 - 1979,30/12 - 2013,0
61126228,DANSKE BANK A/S,DANSKE BANK A/S,Herlev Hovedgade 125,2730,Herlev,22/10 - 1979,19/06 - 2000,5-9
61126228,DANSKE BANK A/S,DANSKE BANK A/S,Nørrebrogade 160,2200,København N,22/10 - 1979,30/11 - 2012,5-9
61126228,DANSKE BANK A/S,DANSKE BANK A/S,Bagerstræde 3,4581,Rørvig,22/10 - 1979,31/12 - 2001,2-4
61126228,DANSKE BANK A/S,DANSKE BANK A/S,Tagensvej 94,2200,København N,22/10 - 1979,31/12 - 2001,5-9
61126228,DANSKE BANK A/S,DANSKE BANK A/S,Hovedvejen 87,2600,Glostrup,22/10 - 1979,31/12 - 2002,10-19
61126228,DANSKE BANK A/S,DANSKE BANK A/S Erritsø Butikstorv,Erritsø Bygade 115,7000,Fredericia,22/10 - 1979,31/12 - 2001,5-9
61126228,DANSKE BANK A/S,DANSKE BANK A/S,Østerbrogade 101,2100,København Ø,22/10 - 1979,31/12 - 2010,5-9
61126228,DANSKE BANK A/S,DANSKE BANK A/S,"Silkeborgvej 2, st",8000,Aarhus C,22/10 - 1979,28/02 - 2017,0
61126228,DANSKE BANK A/S,DANSKE BANK A/S,Amagerbrogade 52,2300,København S,22/10 - 1979,31/12 - 2001,0
61126228,DANSKE BANK A/S,DANSKE BANK A/S,Bredballe Center 31,7120,Vejle Øst,22/10 - 1979,31/12 - 2012,2-4
61126228,DANSKE BANK A/S,DEN DANSKE BANK A/S,Gladsaxevej 105,2860,Søborg,22/10 - 1979,08/11 - 1999,0
61126228,DANSKE BANK A/S,DANSKE BANK A/S,Lyngbyvej 43,2100,København Ø,22/10 - 1979,30/06 - 2007,5-9
61126228,DANSKE BANK A/S,DANSKE BANK A/S,Vesterbrogade 4,7000,Fredericia,22/10 - 1979,31/12 - 2001,10-19
61126228,DANSKE BANK A/S,DANSKE BANK A/S,Kastruplundgade 15,2770,Kastrup,22/10 - 1979,30/12 - 2013,0
61126228,DANSKE BANK A/S,DANSKE BANK A/S,Ordrupvej 82,2920,Charlottenlund,22/10 - 1979,31/12 - 2001,5-9
61126228,DANSKE BANK A/S,DANSKE BANK A/S,Skærbæk Havnegade 27,7000,Fredericia,22/10 - 1979,31/12 - 2001,2-4
61126228,DANSKE BANK A/S,DANSKE BANK A/S,Baltorpvej 11,2750,Ballerup,22/10 - 1979,31/12 - 2001,5-9
61126228,DANSKE BANK A/S,DANSKE BANK A/S,Nordre Strandvej 350,3100,Hornbæk,22/10 - 1979,15/04 - 2013,0
61126228,DANSKE BANK A/S,DANSKE BANK A/S,Gammel Kongevej 116,1850,Frederiksberg C,22/10 - 1979,30/11 - 2016,0
61126228,DANSKE BANK A/S,DANSKE BANK A/S,Hovedgaden 20,8410,Rønde,22/10 - 1979,30/12 - 2013,0
61126228,DANSKE BANK A/S,DANSKE BANK A/S,Gugvej 223,9210,Aalborg SØ,22/10 - 1979,22/04 - 2013,0
61126228,DANSKE BANK A/S,DANSKE BANK A/S,Torvet 3,9400,Nørresundby,22/10 - 1979,30/12 - 2013,2-4
61126228,DANSKE BANK A/S,DANSKE BANK A/S,Lyngby Hovedgade 52,2800,Kgs.Lyngby,22/10 - 1979,31/12 - 2001,5-9
61126228,DANSKE BANK A/S,DANSKE BANK A/S,Frederikssundsvej 177,2700,Brønshøj,22/10 - 1979,31/12 - 2001,0
61126228,DANSKE BANK A/S,DANSKE BANK A/S,Borups Allé 201,2400,København NV,22/10 - 1979,12/06 - 2000,5-9
61126228,DANSKE BANK A/S,DANSKE BANK A/S,Kongensgade 6,3550,Slangerup,22/10 - 1979,29/12 - 2013,0
61126228,DANSKE BANK A/S,DANSKE BANK A/S,Østergade 7,7000,Fredericia,22/10 - 1979,30/06 - 2007,2-4
61126228,DANSKE BANK A/S,DANSKE BANK A/S,Halmtorvet 27,1700,København V,22/10 - 1979,09/12 - 2014,5-9
61126228,DANSKE BANK A/S,DANSKE BANK A/S,Søndergade 14,7080,Børkop,22/10 - 1979,30/06 - 2007,5-9
61126228,DANSKE BANK A/S,DANSKE BANK A/S Søndersø Centret,Toftekær 7,5471,Søndersø,01/01 - 1991,31/12 - 2001,5-9
61126228,DANSKE BANK A/S,DANSKE BANK A/S,Alsgade 58,6400,Sønderborg,01/01 - 1991,31/12 - 2001,5-9
61126228,DANSKE BANK A/S,DANSKE BANK A/S,Kongensgade 18,6070,Christiansfeld,01/01 - 1991,31/12 - 2001,2-4
61126228,DANSKE BANK A/S,DANSKE BANK A/S Glumsø Afd.,Storegade 8,4171,Glumsø,01/01 - 1991,31/12 - 2001,2-4
61126228,DANSKE BANK A/S,DANSKE BANK A/S,Stavensbølgade 7,6440,Augustenborg,01/01 - 1991,31/12 - 2003,0
61126228,DANSKE BANK A/S,DANSKE BANK A/S,Søndergade 2,5580,Nørre Aaby,22/10 - 1979,31/12 - 2001,2-4
61126228,DANSKE BANK A/S,DANSKE BANK A/S Græsted Afd.,Græsted Hovedgade 8B,3230,Græsted,01/01 - 1991,31/12 - 2008,5-9
61126228,DANSKE BANK A/S,DANSKE BANK A/S,Gl Vardevej 15,6700,Esbjerg,01/01 - 1991,31/12 - 2010,5-9
61126228,DANSKE BANK A/S,DANSKE BANK A/S MøllevangAfd.,Paludan-Müllers Vej 28,8200,Aarhus N,01/01 - 1991,30/06 - 2013,0
61126228,DANSKE BANK A/S,DEN DANSKE BANK A/S,Hans Knudsens Plads 2,2100,København Ø,01/01 - 1991,31/12 - 1999,5-9
61126228,DANSKE BANK A/S,DANSKE BANK A/S,Hovedgaden 31,4050,Skibby,22/10 - 1979,31/12 - 2010,2-4
61126228,DANSKE BANK A/S,DANSKE BANK A/S,Høje Gladsaxe Torv 2H,2860,Søborg,22/10 - 1979,31/12 - 2005,5-9
61126228,DANSKE BANK A/S,DANSKE BANK A/S Tilst Afd.,Agerøvej 7,8381,Tilst,01/01 - 1991,31/12 - 2012,5-9
61126228,DANSKE BANK A/S,DANSKE BANK A/S Nørre Afd.,Guldsmedgade 42,8000,Århus C,01/01 - 1991,30/06 - 2002,0
61126228,DANSKE BANK A/S,DANSKE BANK A/S Åbyhøj Afd.,Silkeborgvej 228,8230,Åbyhøj,01/01 - 1991,31/12 - 2015,0
61126228,DANSKE BANK A/S,DANSKE BANK A/S,Torvet 27,4293,Dianalund,01/01 - 1991,31/12 - 2011,5-9
61126228,DANSKE BANK A/S,DEN DANSKE BANK A/S,Langelandsgade 177,8200,Aarhus N,01/01 - 1991,31/12 - 1999,0
61126228,DANSKE BANK A/S,DANSKE BANK A/S,Kirkevej 137,2791,Dragør,01/01 - 1991,01/07 - 2017,0
61126228,DANSKE BANK A/S,DANSKE BANK A/S,Gladsaxe Møllevej 27,2860,Søborg,01/01 - 1991,31/12 - 2010,2-4
61126228,DANSKE BANK A/S,DEN DANSKE BANK A/S,Istedgade 134,1650,København V,25/11 - 1998,31/10 - 1999,0
61126228,DANSKE BANK A/S,DANSKE BANK A/S Merløse Afd.,Holbækvej 1,4370,Store Merløse,01/01 - 1991,31/12 - 2001,5-9
61126228,DANSKE BANK A/S,DANSKE BANK A/S,Algade 4,5592,Ejby,22/10 - 1979,31/12 - 2013,10-19
61126228,DANSKE BANK A/S,DANSKE BANK A/S,Nordens Plads 10,2000,Frederiksberg,01/01 - 1991,31/12 - 2012,0
61126228,DANSKE BANK A/S,DANSKE BANK A/S,Havnevej 1,9990,Skagen,01/01 - 1991,31/03 - 2015,0
61126228,DANSKE BANK A/S,DANSKE BANK A/S Otterup Afd.,Bredgade 20,5450,Otterup,01/01 - 1991,31/12 - 2006,5-9
61126228,DANSKE BANK A/S,DANSKE BANK A/S Vig Afd.,Vig Hovedgade 20,4560,Vig,01/01 - 1991,31/12 - 2012,0
61126228,DANSKE BANK A/S,DANSKE BANK A/S,Finsensvej 33A,2000,Frederiksberg,22/10 - 1979,19/06 - 2000,0
61126228,DANSKE BANK A/S,DANSKE BANK A/S,Søndergade 34,8700,Horsens,22/10 - 1979,30/06 - 2007,20-49
61126228,DANSKE BANK A/S,DANSKE BANK A/S,Adelgade 58B,4880,Nysted,22/10 - 1979,30/06 - 2011,0
61126228,DANSKE BANK A/S,DANSKE BANK A/S,Frederiksberggade 1,1459,København K,01/01 - 1991,31/05 - 2014,0
61126228,DANSKE BANK A/S,DANSKE BANK A/S,Godthåbsvej 14,9230,Svenstrup J,22/10 - 1979,30/12 - 2013,2-4
61126228,DANSKE BANK A/S,DANSKE BANK A/S,Hovedgaden 18,4622,Havdrup,01/01 - 1991,05/11 - 2011,1
61126228,DANSKE BANK A/S,DANSKE BANK A/S,Storegade 16,6780,Skærbæk,22/10 - 1979,30/06 - 2003,0
61126228,DANSKE BANK A/S,DANSKE BANK A/S Vestre Afd.,Thorvaldsensgade 23,8000,Aarhus C,01/01 - 1991,31/12 - 2001,5-9
61126228,DANSKE BANK A/S,DANSKE BANK A/S,Peter Bangs Vej 39,2000,Frederiksberg,01/01 - 1991,31/12 - 2012,0
61126228,DANSKE BANK A/S,DANSKE BANK A/S,Ørnebjergvej 1,3650,Ølstykke,22/10 - 1979,31/08 - 2014,0
61126228,DANSKE BANK A/S,DANSKE BANK A/S Søndre Afd.,M.P. Bruuns Gade 36,8000,Aarhus C,01/01 - 1991,31/12 - 2014,10-19
61126228,DANSKE BANK A/S,DANSKE BANK A/S Ry Afd.,Klostervej 2,8680,Ry,01/01 - 1991,09/12 - 2014,5-9
61126228,DANSKE BANK A/S,DANSKE BANK A/S Dronninglund Afd,Slotsgade 64,9330,Dronninglund,01/01 - 1991,31/12 - 2012,2-4
61126228,DANSKE BANK A/S,DANSKE BANK A/S,Frederikssundsvej 322,2700,Brønshøj,01/01 - 1991,16/09 - 2013,0
61126228,DANSKE BANK A/S,DANSKE BANK A/S,Jørgen Fibigersgade 23,9850,Hirtshals,22/10 - 1979,31/12 - 2013,2-4
61126228,DANSKE BANK A/S,DANSKE BANK A/S Bjæverskovcentret,Ejbovej 69,4632,Bjæverskov,01/01 - 1991,31/12 - 2010,1
61126228,DANSKE BANK A/S,DANSKE BANK A/S Fakse Afd.,Torvegade 1,4640,Faxe,01/01 - 1991,31/12 - 2001,2-4
61126228,DANSKE BANK A/S,DANSKE BANK A/S L1,Venusvej 10A,7000,Fredericia,22/10 - 1979,06/03 - 2018,0
61126228,DANSKE BANK A/S,DANSKE BANK A/S,Nygårds Plads 2B,2605,Brøndby,01/01 - 1980,26/06 - 2000,5-9
61126228,DANSKE BANK A/S,DANSKE BANK A/S,Damhaven 1,7100,Vejle,22/10 - 1979,31/12 - 2001,5-9
61126228,DANSKE BANK A/S,DANSKE BANK A/S,Østergade 7,4970,Rødby,22/10 - 1979,15/04 - 2013,0
61126228,DANSKE BANK A/S,DANSKE BANK A/S Adelgården,Adelgade 5,1304,København K,14/04 - 1980,31/12 - 2001,50-99
61126228,DANSKE BANK A/S,DANSKE BANK A/S Kastet Afd.,Kastetvej 65,9000,Aalborg,01/01 - 1991,31/12 - 2013,0
61126228,DANSKE BANK A/S,DANSKE BANK A/S Slotsgade Afd.,Slotsgade 13,9000,Aalborg,01/01 - 1991,31/12 - 2001,5-9
61126228,DANSKE BANK A/S,DANSKE BANK A/S Hillerød Øst Afd.,Skansevej 29,3400,Hillerød,01/01 - 1991,31/12 - 2001,1
61126228,DANSKE BANK A/S,DANSKE BANK A/S,Bytorvet 40,7730,Hanstholm,22/10 - 1979,31/12 - 2013,0
61126228,DANSKE BANK A/S,DANSKE BANK A/S,Storegade 38,6740,Bramming,01/01 - 1991,31/12 - 2013,1
61126228,DANSKE BANK A/S,DANSKE BANK A/S Tarup Cenyret,Rugvang 36,5210,Odense NV,01/01 - 1991,31/12 - 2001,10-19
61126228,DANSKE BANK A/S,DANSKE BANK A/S,Ordrupvej 55,2920,Charlottenlund,01/01 - 1991,15/04 - 2013,0
61126228,DANSKE BANK A/S,DANSKE BANK A/S,Rypehusene 11,2620,Albertslund,01/01 - 1980,31/12 - 2001,2-4
61126228,DANSKE BANK A/S,DANSKE BANK A/S Knebel Afd.,Knebel Bygade 29,8420,Knebel,01/01 - 1991,31/10 - 2010,2-4
61126228,DANSKE BANK A/S,DANSKE BANK A/S Mørkøv Afd.,Hovedgaden 34,4440,Mørkøv,01/01 - 1991,31/12 - 2005,2-4
61126228,DANSKE BANK A/S,DANSKE BANK A/S,Humlebæk Center 5,3050,Humlebæk,22/10 - 1979,31/12 - 2001,5-9
61126228,DANSKE BANK A/S,DANSKE BANK A/S,Jels Søndergade 5B,6630,Rødding,22/10 - 1979,31/12 - 2013,0
61126228,DANSKE BANK A/S,DANSKE BANK A/S,Islevdalvej 220,2610,Rødovre,22/10 - 1979,31/12 - 2001,5-9
61126228,DANSKE BANK A/S,DANSKE BANK A/S,Nivå Center 77,2990,Nivå,01/01 - 1991,31/12 - 2013,5-9
61126228,DANSKE BANK A/S,DANSKE BANK A/S,Nørrebrogade 26,2200,København N,01/01 - 1991,20/03 - 2017,0
61126228,DANSKE BANK A/S,DANSKE BANK A/S 3463 Sæby Afd.,Vestergade 35,9300,Sæby,22/10 - 1979,22/04 - 2013,0
61126228,DANSKE BANK A/S,DANSKE BANK A/S,Prinsensgade 8,5960,Marstal,22/10 - 1979,31/12 - 2013,2-4
61126228,DANSKE BANK A/S,DANSKE BANK A/S,Møllegade 1,6330,Padborg,01/01 - 1991,09/12 - 2014,5-9
61126228,DANSKE BANK A/S,DANSKE BANK A/S Langenæs Afd.,Skanderborgvej 20,8000,Århus C,01/01 - 1991,28/02 - 2013,2-4
61126228,DANSKE BANK A/S,DANSKE BANK A/S Hovedsæde Ejby,Ejby Industrivej 33,2600,Glostrup,01/01 - 1991,31/08 - 2021,64
61126228,DANSKE BANK A/S,DANSKE BANK A/S,Storegade 17,6240,Løgumkloster,01/01 - 1991,31/12 - 2012,0
61126228,DANSKE BANK A/S,DANSKE BANK A/S Marselisborg Afd.,Frederiks Allé 178,8000,Århus C,01/01 - 1991,31/12 - 2010,5-9
61126228,DANSKE BANK A/S,DANSKE BANK A/S,Kastrupvej 121,2300,København S,22/10 - 1979,31/12 - 2010,2-4
61126228,DANSKE BANK A/S,DANSKE BANK A/S,Godthåbsvej 229,2720,Vanløse,01/01 - 1991,31/03 - 2015,0
61126228,DANSKE BANK A/S,DANSKE BANK A/S,Hundige Strandvej 218,2670,Greve,01/01 - 1991,31/12 - 2008,5-9
61126228,DANSKE BANK A/S,DANSKE BANK A/S,Ålekistevej 40,2720,Vanløse,01/01 - 1991,31/08 - 2014,0
61126228,DANSKE BANK A/S,DANSKE BANK A/S,Søndergade 2,8560,Kolind,22/10 - 1979,31/12 - 2013,0
61126228,DANSKE BANK A/S,DANSKE BANK A/S,Algade 23A,4281,Gørlev,01/01 - 1991,31/12 - 2001,2-4
61126228,DANSKE BANK A/S,DANSKE BANK A/S,Stevnsvej 33,4600,Køge,01/01 - 1991,31/12 - 2001,2-4
61126228,DANSKE BANK A/S,DANSKE BANK A/S,Søndergade 22,4900,Nakskov,01/01 - 1980,30/12 - 2013,0
61126228,DANSKE BANK A/S,DANSKE BANK A/S,Springvandspladsen 2,9800,Hjørring,01/01 - 1991,31/12 - 2010,10-19
61126228,DANSKE BANK A/S,DANSKE BANK A/S,Borups Alle 117,2000,Frederiksberg,01/01 - 1991,31/12 - 2012,0
61126228,DANSKE BANK A/S,DANSKE BANK A/S,Skolegade 2,7490,Aulum,22/10 - 1979,31/12 - 2012,0
61126228,DANSKE BANK A/S,DANSKE BANK A/S Løgstør Afd.,Jernbanegade 21,9670,Løgstør,01/01 - 1991,31/12 - 2001,5-9
61126228,DANSKE BANK A/S,DANSKE BANK A/S Faaborg Afd.,Torvegade 12,5600,Faaborg,01/01 - 1991,13/05 - 2007,5-9
61126228,DANSKE BANK A/S,DANSKE BANK A/S,Adelgade 92,4720,Præstø,01/01 - 1980,22/04 - 2013,0
61126228,DANSKE BANK A/S,DANSKE BANK A/S,Palmealle 2,6000,Kolding,22/10 - 1979,31/12 - 2010,5-9
61126228,DANSKE BANK A/S,DANSKE BANK A/S,Geels Plads 16,2830,Virum,01/01 - 1991,25/07 - 2000,2-4
61126228,DANSKE BANK A/S,DANSKE BANK A/S Holsted Afd.,Søndergade 4,6670,Holsted,01/01 - 1991,31/12 - 2001,2-4
61126228,DANSKE BANK A/S,DANSKE BANK A/S Hedensted Afd.,Bytorvet 1,8722,Hedensted,01/01 - 1988,30/06 - 2003,0
61126228,DANSKE BANK A/S,DANSKE BANK A/S,Rolighedsvej 38,8240,Risskov,01/01 - 1991,31/12 - 2010,5-9
61126228,DANSKE BANK A/S,DANSKE BANK A/S Glamsbjerg Afd.,Søndergade 5,5620,Glamsbjerg,01/01 - 1991,17/03 - 2013,0
61126228,DANSKE BANK A/S,DANSKE BANK A/S,Over Bølgen 2F,2670,Greve,22/10 - 1979,16/09 - 2013,0
61126228,DANSKE BANK A/S,DANSKE BANK A/S,Slotsgade 1,6300,Gråsten,01/01 - 1991,31/07 - 2012,0
61126228,DANSKE BANK A/S,DANSKE BANK A/S,Torvegade 45,1400,København K,22/10 - 1979,08/05 - 2017,0
61126228,DANSKE BANK A/S,DANSKE BANK A/S,Lyngbygårdsvej 143,2800,Kgs.Lyngby,22/10 - 1979,31/12 - 2001,5-9
61126228,DANSKE BANK A/S,DANSKE BANK A/S Bogense Afd.,Adelgade 56A,5400,Bogense,01/01 - 1991,31/12 - 2001,5-9
61126228,DANSKE BANK A/S,DANSKE BANK A/S,Hærvejen 35,6230,Rødekro,01/01 - 1991,31/12 - 2010,0
61126228,DANSKE BANK A/S,DANSKE BANK A/S,Langeskov Centret 1,5550,Langeskov,22/10 - 1979,30/12 - 2012,5-9
61126228,DANSKE BANK A/S,DANSKE BANK A/S,Tarphagevej 46,6710,Esbjerg V,22/10 - 1979,31/12 - 2001,5-9
61126228,DANSKE BANK A/S,DANSKE BANK A/S Randers Nord Afd.,Mariagervej 67,8900,Randers C,01/01 - 1979,31/12 - 2013,0
61126228,DANSKE BANK A/S,DANSKE BANK A/S,Strandmarksvej 18,2650,Hvidovre,01/01 - 1991,31/12 - 2012,0
61126228,DANSKE BANK A/S,DANSKE BANK A/S,Hovedgaden 20,4652,Hårlev,01/01 - 1991,31/12 - 2006,2-4
61126228,DANSKE BANK A/S,DANSKE BANK A/S,Farum Bytorv 74,3520,Farum,01/01 - 1991,31/12 - 2001,10-19
61126228,DANSKE BANK A/S,DANSKE BANK A/S,Hovedgaden 40,3630,Jægerspris,22/10 - 1979,31/12 - 2001,5-9
61126228,DANSKE BANK A/S,DANSKE BANK A/S,Søndergade 16,8783,Hornsyld,01/01 - 1991,31/12 - 2001,5-9
61126228,DANSKE BANK A/S,DANSKE BANK A/S Brabrand Afd.,Hovedgaden 59,8220,Brabrand,01/01 - 1991,31/05 - 2016,0
61126228,DANSKE BANK A/S,DANSKE BANK A/S,Amagertorv 2,1160,København K,22/10 - 1979,31/12 - 2001,5-9
61126228,DANSKE BANK A/S,DANSKE BANK A/S,Hobrovej 58,9000,Aalborg,01/01 - 1991,31/12 - 2008,1
61126228,DANSKE BANK A/S,DANSKE BANK A/S,Bernstorffsvej 67,2900,Hellerup,01/01 - 1991,30/06 - 2013,0
61126228,DANSKE BANK A/S,DANSKE BANK A/S,Hvidovrevej 275,2650,Hvidovre,01/01 - 1991,06/05 - 2001,5-9
61126228,DANSKE BANK A/S,DEN DANSKE BANK A/S,Randersvej 12,8800,Viborg,01/01 - 1991,08/11 - 1999,2-4
61126228,DANSKE BANK A/S,DANSKE BANK A/S Sønder Nærå Afd.,Stationsvej 163A,5792,Årslev,01/01 - 1991,16/09 - 2013,0
61126228,DANSKE BANK A/S,DANSKE BANK A/S Færø Plads,Samsøgade 8,9000,Aalborg,01/01 - 1991,31/12 - 2008,2-4
61126228,DANSKE BANK A/S,DANSKE BANK A/S Fredensborg Afd.,Jernbanegade 5,3480,Fredensborg,01/01 - 1991,28/02 - 2018,5-9
61126228,DANSKE BANK A/S,DANSKE BANK A/S,Rådhuscentret 43,6500,Vojens,01/01 - 1991,16/04 - 2007,2-4
61126228,DANSKE BANK A/S,DANSKE BANK A/S,Nørre Torv 1,3060,Espergærde,22/10 - 1979,31/05 - 2018,0
61126228,DANSKE BANK A/S,DANSKE BANK A/S,Jacob Dampes Vej 2,4200,Slagelse,01/01 - 1991,31/12 - 2001,5-9
61126228,DANSKE BANK A/S,DANSKE BANK A/S,Brøndbyøster Boulevard 7,2605,Brøndby,01/01 - 1991,31/07 - 2018,0
61126228,DANSKE BANK A/S,DANSKE BANK A/S,Vesterbrogade 162,1800,Frederiksberg C,01/01 - 1991,31/12 - 2001,5-9
61126228,DANSKE BANK A/S,DANSKE BANK A/S,Stationstorvet 8,2620,Albertslund,22/10 - 1979,30/12 - 2013,2-4
61126228,DANSKE BANK A/S,DANSKE BANK A/S,Vindinggård Center 27C,7100,Vejle,22/10 - 1979,31/12 - 2013,5-9
61126228,DANSKE BANK A/S,DANSKE BANK A/S,Tølløsevej 1,4340,Tølløse,22/10 - 1979,17/03 - 2013,0
61126228,DANSKE BANK A/S,DANSKE BANK A/S,Vestervej 10,4960,Holeby,22/10 - 1979,31/12 - 2001,0
61126228,DANSKE BANK A/S,DANSKE BANK A/S,"Torvegade 17, 1",7100,Vejle,01/01 - 1991,31/12 - 2001,50-99
61126228,DANSKE BANK A/S,DANSKE BANK A/S,Bøsbrovej 3A,8940,Randers SV,01/01 - 1984,31/12 - 2013,0
61126228,DANSKE BANK A/S,DANSKE BANK A/S,Østergade 9,8600,Silkeborg,22/10 - 1979,30/06 - 2007,5-9
61126228,DANSKE BANK A/S,DANSKE BANK A/S Haslev Afd.,Jernbanegade 11,4690,Haslev,01/01 - 1991,03/06 - 2007,5-9
61126228,DANSKE BANK A/S,DANSKE BANK A/S Albani Afd.,Albanigade 46,5000,Odense C,01/01 - 1991,31/12 - 2009,5-9
61126228,DANSKE BANK A/S,DANSKE BANK A/S Bygning 101,Anker Engelunds Vej 1,2800,Kgs.Lyngby,01/01 - 1991,31/12 - 2010,0
61126228,DANSKE BANK A/S,DANSKE BANK A/S Hørve Afd.,Hørve Stationsvej 4,4534,Hørve,01/01 - 1991,31/12 - 2001,2-4
61126228,DANSKE BANK A/S,DANSKE BANK A/S Odden Afd.,Østre Havnevej 2,4583,Sjællands Odde,01/01 - 1991,31/12 - 2001,2-4
61126228,DANSKE BANK A/S,DANSKE BANK A/S,Godthåbsvej 115,2000,Frederiksberg,01/01 - 1991,31/12 - 2013,5-9
61126228,DANSKE BANK A/S,DANSKE BANK A/S,Hovedgaden 19,4270,Høng,01/01 - 1991,31/12 - 2012,5-9
61126228,DANSKE BANK A/S,DANSKE BANK A/S,Flodvej 73C,2765,Smørum,22/10 - 1979,31/12 - 2013,5-9
61126228,DANSKE BANK A/S,DEN DANSKE BANK A/S,Frederiksborgvej 85,2400,København NV,01/01 - 1991,31/12 - 1999,0
61126228,DANSKE BANK A/S,DANSKE BANK A/S,Storgade 28,4180,Sorø,22/10 - 1979,31/12 - 2008,5-9
61126228,DANSKE BANK A/S,DANSKE BANK A/S Lystrup Afd.,Lille Elstedvej 2,8520,Lystrup,01/01 - 1991,31/12 - 2012,1
61126228,DANSKE BANK A/S,DANSKE BANK A/S Solbjerg Afd.,Solbjerg Hovedgade 75,8355,Solbjerg,01/01 - 1991,31/12 - 2002,1
61126228,DANSKE BANK A/S,DANSKE BANK A/S,H.C. Ørsteds Vej 73,1879,Frederiksberg C,22/10 - 1979,31/12 - 2001,5-9
61126228,DANSKE BANK A/S,DANSKE BANK A/S Hovedbanegården,Banegårdspladsen 7,1570,København V,01/01 - 1991,31/12 - 2001,0
61126228,DANSKE BANK A/S,DANSKE BANK A/S,Vestergade 56,5970,Ærøskøbing,22/10 - 1979,30/06 - 2011,0
61126228,DANSKE BANK A/S,DANSKE BANK A/S Trøjborg Afd.,Tordenskjoldsgade 21,8200,Aarhus N,01/01 - 1991,16/09 - 2013,0
61126228,DANSKE BANK A/S,DANSKE BANK A/S,Klarupvej 57,9270,Klarup,22/10 - 1979,22/04 - 2013,0
61126228,DANSKE BANK A/S,DANSKE BANK A/S,Stationsvej 1,4241,Vemmelev,01/01 - 1991,31/12 - 2001,5-9
61126228,DANSKE BANK A/S,DANSKE BANK A/S,Vallensbæk Stationstorv 7,2665,Vallensbæk Strand,22/10 - 1979,31/03 - 2015,0
61126228,DANSKE BANK A/S,DEN DANSKE BANK A/S RADIOHUSET,Rosenørns Alle 22,1970,Frederiksberg C,01/01 - 1991,31/12 - 1999,5-9
61126228,DANSKE BANK A/S,DANSKE BANK A/S,Hovedgaden 74,6720,Fanø,01/01 - 1980,17/03 - 2013,0
61126228,DANSKE BANK A/S,DANSKE BANK A/S,Herredsvej 188,4944,Fejø,22/10 - 1979,26/09 - 2000,2-4
61126228,DANSKE BANK A/S,DANSKE BANK A/S,Store Kongensgade 49,1264,København K,01/01 - 1991,01/11 - 2016,0
61126228,DANSKE BANK A/S,DANSKE BANK A/S,Rungstedvej 79,2960,Rungsted Kyst,22/10 - 1979,17/03 - 2013,0
61126228,DANSKE BANK A/S,DANSKE BANK A/S,Lyngby Hovedgade 39,2800,Kgs.Lyngby,01/01 - 1991,02/11 - 2017,0
61126228,DANSKE BANK A/S,DANSKE BANK A/S Hjallese Afd.,Enebærvej 1,5260,Odense S,01/01 - 1991,31/12 - 2002,5-9
61126228,DANSKE BANK A/S,DANSKE BANK A/S,Strandboulevarden 59,2100,København Ø,01/01 - 1991,01/11 - 2016,10-19
61126228,DANSKE BANK A/S,DANSKE BANK A/S Hillerød Afd.,Slotsgade 16,3400,Hillerød,01/01 - 1991,31/12 - 2010,0
61126228,DANSKE BANK A/S,DANSKE BANK A/S,Viby Torv 2,8260,Viby J,01/01 - 1991,31/12 - 2001,10-19
61126228,DANSKE BANK A/S,DANSKE BANK A/S,Torvegade 5,7100,Vejle,22/10 - 1979,31/12 - 2006,20-49
61126228,DANSKE BANK A/S,DANSKE BANK A/S,Vangede Bygade 96,2820,Gentofte,01/01 - 1991,17/03 - 2013,0
61126228,DANSKE BANK A/S,DANSKE BANK A/S,Bygaden 22,3660,Stenløse,22/10 - 1979,31/12 - 2001,2-4
61126228,DANSKE BANK A/S,DANSKE BANK A/S,Falkoner Alle 8,2000,Frederiksberg,01/01 - 1991,31/12 - 2008,5-9
61126228,DANSKE BANK A/S,DANSKE BANK A/S,Odelsgade 34,7130,Juelsminde,01/01 - 1991,31/12 - 2006,5-9
61126228,DANSKE BANK A/S,DANSKE BANK A/S Vamdrup Afd.,Jernbanegade 9,6580,Vamdrup,01/01 - 1981,31/12 - 2001,2-4
61126228,DANSKE BANK A/S,DANSKE BANK A/S,Flensborgvej 24,6340,Kruså,01/01 - 1991,31/12 - 2001,2-4
61126228,DANSKE BANK A/S,DANSKE BANK A/S Agerbæk Afd.,Fåborgvej 177,6753,Agerbæk,01/01 - 1991,31/12 - 2009,1
61126228,DANSKE BANK A/S,DANSKE BANK A/S Løgten Afd.,Grenåvej 719,8541,Skødstrup,01/01 - 1991,31/12 - 2011,0
61126228,DANSKE BANK A/S,DANSKE BANK A/S,Hvidovre Stationscenter 1,2650,Hvidovre,22/10 - 1979,30/06 - 2013,0
61126228,DANSKE BANK A/S,DANSKE BANK A/S,Kirketorvet 9,8310,Tranbjerg J,01/01 - 1991,31/12 - 2012,5-9
61126228,DANSKE BANK A/S,DANSKE BANK A/S,Korsørvej 5,4250,Fuglebjerg,01/01 - 1991,31/12 - 2001,5-9
61126228,DANSKE BANK A/S,DANSKE BANK A/S,Hovedgaden 4,8860,Ulstrup,22/10 - 1979,31/12 - 2001,0
61126228,DANSKE BANK A/S,DANSKE BANK A/S,Østervangsvej 4,6715,Esbjerg N,01/01 - 1991,31/05 - 2015,0
61126228,DANSKE BANK A/S,DANSKE BANK A/S,Vestergade 7,7200,Grindsted,01/01 - 1991,16/09 - 2013,0
61126228,DANSKE BANK A/S,DANSKE BANK A/S Bolbro Afd.,Middelfartvej 121,5200,Odense V,01/01 - 1991,31/12 - 2009,5-9
61126228,DANSKE BANK A/S,DANSKE BANK A/S,Vestergade 69,5000,Odense C,22/10 - 1979,31/12 - 2001,0
61126228,DANSKE BANK A/S,DANSKE BANK A/S,Hammelstrupvej 4B,2450,København SV,01/01 - 1991,25/07 - 2000,5-9
61126228,DANSKE BANK A/S,DANSKE BANK A/S,Duevej 1,2970,Hørsholm,22/10 - 1979,31/12 - 2001,2-4
61126228,DANSKE BANK A/S,DANSKE BANK A/S NR. TRANDERS AFD.,Tranumparken 16,9220,Aalborg Øst,01/01 - 1991,31/12 - 2001,5-9
61126228,DANSKE BANK A/S,DANSKE BANK A/S,Akseltorv 4A,6000,Kolding,01/01 - 1991,31/12 - 2001,10-19
61126228,DANSKE BANK A/S,DANSKE BANK A/S Årup Afd.,Bredgade 37,5560,Aarup,01/01 - 1991,31/05 - 2015,0
61126228,DANSKE BANK A/S,DANSKE BANK A/S Højby Afd.,Højby Hovedgade 31,4573,Højby,01/01 - 1991,31/12 - 2001,2-4
61126228,DANSKE BANK A/S,DANSKE BANK A/S Pandrup Afd.,Bredgade 3,9490,Pandrup,01/01 - 1991,30/06 - 2012,0
61126228,DANSKE BANK A/S,DANSKE BANK A/S Assens Afd.,Østergade 64,5610,Assens,01/01 - 1991,06/05 - 2007,2-4
61126228,DANSKE BANK A/S,DANSKE BANK A/S Rosengård Centret 123,Ørbækvej 75,5220,Odense SØ,01/01 - 1991,31/12 - 2011,5-9
61126228,DANSKE BANK A/S,DANSKE BANK A/S Ribe Afd.,Overdammen 4,6760,Ribe,01/01 - 1991,17/06 - 2007,10-19
61126228,DANSKE BANK A/S,DANSKE BANK A/S Skørping Afd.,Jyllandsgade 3,9520,Skørping,01/01 - 1991,31/12 - 2012,2-4
61126228,DANSKE BANK A/S,DANSKE BANK A/S Munkebo Afd.,Bycentret 105,5330,Munkebo,01/01 - 1991,31/12 - 2012,2-4
61126228,DANSKE BANK A/S,DANSKE BANK A/S,Skarridsøgade 29,4450,Jyderup,01/01 - 1991,31/12 - 2013,0
61126228,DANSKE BANK A/S,DANSKE BANK A/S Skibhus Afd.,Skibhusvej 94,5000,Odense C,01/01 - 1991,31/12 - 2012,5-9
61126228,DANSKE BANK A/S,DANSKE BANK A/S,Buddinge Hovedgade 179,2860,Søborg,22/10 - 1979,31/12 - 2001,5-9
61126228,DANSKE BANK A/S,DANSKE BANK A/S Hasle Afd.,Viborgvej 146,8210,Århus V,01/01 - 1991,31/03 - 2007,1
61126228,DANSKE BANK A/S,DANSKE BANK A/S RIGSHOSPITALET,Blegdamsvej 9,2100,København Ø,01/01 - 1991,05/06 - 2000,2-4
61126228,DANSKE BANK A/S,DANSKE BANK A/S Brørup Afd.,Torvegade 1,6650,Brørup,01/01 - 1991,30/06 - 2013,0
61126228,DANSKE BANK A/S,DANSKE BANK A/S,Ullerslev-Centret 7,5540,Ullerslev,22/10 - 1979,31/12 - 2012,1
61126228,DANSKE BANK A/S,DANSKE BANK A/S,Nyborgvej 2,5853,Ørbæk,22/10 - 1979,22/04 - 2013,0
61126228,DANSKE BANK A/S,DANSKE BANK A/S,Olaf Rudes Vej 22,8270,Højbjerg,01/01 - 1991,31/12 - 2015,5-9
61126228,DANSKE BANK A/S,DANSKE BANK A/S Gilleleje Afd.,Vesterbrogade 6,3250,Gilleleje,01/01 - 1991,31/12 - 2013,5-9
61126228,DANSKE BANK A/S,DANSKE BANK A/S,Torvet 18,6700,Esbjerg,22/10 - 1979,01/03 - 2017,0
61126228,DANSKE BANK A/S,DANSKE BANK A/S,Algade 25,4230,Skælskør,01/01 - 1991,31/08 - 2014,0
61126228,DANSKE BANK A/S,DANSKE BANK A/S Holme Afd.,Olaf Rudes Vej 22,8270,Højbjerg,01/01 - 1991,31/12 - 2012,2-4
61126228,DANSKE BANK A/S,DANSKE BANK A/S,Vestergade 1,6800,Varde,01/01 - 1991,31/12 - 2010,5-9
61126228,DANSKE BANK A/S,DANSKE BANK A/S,Algade 33,4000,Roskilde,22/10 - 1979,31/12 - 2008,20-49
61126228,DANSKE BANK A/S,DANSKE BANK A/S,Sølvgade 84,1307,København K,01/01 - 1991,31/12 - 2001,5-9
61126228,DANSKE BANK A/S,DANSKE BANK A/S,Grønlands Torv 24,9210,Aalborg SØ,22/10 - 1979,31/12 - 2001,5-9
61126228,DANSKE BANK A/S,DANSKE BANK A/S Agedrup Afd.,Lunden 66,5320,Agedrup,01/01 - 1991,31/12 - 2009,5-9
61126228,DANSKE BANK A/S,DANSKE BANK A/S,Brøndby Strand Centrum 14,2660,Brøndby Strand,22/10 - 1979,31/12 - 2012,5-9
61126228,DANSKE BANK A/S,DANSKE BANK A/S,Hovedgaden 433,2640,Hedehusene,22/10 - 1979,31/12 - 2012,0
61126228,DANSKE BANK A/S,DANSKE BANK A/S,Lindholmsvej 104,9400,Nørresundby,22/10 - 1979,31/12 - 2001,5-9
61126228,DANSKE BANK A/S,DANSKE BANK A/S,Frederikssundsvej 52,2400,København NV,01/01 - 1991,21/11 - 2016,10-19
61126228,DANSKE BANK A/S,DANSKE BANK A/S,Vedbæk Stationsvej 11,2950,Vedbæk,01/01 - 1991,05/11 - 2011,2-4
61126228,DANSKE BANK A/S,DANSKE BANK A/S Hadsund Afd.,Bankpladsen 2,9560,Hadsund,01/01 - 1991,31/12 - 2012,10-19
61126228,DANSKE BANK A/S,DANSKE BANK A/S,Storegade 5,8500,Grenaa,01/01 - 1980,30/06 - 2007,10-19
61126228,DANSKE BANK A/S,DANSKE BANK A/S,Nytorv 1,6000,Kolding,22/10 - 1979,17/06 - 2007,20-49
61126228,DANSKE BANK A/S,DANSKE BANK A/S,Hovedgaden 24,4140,Borup,01/01 - 1991,31/12 - 2012,0
61126228,DANSKE BANK A/S,DANSKE BANK A/S,Hovedgaden 40,4295,Stenlille,01/01 - 1991,30/06 - 2003,5-9
61126228,DANSKE BANK A/S,DANSKE BANK A/S Bedsted Afd.,Thylandsgade 2,7755,Bedsted Thy,01/01 - 1979,31/12 - 2002,2-4
61126228,DANSKE BANK A/S,DANSKE BANK A/S Haderslev Afd.,Nørregade 21,6100,Haderslev,01/01 - 1985,17/06 - 2007,10-19
61126228,DANSKE BANK A/S,DANSKE BANK A/S GLADSAXE AFD.,Søborg Hovedgade 177,2860,Søborg,01/01 - 1991,05/06 - 2000,5-9
61126228,DANSKE BANK A/S,DANSKE BANK A/S,Bredgade 77,1260,København K,01/01 - 1991,31/12 - 2001,0
61126228,DANSKE BANK A/S,DANSKE BANK A/S,Jernbanegade 1,7760,Hurup Thy,01/01 - 1980,30/06 - 2013,0
61126228,DANSKE BANK A/S,DANSKE BANK A/S Nørager Afd.,Jernbanegade 5,9610,Nørager,01/01 - 1991,31/12 - 2010,2-4
61126228,DANSKE BANK A/S,DANSKE BANK A/S Malling Afd.,Bredgade 43,8340,Malling,01/01 - 1991,31/12 - 2012,0
61126228,DANSKE BANK A/S,DANSKE BANK A/S,City Centret 7,9530,Støvring,22/10 - 1979,31/03 - 2015,0
61126228,DANSKE BANK A/S,DEN DANSKE BANK A/S,Stationsvej 1,7000,Fredericia,22/10 - 1979,31/12 - 1999,2-4
61126228,DANSKE BANK A/S,DANSKE BANK A/S,Søndergade 3,6520,Toftlund,01/01 - 1991,31/12 - 2001,5-9
61126228,DANSKE BANK A/S,DANSKE BANK A/S,Dalgårdsparken 2C,3540,Lynge,22/10 - 1979,31/12 - 2001,2-4
61126228,DANSKE BANK A/S,DANSKE BANK A/S Vejlby Afd.,Frijsenborgvej 5,8240,Risskov,01/01 - 1991,22/04 - 2013,0
61126228,DANSKE BANK A/S,DANSKE BANK A/S Skalborg Afd.,Hobrovej 395,9200,Aalborg SV,01/01 - 1991,05/11 - 2011,5-9
61126228,DANSKE BANK A/S,DANSKE BANK A/S LAUTRUPPARK AFDELING,Borupvang 2,2750,Ballerup,01/01 - 1988,31/05 - 2000,5-9
61126228,DANSKE BANK A/S,DANSKE BANK A/S Hundested Afd.,Nørregade 29,3390,Hundested,01/01 - 1991,30/06 - 2013,0
61126228,DANSKE BANK A/S,DANSKE BANK A/S,Vangedevej 144,2870,Dyssegård,01/01 - 1991,31/12 - 2001,2-4
61126228,DANSKE BANK A/S,DANSKE BANK A/S Regstrup Afd.,Hovedgaden 73,4420,Regstrup,01/01 - 1991,30/06 - 2011,0
61126228,DANSKE BANK A/S,DANSKE BANK A/S,Østergade 1,7430,Ikast,22/10 - 1979,31/05 - 2015,0
61126228,DANSKE BANK A/S,DANSKE BANK A/S,Frederiksborggade 11,1360,København K,22/10 - 1979,17/08 - 2017,5-9
61126228,DANSKE BANK A/S,DANSKE BANK A/S,Østerågade 19,9000,Aalborg,22/10 - 1979,31/03 - 2016,0
61126228,DANSKE BANK A/S,DANSKE BANK A/S,Folehaven 7,2500,Valby,01/01 - 1991,05/11 - 2011,2-4
61126228,DANSKE BANK A/S,DANSKE BANK A/S,Nærum Hovedgade 55,2850,Nærum,22/10 - 1979,31/12 - 2010,10-19
61126228,DANSKE BANK A/S,DANSKE BANK A/S,Stationsvej 6,6430,Nordborg,01/01 - 1991,31/12 - 2012,0
61126228,DANSKE BANK A/S,DANSKE BANK A/S Hørning Afd.,Skanderborgvej 1,8362,Hørning,01/01 - 1991,31/12 - 2012,0
61126228,DANSKE BANK A/S,DANSKE BANK A/S Stilling Afd.,Århusvej 24,8660,Skanderborg,01/01 - 1991,30/06 - 2002,1
61126228,DANSKE BANK A/S,DANSKE BANK A/S,Rådhuspladsen 2,4200,Slagelse,01/01 - 1991,31/12 - 2001,5-9
61126228,DANSKE BANK A/S,DANSKE BANK A/S Nibe Afd.,Genboløsgade 3,9240,Nibe,01/01 - 1991,31/12 - 2017,0
61126228,DANSKE BANK A/S,DANSKE BANK A/S,Virum Stationsvej 143,2830,Virum,22/10 - 1979,26/06 - 2000,5-9
61126228,DANSKE BANK A/S,DEN DANSKE BANK A/S,Frederikssundsvej 7,2400,København NV,01/01 - 1991,31/12 - 1999,0
61126228,DANSKE BANK A/S,DANSKE BANK A/S,Jyllingecentret 23,4040,Jyllinge,22/10 - 1979,30/06 - 2013,0
61126228,DANSKE BANK A/S,DANSKE BANK A/S Galten AFD.,Søndergade 7,8464,Galten,01/01 - 1991,15/04 - 2013,0
61126228,DANSKE BANK A/S,DANSKE BANK A/S,Bredgade 1,7470,Karup J,01/01 - 1991,17/03 - 2013,0
61126228,DANSKE BANK A/S,DANSKE BANK A/S,Vestergade 2,4990,Sakskøbing,22/10 - 1979,31/12 - 2013,2-4
61126228,DANSKE BANK A/S,DANSKE BANK A/S,Vorupørvej 188,7700,Thisted,22/10 - 1979,31/12 - 2001,2-4
61126228,DANSKE BANK A/S,DANSKE BANK A/S,Søborg Hovedgade 203,2860,Søborg,01/01 - 1991,30/06 - 2013,0
61126228,DANSKE BANK A/S,DANSKE BANK A/S,Strandvejen 323,2920,Charlottenlund,01/01 - 1991,31/12 - 2002,5-9
61126228,DANSKE BANK A/S,DANSKE BANK A/S,Emmasvej 1,8220,Brabrand,01/01 - 1991,31/12 - 2010,2-4
61126228,DANSKE BANK A/S,DANSKE BANK A/S Svinninge Afd.,Hovedgaden 18A,4520,Svinninge,01/01 - 1991,30/06 - 2013,0
61126228,DANSKE BANK A/S,DANSKE BANK A/S Odense Banegård Afd.,Østre Stationsvej 17,5000,Odense C,01/01 - 1991,31/12 - 2001,5-9
61126228,DANSKE BANK A/S,DANSKE BANK A/S,Toftegårds Alle 41,2500,Valby,01/01 - 1991,26/09 - 2000,10-19
61126228,DANSKE BANK A/S,DANSKE BANK A/S,Borgergade 2,7080,Børkop,22/10 - 1979,30/06 - 2003,1
61126228,DANSKE BANK A/S,DANSKE BANK A/S Hillerød Vest Afd.,Frederiksværksgade 117,3400,Hillerød,01/01 - 1991,31/12 - 2001,5-9
61126228,DANSKE BANK A/S,NORDANIA LEASING BANKAKTIESELSKAB,Petersbjerggård 22,6000,Kolding,01/01 - 1996,31/12 - 2002,10-19
61126228,DANSKE BANK A/S,NORDANIA LEASING BANKAKTIESELSKAB,Dtc Torvet 24,7100,Vejle,01/01 - 2001,31/05 - 2018,0
61126228,DANSKE BANK A/S,DANSKE BANK A/S,Kristen Bernikows Gade 1,1105,København K,01/07 - 1997,31/12 - 2005,20-49
61126228,DANSKE BANK A/S,DANSKE BANK A/S,Bagsværd Hovedgade 12,2880,Bagsværd,01/01 - 1998,30/06 - 2001,0
61126228,DANSKE BANK A/S,DANSKE BANK A/S,Meldahlsgade 5,1613,København V,01/01 - 2001,31/12 - 2002,200-499
61126228,DANSKE BANK A/S,"DANSKE BANK A/S Købmagergade, Kbh.",Købmagergade 22,1150,København K,01/01 - 2007,31/08 - 2014,1
61126228,DANSKE BANK A/S,Danske bank A/S,Niels Juels Gade 7,1059,København K,29/07 - 2010,02/08 - 2021,8
61126228,DANSKE BANK A/S,DANSKE BANK A/S,Strødamvej 46,2100,København Ø,01/01 - 2004,31/12 - 2004,5-9
61126228,DANSKE BANK A/S,DANSKE BANK A/S 3394 Central Inkasso,Holmens Kanal 2-12,1060,København K,27/01 - 2006,14/10 - 2010,
61126228,DANSKE BANK A/S,DANSKE BANK A/S,Jarmers Plads 2,1551,København V,01/01 - 2002,30/06 - 2006,0
61126228,DANSKE BANK A/S,DANSKE BANK A/S 3777 Koncernkundelinien,Holmens Kanal 2-12,1060,København K,20/06 - 2007,14/10 - 2010,
61126228,DANSKE BANK A/S,DANSKE BANK A/S Ørestads Afdeling,"Ørestads Boulevard 57D, st",2300,København S,22/02 - 2007,31/12 - 2011,2-4
61126228,DANSKE BANK A/S,"DANSKE BANK, 3830 Låne Service - Privat",Holmens Kanal 2-12,1060,København K,27/01 - 2006,14/10 - 2010,
61126228,DANSKE BANK A/S,Danske Bank 3840 HR Service,Holmens Kanal 2,1060,København K,05/01 - 2006,14/10 - 2010,
61126228,DANSKE BANK A/S,DANSKE BANK A/S,Brejning Søndergade 7,7080,Børkop,01/01 - 2005,31/12 - 2009,2-4
61126228,DANSKE BANK A/S,DANSKE BANK A/S,"Frederiksberggade 1, 4",1459,København K,01/01 - 2001,31/12 - 2004,20-49
61126228,DANSKE BANK A/S,DANSKE BANK A/S 3829 Boligservice,Holmens Kanal 2-12,1060,København K,23/07 - 2007,14/10 - 2010,2-4
61126228,DANSKE BANK A/S,DANSKE LEASING 3966,Strødamvej 46,2100,København Ø,01/05 - 2008,14/01 - 2019,
61126228,DANSKE BANK A/S,DANSKE BANK A/S,"Pilestræde 19, 2",1112,København K,01/01 - 2001,31/12 - 2001,2-4
61126228,DANSKE BANK A/S,DANSKE BANK A/S,Dannebrogsgade 1,5000,Odense C,01/04 - 2011,31/12 - 2015,2-4
61126228,DANSKE BANK A/S,DANSKE BANK A/S,Østervold 45,8900,Randers C,01/01 - 2004,09/09 - 2009,1
61126228,DANSKE BANK A/S,DANSKE BANK A/S,Havneparken 3,7100,Vejle,01/01 - 2002,31/07 - 2018,20-49
61126228,DANSKE BANK A/S,"DANSKE BANK, 4836 Central Inkasso",Holmens Kanal 2-12,1060,København K,27/01 - 2006,14/10 - 2010,
61126228,DANSKE BANK A/S,DANSKE BANK A/S 4787 Kongensgade afd.,Kongensgade 58,6700,Esbjerg,01/07 - 2007,31/12 - 2008,10-19
61126228,DANSKE BANK A/S,DANSKE BANK A/S,Gaabensevej 116,4800,Nykøbing F,01/01 - 2001,30/04 - 2010,20-49
61126228,DANSKE BANK A/S,DANSKE BANK A/S,Adelgade 34,9500,Hobro,01/01 - 1991,31/10 - 2023,1
61126228,DANSKE BANK A/S,DANSKE BANK A/S Ringe Afd.,Algade 15,5750,Ringe,01/01 - 1991,31/10 - 2023,1
61126228,DANSKE BANK A/S,DANSKE BANK A/S BOGENSE AFD.,Adelgade 77,5400,Bogense,01/01 - 1990,31/10 - 2023,0
61126228,DANSKE BANK A/S,DANSKE BANK A/S AMAGER AFD.,Amagerbrogade 193,2300,København S,01/01 - 1990,31/10 - 2023,1
61126228,DANSKE BANK A/S,DANSKE BANK A/S Nykøbing Afd.,Algade 21,4500,Nykøbing Sj,01/01 - 1991,31/10 - 2023,6
61126228,DANSKE BANK A/S,DANSKE BANK A/S,Bymidten 3,3500,Værløse,22/10 - 1979,31/10 - 2023,0
61126228,DANSKE BANK A/S,DANSKE BANK A/S Center Øst,Egå Havvej 2A,8250,Egå,22/10 - 1979,31/10 - 2023,9
61126228,DANSKE BANK A/S,DANSKE BANK A/S,Caspar Brands Plads 9,4220,Korsør,22/10 - 1979,31/10 - 2023,0
61126228,DANSKE BANK A/S,DANSKE BANK A/S,Falkoner Alle 55,2000,Frederiksberg,22/10 - 1979,31/10 - 2023,1
61126228,DANSKE BANK A/S,DANSKE BANK A/S,Faaborgvej 35,5250,Odense SV,01/01 - 1991,31/10 - 2023,10-19
61126228,DANSKE BANK A/S,DANSKE BANK A/S,Englandsgade 25,5000,Odense C,01/01 - 2017,31/10 - 2023,0
61126228,DANSKE BANK A/S,DANSKE BANK A/S,Hovedgaden 19,3460,Birkerød,01/01 - 1991,31/10 - 2023,0
61126228,DANSKE BANK A/S,DANSKE BANK A/S,Hovedgaden 32A,7190,Billund,01/01 - 1991,31/10 - 2023,1
61126228,DANSKE BANK A/S,DANSKE BANK A/S VANLØSE STATION AFD.,Jernbane Allé 34,2720,Vanløse,01/01 - 1990,31/10 - 2023,2-4
61126228,DANSKE BANK A/S,DANSKE BANK A/S,Kannikegade 4-6,8000,Aarhus C,01/01 - 1991,31/10 - 2023,6
61126228,DANSKE BANK A/S,DANSKE BANK A/S,J. Lauritzens Plads 3,6760,Ribe,01/10 - 2011,31/10 - 2023,1
61126228,DANSKE BANK A/S,DANSKE BANK A/S,Jernbanegade 29,8400,Ebeltoft,01/01 - 1991,31/10 - 2023,1
61126228,DANSKE BANK A/S,DANSKE BANK A/S Kerteminde Afd.,Langegade 31,5300,Kerteminde,01/01 - 1991,31/10 - 2023,2
61126228,DANSKE BANK A/S,DANSKE BANK A/S Vekselkontoret,Lufthavnen 1,2770,Kastrup,14/04 - 1980,31/10 - 2023,1
61126228,DANSKE BANK A/S,DANSKE BANK A/S,Munkerisvej 1,5230,Odense M,01/01 - 1991,31/10 - 2023,0
61126228,DANSKE BANK A/S,DANSKE BANK A/S,M D Madsensvej 10,3450,Allerød,01/01 - 1991,31/10 - 2023,6
61126228,DANSKE BANK A/S,DANSKE BANK A/S,Njalsgade 32,2300,København S,22/10 - 1979,31/10 - 2023,0
61126228,DANSKE BANK A/S,DANSKE BANK A/S,Naverland 12,2600,Glostrup,01/01 - 1998,31/10 - 2023,0
61126228,DANSKE BANK A/S,DANSKE BANK A/S Vejen Afd.,Nørregade 8,6600,Vejen,01/01 - 1991,31/10 - 2023,2
61126228,DANSKE BANK A/S,DANSKE BANK A/S Frederiksværk Afd.,Nørregade 6,3300,Frederiksværk,01/01 - 1991,31/10 - 2023,7
61126228,DANSKE BANK A/S,DANSKE BANK A/S,Nygade 38,9700,Brønderslev,01/01 - 1991,31/10 - 2023,1
61126228,DANSKE BANK A/S,DANSKE BANK A/S PETER BANGS VEJ AFD.,Peter Bangs Vej 60,2000,Frederiksberg,01/01 - 1990,31/10 - 2023,1
61126228,DANSKE BANK A/S,DANSKE BANK AF 1871,Rådhuspladsen 3,8000,Aarhus C,01/01 - 1994,31/10 - 2023,5-9
61126228,DANSKE BANK A/S,DANSKE BANK A/S,Solrød Center 15,2680,Solrød Strand,22/10 - 1979,31/10 - 2023,1
61126228,DANSKE BANK A/S,DANSKE BANK A/S,Sorgenfri Torv 21,2830,Virum,01/01 - 1991,31/10 - 2023,0
61126228,DANSKE BANK A/S,DANSKE BANK A/S,Storegade 3,6200,Aabenraa,01/01 - 1991,31/10 - 2023,1
61126228,DANSKE BANK A/S,DANSKE BANK A/S Hinnerup Afd.,Storegade 1,8382,Hinnerup,01/01 - 1991,31/10 - 2023,0
61126228,DANSKE BANK A/S,DANSKE BANK A/S Universitet Afd.,Stjernepladsen 1,8200,Aarhus N,01/01 - 1991,31/10 - 2023,0
61126228,DANSKE BANK A/S,DANSKE BANK A/S SORØ AFD.,Storgade 14A,4180,Sorø,01/01 - 1990,31/10 - 2023,6
61126228,DANSKE BANK A/S,DANSKE BANK A/S Asnæs Afd.,Storegade 22,4550,Asnæs,01/01 - 1991,31/10 - 2023,1
61126228,DANSKE BANK A/S,DANSKE BANK A/S,Torvegade 3,8850,Bjerringbro,22/10 - 1979,31/10 - 2023,0
61126228,DANSKE BANK A/S,DANSKE BANK A/S Hammel Afd.,Torvegade 4,8450,Hammel,01/01 - 1991,31/10 - 2023,2
61126228,DANSKE BANK A/S,DANSKE BANK A/S,Vesterbrogade 10,1620,København V,01/01 - 1991,31/10 - 2023,1
61126228,DANSKE BANK A/S,DANSKE BANK A/S FAABORG AFD.,Vestergade 4,5600,Faaborg,01/01 - 1990,31/10 - 2023,0
61126228,DANSKE BANK A/S,DANSKE BANK A/S ASSENS AFD.,Østergade 1,5610,Assens,01/01 - 1990,31/10 - 2023,0
61126228,DANSKE BANK A/S,DANSKE BANK A/S VOJENS AFD.,Østergade 1,6500,Vojens,01/01 - 1992,31/10 - 2023,2
61126228,DANSKE BANK A/S,DANSKE BANK A/S Skive Afd.,Østergade 1,7800,Skive,01/01 - 1991,31/10 - 2023,0
61126228,DANSKE BANK A/S,DANSKE BANK A/S,Aabybro Centret 4D,9440,Aabybro,22/10 - 1979,31/10 - 2023,0
61126228,DANSKE BANK A/S,DANSKE BANK A/S SØNDERSØ AFD.,Toftekær 1,5471,Søndersø,01/01 - 1990,31/10 - 2023,2
61126228,DANSKE BANK A/S,DANSKE BANK A/S VARDE AFD.,Kræmmergade 5,6800,Varde,01/01 - 1992,31/10 - 2023,4
61126228,DANSKE BANK A/S,DANSKE BANK A/S,Kordilgade 63,4400,Kalundborg,01/01 - 1991,31/10 - 2023,1
61126228,DANSKE BANK A/S,DANSKE BANK A/S,Viby Ringvej 10,8260,Viby J,01/12 - 2014,31/10 - 2023,2
61126228,DANSKE BANK A/S,DANSKE BANK A/S,Strandvejen 80,2900,Hellerup,22/10 - 1979,31/10 - 2023,6
61126228,DANSKE BANK A/S,DANSKE BANK A/S,Brogade 3,4600,Køge,01/01 - 1991,31/10 - 2023,20
61126228,DANSKE BANK A/S,DANSKE BANK A/S,Gentoftegade 50,2820,Gentofte,01/01 - 1991,31/10 - 2023,1
61126228,DANSKE BANK A/S,DANSKE BANK A/S,"Rødovre Centrum 1C, st. -120.",2610,Rødovre,01/01 - 1991,31/10 - 2023,7
61126228,DANSKE BANK A/S,DANSKE BANK A/S Odder Afd.,Banegårdsgade 8,8300,Odder,01/01 - 1991,31/10 - 2023,4
61126228,DANSKE BANK A/S,DANSKE BANK A/S,Hadsundvej 25,9000,Aalborg,22/10 - 1979,31/10 - 2023,6
61126228,DANSKE BANK A/S,DANSKE BANK A/S,Algade 61,4760,Vordingborg,01/01 - 1991,31/10 - 2023,1
61126228,DANSKE BANK A/S,DANSKE BANK A/S,Vestergade 11,4930,Maribo,01/01 - 1991,31/10 - 2023,4
61126228,DANSKE BANK A/S,DANSKE BANK A/S,Valby Langgade 73,2500,Valby,22/10 - 1979,31/10 - 2023,5
61126228,DANSKE BANK A/S,DANSKE BANK A/S Personalekreds,"Carl Gustavs Gade 2, 2",2630,Taastrup,01/01 - 1995,31/10 - 2023,6
61126228,DANSKE BANK A/S,DANSKE BANK A/S,Åboulevarden 69,8000,Aarhus C,01/01 - 2002,31/10 - 2023,3
61126228,DANSKE BANK A/S,DANSKE BANK A/S Skt. Knuds Torv,Skt. Knuds Torv 1,8000,Aarhus C,01/01 - 2007,31/10 - 2023,2
61126228,DANSKE BANK A/S,Danske Bank A/S,Store Kongensgade 72C,1264,København K,01/05 - 2016,31/10 - 2023,1
61126228,DANSKE BANK A/S,DANSKE BANK A/S,Algade 35,5500,Middelfart,22/10 - 1979,19/11 - 2023,6
61126228,DANSKE BANK A/S,DANSKE BANK A/S,Vestergade 31,6270,Tønder,22/10 - 1979,19/11 - 2023,7
61126228,DANSKE BANK A/S,DANSKE BANK A/S,Gravene 2,6100,Haderslev,01/01 - 1992,,3
61126228,DANSKE BANK A/S,DANSKE BANK A/S,Edwin Rahrs Vej 40,8220,Brabrand,01/01 - 1991,,5
61126228,DANSKE BANK A/S,DANSKE BANK A/S,Hørsholm Midtpunkt 22,2970,Hørsholm,22/10 - 1979,,3
61126228,DANSKE BANK A/S,DANSKE BANK A/S,Herlev Torv 17,2730,Herlev,01/01 - 1991,,5
61126228,DANSKE BANK A/S,DANSKE BANK A/S,Taastrup Hovedgade 54,2630,Taastrup,22/10 - 1979,,1
61126228,DANSKE BANK A/S,DANSKE BANK A/S,Centrumgaden 6,2750,Ballerup,22/10 - 1979,,1
61126228,DANSKE BANK A/S,DANSKE BANK A/S,Hollandsvej 12,2800,Kgs.Lyngby,14/07 - 2010,,1
61126228,DANSKE BANK A/S,"Nordania Leasing, Division af Danske Bank A/S",Birkerød Kongevej 25,3460,Birkerød,06/01 - 1967,,202
61126228,DANSKE BANK A/S,DANSKE BANK A/S,Farum Hovedgade 35,3520,Farum,22/10 - 1979,,12
61126228,DANSKE BANK A/S,DANSKE BANK A/S,Østervold 11,8900,Randers C,01/01 - 1991,,10
61126228,DANSKE BANK A/S,DANSKE BANK A/S,Stengade 57B,3000,Helsingør,22/10 - 1979,,14
61126228,DANSKE BANK A/S,DANSKE BANK A/S,Bagsværd Hovedgade 150,2880,Bagsværd,22/10 - 1979,,12
61126228,DANSKE BANK A/S,DANSKE BANK A/S,Østergade 4,7500,Holstebro,01/01 - 1991,,1
61126228,DANSKE BANK A/S,DANSKE BANK A/S RISSKOV AFD.,Ravnsøvej 15,8240,Risskov,01/01 - 1990,,23
61126228,DANSKE BANK A/S,DANSKE BANK A/S,Jernbanegade 7,3600,Frederikssund,22/10 - 1979,,9
61126228,DANSKE BANK A/S,DANSKE BANK A/S STÆNDERTORVETS AFD.,Stændertorvet 5,4000,Roskilde,01/01 - 1990,,25
61126228,DANSKE BANK A/S,DANSKE BANK A/S Horsens Afd.,Holmboes Alle 12,8700,Horsens,01/01 - 1990,,15
61126228,DANSKE BANK A/S,DANSKE BANK A/S GL.KONGEVEJ AFD.,Gammel Kongevej 160,1850,Frederiksberg C,01/01 - 1990,,22
61126228,DANSKE BANK A/S,DANSKE BANK A/S,Frederikssundsvej 196,2700,Brønshøj,22/10 - 1979,,17
61126228,DANSKE BANK A/S,DANSKE BANK A/S,Nørregade 2,5800,Nyborg,22/10 - 1979,,9
61126228,DANSKE BANK A/S,DANSKE BANK A/S,Nytorv 1,4200,Slagelse,01/01 - 1991,,23
61126228,DANSKE BANK A/S,DANSKE BANK A/S,Egedal Centret 34,3660,Stenløse,22/10 - 1979,,8
61126228,DANSKE BANK A/S,DANSKE BANK A/S,Lersø Parkallé 100,2100,København Ø,14/04 - 1980,,18
61126228,DANSKE BANK A/S,DANSKE BANK A/S,Rimmensgade 8,9900,Frederikshavn,01/01 - 1991,,5
61126228,DANSKE BANK A/S,DANSKE BANK A/S,Torvet 6,4100,Ringsted,01/01 - 1991,,9
61126228,DANSKE BANK A/S,DANSKE BANK A/S,Ahlgade 28,4300,Holbæk,22/10 - 1979,,19
61126228,DANSKE BANK A/S,DANSKE BANK A/S,Flakhaven 1,5000,Odense C,01/01 - 1991,,46
61126228,DANSKE BANK A/S,DANSKE BANK A/S Silkeborg Afd.,"Randersvej 2B, 5",8600,Silkeborg,01/01 - 1990,,14
61126228,DANSKE BANK A/S,DANSKE BANK A/S,Hjultorv 18,4700,Næstved,01/01 - 1990,,15
61126228,DANSKE BANK A/S,DANSKE BANK A/S,Algade 53,9000,Aalborg,01/01 - 1980,,60
61126228,DANSKE BANK A/S,DANSKE BANK A/S NØRREPORT AFD.,"Nørre Voldgade 90, 1",1358,København K,01/01 - 1990,,41
61126228,DANSKE BANK A/S,DANSKE BANK A/S Vejle Afd.,Kirkegade 21,7100,Vejle,01/01 - 1992,,36
61126228,DANSKE BANK A/S,DANSKE BANK A/S,Hovedvejen 107,2600,Glostrup,01/01 - 1991,,22
61126228,DANSKE BANK A/S,DANSKE BANK A/S,Vendersgade 74,7000,Fredericia,22/10 - 1979,,15
61126228,DANSKE BANK A/S,DANSKE BANK A/S Skanderborg Afd.,Adelgade 108,8660,Skanderborg,01/01 - 1991,,8
61126228,DANSKE BANK A/S,DANSKE BANK A/S LYNGBY AFD.,Lyngby Hovedgade 25,2800,Kgs. Lyngby,01/01 - 1990,,37
61126228,DANSKE BANK A/S,DANSKE BANK A/S,Amagerbrogade 105,2300,København S,22/10 - 1979,,16
61126228,DANSKE BANK A/S,DANSKE BANK A/S Thisted Afd.,Jernbanegade 7A,7700,Thisted,01/01 - 1991,,5
61126228,DANSKE BANK A/S,DANSKE BANK A/S,Langgade 13,4800,Nykøbing F,22/10 - 1979,,9
61126228,DANSKE BANK A/S,DANSKE BANK A/S,Møllergade 2,5700,Svendborg,22/10 - 1979,,15
61126228,DANSKE BANK A/S,DANSKE BANK A/S,Amager Landevej 42,2770,Kastrup,01/01 - 1991,,13
61126228,DANSKE BANK A/S,DANSKE BANK A/S,Sct. Mathias Gade 52,8800,Viborg,01/01 - 1991,,5
61126228,DANSKE BANK A/S,DANSKE BANK A/S,Holte Midtpunkt 1,2840,Holte,22/10 - 1979,,11
61126228,DANSKE BANK A/S,DANSKE BANK A/S GREVE AFD.,Greve Midtby Center 12A,2670,Greve,01/01 - 1990,,17
61126228,DANSKE BANK A/S,DANSKE BANK A/S,Dalgasgade 27,7400,Herning,01/01 - 1991,,16
61126228,DANSKE BANK A/S,DANSKE BANK A/S Hasseris Afd.,Hasseris Bymidte 31,9000,Aalborg,01/01 - 1991,,6
61126228,DANSKE BANK A/S,DANSKE BANK A/S,Store Torv 12,3700,Rønne,01/01 - 1991,,12
61126228,DANSKE BANK A/S,DANSKE BANK A/S,Jægersborg Alle 31,2920,Charlottenlund,01/01 - 1991,,24
61126228,DANSKE BANK A/S,DANSKE BANK A/S DALUM AFD.,Faaborgvej 22,5250,Odense SV,01/01 - 1990,,20
61126228,DANSKE BANK A/S,DANSKE BANK A/S,Albani Torv 2,5000,Odense C,01/01 - 2002,,136
61126228,DANSKE BANK A/S,DANSKE BANK A/S,Prinsensgade 11,9000,Aalborg,01/01 - 2002,,104
61126228,DANSKE BANK A/S,DANSKE BANK A/S,Strandbygade 2,6700,Esbjerg,01/01 - 2005,,55
61126228,DANSKE BANK A/S,DANSKE BANK A/S,Holbergsgade 2,1057,København K,15/09 - 2009,,673
61126228,DANSKE BANK A/S,Danske Bank A/S,Munkeengen 30,3400,Hillerød,20/05 - 2010,,76
61126228,DANSKE BANK A/S,DANSKE BANK A/S,Hvidovrevej 135,2650,Hvidovre,01/01 - 2012,,20
61126228,DANSKE BANK A/S,DANSKE BANK A/S,Perlegade 24,6400,Sønderborg,22/10 - 1979,,16
61126228,DANSKE BANK A/S,DANSKE BANK A/S Kolding Afd.,Kolding Åpark 8H,6000,Kolding,25/05 - 2018,,126
61126228,DANSKE BANK A/S,Danske Bank A/S,"Jægergårdsgade 101B, st",8000,Aarhus C,01/10 - 2019,,879
61126228,DANSKE BANK A/S,Flintholm Afdeling,"Dirch Passers Allé 27, 1",2000,Frederiksberg,07/12 - 2020,,17
61126228,DANSKE BANK A/S,DANSKE BANK A/S,"Stensbjergvej 1, st",4600,Køge,01/11 - 2023,,36
61126228,DANSKE BANK A/S,DANSKE BANK A/S,Bernstorffsgade 40,1577,København V,01/04 - 2024,,5501
61126228,DANSKE BANK A/S,DANSKE BANK A/S,Kalvebod Brygge 24,1560,København V,01/04 - 2024,,572
61126228,DANSKE BANK A/S,DANSKE BANK A/S,"Borupvang 2D, 2",2750,Ballerup,22/04 - 2024,,20
61126228,DANSKE BANK A/S,Danske Bank A/S,Slotsmarken 10,2970,Hørsholm,03/06 - 2024,,13
61126228,DANSKE BANK A/S,Danske Bank,Priorparken 534,2605,Brøndby,01/11 - 2024,,2
61126228,DANSKE BANK A/S,Danske Bank A/S,Per Henrik Lings Allé 2,2100,København Ø,09/12 - 2024,,27
61126228,DANSKE BANK A/S,Danske Bank A/S,"Kalvebod Brygge 32, 2",1560,København V,03/11 - 2025,,134
61126228,DANSKE BANK A/S,Danske Bank A/S,"Holstebrovej 2, 4",8800,Viborg,01/11 - 2025,,8
61126228,DANSKE BANK A/S,Danske Bank A/S,Lysholt Allé 10,7100,Vejle,05/11 - 2025,,1
61126228,DANSKE BANK A/S,Danske Bank A/S,Kongevejen 400C,2840,Holte,02/02 - 2026,,5
61126228,DANSKE BANK A/S,DANSKE BANK A/S,Holmens Kanal 2-12,1060,København K,22/10 - 1979,,1
61126228,DANSKE BANK A/S,DANSKE BANK A/S,Dalbergstrøget 17,2630,Taastrup,01/01 - 1989,,2
61126228,DANSKE BANK A/S,DANSKE BANK A/S,Grønnegade 6,7100,Vejle,01/01 - 2008,,3
61126228,DANSKE BANK A/S,Danske Bank A/S,Parallelvej 17,2800,Kgs. Lyngby,01/04 - 2016,,1
61126228,DANSKE BANK A/S,DANSKE BANK A/S Odense Nord Afd.,Næsbyhovedvej 1,5270,Odense N,01/01 - 1991,,1
61126228,DANSKE BANK A/S,DANSKE BANK A/S,Østerbrogade 68,2100,København Ø,22/10 - 1979,,1
61126228,DANSKE BANK A/S,DANSKE BANK A/S HJØRRING AFD.,Østergade 26,9800,Hjørring,01/01 - 1990,,1
61126228,DANSKE BANK A/S,Danske Bank A/S,Rued Langgaards Vej 8,2300,København S,17/04 - 2026,,
61126228,DANSKE BANK A/S,Danske Bank A/S,Porten 4B,6400,Sønderborg,09/02 - 2026,,
61126228,DANSKE BANK A/S,DANSKE BANK A/S,Østergade 8,3200,Helsinge,01/01 - 1991,,1
61126228,DANSKE BANK A/S,Danske Bank,Priorparken 534,2605,Brøndby,01/11 - 2024,,
61126228,DANSKE BANK A/S,DANSKE BANK A/S GRENAA AFD.,Torvet 15,8500,Grenaa,01/01 - 1990,,3
