Municipality,Year,Average Income,Employed_Ratio,Unemployed_Ratio,Enrolled_Ratio,Outside_Ratio
Aabenraa,2008,257029.5,0.5874356891416193,0.016869753587868942,0.11091253723260222,0.28478202003790953
Aabenraa,2009,255130.2,0.55807396160937,0.03467628239887214,0.11473809782019304,0.2925116581715649
Aabenraa,2010,271481.9,0.5479146855046869,0.03407145768238011,0.12155957071050129,0.29645428610243174
Aabenraa,2011,268613.8,0.5368072338230103,0.03597903711950471,0.12374073370081734,0.30347299535666766
Aabenraa,2012,268157.0,0.5296195875441624,0.03993098348533399,0.12472270150357406,0.3057267274669296
Aabenraa,2013,271096.6,0.530105575717585,0.03780380512482129,0.12575607610249642,0.30633454305509733
Aabenraa,2014,272634.0,0.5360402721690546,0.031089229407534436,0.1270675443934281,0.30580295402998287
Aabenraa,2015,278115.4,0.5440902130029236,0.02862313796463873,0.12543505499095087,0.30185159404148687
Aabenraa,2016,282946.2,0.5579647134722728,0.02577767804549662,0.12069787663740147,0.29555973184482903
Aabenraa,2017,291382.8,0.5682859243341062,0.02513713736356953,0.12135949782276763,0.28521744047955666
Aabenraa,2018,293698.9,0.5752018026754899,0.022676060355400894,0.12128126871844605,0.2808408682506632
Aabenraa,2019,301420.3,0.5774826059456041,0.024869185210741187,0.12103961819331838,0.2766085906503364
Aabenraa,2020,313457.1,0.5728186267411891,0.024760360256001854,0.12776925081810547,0.2746517621847036
Aabenraa,2021,320495.0,0.5916432584269663,0.013459737827715356,0.122249531835206,0.27264747191011235
Aabenraa,2022,303108.0,0.594424985405721,0.015178050204319907,0.11614127262113251,0.27425569176882664
Aabenraa,2023,300251.8,0.5898738664224736,0.016483029569018995,0.11414054884352938,0.279502555164978
Aabenraa,2024,307494.2,0.5948508280745415,0.01756880869848606,0.11024205255829111,0.2773383106686813
Aalborg,2008,257142.8,0.5496814162132666,0.021971849069927937,0.17352785401319273,0.25481888070361275
Aalborg,2009,262406.3,0.5207829773744899,0.039806633118040974,0.1802512184491025,0.25915917105836667
Aalborg,2010,276678.2,0.5139783263565588,0.03878565001369273,0.18895191893900865,0.2582841046907398
Aalborg,2011,273966.0,0.5028607166848116,0.03618169604595678,0.201748087064619,0.25920950020461264
Aalborg,2012,273389.4,0.4940374007187164,0.037446496829865644,0.21073191573775243,0.25778418671366554
Aalborg,2013,277056.2,0.4874316203818034,0.036758488052743045,0.22132920249347074,0.2544806890719829
Aalborg,2014,280228.9,0.488594456340709,0.037480668570069,0.22635617416131334,0.24756870092790864
Aalborg,2015,285189.7,0.49319760674382224,0.0359507410345569,0.22485338710992817,0.2459982651116927
Aalborg,2016,289002.2,0.5028031715038017,0.03299458595899529,0.22269311558829621,0.24150912694890683
Aalborg,2017,294905.2,0.5082372444826004,0.036989890318092335,0.22225018132299176,0.23252268387631553
Aalborg,2018,299846.0,0.5190744721576018,0.03419564769280603,0.2217453399687859,0.22498454018080627
Aalborg,2019,304987.7,0.5236930019927324,0.033788535927792754,0.22139110303598641,0.22112735904348846
Aalborg,2020,318095.7,0.5206593660608512,0.03868935825941229,0.23009910716865556,0.21055216851108094
Aalborg,2021,325462.8,0.5439875669944371,0.024481110836758704,0.22547894668041657,0.20605237548838762
Aalborg,2022,305963.2,0.5547151802629106,0.02419413151310937,0.21692287668657537,0.20416781153740474
Aalborg,2023,306911.1,0.5616636318968756,0.02525362004682216,0.2118991878377988,0.20118356021850342
Aalborg,2024,314877.8,0.5675071999540352,0.024792260677837068,0.20776086816004366,0.19993967120808406
Aarhus,2008,263665.4,0.5285502493373467,0.016098357218802883,0.22370476860795382,0.2316466248358966
Aarhus,2009,268756.0,0.5034516262236148,0.030178046588452478,0.2309504724428575,0.23541985474507518
Aarhus,2010,286651.0,0.4959081593166411,0.028071985820685173,0.2405180609500332,0.2355017939126405
Aarhus,2011,284411.9,0.4842858222776581,0.02824394300185206,0.24744396568016025,0.2400262690403296
Aarhus,2012,283587.4,0.4727791429316058,0.031628132097248594,0.2543607356938084,0.24123198927733722
Aarhus,2013,291566.9,0.47095638211493374,0.030079097900758137,0.25714572442546824,0.2418187955588399
Aarhus,2014,296621.9,0.47627980070036474,0.02711528766277121,0.26121060448469596,0.23539430715216808
Aarhus,2015,308363.8,0.48360193337876445,0.025638479833559737,0.25718811630961136,0.23357147047806445
Aarhus,2016,308387.6,0.4922062269535958,0.025458015780206192,0.24980846001854914,0.23252729724764887
Aarhus,2017,316450.8,0.5013586232617614,0.029290319143268156,0.24415259204006606,0.22519846555490436
Aarhus,2018,320799.6,0.5054780483959959,0.028865943266510777,0.24532548628079487,0.22033052205669845
Aarhus,2019,325673.0,0.5090703686806144,0.02890786243455213,0.2420387147233266,0.21998305416150687
Aarhus,2020,339017.5,0.5059055965427295,0.036040495519150145,0.2536608672446002,0.2043930406935202
Aarhus,2021,349004.4,0.5296366449800833,0.022044895995422847,0.2474307683638838,0.20088769066061002
Aarhus,2022,324203.7,0.5369832918014849,0.02114918553409387,0.24132639758588117,0.20054112507854008
Aarhus,2023,324531.7,0.5392444853481931,0.023827834440676255,0.24030392045621687,0.1966237597549137
Aarhus,2024,332076.0,0.5414603090609936,0.024911738199376587,0.2389352360951491,0.19469271664448065
Albertslund,2008,255973.1,0.5500277315585136,0.023627287853577372,0.14886300610094289,0.27748197448696615
Albertslund,2009,259236.8,0.518041804180418,0.041584158415841586,0.1558855885588559,0.2844884488448845
Albertslund,2010,269876.3,0.5063284143038744,0.04603990493561046,0.15928812247830654,0.2883435582822086
Albertslund,2011,261674.4,0.5030763261460007,0.04340114184357852,0.16296214178814922,0.2905603902222715
Albertslund,2012,261780.4,0.489483641219675,0.05013354106387714,0.16837302470509682,0.292009793011351
Albertslund,2013,261728.5,0.490290447143097,0.047008786165985784,0.175387542671666,0.2873132240192512
Albertslund,2014,266933.4,0.49770577238996205,0.04350535319775675,0.17889310598765082,0.2798957684246304
Albertslund,2015,271176.5,0.5071021910403128,0.039047673816780724,0.1796538041290471,0.2741963310138593
Albertslund,2016,275347.4,0.5113255518317347,0.03825262914596094,0.17976424361493124,0.2706575754073732
Albertslund,2017,276171.6,0.5272191094072545,0.03597758773223238,0.17894426422884105,0.2578590386316721
Albertslund,2018,281472.4,0.531775147928994,0.03591715976331361,0.18384615384615385,0.24846153846153846
Albertslund,2019,284100.7,0.5390699904122723,0.03343720038350911,0.18288590604026847,0.24460690316395015
Albertslund,2020,295906.2,0.532172869147659,0.03871548619447779,0.18883553421368549,0.24027611044417768
Albertslund,2021,302791.5,0.5502406922186338,0.026933154591432577,0.18798366948997625,0.23484248369995733
Albertslund,2022,282918.7,0.5688146380270486,0.02062297289027599,0.18315892540236214,0.22740346368031333
Albertslund,2023,285319.6,0.5698126976404768,0.021892483580637313,0.18505229871077597,0.22324252006810996
Albertslund,2024,290110.6,0.5694594270646051,0.02571017619561309,0.18434615845619082,0.22048423828359104
Allerød,2008,343580.5,0.6807915680791569,0.00810210081021008,0.1201692120169212,0.19093711909371192
Allerød,2009,344416.9,0.6560106794070119,0.01875922152743624,0.12590458792945972,0.19932551113609218
Allerød,2010,379117.8,0.6457215475854279,0.019839028523016097,0.13724936458627507,0.197190059305281
Allerød,2011,383899.8,0.6300438906980037,0.020529520033979894,0.1433526829958941,0.20607390627212233
Allerød,2012,383070.8,0.6299245894707167,0.01832405384452745,0.14490097963210938,0.20685037705264642
Allerød,2013,391544.3,0.6306077892809353,0.017325163743925627,0.14501021198675962,0.20705683498837946
Allerød,2014,400922.2,0.6376412429378531,0.015607344632768362,0.1440677966101695,0.20268361581920905
Allerød,2015,410387.8,0.6442462964263147,0.015727023801165484,0.14056027522291653,0.19946640454960332
Allerød,2016,415795.7,0.6540536752855441,0.017868404456590287,0.13713124518253803,0.1909466750753276
Allerød,2017,421416.3,0.662661543835138,0.018162766329025498,0.1396437303527768,0.17953195948305972
Allerød,2018,425306.2,0.675898359066676,0.015786194004015788,0.13529045212213528,0.17302499480717304
Allerød,2019,440449.8,0.6775729964796025,0.017049768758197005,0.1372264789121281,0.16815075585007247
Allerød,2020,449249.4,0.6755848254098923,0.021060574878232832,0.13761404953008163,0.16574055018179323
Allerød,2021,464725.0,0.6921632709825464,0.010639037619080732,0.13615186704679785,0.161045824351575
Allerød,2022,430858.8,0.702093732667776,0.009428729894620078,0.12964503605102606,0.15883250138657792
Allerød,2023,426877.8,0.7035085286368049,0.011718208292885869,0.1338926639855776,0.15088059908473167
Allerød,2024,433738.7,0.7008682469680264,0.013781697905181918,0.1308572216097023,0.1544928335170893
Assens,2008,248316.6,0.5964769537447622,0.019608640820145642,0.10923070664334242,0.27468369879174975
Assens,2009,258133.3,0.5575840437510053,0.04720926491877111,0.11251407431236932,0.28269261701785425
Assens,2010,274223.4,0.5541955226284426,0.04610243195361572,0.11728941858592366,0.28241262683201807
Assens,2011,271033.2,0.548091355320271,0.043446513326031395,0.12238854407529107,0.28607358727840654
Assens,2012,270973.7,0.5336372146025803,0.0433437792519637,0.12616499124984737,0.29685401489560864
Assens,2013,274509.4,0.5361111111111111,0.03684640522875817,0.12626633986928104,0.30077614379084966
Assens,2014,276560.4,0.5387007036491572,0.030027818687612503,0.13070692194403535,0.3005645557191949
Assens,2015,282219.9,0.5410554781611079,0.028722445300335984,0.12705891993772023,0.30316315660083587
Assens,2016,285720.5,0.5432773281846938,0.0285503019348478,0.1290720124881896,0.2991003573922688
Assens,2017,291002.2,0.5536475358960566,0.028013406711631564,0.13216369429387181,0.28617536309844
Assens,2018,293563.5,0.5660211635785687,0.02396587059266385,0.1286544815759756,0.28135848425279186
Assens,2019,304183.3,0.5741661355428086,0.024771616741024006,0.1280220947524963,0.2730401529636711
Assens,2020,314640.3,0.5725351809613978,0.02616516762060507,0.12828678400826268,0.27301286740973446
Assens,2021,322046.1,0.5942543157530394,0.012676848526803099,0.12161986760697444,0.27144896811318303
Assens,2022,300334.8,0.6030209140201395,0.016223427145193217,0.11433858335484981,0.2664170754798175
Assens,2023,301042.3,0.6021751327089897,0.022010271460014674,0.11307237495144792,0.2627422208795477
Assens,2024,300908.5,0.6082397658263795,0.020359124470269562,0.10926645987155402,0.2621346498317969
Ballerup,2008,281885.8,0.579434054091636,0.012723353959535564,0.1239310296878259,0.28391156226100256
Ballerup,2009,279062.9,0.5535083204666323,0.02477268828272431,0.12911305541259221,0.2926059358380511
Ballerup,2010,294624.5,0.5418379934210527,0.029502467105263157,0.13623903508771928,0.2924205043859649
Ballerup,2011,294506.6,0.5365518662225732,0.028980530851903993,0.146138790646568,0.2883288122789548
Ballerup,2012,293335.9,0.5297288019224168,0.035393065568142805,0.1513216615173361,0.28355647099210435
Ballerup,2013,296909.2,0.5303857972004097,0.03786275179242062,0.15578695800614545,0.2759644930010242
Ballerup,2014,308056.1,0.5413396037207372,0.02883917147895847,0.15813133234205887,0.27168989245824543
Ballerup,2015,311163.3,0.5510690501226779,0.026708727655099896,0.15159481247809323,0.27062740974412897
Ballerup,2016,314741.4,0.5648374199483424,0.02706719031949899,0.14676432084350563,0.261331068888653
Ballerup,2017,318346.2,0.574744661095636,0.025783872580529964,0.14895364616813084,0.2505178201557032
Ballerup,2018,322999.9,0.5842212165484802,0.024195559990022448,0.14756084524106475,0.2440223782204326
Ballerup,2019,328976.0,0.588428924111775,0.02440158860782139,0.14701778238935204,0.24015170489105156
Ballerup,2020,341703.0,0.5884826002473061,0.030453983395159867,0.14626391096979333,0.2347995053877407
Ballerup,2021,349139.9,0.6027344026001554,0.01720483289761888,0.15222920935490708,0.2278315551473186
Ballerup,2022,325061.3,0.616165138254472,0.014888943129118867,0.14547229680253845,0.2234736218138708
Ballerup,2023,330295.3,0.6133982288920435,0.016832285540458326,0.14797539376732238,0.22179409180017576
Ballerup,2024,334083.8,0.6140322423691978,0.019170261766518537,0.14573940121314347,0.22105809465114015
Billund,2008,263671.5,0.6459647316256919,0.010490410606255631,0.11037456558115588,0.23317029218689664
Billund,2009,264981.6,0.6140606214009998,0.027779535531228246,0.11257356198190217,0.24558628108586977
Billund,2010,285641.4,0.6063648418261034,0.024120729936225296,0.12047736313695775,0.24903706510071352
Billund,2011,286011.8,0.5958938723941882,0.024320909665192673,0.12564750473783953,0.25413771320277956
Billund,2012,288575.9,0.58795453118131,0.02769578596998053,0.12748853859197387,0.25686114425673556
Billund,2013,295861.0,0.5939306358381503,0.02488062327217894,0.12999497361146017,0.2511937672782106
Billund,2014,296862.3,0.5941346395378045,0.026186887716654107,0.130997236875157,0.24868123587038432
Billund,2015,298886.9,0.5941364806328081,0.02090526712285768,0.12913553895410887,0.2558227132902254
Billund,2016,302803.1,0.6074531033614503,0.018884552436107264,0.11601410046581896,0.25764824373662343
Billund,2017,315637.2,0.6135638637233636,0.01875717749138701,0.11898685721577135,0.24869210156947813
Billund,2018,318809.0,0.6194803532573915,0.019262767182900296,0.11935236144886727,0.2419045181108409
Billund,2019,325489.0,0.6238667781135472,0.021089178936539575,0.11592618787372211,0.2391178550761911
Billund,2020,338185.3,0.6111576370546931,0.02634799974231785,0.12478258068672293,0.23771178251626618
Billund,2021,349005.0,0.6360757448458605,0.010469850707684353,0.12331157500161571,0.2301428294448394
Billund,2022,329825.3,0.6490637892732466,0.010218978102189781,0.11304347826086956,0.22767375436369405
Billund,2023,470346.1,0.6447990916545764,0.012931306377341828,0.11474168927016969,0.22752791269791206
Billund,2024,340247.8,0.6488607594936708,0.014240506329113924,0.1110126582278481,0.22588607594936708
Bornholm,2008,239089.8,0.5101360624240285,0.03928949535348782,0.10908520566207897,0.34148923656040464
Bornholm,2009,244140.4,0.49663299663299665,0.04901730483125832,0.10844882937906193,0.3459008691566831
Bornholm,2010,260062.8,0.48584460522176787,0.05060553633217993,0.11336111984900912,0.3501887385970431
Bornholm,2011,255078.9,0.49126445951336256,0.03917032309533307,0.1156761069006781,0.35388911049062627
Bornholm,2012,255287.8,0.47622702484346596,0.04932336901636033,0.12138961825893758,0.3530599878812361
Bornholm,2013,257100.5,0.478572893172032,0.04502768095140455,0.11859749846216937,0.3578019274143941
Bornholm,2014,260931.9,0.48649329916397094,0.04142334999789942,0.11221274629248414,0.3598706045456455
Bornholm,2015,265290.6,0.48602086183310533,0.0376624487004104,0.11559507523939809,0.3607216142270862
Bornholm,2016,270126.0,0.510748959778086,0.03151005547850208,0.10740291262135922,0.3503380721220527
Bornholm,2017,275221.9,0.518557561382703,0.03298633987789344,0.10352703474326877,0.34492906399613477
Bornholm,2018,276787.7,0.5154027907806161,0.03544202220141768,0.10891177388435647,0.34024341313360973
Bornholm,2019,286259.3,0.5237088357027173,0.032976426129206406,0.1080619039049847,0.3352528342630916
Bornholm,2020,294596.0,0.5164505119453925,0.03990898748577929,0.11085324232081911,0.3327872582480091
Bornholm,2021,298542.5,0.5486082355647574,0.016379112031285944,0.105175983436853,0.32983666896710373
Bornholm,2022,277034.5,0.5584373852368711,0.019509731913330886,0.1008079324274697,0.3212449504223283
Bornholm,2023,279942.6,0.5649047441165483,0.017603660814344415,0.10029884198729921,0.317192753081808
Bornholm,2024,284195.5,0.5688173574514551,0.019512889901723403,0.09609267435787874,0.3155770782889427
Brøndby,2008,259824.2,0.5592619218787444,0.01667864845434939,0.12231008866522886,0.30174934100167744
Brøndby,2009,258143.6,0.5332734663011627,0.03261177805085547,0.127705832309292,0.30640892333868985
Brøndby,2010,268662.0,0.5218309859154929,0.03629107981220657,0.1320657276995305,0.30981220657277
Brøndby,2011,266444.5,0.5143098432954866,0.038847705733320824,0.13652998029464203,0.3103124706765506
Brøndby,2012,263470.3,0.506902161282826,0.045317220543806644,0.13906576806878923,0.3087148501045782
Brøndby,2013,265236.5,0.5102635228848821,0.04378178455848359,0.14170134073046695,0.30425335182616736
Brøndby,2014,268244.7,0.5093754277111182,0.037547333363748346,0.14498836625758474,0.3080888726675487
Brøndby,2015,271490.7,0.515790912819578,0.035774506676388824,0.1395889349678713,0.3088456455361619
Brøndby,2016,276114.5,0.5250470636852014,0.033977684925846,0.14096147665182057,0.3000137747371321
Brøndby,2017,277198.8,0.5299343018413991,0.038817433145183676,0.1378273341352827,0.29342093087813453
Brøndby,2018,283012.7,0.5367711962833914,0.038699186991869916,0.1403019744483159,0.2842276422764228
Brøndby,2019,286361.3,0.5413913535963754,0.04044742306966207,0.14078723805927884,0.27737398527468377
Brøndby,2020,298135.2,0.5329662572356346,0.054637865311308764,0.13892418466751377,0.27347169278554284
Brøndby,2021,302928.9,0.5577950689040968,0.031217774444548606,0.1451204649854692,0.26586669166588545
Brøndby,2022,283230.4,0.5693579899132173,0.02626198373392703,0.14371393520832387,0.26066609114453176
Brøndby,2023,283031.0,0.5704795782796898,0.025500364290918443,0.14280204002914326,0.2612180174002486
Brøndby,2024,289680.8,0.5688238420342586,0.029475491598871674,0.14435223416867668,0.25734843219819303
Brønderslev,2008,234175.1,0.5967538759689922,0.022141472868217053,0.11012596899224807,0.27097868217054266
Brønderslev,2009,246839.6,0.562312348091312,0.04365438688462089,0.11099461468808083,0.2830386503359863
Brønderslev,2010,263581.2,0.5584718715762397,0.03853665507550136,0.11651502881913019,0.28647644452912874
Brønderslev,2011,263851.1,0.5550285084567103,0.034785108523788986,0.12136457285228307,0.2888218101672177
Brønderslev,2012,268752.9,0.5506493506493506,0.03645983645983646,0.12405002405002405,0.28884078884078884
Brønderslev,2013,274780.5,0.5516713691358615,0.03170580077471188,0.12663191621634545,0.2899909138730812
Brønderslev,2014,275123.7,0.5511841100076394,0.028027119938884643,0.12853323147440796,0.292255538579068
Brønderslev,2015,276927.6,0.5500672043010753,0.027601766513056836,0.12533602150537634,0.29699500768049153
Brønderslev,2016,288833.2,0.5618571565894454,0.025377295011054502,0.12390656541382293,0.2888589829856772
Brønderslev,2017,290194.0,0.5751262626262627,0.028457653457653456,0.11956099456099456,0.27685508935508935
Brønderslev,2018,290352.3,0.5841646795464499,0.02822521777215436,0.12029782471166481,0.2673122779697309
Brønderslev,2019,302643.0,0.5918137806249695,0.025918137806249693,0.1219619541297863,0.26030612743899456
Brønderslev,2020,315977.7,0.5884986225895317,0.03305785123966942,0.1238193624557261,0.2546241637150728
Brønderslev,2021,325639.0,0.6111332007952286,0.019433399602385687,0.12345924453280319,0.2459741550695825
Brønderslev,2022,303490.7,0.6120455778621813,0.020421249938341636,0.12218221279534357,0.24535095940413357
Brønderslev,2023,301307.2,0.6074784651527017,0.020262333594361786,0.12284651527016445,0.2494126859827721
Brønderslev,2024,303320.4,0.6174605515410706,0.019908568057808582,0.12141768667354864,0.24121319372757213
Dragør,2008,342500.5,0.6392861663080622,0.010758131882040249,0.09973421085938489,0.2502214909505126
Dragør,2009,334669.1,0.6177644710578842,0.024201596806387227,0.10815868263473054,0.24987524950099801
Dragør,2010,368115.7,0.6109324758842444,0.02436309671036359,0.11254019292604502,0.252164234479347
Dragør,2011,385425.6,0.6107540173053152,0.0238566131025958,0.11334981458590852,0.25203955500618047
Dragør,2012,381605.5,0.6093808164784713,0.025933738677255243,0.11328949001116764,0.25139595483310584
Dragør,2013,389856.7,0.6102284011916584,0.02656405163853029,0.1221449851042701,0.24106256206554122
Dragør,2014,400136.2,0.6147684605757197,0.0246558197747184,0.1178973717146433,0.24267834793491866
Dragør,2015,410230.1,0.6198837796867105,0.021096513390601312,0.12089439110661951,0.23812531581606872
Dragør,2016,417517.7,0.6219296024309952,0.017219549252975436,0.1177513294504938,0.24309951886553557
Dragør,2017,425056.8,0.6370636550308009,0.021817248459958933,0.11486139630390144,0.2262577002053388
Dragør,2018,431990.6,0.6485469641930461,0.019200830306175403,0.11131292163985469,0.2209392838609237
Dragør,2019,441682.1,0.6548581696829675,0.019252984212552945,0.11166730843280709,0.21422153767167243
Dragør,2020,454393.7,0.6482172737804093,0.028188956107607157,0.11121122409576523,0.2123825460162183
Dragør,2021,471199.0,0.6627288069583279,0.01817473711540958,0.11372192652213424,0.20537452940412826
Dragør,2022,438376.8,0.6790819672131148,0.013245901639344262,0.11252459016393443,0.19514754098360657
Dragør,2023,446642.4,0.6856534468991217,0.01503859462336971,0.10992813414958744,0.18937982432792122
Dragør,2024,449386.2,0.6893048128342246,0.013770053475935828,0.11122994652406418,0.1856951871657754
Egedal,2008,322460.3,0.6763672034660345,0.008215482710700564,0.10729175181885064,0.2081255620044143
Egedal,2009,316460.7,0.6485396159431983,0.022591576569307728,0.1146119089882201,0.21425689849927385
Egedal,2010,343596.3,0.6383731211317418,0.026485009243629933,0.121131741821397,0.21401012780323125
Egedal,2011,341081.8,0.6318294536437085,0.02595792336613071,0.12766978641708662,0.21454283657307416
Egedal,2012,340349.6,0.6255824140814782,0.02684082672932181,0.13615546971446776,0.21142128947473218
Egedal,2013,349518.5,0.6269869584175685,0.025964244658500814,0.1379077972014112,0.2091409997225195
Egedal,2014,354096.4,0.6320676439211348,0.020190446086372438,0.14354577423051088,0.2041961357619819
Egedal,2015,363026.0,0.6379921181481629,0.01859002428247283,0.13988296644241868,0.2035348911269456
Egedal,2016,366471.1,0.6465776494646939,0.022895865912827298,0.1368539235735194,0.19367256104895947
Egedal,2017,374425.2,0.6533989988696915,0.023292426933634747,0.13769578556434683,0.18561278863232683
Egedal,2018,380830.0,0.6678368236291006,0.021990880845741034,0.1343662994794819,0.17580599604567648
Egedal,2019,381731.3,0.6761031797534068,0.02109020116807268,0.1347744970798183,0.16803212199870216
Egedal,2020,397712.3,0.6764670149435063,0.025189324909893493,0.13894626007370509,0.15939740007289516
Egedal,2021,409946.4,0.6900361591000401,0.01510646846122941,0.13780634793089594,0.15705102450783448
Egedal,2022,373446.5,0.6973445748955953,0.012725553541880073,0.13178630525569301,0.1581435663068316
Egedal,2023,380477.0,0.7010313290523448,0.013582409028993967,0.12928585327884803,0.1561004086398132
Egedal,2024,379831.0,0.7046924935692571,0.01519993764128147,0.1243666692649466,0.15574089952451478
Esbjerg,2008,264644.4,0.579256717803057,0.01445505294092833,0.13233122882011333,0.2739570004359014
Esbjerg,2009,268033.8,0.5480223637296929,0.031811434358568834,0.1375674588310373,0.2825987430807009
Esbjerg,2010,283897.8,0.5349955893703826,0.031081155584959753,0.14654316903738007,0.28738008600727755
Esbjerg,2011,281603.4,0.5308313959924721,0.028949407727222407,0.1505728993689804,0.28964629691132515
Esbjerg,2012,282956.5,0.519974979149291,0.03508479288295802,0.15650542118432026,0.28843480678343064
Esbjerg,2013,288054.5,0.525330943188086,0.031067291781577498,0.15837010479867622,0.28523166023166024
Esbjerg,2014,292172.9,0.5313954619349998,0.02531645569620253,0.15888785449290665,0.28440022787589103
Esbjerg,2015,294492.4,0.5367707678334381,0.027485502689862364,0.1552714315657095,0.28047229791099
Esbjerg,2016,297953.8,0.5463803129477203,0.023190156473860156,0.15162794617523948,0.27880158440318004
Esbjerg,2017,303022.1,0.556696054630379,0.025214021040078367,0.14767806692505359,0.27041185740448914
Esbjerg,2018,307663.4,0.5698657669944728,0.023846098628957,0.14423946593927212,0.2620486684372981
Esbjerg,2019,314821.4,0.5795618959430523,0.02218010301522079,0.1429191504137971,0.2553388506279299
Esbjerg,2020,325715.0,0.579822053209864,0.027475797204522694,0.1452748305441456,0.2474273190414677
Esbjerg,2021,337030.9,0.5988131604718125,0.015025505356855753,0.1431369396495023,0.24302439452182936
Esbjerg,2022,314261.5,0.6073006583760059,0.016591075347476225,0.1364740307242136,0.23963423555230431
Esbjerg,2023,315684.3,0.6080853701735742,0.01737218089502893,0.1370439249025859,0.23749852402881097
Esbjerg,2024,323331.0,0.6160935943748235,0.018373990991392766,0.12991125183962896,0.23562116279415482
Faaborg-Midtfyn,2008,252686.4,0.5877976190476191,0.017757936507936507,0.11068121693121694,0.2837632275132275
Faaborg-Midtfyn,2009,256164.7,0.5567922931719065,0.03879450628132526,0.11355204061706697,0.29086115992970124
Faaborg-Midtfyn,2010,270643.5,0.5454308008749877,0.03914590747330961,0.12256358353194685,0.2928597081197558
Faaborg-Midtfyn,2011,270419.7,0.5335814803931171,0.03807098311946975,0.12743657557057497,0.3009109609168381
Faaborg-Midtfyn,2012,271545.0,0.5250815190540497,0.040413688613682025,0.12759790520733835,0.30690688712493003
Faaborg-Midtfyn,2013,274526.2,0.5325856118927529,0.0330169896469339,0.12652641359171754,0.3078709848685957
Faaborg-Midtfyn,2014,279676.2,0.5340308885471685,0.029350805642842814,0.12726482583405763,0.309353479975931
Faaborg-Midtfyn,2015,283775.8,0.5360300026788106,0.028261451915349584,0.12710956335387089,0.30859898205196895
Faaborg-Midtfyn,2016,282647.2,0.5448115590583005,0.028594523593007983,0.1242800848742043,0.30231383247448723
Faaborg-Midtfyn,2017,290512.1,0.5580826109127995,0.027876933537310897,0.12347441781404045,0.29056603773584905
Faaborg-Midtfyn,2018,295841.4,0.5685793188094508,0.02577477753912243,0.12260066141624902,0.2830452422351778
Faaborg-Midtfyn,2019,301498.0,0.5741496128318584,0.025511615044247787,0.12147400442477876,0.27886476769911506
Faaborg-Midtfyn,2020,314592.3,0.5669195856286595,0.02944946817725115,0.12860755985171327,0.27502338634237605
Faaborg-Midtfyn,2021,320076.3,0.5914106145251397,0.01675977653631285,0.12458100558659217,0.2672486033519553
Faaborg-Midtfyn,2022,301973.2,0.5994399695785944,0.015694679710996647,0.12102879662598956,0.2638365540844194
Faaborg-Midtfyn,2023,299792.0,0.600937995723843,0.01951858748879233,0.11904269259948962,0.260500724187875
Faaborg-Midtfyn,2024,301789.8,0.6039641634093189,0.01857553011172991,0.11643432840983776,0.26102597806911343
Fanø,2008,292258.5,0.5840206185567011,0.010824742268041237,0.09020618556701031,0.3149484536082474
Fanø,2009,300677.9,0.5618661257606491,0.02535496957403651,0.09026369168356999,0.3225152129817444
Fanø,2010,315099.3,0.5640895218718209,0.022380467955239063,0.09206510681586978,0.3214649033570702
Fanø,2011,316472.1,0.5540334855403348,0.0273972602739726,0.0943683409436834,0.3242009132420091
Fanø,2012,314155.8,0.5434455047714716,0.027122049221496736,0.10195881466599699,0.32747363134103463
Fanø,2013,320130.5,0.5440283400809717,0.02277327935222672,0.0895748987854251,0.3436234817813765
Fanø,2014,324844.4,0.554639175257732,0.020103092783505156,0.09226804123711341,0.33298969072164947
Fanø,2015,326286.2,0.5473958333333333,0.0296875,0.09739583333333333,0.3255208333333333
Fanø,2016,324935.4,0.5579058699101005,0.03172924378635643,0.09465891062929667,0.3157059756742464
Fanø,2017,330208.5,0.5561440677966102,0.034427966101694914,0.10222457627118645,0.3072033898305085
Fanø,2018,332785.8,0.560021436227224,0.028938906752411574,0.10396570203644159,0.3070739549839228
Fanø,2019,334237.2,0.5682556879739978,0.0276273022751896,0.10075839653304441,0.30335861321776814
Fanø,2020,347987.5,0.55957086391869,0.03613777526821005,0.11180124223602485,0.2924901185770751
Fanø,2021,362087.6,0.5749287749287749,0.018233618233618232,0.11282051282051282,0.294017094017094
Fanø,2022,329757.6,0.5950173812282734,0.022595596755504054,0.1037079953650058,0.2786790266512167
Fanø,2023,326442.9,0.6016796640671865,0.014997000599880024,0.10797840431913618,0.27534493101379726
Fanø,2024,327402.2,0.6049079754601226,0.016564417177914112,0.10552147239263804,0.27300613496932513
Favrskov,2008,276296.8,0.6622866127583109,0.01287810721772986,0.11144803833483079,0.21338724168912848
Favrskov,2009,279696.5,0.6275180120570504,0.03289957359211881,0.11685781502720188,0.22272459932362887
Favrskov,2010,300312.5,0.6184757839910298,0.02882772091004449,0.12598111910876406,0.22671537599016167
Favrskov,2011,299104.3,0.6125960393896764,0.028171554305089636,0.1287739422140461,0.2304584640911878
Favrskov,2012,300568.9,0.6008658008658009,0.02987012987012987,0.13636363636363635,0.2329004329004329
Favrskov,2013,307793.6,0.6062845254322404,0.02611378147643303,0.13598536480378792,0.23161632828753856
Favrskov,2014,312782.0,0.6145866982520369,0.021391909838124976,0.136247801586447,0.22777359032339112
Favrskov,2015,317516.7,0.612677564422871,0.018666571489756586,0.13505603540581054,0.23359982868156184
Favrskov,2016,324378.9,0.6243509400179051,0.019695613249776187,0.1334288272157565,0.22252461951656222
Favrskov,2017,330394.1,0.6426464239458914,0.0187796805295726,0.1261332565836811,0.2124406389408548
Favrskov,2018,336580.2,0.6510696634077708,0.0189040008658321,0.1271330134564739,0.20289332226992315
Favrskov,2019,344211.2,0.6546281917006753,0.019466214020007946,0.12622341001841886,0.19968218426089782
Favrskov,2020,360690.6,0.6528853177501827,0.024141709276844413,0.12972972972972974,0.19324324324324324
Favrskov,2021,370399.9,0.673007411734638,0.014896491292124576,0.12724086312023075,0.18485523385300667
Favrskov,2022,345054.6,0.678587003924989,0.014209914231719727,0.12650821340311091,0.18069486844018026
Favrskov,2023,342524.3,0.6736438038676034,0.016585789816759615,0.13076700224523793,0.17900340407039908
Favrskov,2024,340693.6,0.6732594651171184,0.017685061536795756,0.12563612083588985,0.18341935251019598
Faxe,2008,268055.2,0.6164818500616055,0.019097715856316935,0.10577196474267841,0.2586484693393991
Faxe,2009,269447.2,0.5814584405257496,0.04153608681416343,0.11066934842602554,0.26633612423406144
Faxe,2010,285481.6,0.5732804849615295,0.038004196782466776,0.11298671018885521,0.2757286080671485
Faxe,2011,279392.8,0.5608468081129078,0.03729320497242733,0.11828208243761099,0.28357790447705394
Faxe,2012,280347.8,0.5508866251650631,0.04079418977551406,0.1245048104131296,0.28381437464629317
Faxe,2013,284133.2,0.5511501776697213,0.03773143818963905,0.13217692163830186,0.27894146250233776
Faxe,2014,288155.9,0.560196905766526,0.030192217533989686,0.13595874355368026,0.27365213314580406
Faxe,2015,291270.6,0.5617625023412625,0.029780857838546546,0.12905038396703503,0.27940625585315604
Faxe,2016,295633.5,0.5744820474360176,0.029108465360457487,0.12440236242617418,0.27200712477735073
Faxe,2017,299167.7,0.5825210717144607,0.029759382210293357,0.11927296699157132,0.2684465790836747
Faxe,2018,304180.0,0.5976687347245723,0.025897725136303815,0.11698627561571724,0.25944726452340666
Faxe,2019,311114.0,0.6024073637007317,0.02525371725277319,0.11824404059476044,0.25409487845173473
Faxe,2020,325505.1,0.600236518448439,0.0293282876064333,0.12100283822138126,0.24943235572374645
Faxe,2021,330941.4,0.6182262537011797,0.01781266155943037,0.12078770503360436,0.2431733797057856
Faxe,2022,310289.5,0.6243781094527363,0.01849244344316155,0.11813573641227823,0.2389937106918239
Faxe,2023,309032.3,0.6235780285090774,0.01801550819519896,0.11496494404977481,0.24344151924594884
Faxe,2024,310319.8,0.6221850768445002,0.020662116357895714,0.10851093467056692,0.2486418721270372
Fredensborg,2008,323559.6,0.6288155275381553,0.013603185136031851,0.11152123424021235,0.24606005308560053
Fredensborg,2009,316920.5,0.6049403046521202,0.025607245780156444,0.11613832853025936,0.253314121037464
Fredensborg,2010,345974.4,0.5926457325571862,0.026604902844961874,0.12244814298598015,0.25830122161187175
Fredensborg,2011,343818.1,0.5857983330609576,0.023328975322765157,0.12677725118483413,0.26409544043144306
Fredensborg,2012,344914.1,0.5744176542705354,0.029873314262362075,0.13293829178586022,0.2627707396812423
Fredensborg,2013,354864.9,0.573634543894767,0.027533804485477348,0.1325217533395972,0.2663098982801585
Fredensborg,2014,362105.9,0.5747617482747289,0.025345054222806442,0.13461222477817944,0.26528097272428525
Fredensborg,2015,375500.3,0.5829674426310993,0.022367658023361776,0.12840692568966947,0.26625797365586945
Fredensborg,2016,378213.7,0.5874886297858265,0.01997023071198214,0.13251467791284213,0.2600264615893492
Fredensborg,2017,378633.8,0.590453619392125,0.022285975635108726,0.13450584175294167,0.25275456321982454
Fredensborg,2018,386415.3,0.602892196129685,0.021248787891563724,0.1299380243686496,0.2459209916101016
Fredensborg,2019,396911.9,0.6162150629400469,0.01834862385321101,0.12818433966289738,0.23725197354384467
Fredensborg,2020,406617.6,0.6137568399452804,0.0253077975376197,0.13303693570451436,0.2278984268125855
Fredensborg,2021,426938.4,0.633147836590311,0.015961347655407444,0.13053794055476467,0.22035287519951685
Fredensborg,2022,381160.3,0.6460707858428314,0.012211843345616591,0.12593195646584968,0.21578541434570228
Fredensborg,2023,390057.0,0.6490874817924771,0.015294319252848942,0.12556764630280182,0.21005055265187217
Fredensborg,2024,401957.2,0.6560699807979518,0.017623213142735225,0.12080221890334969,0.20550458715596331
Fredericia,2008,266410.1,0.5984443204568578,0.018740359053464176,0.11145754701499885,0.2713577734746792
Fredericia,2009,270622.0,0.557674222524889,0.0431948633135519,0.1166780166682881,0.28245289749327107
Fredericia,2010,285253.8,0.5440690473898675,0.042224147335322613,0.12471524368723329,0.2889915615875766
Fredericia,2011,277147.3,0.5301555797426212,0.03931109546065689,0.13694858825789102,0.29358473653883094
Fredericia,2012,276420.1,0.5175811870100784,0.04520876659734443,0.14407294832826747,0.2931370980643097
Fredericia,2013,280650.4,0.5265557255802091,0.03567329762815608,0.14565799540933436,0.2921129813823004
Fredericia,2014,285284.0,0.5355075939248601,0.032965627498001596,0.14430055955235813,0.2872262190247802
Fredericia,2015,291239.0,0.5423195479064988,0.02848060621628564,0.1413755458515284,0.28782430002568715
Fredericia,2016,301314.6,0.5539837871007331,0.029583696670219293,0.13687304201789233,0.27955947421115523
Fredericia,2017,298954.1,0.5643525992896351,0.030577978689053924,0.13354859541491768,0.27152082660639326
Fredericia,2018,303118.1,0.5724698717118051,0.029642348062718673,0.13220811196060644,0.2656796682648698
Fredericia,2019,310494.0,0.5759610705596107,0.02880778588807786,0.13274939172749392,0.26248175182481753
Fredericia,2020,322506.4,0.5748735900427849,0.03199144301828082,0.13418903150525088,0.2589459354336834
Fredericia,2021,331178.2,0.5984739793922004,0.01803182470327377,0.12994000260858224,0.25355419329594364
Fredericia,2022,309869.3,0.6034788210661942,0.017941697535835077,0.12227411821549364,0.25630536318247704
Fredericia,2023,310308.3,0.6034350412588755,0.021237126591185315,0.11923495170472719,0.25609288044521206
Fredericia,2024,315741.3,0.6070982814350178,0.023138221269241848,0.11194674688770122,0.2578167504080392
Frederiksberg,2008,289940.7,0.5681428759720575,0.018913931725319626,0.16780347963621986,0.24513971266640305
Frederiksberg,2009,294697.3,0.5505302507660961,0.03287394310834443,0.1726804537213817,0.24391535240417783
Frederiksberg,2010,318669.4,0.5380508806262231,0.03821526418786693,0.18141682974559686,0.2423170254403131
Frederiksberg,2011,317671.5,0.5357082351491629,0.036070168953780284,0.18766652805372022,0.24055506784333658
Frederiksberg,2012,319518.4,0.5288553512594325,0.03927850234577836,0.19212607989311145,0.23974006650167773
Frederiksberg,2013,328061.3,0.5310687530207829,0.03701969550507492,0.19713629772837118,0.2347752537457709
Frederiksberg,2014,336489.9,0.5401317283670225,0.03341660988719812,0.19753198576727987,0.22891967597849952
Frederiksberg,2015,345971.0,0.5459271313624446,0.03129614561673146,0.19389446403278787,0.22888225898803605
Frederiksberg,2016,353643.6,0.5572228104674029,0.029632430797156255,0.18369384359400998,0.22945091514143096
Frederiksberg,2017,362596.7,0.5656195622309735,0.030878896113807737,0.1811215923314101,0.22237994932380864
Frederiksberg,2018,372249.9,0.5773084630800062,0.02905811623246493,0.18194851240943424,0.21168490827809466
Frederiksberg,2019,383190.5,0.5826505800176561,0.02759923800083634,0.1795809004599873,0.21016928152152028
Frederiksberg,2020,402694.9,0.5790342165073632,0.03722095955664871,0.1906659609576886,0.19307886297829946
Frederiksberg,2021,420807.2,0.5958612198509913,0.023740371258997348,0.1925116807677737,0.18788672812223767
Frederiksberg,2022,384198.3,0.6046569543020794,0.021697173452870127,0.18733657078819574,0.18630930145685468
Frederiksberg,2023,390387.4,0.6105084484221897,0.023223516703958027,0.18492400277756346,0.18134403209628885
Frederiksberg,2024,404647.2,0.6114155251141552,0.02482496194824962,0.1856925418569254,0.1780669710806697
Frederikshavn,2008,252758.7,0.5710191417753471,0.020719394194362643,0.11053849389987379,0.2977229701304165
Frederikshavn,2009,258510.5,0.5390167009718351,0.04515254943852427,0.11260780073473854,0.30322294885490214
Frederikshavn,2010,273064.8,0.5312129436875807,0.04166117684260455,0.11568157263696013,0.3114443068328546
Frederikshavn,2011,273004.1,0.5299070617205497,0.0381814811872799,0.11886038075568618,0.3130510763364842
Frederikshavn,2012,278055.4,0.528150778184148,0.03553218185215836,0.12077204410155103,0.31554499586214263
Frederikshavn,2013,279732.9,0.5279066648786376,0.03143355236690358,0.1212551964597023,0.3194045862947566
Frederikshavn,2014,280163.2,0.5300271739130434,0.03135869565217391,0.12160326086956522,0.3170108695652174
Frederikshavn,2015,284552.4,0.5317344494313958,0.030041027617919984,0.11672219621664785,0.3215023267340364
Frederikshavn,2016,288102.1,0.5391391335760135,0.029816322560924778,0.11418012059910523,0.3168644232639564
Frederikshavn,2017,292841.5,0.548990297833935,0.03409860108303249,0.11230821299638989,0.3046028880866426
Frederikshavn,2018,294641.1,0.5620735919614056,0.029887813650766464,0.10956010390796724,0.2984784904798607
Frederikshavn,2019,302944.1,0.5699260286638927,0.027941516412390198,0.10754738788719372,0.2945850670365234
Frederikshavn,2020,313404.4,0.559281296714248,0.03646276050063019,0.11334525309962776,0.29091068968549405
Frederikshavn,2021,320058.7,0.5824146355997855,0.024432393778678268,0.10744294142184614,0.28571002919969013
Frederikshavn,2022,301832.1,0.5809492556904627,0.026938337161779183,0.10479997613436354,0.2873124310133946
Frederikshavn,2023,301154.8,0.5807007988380537,0.029472282740256598,0.10463568143306705,0.2851912369886226
Frederikshavn,2024,306515.0,0.5877582249426166,0.02433052792654935,0.10313695485845448,0.2847742922723795
Frederikssund,2008,290176.5,0.6273061332727203,0.014660756904193658,0.10152668863886048,0.25650642118422545
Frederikssund,2009,287960.6,0.6068696565171742,0.0292110394480276,0.10180740962951852,0.2621118944052797
Frederikssund,2010,303775.6,0.5907567406524654,0.031729480113213165,0.11559660360494563,0.26191717562937583
Frederikssund,2011,301584.8,0.5843999849855486,0.029953830561915844,0.1209414061033745,0.26470477834916106
Frederikssund,2012,301453.8,0.5746711762495302,0.03596392333709132,0.12664411875234874,0.2627207816610297
Frederikssund,2013,308880.4,0.5802111908609222,0.0356619443087445,0.1265266243282853,0.25760024050204805
Frederikssund,2014,314465.3,0.5827280980481162,0.02897563927977001,0.12910425177787865,0.25919201089423516
Frederikssund,2015,320102.6,0.5877043273789206,0.02548640345886904,0.13057989153108052,0.2562293776311298
Frederikssund,2016,325866.8,0.6003805175038052,0.0258751902587519,0.1267123287671233,0.24703196347031964
Frederikssund,2017,328023.8,0.6071511046108845,0.024670926025710107,0.12847355861750442,0.23970441074590101
Frederikssund,2018,334691.5,0.6134473197781886,0.021642020948860134,0.12603974121996303,0.2388709180529883
Frederikssund,2019,339532.9,0.6185610898254577,0.020589032083284955,0.1239212043809745,0.2369286737102829
Frederikssund,2020,354770.9,0.6119173178336349,0.024442819200123176,0.1294507101889988,0.23418915277724317
Frederikssund,2021,362150.9,0.6288245077940664,0.013731481839631764,0.12648435384674891,0.23095965651955286
Frederikssund,2022,338674.1,0.6385565270747047,0.01503298051848443,0.11819297438257402,0.22821751802423684
Frederikssund,2023,338297.2,0.6411072345972473,0.01667752942529617,0.11655101023655254,0.22566422574090403
Frederikssund,2024,338752.4,0.6446427226865447,0.01675325653188766,0.11177622167005496,0.22682779911151268
Furesø,2008,342199.0,0.6438916876574308,0.011964735516372796,0.12369557394746311,0.22044800287873337
Furesø,2009,338620.3,0.6222566371681416,0.024469026548672567,0.12601769911504423,0.2272566371681416
Furesø,2010,373497.4,0.6112484548825711,0.028165283418682678,0.13535228677379482,0.22523397492495145
Furesø,2011,373406.2,0.6064985150050978,0.026463939004388492,0.13963384901813022,0.22740369697238352
Furesø,2012,379720.0,0.6000088916551816,0.029120170719779487,0.14506735428800072,0.22580358333703818
Furesø,2013,391016.4,0.6000619578686494,0.025579748628075764,0.14776951672862454,0.2265887767746504
Furesø,2014,401579.2,0.6019130741426431,0.026536189720532486,0.1474036850921273,0.22414705104469718
Furesø,2015,402560.2,0.6075020503302111,0.02158242327448526,0.14701946734579358,0.22389605904951007
Furesø,2016,412901.3,0.6174545454545455,0.020406417112299464,0.14305882352941177,0.21908021390374333
Furesø,2017,419718.4,0.6293170605037652,0.020903661386652818,0.1398338094001558,0.20994546870942613
Furesø,2018,426441.6,0.6399704501998957,0.018381713888406048,0.13527724665391969,0.20637058925777854
Furesø,2019,437168.2,0.6452454454541502,0.019087786425496762,0.13117961650506543,0.20448715161528763
Furesø,2020,448493.3,0.6482220370938747,0.02665848204498619,0.13574779672907442,0.1893716841320647
Furesø,2021,463840.4,0.6700791879949249,0.014131338320864505,0.13190707441921512,0.18388239926499542
Furesø,2022,426014.8,0.684645686333925,0.013116315311025497,0.12376087615254751,0.17847712220250206
Furesø,2023,437332.4,0.6828458296078682,0.016349469919529954,0.12479243837016221,0.17601226210243964
Furesø,2024,439658.2,0.6806925454006688,0.019133894932904374,0.12547093933878,0.17470262032764677
Gentofte,2008,425247.1,0.6403313702011192,0.011632169301825469,0.13137508858532293,0.21666137191173238
Gentofte,2009,413673.2,0.6156437569689924,0.021636497354748405,0.13430286351450738,0.2284168821617518
Gentofte,2010,481868.8,0.6123666185173104,0.02269232561390429,0.13778481897395276,0.2271562368948325
Gentofte,2011,496744.7,0.6023473747071524,0.02340484174743902,0.14123294593228902,0.23301483761311959
Gentofte,2012,503297.3,0.5976785632682905,0.02579628021752045,0.1481972307270484,0.2283279257871407
Gentofte,2013,521814.7,0.5948474056710094,0.023779470765901818,0.14916828201776136,0.2322048415453275
Gentofte,2014,541606.7,0.5902444494281229,0.022695671675263512,0.1521865889212828,0.2348732899753308
Gentofte,2015,606783.4,0.591561597205115,0.01941638859651087,0.15188229234317963,0.2371397218551945
Gentofte,2016,586386.1,0.592869025673306,0.02066004226428668,0.1467784721909986,0.23969245987140866
Gentofte,2017,591836.7,0.5990249433106576,0.02290249433106576,0.14439909297052153,0.2336734693877551
Gentofte,2018,597101.2,0.6107073419127859,0.02147949263957041,0.14424590315711508,0.22356726229052865
Gentofte,2019,644627.1,0.6173090875049732,0.021975707365021413,0.14273678298111353,0.21797842214889185
Gentofte,2020,643299.7,0.6107068485458247,0.02852195886660895,0.14647043683754885,0.21430075575001756
Gentofte,2021,720210.7,0.6279850479750482,0.01838051474964882,0.14099664293707292,0.21263779433823005
Gentofte,2022,651998.7,0.6376497217768556,0.015726681127982648,0.1403847967556352,0.20623880033952655
Gentofte,2023,721661.3,0.6386160661962917,0.017838306650101967,0.14343311221021543,0.2001125149433909
Gentofte,2024,691040.2,0.6404766902213205,0.01833065136780242,0.14296042351733948,0.19823223489353764
Gladsaxe,2008,289424.4,0.6094278743999371,0.01537210461425461,0.14970751029616222,0.22549251068964613
Gladsaxe,2009,287651.0,0.5878096796461535,0.0307826042492266,0.15220003579372587,0.22920768031089409
Gladsaxe,2010,307654.7,0.5726564061563062,0.03333000199880072,0.1620777533479912,0.23193583849690186
Gladsaxe,2011,308266.9,0.5641805178299982,0.030800667846196016,0.1673104238829774,0.23770839044082834
Gladsaxe,2012,306461.4,0.5571817980894379,0.03430662311829277,0.1707963949804769,0.23771518381179244
Gladsaxe,2013,313728.8,0.5584418746195983,0.034960438222763235,0.1716859403530128,0.23491174680462568
Gladsaxe,2014,320700.5,0.5606419490501281,0.032097452506404986,0.17269299560110213,0.23456760284236478
Gladsaxe,2015,326612.3,0.568564612900894,0.02643309799763861,0.1712006939591817,0.23380159514228574
Gladsaxe,2016,330865.1,0.5732301519059902,0.024720550300945828,0.16809974204643163,0.23394955574663226
Gladsaxe,2017,336245.5,0.5807529991938926,0.026388164445919675,0.16873725638958698,0.22412157997060078
Gladsaxe,2018,340543.1,0.588643548118746,0.025027927649561476,0.16944358614788582,0.2168849380838067
Gladsaxe,2019,348842.8,0.5958495647573703,0.022555667772808156,0.16556052517674216,0.2160342422930794
Gladsaxe,2020,367581.5,0.5949613802064535,0.031280829663851394,0.17170769267787964,0.20205009745181549
Gladsaxe,2021,376325.5,0.6153378115264797,0.013872663551401869,0.16878407320872274,0.20200545171339565
Gladsaxe,2022,349992.6,0.6223865497639465,0.01522304653627517,0.1648280181134984,0.19756238558627998
Gladsaxe,2023,357703.6,0.6211218312523648,0.018279417328793037,0.1653187665531593,0.19527998486568293
Gladsaxe,2024,364448.7,0.6213165704671325,0.021171686958147362,0.16264342298974133,0.19486831958497886
Glostrup,2008,281813.7,0.622113255298956,0.017953179373615943,0.11981967731730465,0.24011388801012337
Glostrup,2009,282392.2,0.5949697109117399,0.03995092400889502,0.12153975922091864,0.24353960585844645
Glostrup,2010,297649.4,0.5834594430992736,0.04290254237288135,0.12726997578692495,0.2463680387409201
Glostrup,2011,292588.7,0.5769027683487968,0.039677151693444976,0.13585275703401975,0.2475673229237384
Glostrup,2012,288413.7,0.5726616563732421,0.040404792023216014,0.1392960785772751,0.24763747302626685
Glostrup,2013,294200.8,0.5784486557955046,0.038269428529454974,0.1392684001762891,0.24401351549875128
Glostrup,2014,296607.2,0.577970929807903,0.03476736542254036,0.14352494339347016,0.2437367613760865
Glostrup,2015,303651.7,0.5848834644511433,0.035953238732446144,0.13587236232629954,0.24329093449011102
Glostrup,2016,306253.0,0.5920420087271652,0.033799275201538345,0.13135123141779453,0.24280748465350196
Glostrup,2017,310019.2,0.6013308687615527,0.03134935304990758,0.13012939001848428,0.23719038817005544
Glostrup,2018,314935.6,0.598796612687565,0.030158965978309315,0.13348685187936413,0.23755756945476156
Glostrup,2019,320442.4,0.6033592670690031,0.026903221115393006,0.13677015923798444,0.23296735257761944
Glostrup,2020,334753.8,0.6038998417038423,0.036911785868470284,0.13793351561375738,0.22125485681393006
Glostrup,2021,343464.5,0.6266082081506504,0.021490692158412997,0.13519729749155465,0.21670380219938187
Glostrup,2022,319129.2,0.6277523591649986,0.023663139834143553,0.1301830140120103,0.2184014869888476
Glostrup,2023,319203.6,0.6281457189705568,0.023739930134740145,0.1311755899336993,0.21693876096100378
Glostrup,2024,326801.1,0.6274361269884994,0.022725707595895598,0.13539012464706288,0.21444804076854213
Greve,2008,316616.9,0.6248511854144699,0.012551447328140413,0.10809891492907922,0.2544984523283105
Greve,2009,304483.2,0.6037487779388464,0.027576442032161277,0.10609176415062536,0.26258301587836697
Greve,2010,327047.0,0.5849969751966122,0.03297035692679976,0.1204207837601667,0.26161188411642133
Greve,2011,327744.7,0.5834999830525709,0.027353150527065044,0.1259871877436193,0.2631596786767447
Greve,2012,327135.9,0.5717687884870547,0.03007518796992481,0.13394345592488008,0.2642125676181404
Greve,2013,334525.2,0.5742719606705131,0.028848451742856166,0.1362534566931822,0.2606261308934485
Greve,2014,340816.4,0.5769349473612017,0.028737011762285245,0.13898700318919105,0.2553410376873221
Greve,2015,344305.4,0.5882009144978857,0.023240622958710076,0.1359026369168357,0.2526558256265686
Greve,2016,348877.3,0.6040723199778754,0.023369170670999414,0.1312614512393266,0.24129705811179866
Greve,2017,354219.1,0.611345932161945,0.023229818003982255,0.13141439899395677,0.23400985084011597
Greve,2018,359011.2,0.6208280523869878,0.020806928601605407,0.1327981974369807,0.22556682157442615
Greve,2019,363367.7,0.624080008451597,0.02310103179913371,0.13188012818255448,0.2209388315667148
Greve,2020,377951.7,0.6189010366910802,0.02933163499982309,0.13522980575310475,0.21653752255599193
Greve,2021,385083.2,0.641843337742662,0.01573057809874513,0.13195809946015516,0.21046798469843767
Greve,2022,355711.2,0.6508014796547472,0.017403558217368328,0.12862427338382948,0.20317068874405497
Greve,2023,360961.5,0.6563002868537046,0.01738613307213321,0.1266354159378717,0.1996781641362905
Greve,2024,364338.8,0.656359826980265,0.01980264936469316,0.12702757502027576,0.19680994863476614
Gribskov,2008,296861.4,0.6134354019977075,0.012608482069756018,0.10004912395611593,0.2739069919764205
Gribskov,2009,290406.1,0.590023540871824,0.02723435343777904,0.10301160808507184,0.2797304976053251
Gribskov,2010,312904.1,0.5768050395735745,0.03262800839928929,0.11052334033274108,0.28004361169439507
Gribskov,2011,307243.2,0.5705478892790071,0.029639911815138403,0.11529354127541439,0.2845186576304401
Gribskov,2012,312119.3,0.5622907992489182,0.031104579965711487,0.11809127275695976,0.2885133480284105
Gribskov,2013,313594.4,0.5677338910787547,0.028758748290563914,0.11688520633899123,0.28662215429169013
Gribskov,2014,322950.8,0.5756424398414839,0.022919475425910038,0.11905053723904073,0.28238754749356537
Gribskov,2015,326106.6,0.5830002884100367,0.023196407234971777,0.11783610069630424,0.2759672036586873
Gribskov,2016,330861.4,0.5923025658113962,0.022867377540819727,0.11625291569476841,0.26857714095301566
Gribskov,2017,334452.3,0.6000930114573204,0.023168308459814824,0.11355853380120914,0.2631801462816556
Gribskov,2018,339082.9,0.6123679596287901,0.018688791002010006,0.11559680109481248,0.25334644827438735
Gribskov,2019,343931.2,0.6091660535768382,0.02064309516596702,0.11905483186913057,0.25113601938806424
Gribskov,2020,362269.4,0.6106751073147466,0.023544205003685557,0.11663703767939991,0.24914365000216798
Gribskov,2021,370485.4,0.6280288146692862,0.013272211307574765,0.11355599214145383,0.24514298188168523
Gribskov,2022,344058.8,0.6332929152953404,0.011865581153646285,0.11319937640741383,0.2416421271435995
Gribskov,2023,344156.4,0.6361681077128232,0.014582526777648729,0.10809996988858778,0.24114939562094034
Gribskov,2024,346564.4,0.6389118247794533,0.014427882317152666,0.10368953978532007,0.24297075311807395
Guldborgsund,2008,247253.4,0.5459642136700636,0.018993476723166803,0.10838070786722905,0.3266616017395405
Guldborgsund,2009,250686.8,0.5237772447596204,0.030399415997497133,0.11083011784336219,0.33499322139952026
Guldborgsund,2010,263337.0,0.511441647597254,0.03393488662367381,0.11943519866860829,0.3351882671104639
Guldborgsund,2011,251651.9,0.49572649572649574,0.03152368893109634,0.12654320987654322,0.34620660546586474
Guldborgsund,2012,256861.4,0.48421779181820596,0.035121718123656054,0.13246967002044122,0.3481908200376968
Guldborgsund,2013,264442.4,0.4884272206685311,0.03329338127580237,0.1286189905446797,0.3496604075109868
Guldborgsund,2014,264953.6,0.48834943573922224,0.028794890530702822,0.12992882465968444,0.3529268490703905
Guldborgsund,2015,270206.8,0.49265490356996305,0.02798522773902339,0.1236766516208453,0.35568321707016826
Guldborgsund,2016,271559.1,0.5034268255759544,0.02636866587762517,0.11821860119457213,0.35198590735184826
Guldborgsund,2017,274023.6,0.5136377566656452,0.030479480678683866,0.11748808959964338,0.33839467305602766
Guldborgsund,2018,276808.4,0.5189213432752144,0.028031619666984357,0.12036777485003083,0.3326792622077704
Guldborgsund,2019,284340.8,0.5303548038043169,0.027336408679309757,0.11865709892362891,0.32365168859274446
Guldborgsund,2020,298674.1,0.5319810099266292,0.03012516184721623,0.12510430153934685,0.31278952668680765
Guldborgsund,2021,309181.5,0.5520818157979079,0.018589201946330236,0.12103376941231316,0.30829521284344863
Guldborgsund,2022,288147.4,0.5589782557867664,0.01788636895019874,0.11447860649988309,0.30865676876315173
Guldborgsund,2023,286761.3,0.5625407166123778,0.020165827657684335,0.11199289310038496,0.30530056262955285
Guldborgsund,2024,288186.7,0.5673438900507918,0.021691066626829996,0.10914251568568868,0.3018225276366896
Haderslev,2008,251877.5,0.605913063882208,0.01457734498738781,0.11629612248489471,0.2632134686455095
Haderslev,2009,260978.8,0.5664386552175812,0.034405472274778054,0.12169989812254403,0.2774559743850968
Haderslev,2010,272398.7,0.5491195551436515,0.03504402224281743,0.1325590824837813,0.28327734012974976
Haderslev,2011,266879.0,0.5432910508553473,0.0375887350168742,0.13516816013033864,0.2839520539974398
Haderslev,2012,265234.7,0.53286595787827,0.03916683565572583,0.1392566412700252,0.28871056519597904
Haderslev,2013,270064.4,0.534146622829786,0.032127819115187174,0.1406529388014074,0.29307261925361944
Haderslev,2014,273013.8,0.5438667986260698,0.02701286604180008,0.1382371776212377,0.29088315771089246
Haderslev,2015,277793.9,0.5476997720231485,0.02414216402642193,0.13389255860174198,0.2942655053486877
Haderslev,2016,280193.1,0.5587031420242057,0.022762743308106834,0.12962690303012456,0.28890721163756294
Haderslev,2017,287632.3,0.570857041251778,0.02382645803698435,0.12894144144144143,0.2763750592697961
Haderslev,2018,291654.4,0.5806162398015601,0.021547473177729298,0.1274020501479334,0.2704342368727773
Haderslev,2019,299830.0,0.5836902105072682,0.02240786537185596,0.1263043609385367,0.2675975631823391
Haderslev,2020,311166.6,0.5797751447013546,0.025697748416618687,0.13024637110215462,0.2642807357798721
Haderslev,2021,317978.1,0.6026561158140106,0.015028830818304502,0.12489265120844069,0.2574224021592443
Haderslev,2022,298175.8,0.6073670351204875,0.016105820753850395,0.11417985853822836,0.2623472855874338
Haderslev,2023,296493.8,0.6056772601049059,0.02054921320580068,0.11607528540573897,0.25769824128355445
Haderslev,2024,296827.2,0.6091337508526075,0.020524586097848328,0.11440441495628449,0.25593724809325974
Halsnæs,2008,273039.7,0.6050018389113645,0.018651815268218356,0.08416960016812904,0.29217674565228813
Halsnæs,2009,266818.8,0.5665057864964451,0.03596450256889304,0.09590534018371477,0.3016243707509471
Halsnæs,2010,281660.7,0.5488947559144794,0.04534865662369933,0.10389812082621525,0.30185846663560595
Halsnæs,2011,277439.0,0.5453979454186988,0.03927570820794853,0.1066203175262011,0.3087060288471516
Halsnæs,2012,278002.5,0.5375981451230437,0.04368446013595405,0.10823628603045793,0.31048110871054435
Halsnæs,2013,284002.8,0.5457536822312755,0.036770082523764756,0.10278909432779693,0.3146871409171629
Halsnæs,2014,288944.0,0.5525439847836424,0.030379880593860622,0.10323875944418028,0.31383737517831667
Halsnæs,2015,293520.7,0.5630759453447728,0.025897680330473467,0.10576210147230167,0.30526427285245206
Halsnæs,2016,297608.8,0.5717416871592003,0.026889767988880573,0.10515342670800813,0.29621511814391105
Halsnæs,2017,303436.7,0.5819676564443723,0.026123641083887716,0.10530585753691384,0.28660284493482613
Halsnæs,2018,307597.3,0.5950359242325277,0.023405181798388852,0.10358153712170695,0.27797735684737646
Halsnæs,2019,312270.8,0.5962763351298384,0.021558059774620286,0.10768141978333061,0.2744841853122108
Halsnæs,2020,326657.3,0.5953684441037994,0.026771050038322565,0.1047848461622687,0.2730756596956093
Halsnæs,2021,332927.9,0.609529600353767,0.018020009949698747,0.10419545630423968,0.2682549333922945
Halsnæs,2022,308893.9,0.621311293543377,0.014311071666296872,0.10245174173507876,0.2619258930552474
Halsnæs,2023,312271.3,0.6189599375069746,0.016181229773462782,0.09965405646691218,0.2652047762526504
Halsnæs,2024,316298.6,0.6250974279033515,0.017370003340385257,0.09631444159893107,0.26121812715733217
Hedensted,2008,269326.4,0.6721789883268483,0.010999700688416643,0.10131697096677642,0.2155043400179587
Hedensted,2009,274862.1,0.6214164012149048,0.03989184384028446,0.10619305133713608,0.23249870360767463
Hedensted,2010,289713.4,0.6268717267832117,0.02692336062550712,0.11182414988566793,0.23438076270561334
Hedensted,2011,284176.5,0.6170548901462267,0.02421191858329047,0.12036152546109193,0.23837166580939084
Hedensted,2012,287607.4,0.612335447911701,0.02541160940192879,0.1219610575336438,0.24029188515272634
Hedensted,2013,294655.2,0.6150751563471455,0.024393811944556195,0.12035987272793768,0.2401711589803606
Hedensted,2014,299972.8,0.6204115887032037,0.0187550171495293,0.12380500620302123,0.23702838794424577
Hedensted,2015,307714.1,0.6231810058718407,0.018381414347715088,0.12163098581275758,0.23680659396768663
Hedensted,2016,307768.8,0.6365096164373563,0.016495748330352906,0.11685704901280976,0.23013758621948105
Hedensted,2017,313704.9,0.6426060206548011,0.01940965355599502,0.11649454332381162,0.22148978246539222
Hedensted,2018,322698.9,0.6508851832806876,0.019980900609711305,0.11654301035774627,0.21259090575185485
Hedensted,2019,328400.5,0.6540655942871867,0.019656200537416717,0.11690654102403651,0.2093716641513601
Hedensted,2020,343367.6,0.6510296222882942,0.022537899643945234,0.12058143376280145,0.20585104430495907
Hedensted,2021,351152.9,0.6726604155175584,0.0126861555432984,0.11226328369185512,0.2023901452472881
Hedensted,2022,330673.8,0.6792569434346372,0.01286898356841646,0.10553293587320052,0.20234113712374582
Hedensted,2023,325179.9,0.675704989154013,0.0175704989154013,0.10488069414316703,0.20184381778741867
Hedensted,2024,328193.1,0.6799855881823095,0.016033147180688163,0.1001621329490182,0.20381913168798416
Helsingør,2008,292383.0,0.6009746693086274,0.017752905264285333,0.10662453810314358,0.2746478873239437
Helsingør,2009,286596.5,0.5736794797229419,0.03227938455030931,0.11206577486385026,0.28197536086289854
Helsingør,2010,309371.9,0.5704392247735411,0.03204655571940173,0.11889087844954709,0.27862334105751
Helsingør,2011,309328.6,0.5610792829421549,0.03207751405866357,0.12440267180610926,0.28244053119307233
Helsingør,2012,310560.7,0.5503679670807945,0.035055788557410775,0.1310437603861676,0.28353248397562714
Helsingør,2013,322638.9,0.5560376564636583,0.03205532765330809,0.1300620595350794,0.28184495634795415
Helsingør,2014,328107.8,0.5572795517022626,0.029816028758722773,0.13055085641784733,0.2823535631211673
Helsingør,2015,336785.5,0.5630872660861279,0.02731531722294275,0.1304359334056801,0.2791614832852492
Helsingør,2016,340154.3,0.5719009145934992,0.02650454630296243,0.1287363677572461,0.2728581713462923
Helsingør,2017,344301.6,0.5807940406466762,0.02890610239939543,0.12922728131494426,0.2610725756389841
Helsingør,2018,349922.9,0.5888215963716358,0.026588088319165693,0.12805192688954672,0.2565383884196518
Helsingør,2019,358350.1,0.5961059914134923,0.024775082720336898,0.12866088763706965,0.2504580382291012
Helsingør,2020,376187.8,0.5924764035135578,0.031234655464018768,0.1307490861476349,0.24553985487478858
Helsingør,2021,390272.1,0.6141322405582014,0.018385203234023702,0.12725661756562187,0.24022593864215305
Helsingør,2022,355765.5,0.6269511790102956,0.015913871360566812,0.11875899479685598,0.23837595483228163
Helsingør,2023,358509.3,0.630776442042572,0.018583875592809086,0.11379177236131024,0.2368479100033087
Helsingør,2024,365694.8,0.6358548028644333,0.018739539605454495,0.11079101160589348,0.23461464592421874
Herlev,2008,280652.7,0.5977733548948875,0.016544346311730313,0.13502923249160342,0.2506530663017788
Herlev,2009,280944.5,0.5802064659702046,0.03189713791185016,0.1366755269827533,0.2512208691351919
Herlev,2010,296087.9,0.5690163330467887,0.037087068647918456,0.14061156821810145,0.25328503008719144
Herlev,2011,293923.0,0.5628583759787903,0.035390591281829954,0.14661816388186694,0.2551328688575128
Herlev,2012,292509.4,0.5576048198696668,0.04266568301979589,0.1494528464281323,0.250276650682405
Herlev,2013,297064.5,0.5564700228283072,0.04211221915174817,0.15505226480836237,0.24636549321158235
Herlev,2014,299841.2,0.5644552000944398,0.03429347184511864,0.1548813599338921,0.2463699681265494
Herlev,2015,305299.7,0.5732378528732911,0.029768597975972064,0.14890217198319228,0.24809137716754454
Herlev,2016,310884.9,0.5763868288341738,0.02800355977454761,0.1470780183921685,0.24853159299911007
Herlev,2017,311702.4,0.584564078132444,0.028465936160076227,0.1448308718437351,0.24213911386374465
Herlev,2018,319731.8,0.5887212643678161,0.023227969348659006,0.14727011494252873,0.24078065134099616
Herlev,2019,324709.4,0.5948036610569826,0.02037201062887511,0.1493947446117508,0.2354295837023915
Herlev,2020,344531.8,0.59301160803724,0.031995757468622946,0.15119910435448708,0.22379353013965
Herlev,2021,348955.4,0.6068563959360703,0.015922999227615708,0.1545362723545838,0.22268433248173014
Herlev,2022,323203.4,0.6134513694967619,0.014497058998276989,0.1486542689085616,0.2233973025963995
Herlev,2023,329541.6,0.618986753427841,0.01690680920288171,0.14844294678131537,0.2156634905879619
Herlev,2024,340524.7,0.6202990737640889,0.021202990737640887,0.14524048655284008,0.2132574489454302
Herning,2008,261779.9,0.6218167119015996,0.012627283401666956,0.12729302612076765,0.23826297857596582
Herning,2009,265549.5,0.5806427004863164,0.03520549251454182,0.13418518165347573,0.24996662534566605
Herning,2010,284683.4,0.5705587595726577,0.035435378651791624,0.14208187576817624,0.2519239860073745
Herning,2011,289345.7,0.5649919206343241,0.029950020668144752,0.14755176430799294,0.25750629438953815
Herning,2012,283836.2,0.5570931667726372,0.032800987395743726,0.1535325578785952,0.2565732879530239
Herning,2013,288575.2,0.5569190842524794,0.028343683381221615,0.1548058207433497,0.2599314116229493
Herning,2014,293652.8,0.5672663350413285,0.02219770355686876,0.15248531996858286,0.2580506414332199
Herning,2015,297004.4,0.5713407019440457,0.02247861176865296,0.1501183575329444,0.25606232875435686
Herning,2016,302842.5,0.5803242241778601,0.02099119962945808,0.14675312644742936,0.25193144974525244
Herning,2017,310403.6,0.5917655398850832,0.02552048354600403,0.14398179240355197,0.2387321841653608
Herning,2018,315068.9,0.6025840568567518,0.023646558028765915,0.14176683481163388,0.23200255030284847
Herning,2019,322564.2,0.6057880108173077,0.023381159855769232,0.14210862379807693,0.22872220552884615
Herning,2020,338280.2,0.604318442800399,0.026053726398222926,0.14683458519229683,0.22279324560908115
Herning,2021,345685.1,0.6306916235231648,0.011473326885513266,0.14054351330336992,0.21729153628795206
Herning,2022,324480.6,0.6375320851577835,0.01400422769137853,0.13311565755699833,0.21534802959383964
Herning,2023,320660.0,0.6381145367775168,0.016987349443223998,0.1285129914400424,0.21638512233921672
Herning,2024,322954.2,0.6408661686070765,0.01573817740528651,0.12584853426371875,0.21754711972391824
Hillerød,2008,307109.0,0.6518099871226213,0.011339247388753755,0.12072542566890829,0.2161253398197167
Hillerød,2009,302928.4,0.6273062730627307,0.02713055701985591,0.12458267439817255,0.2209804955192409
Hillerød,2010,328401.4,0.6170802717315957,0.031332316650492166,0.1335436018300291,0.218043809787883
Hillerød,2011,324756.2,0.6081531639913381,0.02553878939951191,0.145533289794796,0.22077475681435396
Hillerød,2012,327597.2,0.6006234371253383,0.027232555749666015,0.14979618401671635,0.22234782310827939
Hillerød,2013,333370.0,0.6026811471237061,0.025861191243848634,0.15078907178007805,0.2206685898523672
Hillerød,2014,339870.8,0.6033004859611231,0.02267818574514039,0.15047921166306696,0.22354211663066956
Hillerød,2015,351331.7,0.6100966702470462,0.02101235230934479,0.14752282491944146,0.22136815252416756
Hillerød,2016,353471.7,0.6161272004542874,0.02298159468216588,0.14600661388916725,0.21488459097437954
Hillerød,2017,356436.9,0.6204579642319906,0.02303192378405482,0.1432391776700652,0.21327093431388935
Hillerød,2018,361429.7,0.629510586831903,0.019980781338016503,0.14195301368501276,0.20855561814506776
Hillerød,2019,368854.7,0.634821840216031,0.01725614173746954,0.1463478890864783,0.20157412896002108
Hillerød,2020,383521.7,0.6321464970246902,0.024196995101423546,0.150014794358418,0.19364171351546833
Hillerød,2021,393072.7,0.6459821141349804,0.0156018786592035,0.14807308756353343,0.1903429196422827
Hillerød,2022,362903.9,0.6567038057085628,0.014208813219829745,0.14218202303455182,0.18690535803705557
Hillerød,2023,365438.6,0.6635485070003717,0.01489902118696568,0.13988353363895428,0.18166893817370833
Hillerød,2024,378357.7,0.6694123432505532,0.016904352102286697,0.13102409638554216,0.1826592082616179
Hjørring,2008,246285.8,0.5786736020806242,0.019990310818735816,0.12404701802697672,0.2772890690736633
Hjørring,2009,249926.4,0.54624190390119,0.04358086057137119,0.12961289350805844,0.2805643420193804
Hjørring,2010,265558.9,0.5367573011077543,0.04063444108761329,0.13617824773413897,0.28643001007049346
Hjørring,2011,269701.8,0.5355600999772779,0.037945921381504204,0.13830190108308718,0.28819207755813075
Hjørring,2012,271220.8,0.5314284257748777,0.036143964110929856,0.14008972267536704,0.29233788743882544
Hjørring,2013,276784.9,0.5322518937944755,0.03234116356773025,0.13931185757645317,0.2960950850613411
Hjørring,2014,279110.2,0.5327419106712477,0.0291523511614789,0.13824932054766423,0.29985641761960924
Hjørring,2015,282557.2,0.5345760517799353,0.030498381877022654,0.13361812297734627,0.3013074433656958
Hjørring,2016,286633.6,0.5486751076882913,0.029160683983814124,0.13021798720793631,0.2919462211199582
Hjørring,2017,296715.1,0.5551489944192903,0.03382647151732126,0.1264873117826682,0.2845372222807202
Hjørring,2018,298857.1,0.5707521934517441,0.027498395035309223,0.12441151294671517,0.27733789856623153
Hjørring,2019,304764.5,0.5749188311688311,0.029491341991341992,0.12472943722943723,0.2708603896103896
Hjørring,2020,318162.2,0.5670992137979814,0.034358932506324984,0.12946489295138605,0.26907696074430754
Hjørring,2021,324197.4,0.5845272998838302,0.020412679094982573,0.12518670133318582,0.2698733196880013
Hjørring,2022,302684.1,0.5925710969239698,0.019511925489870935,0.11975236989746565,0.2681646076886936
Hjørring,2023,301392.1,0.5945351846183812,0.020367845516013245,0.11909068143242717,0.2660062884331784
Hjørring,2024,302911.5,0.6037529451363177,0.017558622237181645,0.11457982721866936,0.26410860540783127
Holbæk,2008,268991.2,0.6038424359594007,0.018970517158047366,0.11776220396326728,0.2594248429192847
Holbæk,2009,273469.8,0.5780655893536122,0.03488593155893536,0.11991444866920152,0.26713403041825096
Holbæk,2010,289942.9,0.5670953937313362,0.03263655388088128,0.12805379858449528,0.2722142538032872
Holbæk,2011,283988.3,0.5576841209025117,0.028191665484130362,0.13483278936663357,0.2792914242467244
Holbæk,2012,286193.3,0.5517748671222475,0.031202543659832955,0.12917615793470008,0.28784643128321946
Holbæk,2013,291853.5,0.5548525697018343,0.02910833589083784,0.1333128732972922,0.28272622111003565
Holbæk,2014,296431.7,0.5569734990339432,0.02363857548362474,0.13536722085728597,0.2840207046251461
Holbæk,2015,303217.2,0.5574015617212161,0.024256521016780195,0.1312510383784682,0.28709087888353546
Holbæk,2016,305291.2,0.5668411206100362,0.023018447912473063,0.1307220498733038,0.2794183816041869
Holbæk,2017,310392.4,0.5682076275196366,0.026876123781584178,0.1322750070975679,0.27264124160121134
Holbæk,2018,314790.2,0.5829579311166726,0.021284709808127755,0.12992491955666785,0.26583243951853175
Holbæk,2019,321610.8,0.5904507001863978,0.01990632318501171,0.1287817234622186,0.26086125316637193
Holbæk,2020,336202.4,0.5899284009546539,0.025250596658711218,0.1343436754176611,0.25047732696897373
Holbæk,2021,346535.4,0.6110176519369743,0.014405876081033053,0.13183272124155906,0.2427437507404336
Holbæk,2022,323450.1,0.6204412426834759,0.014360529870376075,0.1266380719922273,0.2385601554539207
Holbæk,2023,323649.0,0.6242204598404443,0.015343703668839574,0.12743275363000964,0.23300308286070648
Holbæk,2024,327506.6,0.6277272834026163,0.0156884849338876,0.12153878672585078,0.23504544493764531
Holstebro,2008,261502.3,0.6237778420595892,0.01443448076366792,0.1301995950245878,0.23158808215215504
Holstebro,2009,263378.6,0.5904070684758599,0.03238761869244671,0.13655010183883645,0.24065521099285694
Holstebro,2010,282475.3,0.582361536918713,0.03140311165869173,0.14059769061058422,0.2456376608120111
Holstebro,2011,283645.6,0.5762862891635527,0.02802529462489221,0.143575740155217,0.252112676056338
Holstebro,2012,286234.6,0.564740579544153,0.029263543694880313,0.1487515748482419,0.2572443019127248
Holstebro,2013,294651.5,0.5714489976836626,0.023592324630386914,0.14838857273585176,0.25657010495009863
Holstebro,2014,292785.3,0.578595126415742,0.01901956297906418,0.14632193112916142,0.25606337947603247
Holstebro,2015,297164.9,0.578323284524835,0.019724375538329026,0.14257823715188056,0.2593741027849555
Holstebro,2016,297205.5,0.5866566846151631,0.021998905813585188,0.14198508451150335,0.24935932505974834
Holstebro,2017,304618.3,0.5969280424195268,0.019653612287830323,0.14428978991959887,0.239128555373044
Holstebro,2018,307229.9,0.6080134329222396,0.01739910833188582,0.14052457877366684,0.23406287997220776
Holstebro,2019,315326.1,0.6108236935418241,0.018310759751206183,0.14110910887635877,0.22975643783061095
Holstebro,2020,328647.4,0.6151940785639352,0.020515211563119244,0.14075067024128687,0.2235400396316587
Holstebro,2021,343892.1,0.6286224459926234,0.009718400562027983,0.14059481295006146,0.22106434049528717
Holstebro,2022,317852.6,0.6269949707840344,0.01203523358237158,0.13834704497223757,0.22262275066135642
Holstebro,2023,314262.1,0.6348686135658688,0.012699713232281851,0.1364195002048341,0.21601217299701528
Holstebro,2024,317795.8,0.6354001990748873,0.012881316236313601,0.13408279173253704,0.2176356929562621
Horsens,2008,257656.6,0.6146559923906151,0.016169942929613188,0.11915424857324033,0.2500198161065314
Horsens,2009,267039.1,0.575903567457918,0.04019973083149662,0.12438315551307808,0.25951354619750727
Horsens,2010,281419.7,0.5620577914980922,0.040745498820777326,0.13671313251394934,0.2604835771671812
Horsens,2011,280775.7,0.5591514666361713,0.03264909371605009,0.14300417405226143,0.2651952655955172
Horsens,2012,281821.9,0.5516839791874073,0.034618780171685105,0.1470593759978962,0.2666378646430114
Horsens,2013,287600.8,0.5478475965443402,0.032341430997563314,0.1495237392010633,0.27028723325703313
Horsens,2014,292785.5,0.5541568656277566,0.025856365774772124,0.15034181123199059,0.2696449573654807
Horsens,2015,296383.8,0.5546763641679763,0.0254376667519462,0.15304630678703263,0.26683966229304484
Horsens,2016,301691.5,0.564271264284022,0.023820372159142685,0.14897300843828026,0.2629353551185551
Horsens,2017,307857.2,0.5729725808791528,0.024680835630349632,0.14757725228492674,0.2547693312055709
Horsens,2018,314678.7,0.5867309924550204,0.022544254207777132,0.14297373766686014,0.24775101567034244
Horsens,2019,322439.5,0.5911440044658132,0.026002557038157494,0.13701762915743793,0.24583580933859148
Horsens,2020,335185.2,0.5934275682002341,0.028504546682272442,0.14137030701359504,0.23669757810389844
Horsens,2021,342369.0,0.617034476646282,0.015350527342018966,0.13822564920677125,0.22938934680492776
Horsens,2022,317332.4,0.6261546193438816,0.01741677209157236,0.13054780514011402,0.225880803424432
Horsens,2023,313351.6,0.6311559859880487,0.01950683426059482,0.12732673947386497,0.2220104402774916
Horsens,2024,318154.7,0.6390283041414866,0.019580729966881764,0.12168390863464099,0.2197070572569907
Hvidovre,2008,273057.9,0.6041983058283554,0.01565927575849617,0.12868279842057304,0.2514596199925753
Hvidovre,2009,271101.5,0.5778619109295606,0.032214141011590446,0.13397097406263492,0.25595297399621403
Hvidovre,2010,286580.5,0.5643363728470111,0.03513416348007975,0.14285714285714285,0.25767232081576624
Hvidovre,2011,284242.8,0.5588445309964297,0.034079844206426485,0.14722492697176243,0.2598506978253814
Hvidovre,2012,283127.0,0.5519717817534717,0.03613079538593537,0.15323016301757286,0.25866725984302014
Hvidovre,2013,286724.1,0.5567065491183879,0.0348551637279597,0.15188916876574307,0.25654911838790934
Hvidovre,2014,292944.7,0.5599548221120663,0.03080880968814708,0.15558135157181402,0.25365501662797263
Hvidovre,2015,296664.3,0.5616219767842058,0.02822189543506148,0.15894371264979193,0.25121241513094084
Hvidovre,2016,302120.3,0.5671632389531038,0.027022770936348462,0.157821800888161,0.2479921892223867
Hvidovre,2017,304776.0,0.5725227078520113,0.02785074532392316,0.15628065955628698,0.2433458872677786
Hvidovre,2018,311413.3,0.5805017465862179,0.025563671006668783,0.15477929501429025,0.23915528739282313
Hvidovre,2019,318324.4,0.5882615915187125,0.025450249073955804,0.15100906884659598,0.23527909056073573
Hvidovre,2020,331280.0,0.5777536763533127,0.03534403011260327,0.15965421544546876,0.22724807808861527
Hvidovre,2021,339941.3,0.5976260551764287,0.022704485914809665,0.15579417186843042,0.2238752870403312
Hvidovre,2022,318444.9,0.6049825513765025,0.019613545301796563,0.15380638490370946,0.22159751841799147
Hvidovre,2023,322050.1,0.6091994721086683,0.02005343290308044,0.15344255962918854,0.21730453535906266
Hvidovre,2024,333460.5,0.613841653540776,0.019415603201645825,0.14828506220064933,0.21845768105692887
Høje-Taastrup,2008,277915.5,0.5998714392042763,0.02344542932539414,0.11699032410853237,0.2596928073617971
Høje-Taastrup,2009,276160.6,0.5680583785945154,0.04358401919296258,0.1208556862483756,0.26750191596414646
Høje-Taastrup,2010,287721.6,0.5546336099170249,0.04835216101836116,0.12589556466393415,0.2711186644006798
Høje-Taastrup,2011,285104.6,0.5451432750482016,0.047869157635795495,0.13370121667442325,0.2732863506415797
Høje-Taastrup,2012,282311.8,0.5365918448665161,0.05223137202815779,0.13972639128702352,0.27145039181830255
Høje-Taastrup,2013,285810.0,0.5407168269864278,0.050270127816576624,0.13974173145341942,0.2692713137435762
Høje-Taastrup,2014,289484.1,0.5473854056902002,0.045442571127502634,0.1404768177028451,0.2666952054794521
Høje-Taastrup,2015,292979.0,0.5527783244768091,0.04329856327494588,0.14094994423669882,0.2629731680115463
Høje-Taastrup,2016,297221.7,0.5622952967378488,0.034946940914450414,0.14325953098388575,0.259498231363815
Høje-Taastrup,2017,301450.2,0.5717603192254858,0.03365604762216262,0.1406423758749264,0.2539412572774253
Høje-Taastrup,2018,304724.5,0.5792786885245902,0.032,0.14104918032786884,0.247672131147541
Høje-Taastrup,2019,310570.4,0.5848735089788963,0.03319570061607026,0.1397955171057806,0.24213527329925286
Høje-Taastrup,2020,320975.3,0.5832025630966392,0.04299071531319472,0.14345494965345887,0.2303517719367072
Høje-Taastrup,2021,327950.6,0.6061640557700284,0.029193121271097213,0.14213700028714546,0.22250582267172894
Høje-Taastrup,2022,303555.6,0.6141277641277642,0.02450859950859951,0.14001842751842752,0.22134520884520884
Høje-Taastrup,2023,305263.7,0.6163887509856029,0.027742896358379815,0.13810121776713488,0.21776713488888239
Høje-Taastrup,2024,311799.3,0.6174052142676733,0.028540959223191983,0.13451014509022535,0.21954368141890943
Hørsholm,2008,402070.5,0.6420664206642066,0.009012205506670451,0.11290093670167471,0.2360204371274482
Hørsholm,2009,384835.7,0.6208841570894733,0.01974194458154128,0.11422125079320312,0.24515264753578228
Hørsholm,2010,457944.1,0.6190207819654808,0.019936597393448396,0.11567453328636844,0.24536808735470236
Hørsholm,2011,463402.7,0.6098939929328622,0.01773851590106007,0.12367491166077739,0.24869257950530035
Hørsholm,2012,467216.4,0.6018642751218134,0.021679259939269824,0.12866322999788152,0.24779323494103525
Hørsholm,2013,483190.7,0.5990949586367814,0.01788870819486672,0.13370572014424098,0.24931061302411087
Hørsholm,2014,489188.6,0.5992649657219592,0.018375856951021275,0.13343699201356987,0.2489221853134497
Hørsholm,2015,508518.6,0.6071225879682179,0.016103859250851307,0.13209421112372305,0.24467934165720773
Hørsholm,2016,512523.3,0.608248904217863,0.014945749802399943,0.13400876625709565,0.24279657972264138
Hørsholm,2017,533222.6,0.6159293327493065,0.020951963790334354,0.1305300043802015,0.2325886990801577
Hørsholm,2018,524363.2,0.6270651295983553,0.020339231955356488,0.1276158308245833,0.22497980762170497
Hørsholm,2019,540904.8,0.6363978332831779,0.018055973517905506,0.13030394222088473,0.2152422509780319
Hørsholm,2020,580678.6,0.634240072338181,0.02803104513601085,0.1336749302991485,0.20405395222665965
Hørsholm,2021,589462.3,0.651704327843738,0.017311374952125622,0.128686327077748,0.20229797012638837
Hørsholm,2022,541817.6,0.655140758873929,0.014687882496940025,0.12828947368421054,0.20188188494492043
Hørsholm,2023,537707.2,0.6629770992366413,0.016106870229007635,0.12580152671755726,0.1951145038167939
Hørsholm,2024,546494.9,0.6712740384615384,0.016451322115384616,0.12169471153846154,0.1905799278846154
Ikast-Brande,2008,258003.6,0.6350536746490504,0.018166804293971925,0.1078860445912469,0.2388934764657308
Ikast-Brande,2009,257314.8,0.5916527273469054,0.04349067765493044,0.11146016074415568,0.25339643425400843
Ikast-Brande,2010,275215.2,0.579850293344123,0.04216063119563018,0.123609144244386,0.25437993121586083
Ikast-Brande,2011,277776.6,0.5771196754563894,0.03565922920892495,0.12884381338742393,0.25837728194726167
Ikast-Brande,2012,276633.9,0.5700907943487643,0.03432270673018199,0.13370791091567932,0.2618785880053744
Ikast-Brande,2013,285194.6,0.5627073387814548,0.03742212153086819,0.13382959786390486,0.26604094182377214
Ikast-Brande,2014,284564.3,0.5705397543632837,0.027351325145442792,0.13425177763413057,0.26785714285714285
Ikast-Brande,2015,291797.7,0.5757366949049492,0.025536054476916217,0.13023387783227272,0.26849337278586194
Ikast-Brande,2016,297157.7,0.5846066550480282,0.02500709277347708,0.12685931990434887,0.2635269322741458
Ikast-Brande,2017,302553.5,0.594147375285295,0.027306814476687317,0.12243234431040104,0.2561134659276166
Ikast-Brande,2018,305237.7,0.5989843558030961,0.023097714800556966,0.12412974035547547,0.25378818904087147
Ikast-Brande,2019,321185.3,0.6054463807522762,0.022535327318419642,0.12219338359494088,0.24982490833436327
Ikast-Brande,2020,344539.3,0.5984672742336371,0.028293289146644574,0.1251449875724938,0.24809444904722452
Ikast-Brande,2021,333753.7,0.6206413898151579,0.013214770902803508,0.12123831871886707,0.24490552056317155
Ikast-Brande,2022,314905.9,0.6254315071274824,0.014864151403159647,0.11253705884741907,0.24716728262193885
Ikast-Brande,2023,307726.9,0.6209134518482686,0.017575684282662152,0.116378441568912,0.24513242230015722
Ikast-Brande,2024,315150.1,0.6227112110504337,0.019314166398972054,0.1121506585287504,0.2458239640218439
Ishøj,2008,255199.3,0.5614413075780089,0.029049034175334325,0.12949479940564637,0.2800148588410104
Ishøj,2009,251825.7,0.5279929187873423,0.05259275650955226,0.1301172825846426,0.2892970421184628
Ishøj,2010,263194.2,0.5131801160143916,0.05653865922608121,0.13716131874586973,0.2931199060136574
Ishøj,2011,259856.9,0.5052754129374954,0.0550098231827112,0.14691115476970093,0.2928036091100924
Ishøj,2012,258566.1,0.49050263004091177,0.06954997077732321,0.15013150204558737,0.28981589713617767
Ishøj,2013,260909.2,0.49229003801190563,0.06598293050276124,0.15147385784981712,0.290253173635516
Ishøj,2014,262005.7,0.4966228226093139,0.060220405261286886,0.14688944187699965,0.2962673302523996
Ishøj,2015,265700.6,0.5059611992945326,0.055097001763668434,0.1487125220458554,0.2902292768959436
Ishøj,2016,268701.1,0.5213928244167195,0.04299711003030944,0.14520335518432367,0.29040671036864735
Ishøj,2017,271292.0,0.5326186614006629,0.047605613936102686,0.14627265674589182,0.2735030679173425
Ishøj,2018,275168.5,0.5480406798947444,0.044235829599601734,0.14003271460066852,0.2676907759049854
Ishøj,2019,279370.0,0.5518499964216703,0.0397910255492736,0.14349101839261433,0.2648679596364417
Ishøj,2020,291443.7,0.5427310894470931,0.052515477122322636,0.14964776204369173,0.2551056713868925
Ishøj,2021,298899.1,0.5671428571428572,0.035,0.15014285714285713,0.24771428571428572
Ishøj,2022,280003.3,0.5762628046626633,0.03143765453903214,0.1454609678558813,0.24683857294242317
Ishøj,2023,282937.7,0.576090787340523,0.03341086910551914,0.1453443293155706,0.24515401423838726
Ishøj,2024,287545.6,0.5768516608211265,0.03651743346399835,0.14159961488205763,0.24503129083281755
Jammerbugt,2008,247403.9,0.5985532661113546,0.020517316966242875,0.10412099956159579,0.2768084173608067
Jammerbugt,2009,254851.5,0.5566720083156481,0.04227121139936767,0.10784356186928841,0.2932132184156958
Jammerbugt,2010,270346.2,0.5527723418134377,0.037573385518591,0.11693846488367036,0.29271580778430095
Jammerbugt,2011,272563.8,0.5450026164311879,0.036019536019536016,0.119570905285191,0.2994069422640851
Jammerbugt,2012,274607.4,0.5368444055944056,0.0409527972027972,0.1229458041958042,0.299256993006993
Jammerbugt,2013,281048.7,0.5388131868131868,0.03503296703296703,0.12404395604395604,0.3021098901098901
Jammerbugt,2014,280881.6,0.5389805097451275,0.029985007496251874,0.1228062439368551,0.3082282388217656
Jammerbugt,2015,283637.4,0.5440960640426952,0.027974205025572605,0.1193684678674672,0.30856126306426507
Jammerbugt,2016,284817.8,0.555186796430013,0.02273848499798179,0.11615912454590303,0.3059155940261022
Jammerbugt,2017,289275.8,0.562917215385314,0.02629308387448345,0.11620725670950456,0.29458244403069794
Jammerbugt,2018,294715.3,0.5800423455767283,0.024118567614839364,0.11497744637761208,0.28086164043082024
Jammerbugt,2019,302405.9,0.5831517455607585,0.026287727757429644,0.11442347813992304,0.2761370485418888
Jammerbugt,2020,317336.1,0.5764662039409326,0.03186285927237155,0.12144221363022313,0.2702287231564727
Jammerbugt,2021,328481.6,0.6025372992492635,0.018530837213722322,0.11584149006937185,0.2630903734676423
Jammerbugt,2022,304298.2,0.6050967437470505,0.017885795186408683,0.11571495988673902,0.2613025011798018
Jammerbugt,2023,298693.9,0.6083578129441864,0.021131431820335448,0.11532265706434189,0.2551880981711362
Jammerbugt,2024,301896.8,0.6100334448160535,0.021739130434782608,0.11409460105112279,0.2541328236980411
Kalundborg,2008,252486.0,0.5815148056133754,0.015477069764318807,0.10243067212784529,0.3005774524944605
Kalundborg,2009,263000.5,0.5493827160493827,0.035001668335001665,0.10613947280613947,0.30947614280947616
Kalundborg,2010,279051.6,0.5338666666666667,0.0356,0.11586666666666667,0.31466666666666665
Kalundborg,2011,274432.9,0.526510813177929,0.032506905612073034,0.11843966853062049,0.3225426126793775
Kalundborg,2012,276139.3,0.5132154853594816,0.03803481152241034,0.12065280086859159,0.3280969022495165
Kalundborg,2013,282345.3,0.5195976180062578,0.03391313124516368,0.12068095414325607,0.32580829660532246
Kalundborg,2014,286310.3,0.5232909860859044,0.026954359077771058,0.12176514082140216,0.3279895140149224
Kalundborg,2015,294416.0,0.5309833024118739,0.023073030865238656,0.12059369202226346,0.32534997470062405
Kalundborg,2016,296762.2,0.5416936887735946,0.026453220466259343,0.11581390586066832,0.31603918489947774
Kalundborg,2017,298756.9,0.5452834063526835,0.029230558598028478,0.11897590361445783,0.30651013143483025
Kalundborg,2018,303720.7,0.5509118541033434,0.02607764575849682,0.12113152804642166,0.30187897209173803
Kalundborg,2019,310915.8,0.555364897044404,0.022867348368118785,0.12130550497268525,0.300462249614792
Kalundborg,2020,322515.6,0.5525888826185101,0.026312076749435667,0.1268693566591422,0.29422968397291194
Kalundborg,2021,333203.0,0.5706783990916833,0.01642776043145047,0.12478711325574794,0.28810672722111835
Kalundborg,2022,316394.0,0.5758259581820105,0.015161665667642184,0.12062339127675328,0.28838898487359405
Kalundborg,2023,321624.9,0.5819223019548234,0.01410442221358125,0.12032945667927462,0.2836438191523207
Kalundborg,2024,323758.1,0.59348095659876,0.014100974313551815,0.11057573073516386,0.28184233835252437
Kerteminde,2008,258859.5,0.587435002493055,0.01916090889664506,0.10969442267967804,0.28370966593062186
Kerteminde,2009,266717.2,0.552073797619886,0.04246179846489684,0.11140060559115555,0.2940637983240617
Kerteminde,2010,280515.6,0.5366538056822168,0.0474219572079972,0.11694142406173273,0.2989828130480533
Kerteminde,2011,279879.4,0.5189563514269726,0.05456071628427532,0.12248181309457191,0.3040011191941802
Kerteminde,2012,277143.9,0.5083473625140292,0.05134680134680135,0.12794612794612795,0.31235970819304154
Kerteminde,2013,283338.2,0.5189071192169565,0.03654672206182663,0.1318921202732202,0.3126540384479966
Kerteminde,2014,290914.5,0.5300767918088737,0.030503412969283276,0.12514220705346984,0.31427758816837315
Kerteminde,2015,295509.2,0.5296695402298851,0.029525862068965517,0.12622126436781608,0.3145833333333333
Kerteminde,2016,300937.5,0.5400305966343703,0.030086690464048955,0.12049246011510162,0.3093902527864792
Kerteminde,2017,302613.2,0.5573032048441885,0.03204844188450746,0.11748633879781421,0.2931620144734899
Kerteminde,2018,307703.3,0.5624025540129185,0.027915955156284804,0.11871705397579627,0.2909644368550004
Kerteminde,2019,314937.0,0.568037145210814,0.027184902269153,0.12042237699393395,0.284355575526099
Kerteminde,2020,326189.9,0.5738687443811807,0.03056637698531615,0.12458795325142344,0.27097692538207974
Kerteminde,2021,345927.0,0.5984002414729852,0.01509206157561123,0.12035919106549954,0.266148505885904
Kerteminde,2022,316176.0,0.6063829787234043,0.01765504753282028,0.11324883054172326,0.2627131432020522
Kerteminde,2023,318520.1,0.6087845513063234,0.02059825823551685,0.11306323362362741,0.25755395683453236
Kerteminde,2024,318930.6,0.6147733292969045,0.019601907212593656,0.11027018845076818,0.2553545750397336
Kolding,2008,273249.2,0.6286599507174953,0.013317147412668503,0.12373170024641253,0.23429120162342368
Kolding,2009,273198.7,0.5882195113225772,0.03496941294315458,0.1285550745894895,0.24825600114477875
Kolding,2010,291614.0,0.5788100302050008,0.03351146538935854,0.1372808350163536,0.25039766938928704
Kolding,2011,289158.2,0.5723555555555555,0.030417777777777776,0.1459022222222222,0.25132444444444446
Kolding,2012,289575.5,0.5647050459449372,0.03389438885235412,0.14809021914935214,0.25331034605335656
Kolding,2013,291997.6,0.5640243902439024,0.03069928098124912,0.15252713943324403,0.2527491893416044
Kolding,2014,297659.6,0.5676621025433709,0.027789007435009578,0.15474662963809255,0.24980226038352696
Kolding,2015,303707.7,0.571523503077784,0.025234331281477337,0.15224538332400672,0.25099678231673195
Kolding,2016,308719.4,0.5848141599117631,0.023337243299077364,0.14791925628950087,0.24392934049965861
Kolding,2017,314652.4,0.5953691168972731,0.023664269765642856,0.14648640095641624,0.23448021238066774
Kolding,2018,320017.9,0.6029424735830085,0.0231269956074585,0.14502443240954715,0.22890609839998588
Kolding,2019,326369.3,0.606479284220148,0.023730422401518746,0.1423473782277769,0.22744291515055634
Kolding,2020,343058.1,0.604542724928468,0.02734112826309654,0.14889257833197922,0.21922356847645624
Kolding,2021,351296.1,0.6269355355426619,0.015288506033531485,0.14443099704552737,0.2133449613782793
Kolding,2022,324972.3,0.6362503510249929,0.016463072170738557,0.13584667228306654,0.2114399045212019
Kolding,2023,324146.7,0.6353930031803725,0.01929193024149862,0.13320868136860867,0.21210638520952016
Kolding,2024,325982.3,0.6345091812784758,0.019329007317409913,0.13247273229324866,0.21368907911086565
København,2008,246634.1,0.5281231308831813,0.030927894917163645,0.19464365560052727,0.2463053185991278
København,2009,250344.5,0.5058215038650737,0.04821082220660576,0.19874349964862967,0.2472241742796908
København,2010,263257.2,0.4959133890639989,0.04885843497327669,0.20474167466081952,0.2504865013019049
København,2011,263427.8,0.49206327770290165,0.04636169413976302,0.211997050569764,0.24957797758757133
København,2012,263061.6,0.48850397632796605,0.04920075011023221,0.22019613363861898,0.24209913992318277
København,2013,268605.7,0.4901240537392896,0.04542051410032443,0.22353849513351634,0.24091693702686964
København,2014,275524.3,0.4953158564468102,0.039398524731612275,0.22269844561708055,0.242587173204497
København,2015,282878.1,0.5042424825741612,0.03429698897714378,0.21941866591019615,0.24204186253849894
København,2016,289977.1,0.515552113133534,0.03412245305882794,0.21062875560608144,0.23969667820155657
København,2017,294663.1,0.5251453208417497,0.03513875238908946,0.2064074514897547,0.23330847527940618
København,2018,302578.6,0.5340965254631377,0.03224494864035098,0.20499304897852852,0.2286654769179828
København,2019,311674.7,0.5410893529036989,0.033233558128072896,0.19933162633584575,0.22634546263238248
København,2020,325782.5,0.5343460779851312,0.044549385525716884,0.20637517068730085,0.214729365801851
København,2021,340326.9,0.558259300950264,0.027151421112377706,0.2059666967317866,0.20862258120557164
København,2022,316471.1,0.5700877847239052,0.025356632793511788,0.19708858704475352,0.20746699543782954
København,2023,324292.5,0.574832762390839,0.02695911866820151,0.19365814644790555,0.20454997249305393
København,2024,340949.1,0.5777773726121183,0.027745237910743018,0.1915729594464627,0.2029044300306761
Køge,2008,283861.9,0.6233675779209472,0.018921585698531546,0.1092634511579314,0.24844738522258983
Køge,2009,281132.8,0.5883044288376093,0.03826859681811667,0.11291385982513974,0.2605131145191343
Køge,2010,298119.6,0.5759515275644308,0.03914206064743699,0.12263184843830005,0.2622745633498322
Køge,2011,294692.7,0.5657214297891686,0.039722680002273116,0.1290276751719043,0.26552821503665397
Køge,2012,294331.0,0.5591579421366656,0.03852865023077789,0.13461105482382077,0.2677023528087358
Køge,2013,299308.9,0.5586770882590192,0.036494116992573225,0.13977358070707352,0.26505521404133403
Køge,2014,306414.1,0.5691099766951504,0.031600266341138605,0.1394961713461325,0.25979358561757854
Køge,2015,311098.1,0.5778564905775244,0.02590143066662977,0.1396629493317099,0.2565791294241359
Køge,2016,314771.0,0.5854718600337735,0.02463804224455333,0.13833291808543033,0.25155717963624286
Køge,2017,320464.3,0.5953558554782463,0.026210635146841032,0.13594321960488445,0.24249028977002823
Køge,2018,326028.3,0.6058644644700499,0.024886309739698128,0.13690260301872054,0.2323466227715314
Køge,2019,332779.9,0.6100277769984007,0.025195701579641423,0.1350130467719761,0.22976347464998176
Køge,2020,349919.3,0.6077019324343111,0.02830529681634923,0.13844015014597524,0.2255526206033644
Køge,2021,356104.1,0.6254595076306115,0.018881586276038767,0.13267238498384762,0.22298652110950207
Køge,2022,331565.0,0.6343131307560801,0.01668229195389621,0.12838471295428225,0.22061986433574146
Køge,2023,333059.7,0.6364855617900643,0.0159846722321062,0.12642671410975775,0.22110305186807172
Køge,2024,344956.3,0.6393121994947437,0.017276505582267135,0.1225382337761117,0.22087306114687746
Langeland,2008,233814.3,0.5172281286025362,0.019725887024465222,0.08915076213654413,0.37389522223645444
Langeland,2009,234249.8,0.4935954343690552,0.033100824350031706,0.08522511097019658,0.38807863031071654
Langeland,2010,246619.7,0.48290326681072837,0.0410575823058345,0.09482649040294902,0.38121266048048813
Langeland,2011,243477.1,0.4619072298522933,0.041979787509717544,0.09873024099507645,0.39738274164291265
Langeland,2012,245736.1,0.4473443820957849,0.04697898995171604,0.09956935925877594,0.4061072686937231
Langeland,2013,247730.5,0.4636989931107578,0.03550609432962374,0.09764175940646529,0.40315315315315314
Langeland,2014,252798.6,0.46085313174946,0.030372570194384448,0.09813714902807776,0.41063714902807774
Langeland,2015,253188.3,0.454320987654321,0.030589849108367626,0.09423868312757201,0.42085048010973936
Langeland,2016,257272.6,0.4684835779175402,0.02962962962962963,0.09517819706498952,0.40670859538784065
Langeland,2017,260615.3,0.47217514124293786,0.03686440677966102,0.09350282485875706,0.3974576271186441
Langeland,2018,261120.2,0.49404086265607267,0.032491486946651535,0.0891032917139614,0.3843643586833144
Langeland,2019,273461.9,0.4988465974625144,0.03027681660899654,0.08967704728950404,0.381199538638985
Langeland,2020,293074.1,0.49673008323424495,0.0356718192627824,0.09215219976218787,0.3754458977407848
Langeland,2021,289180.4,0.5129588014981273,0.02352059925093633,0.0853932584269663,0.37812734082397004
Langeland,2022,274806.6,0.5240115134070595,0.023481290713528252,0.0816542948038176,0.3708529010755946
Langeland,2023,276986.1,0.5294298921417565,0.02049306625577812,0.07889060092449923,0.3711864406779661
Langeland,2024,272469.5,0.5236133122028526,0.022028526148969888,0.08129952456418384,0.37305863708399367
Lejre,2008,304969.6,0.6589206349206349,0.01180952380952381,0.09987301587301588,0.2293968253968254
Lejre,2009,300440.8,0.6350397175639894,0.023452275879460346,0.10471567267683772,0.23679233387971252
Lejre,2010,326310.3,0.6220834909824694,0.026295875898600076,0.10903014251481902,0.2425904906041115
Lejre,2011,319737.7,0.6127736997302214,0.02258610954263128,0.11907898864420603,0.24556120208294122
Lejre,2012,319779.5,0.6006548706000882,0.024116869214784963,0.12360682576663938,0.2516214344184875
Lejre,2013,328618.9,0.6045335331584863,0.021231422505307854,0.12326714125140502,0.2509679030848008
Lejre,2014,331559.0,0.6046235551390191,0.020556076226179318,0.12833489534520462,0.246485473289597
Lejre,2015,337357.2,0.6101981936778725,0.017937782237832413,0.12750878073256397,0.24435524335173106
Lejre,2016,345339.4,0.6145583217490206,0.022305067610261596,0.12637432073802604,0.23676228990269177
Lejre,2017,350559.8,0.6228182751540041,0.022330595482546203,0.12686088295687886,0.22799024640657084
Lejre,2018,357719.6,0.6331680937359171,0.019184961050666322,0.12521727934075838,0.22242966587265822
Lejre,2019,361446.3,0.636561062851303,0.02082268778742974,0.1264052120592744,0.21621103730199284
Lejre,2020,373828.9,0.6342262478319523,0.02749405794308473,0.1293120061668915,0.20896768805807156
Lejre,2021,383548.8,0.650267652306908,0.017333673209278613,0.12968391537088964,0.20271475911292378
Lejre,2022,356181.5,0.6582654285894763,0.015349630471859011,0.1247552270860969,0.20162971385256775
Lejre,2023,356001.8,0.6615442278860569,0.015617191404297851,0.12393803098450774,0.19890054972513743
Lejre,2024,361401.2,0.665075034106412,0.015999007813468934,0.11875232543718219,0.20017363264293686
Lemvig,2008,252728.9,0.6041271347248577,0.014231499051233396,0.1241302972802024,0.2575110689437065
Lemvig,2009,251545.7,0.5643238155004706,0.033495450266708506,0.1303733919046125,0.27180734232820836
Lemvig,2010,278759.0,0.5710117498619983,0.025865468023026576,0.13019477959151488,0.2729280025234603
Lemvig,2011,279019.6,0.5670741387521829,0.02571836799491983,0.1343070328623591,0.27290046039053817
Lemvig,2012,276746.5,0.5556446440025657,0.026860166773572804,0.13630532392559333,0.2811898652982681
Lemvig,2013,293116.3,0.5557078361818768,0.023702031602708805,0.13842308932602387,0.28216704288939054
Lemvig,2014,287760.4,0.5674410967900829,0.016993678679911337,0.13463590838190626,0.2809293161480995
Lemvig,2015,294850.0,0.5654131576753106,0.017510214291670143,0.1308263153506212,0.2862503126823981
Lemvig,2016,306460.6,0.5699609441331296,0.021990151129223978,0.12455425369332654,0.2834946510443199
Lemvig,2017,311687.3,0.5759009202717812,0.024081878386514148,0.12840801582523437,0.2716091855164703
Lemvig,2018,303170.3,0.5883173496076722,0.01848299912816042,0.12676547515257192,0.2664341761115955
Lemvig,2019,321009.4,0.597923379878267,0.01727533118510562,0.12235947010383101,0.26244181883279627
Lemvig,2020,338161.4,0.5947144537967237,0.022988505747126436,0.12326907412435514,0.25902796633179476
Lemvig,2021,347078.3,0.6156409069875057,0.013512262841277186,0.11374363720499768,0.25710319296621936
Lemvig,2022,322411.5,0.6177015755329008,0.0164967562557924,0.10991658943466172,0.255885078776645
Lemvig,2023,326494.1,0.6131504257332072,0.016272469252601705,0.10964995269631031,0.2609271523178808
Lemvig,2024,327758.8,0.6152580114241456,0.014619033788362861,0.10523768031755253,0.264885274469939
Lolland,2008,231529.2,0.5016746411483254,0.025529733424470267,0.09261790840738209,0.3801777170198223
Lolland,2009,237324.8,0.47425092022429394,0.0454091988028484,0.09491210567958994,0.3854277752932677
Lolland,2010,248435.9,0.4617342491544925,0.05003312297339702,0.10431993305672745,0.383912694815383
Lolland,2011,244708.4,0.44437705151990864,0.04773797630940488,0.10864135864135864,0.3992436135293278
Lolland,2012,245200.2,0.4336887460746367,0.05353100124151026,0.11137077338786242,0.40140947929599063
Lolland,2013,251706.9,0.4438329676867586,0.042687688246011976,0.11304056817759268,0.4004387758896367
Lolland,2014,256110.9,0.44372525129454765,0.036133109960402074,0.11784191288455681,0.40229972586049345
Lolland,2015,256562.6,0.44785466993425915,0.03123662815575524,0.10810285136344186,0.41280585054654373
Lolland,2016,256965.8,0.45732453888384217,0.035585923614676725,0.10438800900509498,0.40270152849638613
Lolland,2017,259716.7,0.46584528378105433,0.03280145425166633,0.09973742678246819,0.40161583518481114
Lolland,2018,263160.3,0.4731081025472203,0.030081066622772726,0.10312332825809638,0.3936875025719106
Lolland,2019,269389.8,0.4835839598997494,0.02827903091060986,0.10054302422723475,0.387593984962406
Lolland,2020,280293.4,0.4774755540373201,0.03343439087920065,0.10696443059054614,0.3821256244929331
Lolland,2021,291129.5,0.4973860765008277,0.019299468502221834,0.1024658011675525,0.3808486538293979
Lolland,2022,274342.6,0.5071148508744878,0.019648442662672364,0.09718489801312834,0.3760518084497114
Lolland,2023,276291.7,0.5114149131036948,0.019881159808783452,0.09578698119108252,0.37291694589643926
Lolland,2024,276799.1,0.5223941738734638,0.02002730996813837,0.08921256258534364,0.3683659535730542
Lyngby-Taarbæk,2008,349429.4,0.6103025347506132,0.009779231398201145,0.15990188062142274,0.22001635322976287
Lyngby-Taarbæk,2009,339792.9,0.5930251262748126,0.02017179808898755,0.1631760126113953,0.22362706302480456
Lyngby-Taarbæk,2010,381811.8,0.5836175318933939,0.024156877605153466,0.16881394467601366,0.22341164582543893
Lyngby-Taarbæk,2011,384134.1,0.5821068453685727,0.023548568923404522,0.17520511054048976,0.21913947516753304
Lyngby-Taarbæk,2012,386703.5,0.5795191506434987,0.02540045060337644,0.1758896330360174,0.2191907657171075
Lyngby-Taarbæk,2013,400589.3,0.5775402697847203,0.02341585213604945,0.1756341158917207,0.22340976218750952
Lyngby-Taarbæk,2014,421702.8,0.5783409441437082,0.02253001481839901,0.1772159554843197,0.22191308555357306
Lyngby-Taarbæk,2015,446838.4,0.5862422997946611,0.01911462737045537,0.1771953134436526,0.21744775939123082
Lyngby-Taarbæk,2016,434419.3,0.5876797208686759,0.018979726884437227,0.17442699873669013,0.21891355351019673
Lyngby-Taarbæk,2017,436769.6,0.5852090032154341,0.020885296150494337,0.17958349610842322,0.21432220452564835
Lyngby-Taarbæk,2018,443498.9,0.5909514785067533,0.019643233161868664,0.17961676142345756,0.20978852690792046
Lyngby-Taarbæk,2019,458758.0,0.5901488369329491,0.019934048305160275,0.17652476159353556,0.21339235316835506
Lyngby-Taarbæk,2020,475154.2,0.584974859509021,0.025879917184265012,0.19949719018042,0.189648033126294
Lyngby-Taarbæk,2021,505845.5,0.5894547876190752,0.017227900512493847,0.20659003387671193,0.18672727799171904
Lyngby-Taarbæk,2022,454401.6,0.5973091096066501,0.014025766275316365,0.1993601279744051,0.18930499614362842
Lyngby-Taarbæk,2023,484206.0,0.5974162407722885,0.01575809199318569,0.19835320840431572,0.1884724588302101
Lyngby-Taarbæk,2024,481378.0,0.5972869741054878,0.017721732292310284,0.19960119081053754,0.18539010279166432
Læsø,2008,234016.5,0.5407478427612655,0.03451581975071908,0.06519654841802493,0.3595397890699904
Læsø,2009,238829.8,0.47882136279926335,0.06998158379373849,0.05985267034990792,0.39134438305709024
Læsø,2010,256663.3,0.4944852941176471,0.06709558823529412,0.06801470588235294,0.3704044117647059
Læsø,2011,260098.8,0.4706430568499534,0.06616961789375582,0.08387698042870456,0.3793103448275862
Læsø,2012,261156.1,0.4550898203592814,0.07884231536926148,0.08682634730538923,0.37924151696606784
Læsø,2013,267333.4,0.47105788423153694,0.059880239520958084,0.08982035928143713,0.37924151696606784
Læsø,2014,263438.4,0.4770173646578141,0.05005107252298264,0.08580183861082738,0.3871297242083759
Læsø,2015,265806.5,0.4728205128205128,0.06051282051282051,0.07794871794871795,0.38871794871794874
Læsø,2016,273267.1,0.485653560042508,0.04994686503719448,0.06907545164718384,0.3953241232731137
Læsø,2017,279282.9,0.5155210643015521,0.045454545454545456,0.06541019955654102,0.3736141906873614
Læsø,2018,272388.8,0.5199115044247787,0.07190265486725664,0.06526548672566372,0.34292035398230086
Læsø,2019,284372.2,0.5305429864253394,0.049773755656108594,0.06334841628959276,0.3563348416289593
Læsø,2020,293083.0,0.5392731535756154,0.06799531066822978,0.07268464243845252,0.32004689331770225
Læsø,2021,311287.3,0.5338785046728972,0.052570093457943924,0.0852803738317757,0.3282710280373832
Læsø,2022,272112.0,0.5547945205479452,0.045662100456621,0.0776255707762557,0.3219178082191781
Læsø,2023,281119.6,0.578443113772455,0.03592814371257485,0.06706586826347305,0.318562874251497
Læsø,2024,284104.8,0.5909090909090909,0.03194103194103194,0.06265356265356266,0.3144963144963145
Mariagerfjord,2008,252837.6,0.6086312424466882,0.01863475108182917,0.11434252075942458,0.258391485712058
Mariagerfjord,2009,255274.1,0.5663665520306039,0.04293056145909811,0.1169287839561034,0.27377410255419454
Mariagerfjord,2010,271589.0,0.5669777126552017,0.03188864039484846,0.1210380195881854,0.28009562736176447
Mariagerfjord,2011,271910.7,0.5557311338934711,0.031642642411161645,0.12703306868110692,0.2855931550142604
Mariagerfjord,2012,273130.3,0.5436995027967682,0.037173710379117465,0.13210845245494096,0.2870183343691734
Mariagerfjord,2013,275806.4,0.5467882786726179,0.032679992237531534,0.13452357849796234,0.2860081505918882
Mariagerfjord,2014,280491.5,0.550380671224363,0.027851149782473585,0.13432256059664388,0.28744561839651955
Mariagerfjord,2015,283012.8,0.5572969592746033,0.026616118189634958,0.12753068084108496,0.28855624169467675
Mariagerfjord,2016,288829.7,0.5704574033322855,0.025031436655139894,0.12444985853505187,0.2800613014775228
Mariagerfjord,2017,294301.4,0.5776906628652887,0.029500277183812467,0.12227765898471529,0.27053140096618356
Mariagerfjord,2018,298824.5,0.5871340370444135,0.027086237801234814,0.12097191794463254,0.2648078072097192
Mariagerfjord,2019,309563.0,0.5923080033970963,0.026287054636632022,0.12116310106361468,0.260241840902657
Mariagerfjord,2020,322639.1,0.5892879029292806,0.03268374392286636,0.12023532295624464,0.25779303019160843
Mariagerfjord,2021,330033.3,0.6114401689930828,0.015118253738143562,0.11622416435405708,0.2572174129147165
Mariagerfjord,2022,311959.8,0.6142745549479917,0.016815359947374913,0.11302059778810179,0.25588948731653166
Mariagerfjord,2023,308437.2,0.6114439165461681,0.020450320181780623,0.11510018591200165,0.2530055773600496
Mariagerfjord,2024,311954.3,0.6168617486566418,0.020244095472153955,0.1079685091848211,0.2549256466863831
Middelfart,2008,272325.1,0.6172983131236297,0.012707503691440332,0.09973600608528346,0.2702581770996465
Middelfart,2009,278033.8,0.586677827217058,0.03211595224459227,0.10440988589805718,0.2767963346402925
Middelfart,2010,296906.5,0.5798456449834619,0.0288864388092613,0.11153252480705624,0.2797353914002205
Middelfart,2011,287988.9,0.572147206777866,0.02832936192745565,0.11949519018621481,0.2800282411084635
Middelfart,2012,293781.3,0.562899035709568,0.03073400554797235,0.12139491876183348,0.28497203998062615
Middelfart,2013,298769.8,0.5703969539148321,0.02140137423957285,0.12193093789662568,0.28627073394896935
Middelfart,2014,300456.0,0.5745798319327731,0.018863795518207282,0.12377450980392157,0.28278186274509803
Middelfart,2015,311665.9,0.5768589237117022,0.017206566587656923,0.12110438065139145,0.2848301290492494
Middelfart,2016,312718.4,0.5888658520446425,0.01954210595968062,0.12378137544664519,0.26781066654903174
Middelfart,2017,325477.4,0.5986698210061152,0.020934696246038477,0.11851091371691291,0.2618845690309334
Middelfart,2018,326060.4,0.607254116599911,0.019893190921228304,0.12042723631508678,0.25242545616377393
Middelfart,2019,337840.7,0.6147388883979853,0.01930723690023858,0.11845011928956438,0.24750375541221173
Middelfart,2020,352695.5,0.6167400881057269,0.022775330396475772,0.12334801762114538,0.237136563876652
Middelfart,2021,361302.0,0.6369063295584233,0.012070933192871565,0.11807567377754367,0.23294706347116145
Middelfart,2022,342220.7,0.6451345575086143,0.013085008941422777,0.1130544772538928,0.22872595629607015
Middelfart,2023,339472.1,0.6411127073266293,0.016803796090723085,0.11466631840146271,0.22741717818118498
Middelfart,2024,341139.4,0.6489103065034297,0.016931492576191715,0.10879569332291396,0.22536250759746462
Morsø,2008,237987.1,0.5656029772745269,0.0225671074511046,0.10230422044500752,0.309525694829361
Morsø,2009,240386.9,0.5242131700808413,0.04936818146142375,0.10517227847107763,0.32124636998665723
Morsø,2010,250156.9,0.5173608377293126,0.044957089992913944,0.1081804582316353,0.3295016140461381
Morsø,2011,255081.4,0.5157936825269892,0.04022391043582567,0.1162734906037585,0.32770891643342664
Morsø,2012,256490.6,0.5128039421601098,0.036109540350593744,0.12165764601340981,0.32942887147588656
Morsø,2013,263282.1,0.5215629053177692,0.02756160830090791,0.12362191958495461,0.32725356679636836
Morsø,2014,264682.0,0.5188756332734107,0.02647491420166694,0.12951462657296944,0.3251348259519529
Morsø,2015,268871.9,0.5293532338308458,0.020729684908789386,0.11948590381426202,0.33043117744610284
Morsø,2016,271035.2,0.5418830624895292,0.0217791924945552,0.11911542972022114,0.31722231529569445
Morsø,2017,279377.3,0.5520504731861199,0.022934606530821043,0.11936226447267456,0.30565265581038453
Morsø,2018,278856.6,0.5588922544353094,0.021116399826914756,0.12081350064906966,0.2991778450887062
Morsø,2019,294465.4,0.5615119667932527,0.021460743619182196,0.12205245959551356,0.2949748299920516
Morsø,2020,303684.2,0.5675869487271423,0.02285765507350305,0.12280387235568305,0.2867515238436716
Morsø,2021,306887.2,0.5887469421038326,0.012412793331521246,0.11225876596901332,0.28658149859563287
Morsø,2022,296391.9,0.5873289223239373,0.018580621771050486,0.11538112933925496,0.27870932656575725
Morsø,2023,290046.1,0.5804189435336976,0.01994535519125683,0.1209471766848816,0.2786885245901639
Morsø,2024,293899.1,0.5867753114170647,0.019574786925166246,0.11763604008616653,0.2760138615716025
Norddjurs,2008,247304.0,0.5743314567206192,0.018077058409570725,0.11343244194229415,0.2941590429275158
Norddjurs,2009,249497.2,0.543625925763618,0.036899075331960206,0.11459748455234672,0.30487751435207505
Norddjurs,2010,265011.2,0.5356504295495181,0.03632637041559461,0.12389341938860059,0.3041297806462867
Norddjurs,2011,264536.8,0.5228444133834192,0.03192976325674849,0.13392155149820914,0.3113042718616231
Norddjurs,2012,263388.2,0.5110812916630595,0.03415288719591377,0.13765041987706692,0.3171154012639598
Norddjurs,2013,267437.7,0.520514152168268,0.02865056695230676,0.13918462736951442,0.31165065350991084
Norddjurs,2014,271045.6,0.5242026592508907,0.023985400191187972,0.14656296167550187,0.3052489788824194
Norddjurs,2015,275262.7,0.5208224429343091,0.023566823488412617,0.14305628158215716,0.3125544519951211
Norddjurs,2016,276714.5,0.5307890936146002,0.025515339839817935,0.138430565889098,0.3052650006564839
Norddjurs,2017,281841.8,0.5391080083596425,0.032060118280048025,0.13228689581573214,0.29654497754457737
Norddjurs,2018,285486.3,0.5457680962105741,0.03163149534830951,0.12965736328568186,0.2929430451554345
Norddjurs,2019,291363.0,0.5564274174936533,0.028386798984537272,0.12614816524348027,0.2890376182783291
Norddjurs,2020,305585.0,0.5587306012452374,0.029411764705882353,0.13195799646872966,0.2798996375801505
Norddjurs,2021,310965.9,0.5702362427500354,0.018390154194369783,0.13358796623756305,0.27778563681803176
Norddjurs,2022,295204.1,0.5766236232434485,0.019037219901253323,0.12115457652867452,0.28318458032662364
Norddjurs,2023,291934.8,0.5763119884448724,0.01959557053442465,0.12065479056331246,0.28343765045739044
Norddjurs,2024,294305.7,0.5852968437484756,0.019464364115322697,0.11776184204107518,0.2774769500951266
Nordfyns,2008,245431.4,0.5979484760950303,0.02116370924954312,0.09945174792194778,0.28143606673347876
Nordfyns,2009,252260.6,0.5600069877132708,0.04897222383974844,0.10103068770744773,0.28999010073953296
Nordfyns,2010,269274.5,0.546404851285013,0.04585619405140052,0.11071325440369621,0.2970257002598903
Nordfyns,2011,271238.9,0.5352764284061994,0.042447374508443214,0.12063381910710155,0.3016423779782558
Nordfyns,2012,269614.0,0.5301388319372035,0.041591002284576184,0.12125827426629958,0.3070118915119208
Nordfyns,2013,276073.0,0.5253504672897197,0.035397196261682244,0.12418224299065421,0.3150700934579439
Nordfyns,2014,278172.8,0.534467585802288,0.032032854209445585,0.12226459372249927,0.3112349662657671
Nordfyns,2015,281952.8,0.5374480295133806,0.030977337939919188,0.12238683609533291,0.30918779645136735
Nordfyns,2016,284199.8,0.5488027298935106,0.02782844031299641,0.11837383067600164,0.30499499911749134
Nordfyns,2017,291385.6,0.5624296296296296,0.03342222222222222,0.11602962962962964,0.2881185185185185
Nordfyns,2018,296591.2,0.5745409458581803,0.030111590010037197,0.11035012103678338,0.28499734309499913
Nordfyns,2019,303729.9,0.5740806854694752,0.029334761394739974,0.11436391764845888,0.28222063548732595
Nordfyns,2020,314033.8,0.5699332250496301,0.03609456776755098,0.11321662756421826,0.28075557961860076
Nordfyns,2021,320170.3,0.5896192093136066,0.019221440698520494,0.1152073732718894,0.2759519767159835
Nordfyns,2022,301280.4,0.5959414024975984,0.0196926032660903,0.11065081652257444,0.27371517771373677
Nordfyns,2023,298758.9,0.5911084409732652,0.02313006908981676,0.11474917392610394,0.27101231601081405
Nordfyns,2024,301589.5,0.594817147008961,0.024461128602567207,0.11273916202470331,0.26798256236376844
Nyborg,2008,255405.4,0.5704478412443014,0.016143738267632074,0.10775006704210244,0.3056583534459641
Nyborg,2009,261243.5,0.5395942581704539,0.03623073255998729,0.11028126489750517,0.3138937443720536
Nyborg,2010,273401.1,0.5261769052142706,0.03799873337555415,0.11816550559425797,0.31765885581591724
Nyborg,2011,271744.7,0.5119304714248091,0.03887279431129839,0.12299183565973136,0.3262048986041612
Nyborg,2012,271141.5,0.5022848034006376,0.03629117959617428,0.13055260361317747,0.33087141339001064
Nyborg,2013,273962.3,0.5047452415036319,0.032129791633529504,0.13318487885053815,0.3299400880123005
Nyborg,2014,278294.4,0.5057453005030448,0.026899655811490602,0.13439237490071484,0.3329626687847498
Nyborg,2015,281164.3,0.5124821116234696,0.025282238829702656,0.13112842529283936,0.3311072242539884
Nyborg,2016,283386.5,0.5241704653874695,0.02607866002332238,0.12641789462525177,0.3233329799639563
Nyborg,2017,287469.1,0.5355700360816414,0.027195864074532825,0.12957079002638808,0.30766330981743767
Nyborg,2018,295084.3,0.5452968284087829,0.023420981295744103,0.126158850637029,0.305123339658444
Nyborg,2019,300215.8,0.5495809295743986,0.02639599433982802,0.12615652552519865,0.2978665505605747
Nyborg,2020,313292.7,0.547608695652174,0.030054347826086958,0.13418478260869565,0.2881521739130435
Nyborg,2021,321753.7,0.5656798245614035,0.014802631578947368,0.13234649122807018,0.28717105263157894
Nyborg,2022,301246.0,0.5780934170991532,0.01644359464627151,0.12499317126468178,0.2804698169898935
Nyborg,2023,304300.7,0.5703133529861338,0.02511191178076209,0.12020962987225679,0.28436510536084725
Nyborg,2024,304008.0,0.5820448606271778,0.023301393728222996,0.11890243902439024,0.2757513066202091
Næstved,2008,260923.5,0.5957239446914784,0.02115693082373962,0.11792653956264848,0.26519258492213355
Næstved,2009,267300.3,0.564426861675558,0.04032048592379468,0.12190053747327619,0.27335211492737116
Næstved,2010,281603.2,0.5557771307781278,0.03970406413273242,0.12812587245243887,0.27639293263670084
Næstved,2011,279194.2,0.543859297288625,0.0383643510348147,0.13619043799133643,0.2815859136852238
Næstved,2012,280269.0,0.5366955062241493,0.039402961216456533,0.13846983835194918,0.285431694207445
Næstved,2013,285241.4,0.5417236391019162,0.03406456215444979,0.1416879694033252,0.28252382934030873
Næstved,2014,288531.9,0.5434649252992975,0.029999010586722073,0.14417730285940436,0.28235876125457604
Næstved,2015,292808.8,0.5431528222143224,0.029584863925425604,0.14223644191649878,0.28502587194375323
Næstved,2016,296668.5,0.5514230593289445,0.030191531255593786,0.13932258000358003,0.2790628294118817
Næstved,2017,301413.7,0.55956,0.03288,0.1365,0.27106
Næstved,2018,305776.1,0.5704963456750461,0.027046020399967875,0.13553128262790137,0.2669263512970846
Næstved,2019,313722.8,0.5770194873453546,0.026946713026603057,0.13392496159133177,0.2621088380367106
Næstved,2020,327231.3,0.577455919395466,0.030937677744373122,0.1380718290403835,0.25353457381977734
Næstved,2021,335417.5,0.5979263846169515,0.019676939685902266,0.13417391481473936,0.24822276088240686
Næstved,2022,311749.7,0.6039003074931218,0.018570966175756595,0.13074526622430815,0.2467834601068134
Næstved,2023,310015.4,0.6080387800444355,0.02132902443950717,0.13066047263179156,0.2399717228842658
Næstved,2024,312073.9,0.6131999354526384,0.02178473454897531,0.12451589478780055,0.24049943521058575
Odder,2008,272119.0,0.6276243093922652,0.014759273875295974,0.11310181531176006,0.24451460142067877
Odder,2009,283612.5,0.5973441018870855,0.03339287101032849,0.11718567989438534,0.2520773472082007
Odder,2010,301148.6,0.5857285199662757,0.029968575151375795,0.12370659921821109,0.26059630566413733
Odder,2011,299406.3,0.5739944734418176,0.028860914952410194,0.1265735339269266,0.2705710776788456
Odder,2012,301710.4,0.5653341517685875,0.02777564643597023,0.13051484692703139,0.27637535486841097
Odder,2013,307588.1,0.572092314723132,0.024449691522583594,0.1277325005712545,0.2757254931830299
Odder,2014,311734.3,0.5780642208832278,0.01914423003584776,0.12722141713065366,0.27557013195027075
Odder,2015,313847.6,0.5759885300332025,0.01780863265922125,0.12435858738303653,0.2818442499245397
Odder,2016,320494.6,0.5841885214747244,0.026909920182440136,0.12398327632079058,0.26491828202204487
Odder,2017,324107.9,0.5924106130470935,0.023508957593166527,0.12359210824703304,0.2604883211127069
Odder,2018,328592.2,0.6106416990180407,0.01910634086930045,0.12407703433051687,0.24617492578214203
Odder,2019,339299.0,0.6123870770173021,0.01975195222783647,0.12295207472056346,0.24490889603429797
Odder,2020,355514.1,0.6168202764976959,0.026574500768049156,0.12488479262672811,0.23172043010752688
Odder,2021,360535.4,0.6386314488724127,0.012897744825455668,0.12071362372567192,0.2277571825764597
Odder,2022,335137.3,0.6396656534954407,0.015957446808510637,0.117629179331307,0.22674772036474164
Odder,2023,335107.6,0.6402667465907388,0.01865727558819122,0.11561516559268695,0.22546081222838305
Odder,2024,329459.5,0.6439020749365577,0.018435587401104642,0.11367368263919989,0.22398865502313778
Odense,2008,252520.0,0.5291418733703283,0.0228404760312897,0.18057598448886808,0.2674416661095139
Odense,2009,257560.7,0.5001768688455812,0.04133795111838696,0.1863621780370026,0.2721230019990293
Odense,2010,273372.9,0.48655492877724116,0.042116797207905524,0.19899354733979951,0.27233472667505376
Odense,2011,271058.7,0.4741915222572956,0.04267860593957354,0.20905269599948464,0.2740771758036462
Odense,2012,263939.0,0.46502880730581964,0.04354166500649459,0.21702300600052593,0.27440652168715984
Odense,2013,270701.6,0.4633074935400517,0.039159032182287994,0.22562054655077912,0.2719129277268812
Odense,2014,274695.8,0.4656262392982947,0.03502305580827521,0.23034813104097168,0.2690025738524584
Odense,2015,279891.2,0.46802607959093273,0.035272724446896636,0.22950972544936005,0.26719147051281056
Odense,2016,282313.6,0.47459068350829453,0.03635534391861598,0.22890029529537267,0.2601536772777168
Odense,2017,284263.2,0.48241384639159324,0.03393602225312935,0.22764642250038633,0.25600370885489104
Odense,2018,289138.9,0.49148583020839737,0.029400012294830025,0.22659371734185774,0.25252044015491487
Odense,2019,294524.1,0.4943429135334032,0.03036237482883393,0.2257403171640364,0.2495543944737265
Odense,2020,305827.8,0.4937704817850568,0.034489607284449504,0.23284113391745412,0.2388987770130396
Odense,2021,315502.7,0.5195862760989541,0.021280537223573,0.22815792520551118,0.2309752614719617
Odense,2022,293024.4,0.527019357609596,0.02257109549958585,0.22040371813357057,0.2300058287572476
Odense,2023,298128.1,0.531042398260896,0.024893206244964352,0.21537374013772975,0.2286906553564099
Odense,2024,302877.4,0.5384743051993119,0.026509550680467123,0.20911162074896647,0.2259045233712544
Odsherred,2008,248861.7,0.5395816653322658,0.01911529223378703,0.09052241793434748,0.3507806244995997
Odsherred,2009,251815.6,0.511280063605645,0.03438680182866229,0.09352017491552375,0.36081295965016896
Odsherred,2010,266363.1,0.5011166807285722,0.036726388406372525,0.09712640825847436,0.365030522606581
Odsherred,2011,263112.5,0.49642928988131163,0.034349225507946085,0.09922550794608731,0.369995976664655
Odsherred,2012,264894.2,0.4857707109580717,0.03934575653230707,0.10360542839781244,0.3712781041118088
Odsherred,2013,270056.0,0.4924640906332187,0.03631397936475824,0.10418774023872142,0.36703418976330165
Odsherred,2014,274515.2,0.4962977989654123,0.032102647327315145,0.10447307029110457,0.367126483416168
Odsherred,2015,277699.4,0.4979255237412283,0.03134764124366132,0.10208472058597552,0.36864211442913486
Odsherred,2016,280139.3,0.5072478827869278,0.033979321452693924,0.10380838572245026,0.354964410037928
Odsherred,2017,284507.4,0.5134578847371755,0.03282668355499261,0.10407430863415663,0.34964112307367534
Odsherred,2018,288262.8,0.5261500693777351,0.026790479240046964,0.10593446472409009,0.34112498665812785
Odsherred,2019,295095.9,0.537791955017301,0.024653979238754325,0.10196799307958478,0.33558607266435986
Odsherred,2020,307046.5,0.5341894413346504,0.02853693337723631,0.10920864888596202,0.32806497640215126
Odsherred,2021,315344.0,0.5467357397504456,0.017268270944741534,0.10411096256684492,0.33188502673796794
Odsherred,2022,295184.7,0.5600403067793763,0.014835134076023064,0.10183059956334323,0.32329395958125734
Odsherred,2023,294993.5,0.5626141552511416,0.013755707762557077,0.10291095890410959,0.3207191780821918
Odsherred,2024,295143.0,0.5647827092001849,0.016412390198797967,0.09645168747110494,0.32235321312991216
Randers,2008,254960.3,0.5980157843154112,0.014047696831100947,0.11554531542839458,0.27239120342509326
Randers,2009,257947.5,0.5587288681099027,0.0404173865907782,0.12003252363045025,0.2808212216688688
Randers,2010,271986.8,0.5480520787893024,0.0387906446092413,0.12863662293211636,0.28452065366933993
Randers,2011,269499.9,0.5408510709673091,0.033563125849142054,0.13646656267297338,0.28911924051057547
Randers,2012,269430.4,0.5317961448111557,0.03183779551172051,0.14481115572363928,0.2915549039534845
Randers,2013,273025.3,0.5321945244479757,0.030771013341278512,0.14609196543847452,0.29094249677227135
Randers,2014,275689.0,0.5375430007938609,0.027900899708917702,0.1488654405927494,0.2856906589044721
Randers,2015,281543.2,0.542384974033085,0.026680382949775174,0.14662596027808658,0.28430868273905324
Randers,2016,285482.2,0.5525196117537562,0.026276426007179898,0.14176971147453796,0.279434250764526
Randers,2017,289539.9,0.5620670661481197,0.028792709185291514,0.13863898115538048,0.2705012435112083
Randers,2018,295683.8,0.5734612337104035,0.026501677428056036,0.13620041472090633,0.2638366741406342
Randers,2019,302460.5,0.5792111163960046,0.02631310729088809,0.13560847998912823,0.2588672963239791
Randers,2020,316140.3,0.5756272523288231,0.030104712041884817,0.14190521520364452,0.25236282042564767
Randers,2021,321618.8,0.5988053503965147,0.01926415030121507,0.13495115891222217,0.24697934039004799
Randers,2022,303094.1,0.6039375903695484,0.019755203604694172,0.1296445744645079,0.24666263156124954
Randers,2023,299968.0,0.6074148802017655,0.021471206389239175,0.12807061790668348,0.2430432955023119
Randers,2024,302443.4,0.6080708496950455,0.02280892305121564,0.12244966162586682,0.246670565627872
Rebild,2008,259341.5,0.64840409048652,0.016919739696312365,0.11193058568329718,0.22274558413387047
Rebild,2009,269184.2,0.6084027437530622,0.04495345418912298,0.11538461538461539,0.23125918667319942
Rebild,2010,285749.9,0.6020160310906,0.04074568860820986,0.12272285644887054,0.23451542385231966
Rebild,2011,290264.4,0.5985578379688542,0.03320608374234987,0.12749197115675936,0.2407441071320366
Rebild,2012,293290.0,0.5964858949416343,0.029486867704280155,0.12968142023346305,0.24434581712062256
Rebild,2013,301265.9,0.6009474126041854,0.028782155063860407,0.1319182107093602,0.23835222162259398
Rebild,2014,303750.9,0.6056704147019707,0.027022125498730506,0.12761455688550358,0.2396929029137952
Rebild,2015,307355.1,0.6114112291350531,0.022822458270106222,0.12036418816388468,0.245402124430956
Rebild,2016,313176.1,0.625182127246236,0.027440505099562893,0.12111461874696454,0.22626274890723652
Rebild,2017,321565.8,0.6325152264367123,0.025266839534463004,0.12054513658566002,0.22167279744316468
Rebild,2018,328211.9,0.6401471741359551,0.022679293081609264,0.11792026057060136,0.21925327221183424
Rebild,2019,337933.5,0.643284032598853,0.025354663447026863,0.11856323573800182,0.21279806821611832
Rebild,2020,352449.3,0.6402718979190269,0.02838232663526325,0.12271182398187347,0.2086339514638364
Rebild,2021,362199.6,0.662269129287599,0.016011033821060207,0.12095226673063085,0.20076757016071
Rebild,2022,343174.2,0.664381111376103,0.017052229906987838,0.12222752206057715,0.196339136656332
Rebild,2023,340816.9,0.667346204580885,0.01990646360474877,0.11943878162849263,0.19330855018587362
Rebild,2024,346581.4,0.676695777006819,0.01752601985883479,0.11693982533795909,0.18883837779638712
Ringkøbing-Skjern,2008,256467.9,0.6442795553861044,0.013197642021292196,0.11552335982637768,0.22699944276622577
Ringkøbing-Skjern,2009,262202.7,0.6037746839867187,0.037106075610182324,0.11699772819945244,0.24212151220364653
Ringkøbing-Skjern,2010,278911.9,0.5906345296739386,0.03542106497771522,0.12359254046446165,0.2503518648838846
Ringkøbing-Skjern,2011,279225.5,0.5901870808330392,0.02582656783150959,0.12933874573479232,0.2546476056006589
Ringkøbing-Skjern,2012,282261.3,0.5693292249348186,0.03339061388954729,0.13359208343209292,0.26368807774354114
Ringkøbing-Skjern,2013,287276.4,0.5674421372047361,0.02855952876777533,0.1323853156422919,0.27161301838519664
Ringkøbing-Skjern,2014,288268.9,0.5766445202609685,0.021398216316514035,0.13222002753336926,0.2697372358891483
Ringkøbing-Skjern,2015,291421.9,0.582632464255677,0.019884656974648564,0.12916015859665986,0.26832272017301456
Ringkøbing-Skjern,2016,292479.0,0.5947526282303753,0.017056987911655105,0.12639743084800195,0.2617929530099676
Ringkøbing-Skjern,2017,304029.0,0.6032450170150705,0.01756198347107438,0.12594190568789498,0.2532510938259601
Ringkøbing-Skjern,2018,304785.6,0.6073608342278791,0.020917037264223278,0.12528753258702652,0.24643459592087102
Ringkøbing-Skjern,2019,315962.4,0.6146686868062212,0.020747657771868527,0.12504251569215546,0.2395411397297548
Ringkøbing-Skjern,2020,329383.0,0.6157891441808051,0.022193701871908847,0.1238965754711075,0.23812057847617854
Ringkøbing-Skjern,2021,339987.3,0.6331669335342689,0.011522401180496687,0.12200558852155348,0.2333050767636809
Ringkøbing-Skjern,2022,317101.3,0.641632244335962,0.013205657779446739,0.1176304919263988,0.22753160595819252
Ringkøbing-Skjern,2023,315082.3,0.6448780487804878,0.014948859166011016,0.11666404405979544,0.22350904799370575
Ringkøbing-Skjern,2024,322829.0,0.6491166528477581,0.01326615217807258,0.11206071815804579,0.22555647681612348
Ringsted,2008,273651.0,0.6335995085995086,0.016533579033579035,0.10856879606879608,0.2412981162981163
Ringsted,2009,273775.6,0.6035043804755945,0.033491864831038796,0.11354192740926158,0.24946182728410513
Ringsted,2010,290549.9,0.5881277184657968,0.03415381573744563,0.12391261368129695,0.25380585211546064
Ringsted,2011,285599.8,0.5787923416789397,0.033038782523318606,0.12862052037309768,0.2595483554246441
Ringsted,2012,286274.3,0.5657991112847307,0.03716001757898335,0.13545583280433615,0.2615850383319498
Ringsted,2013,291173.5,0.5710559366244807,0.03477924838179886,0.1346729784561878,0.2594918365375326
Ringsted,2014,294909.9,0.5740785469301,0.02758320854065021,0.13951016859088933,0.2588280759383605
Ringsted,2015,299545.6,0.5772275802504678,0.025766517921404924,0.14087615757401276,0.2561297442541145
Ringsted,2016,304107.8,0.585401038661281,0.02798615118291979,0.13526639738411234,0.25134641277168684
Ringsted,2017,310430.0,0.5986785406492388,0.02714737144498707,0.13252896677200038,0.24164512113377382
Ringsted,2018,313653.8,0.6074484868767032,0.02529043361858775,0.13113735239279056,0.23612372711191854
Ringsted,2019,320573.9,0.6125324612869096,0.022795037029912476,0.1341733192267,0.23049918245647782
Ringsted,2020,336820.9,0.6088393028155525,0.028299176402987933,0.13661176019919555,0.22624976058226393
Ringsted,2021,345588.1,0.628256704980843,0.016666666666666666,0.130316091954023,0.22476053639846744
Ringsted,2022,321687.9,0.6356338028169014,0.019577464788732395,0.1263849765258216,0.2184037558685446
Ringsted,2023,321354.5,0.636355230918589,0.02047986685775045,0.12403494984050668,0.2191299523831538
Ringsted,2024,325150.3,0.6271476867503357,0.02894456536840643,0.11976103366831843,0.22414671421293939
Roskilde,2008,305641.9,0.6217423529176098,0.012179243204262735,0.1311271809458945,0.23495122293223292
Roskilde,2009,300148.6,0.595917319803368,0.02523048980317059,0.13862949874637237,0.240222691647089
Roskilde,2010,322303.5,0.583631773615922,0.02614532574022975,0.1466369204876808,0.24358598015616745
Roskilde,2011,321356.9,0.5749164139646995,0.025814477878858565,0.1565585879791618,0.24271052017728015
Roskilde,2012,322534.9,0.5636222760290557,0.02862953995157385,0.16317675544794188,0.24457142857142858
Roskilde,2013,327543.6,0.5634485544463039,0.02664127570354127,0.16681093350260642,0.24309923634754843
Roskilde,2014,336837.8,0.5647508115333206,0.025644452931067405,0.1681687989306855,0.2414359366049265
Roskilde,2015,343010.3,0.5702286159518063,0.026035233081849452,0.16749966743315406,0.23623648353319018
Roskilde,2016,348233.1,0.5825385040074629,0.025453576256020714,0.1614598206636587,0.23054809907285778
Roskilde,2017,354385.0,0.5966928466928467,0.023716023716023715,0.16264341264341264,0.21694771694771695
Roskilde,2018,361296.4,0.6024505944035798,0.022566210221052832,0.16222704488275172,0.21275615049261556
Roskilde,2019,371546.0,0.6114556167294504,0.021443059982613734,0.1618854438327055,0.20521587945523037
Roskilde,2020,386996.4,0.6057150446843633,0.02779727909227179,0.17033185966643266,0.19615581655693223
Roskilde,2021,398316.2,0.6241427918317586,0.01775373361779945,0.16679366046936908,0.19130981408107284
Roskilde,2022,368375.5,0.6331538113889725,0.016194636938837,0.16136260921964446,0.18928894245254596
Roskilde,2023,377003.0,0.6378432220113138,0.016519761694450186,0.15822511229303313,0.1874119040012028
Roskilde,2024,387356.9,0.6399843883581756,0.018287923279931607,0.1565624651525852,0.1851652232093075
Rudersdal,2008,414609.6,0.625822262350058,0.008964271894750419,0.13565716496839933,0.2295563007867922
Rudersdal,2009,389862.0,0.6084995553296912,0.020550120696226654,0.14115106085630796,0.2297992631177741
Rudersdal,2010,463830.1,0.5996467656984262,0.024190241902419023,0.14911533730721924,0.22704765509193553
Rudersdal,2011,465823.3,0.598567217168035,0.022347608330427617,0.15247091641043523,0.22661425809110217
Rudersdal,2012,482294.2,0.5952403557074591,0.023101996898636033,0.15829614861229785,0.22336149878160702
Rudersdal,2013,504232.6,0.6007943763200202,0.02077357122592441,0.15808719225798318,0.22034486019607225
Rudersdal,2014,525104.8,0.601390205371248,0.018957345971563982,0.16148499210110584,0.21816745655608216
Rudersdal,2015,537632.4,0.604699574199653,0.01671660621353099,0.16107869421226936,0.2175051253745466
Rudersdal,2016,571282.3,0.6096876871198512,0.021713781475528663,0.16060004412089124,0.20799848728372886
Rudersdal,2017,567529.4,0.6148437997073233,0.021409938283387414,0.15947699942737165,0.20426926258191766
Rudersdal,2018,568767.1,0.6176964246128511,0.01979288722804573,0.16179497735693701,0.20071571080216613
Rudersdal,2019,601698.6,0.6253832780148569,0.019250829777145567,0.15523944997629208,0.2001264422317054
Rudersdal,2020,610369.6,0.6255133632400328,0.023535730081506286,0.1593795412902003,0.19157136538826056
Rudersdal,2021,659731.3,0.6463666064008627,0.0146541060043772,0.15171123164271894,0.1872680559520411
Rudersdal,2022,583642.6,0.6522098569157393,0.01233704292527822,0.15109697933227345,0.18435612082670907
Rudersdal,2023,605742.0,0.6526936614135777,0.015917810825379713,0.15042648317848875,0.18096204458255383
Rudersdal,2024,632935.0,0.6546785286137927,0.015710770395608555,0.14789576629440343,0.18171493469619535
Rødovre,2008,273817.5,0.6053135359760937,0.016669001260680768,0.12480739599383667,0.2532100667693888
Rødovre,2009,269408.9,0.5841492702752633,0.03251431738407538,0.127055237391465,0.2562811749491964
Rødovre,2010,282388.5,0.5681901112935596,0.03484765553731071,0.1373380769932494,0.2596241561758803
Rødovre,2011,282301.7,0.5635845986984815,0.0350234996384671,0.13891901663051337,0.26247288503253796
Rødovre,2012,280870.9,0.5575197654792573,0.03597761392911077,0.14137869769920938,0.2651239228924225
Rødovre,2013,285962.2,0.5599027409372237,0.03474801061007957,0.14372236958443854,0.2616268788682582
Rødovre,2014,291486.9,0.5651751402447105,0.03701576924775829,0.1419232298246389,0.2558858606828924
Rødovre,2015,298369.5,0.5733774834437086,0.032229580573951436,0.1449448123620309,0.24944812362030905
Rødovre,2016,303543.2,0.5798944126704796,0.03207215134183898,0.14104707435107788,0.24698636163660362
Rødovre,2017,307550.8,0.5849474507078954,0.03708850864240424,0.13806132198384435,0.239902718665856
Rødovre,2018,312712.1,0.5925292028582432,0.03320354285225279,0.13931795815326686,0.23494929613623722
Rødovre,2019,316910.0,0.6015575668280362,0.03384550620921911,0.13803409808461375,0.22656282887813092
Rødovre,2020,333111.9,0.5935550935550935,0.04424116424116424,0.14012474012474013,0.22207900207900208
Rødovre,2021,340339.1,0.617590502466349,0.024830699774266364,0.13882618510158012,0.21875261265780452
Rødovre,2022,316536.8,0.6245229395046691,0.02285830288266342,0.13507917174177833,0.21753958587088915
Rødovre,2023,320557.6,0.6277955271565495,0.02415647159666485,0.13410737941245227,0.21394062183433335
Rødovre,2024,328449.8,0.6250143211762459,0.02272293297689517,0.13263318693908727,0.21962955890777164
Samsø,2008,236937.3,0.5377184912603495,0.022999080036798528,0.07773689052437903,0.36154553817847285
Samsø,2009,243492.4,0.5298133818843878,0.04005461993627674,0.07919890760127446,0.350933090578061
Samsø,2010,249425.2,0.516099356025759,0.05105795768169273,0.07773689052437903,0.35510579576816925
Samsø,2011,253399.7,0.5181733457595527,0.032618825722273995,0.07455731593662628,0.3746505125815471
Samsø,2012,260443.7,0.5026202953787517,0.03525488327775131,0.0757503573130062,0.3863744640304907
Samsø,2013,266632.9,0.500242600679282,0.03541969917515769,0.08248423095584667,0.38185346918971375
Samsø,2014,268025.2,0.5124131082423039,0.024826216484607744,0.0858987090367428,0.3768619662363456
Samsø,2015,279886.5,0.5232383808095952,0.031984007996002,0.07796101949025487,0.36681659170414793
Samsø,2016,271005.5,0.5272542027508915,0.021905247070809986,0.06979113601630157,0.38104941416199695
Samsø,2017,281993.6,0.5453108535300316,0.03898840885142255,0.06217070600632244,0.3535300316122234
Samsø,2018,285091.0,0.5536093418259024,0.03980891719745223,0.061040339702760085,0.34554140127388533
Samsø,2019,298675.3,0.5650999459751486,0.03943814154511075,0.051323608860075635,0.344138303619665
Samsø,2020,315375.4,0.554150632215503,0.04178119846069269,0.061572292468389224,0.34249587685541505
Samsø,2021,322101.1,0.5704953728905825,0.0261295590636908,0.0587915078933043,0.3445835601524224
Samsø,2022,289846.2,0.5893234672304439,0.025898520084566595,0.060782241014799156,0.3239957716701903
Samsø,2023,288691.2,0.5883306320907618,0.026472177201512695,0.06699081577525662,0.31820637493246895
Samsø,2024,288588.3,0.5998890122086571,0.016648168701442843,0.06659267480577137,0.31687014428412874
Silkeborg,2008,277439.6,0.6386032320036162,0.012769804497683354,0.12018307153350662,0.2284438919651938
Silkeborg,2009,284643.7,0.5988314940183622,0.03551887229898915,0.12588333487897616,0.23976629880367245
Silkeborg,2010,294683.2,0.5873483439807059,0.03492460923836,0.13413848334775486,0.2435885634331793
Silkeborg,2011,286254.7,0.5794529588619198,0.03479504289799809,0.1376585759331231,0.24809342230695902
Silkeborg,2012,295421.7,0.5748628884826326,0.03550274223034735,0.14204753199268738,0.24758683729433273
Silkeborg,2013,300112.8,0.5778533498217793,0.02915181494144177,0.14295846366479958,0.25003637157197933
Silkeborg,2014,289049.8,0.5805942247309291,0.025246383650652484,0.14472657313465342,0.249432818483765
Silkeborg,2015,313917.1,0.5863109301733852,0.024626513031151175,0.1391806913598197,0.24988186543564392
Silkeborg,2016,327348.1,0.5999273255813954,0.022311046511627908,0.13459302325581396,0.2431686046511628
Silkeborg,2017,328303.7,0.6102525032651285,0.024343346393847047,0.1321288637353069,0.2332752866057176
Silkeborg,2018,333901.9,0.6213513367149845,0.022311677527663953,0.13101792515840208,0.2253190605989494
Silkeborg,2019,340331.1,0.6279654924514737,0.02246585190510424,0.12870237239396118,0.2208662832494608
Silkeborg,2020,356978.3,0.6249866486274789,0.026951970662584115,0.1321429842987859,0.21591839641115107
Silkeborg,2021,367735.7,0.6458002330261625,0.014581788652332027,0.12943544116089398,0.21018253716061153
Silkeborg,2022,342942.1,0.6531325903085218,0.015727549913007528,0.12509689755559766,0.206042962222873
Silkeborg,2023,341083.3,0.6569963244721772,0.01648004102914779,0.12266005641507821,0.2038635780835969
Silkeborg,2024,342905.3,0.6621335904331794,0.018183048324622385,0.11939919825442737,0.20028416298777085
Skanderborg,2008,290880.8,0.6674185314892859,0.010803110346055678,0.10972279931145011,0.2120555588532083
Skanderborg,2009,295319.2,0.6334396751740139,0.029089327146171694,0.11702436194895592,0.22044663573085846
Skanderborg,2010,316866.8,0.6293449581277962,0.025152001835493862,0.12122863370425604,0.22427440633245382
Skanderborg,2011,317831.4,0.6270412241635264,0.020497887404362224,0.1276121959575197,0.22484869247459174
Skanderborg,2012,320062.3,0.6201018248383959,0.02013614781763057,0.13014129626451576,0.22962073107945769
Skanderborg,2013,326357.8,0.6180380374705933,0.01876364048638077,0.131855673025141,0.23134264901788498
Skanderborg,2014,334349.3,0.6212960868581768,0.017614793033250396,0.13399117846641032,0.2270979416421624
Skanderborg,2015,339679.2,0.6242883186088908,0.015930444537932967,0.1322114710419296,0.22756976581124666
Skanderborg,2016,346348.9,0.6345033315676489,0.0165881401767543,0.12802141124648025,0.2208871170091165
Skanderborg,2017,350732.0,0.6482685787338114,0.017536546050803178,0.1256461564115391,0.20854871880384637
Skanderborg,2018,357869.6,0.6572364585357728,0.01721313751075821,0.12493406257808379,0.20061634137538523
Skanderborg,2019,367540.9,0.6617687676075789,0.01806330442468099,0.12564215875821688,0.19452576920952327
Skanderborg,2020,386874.6,0.6596393821120334,0.023225770985652247,0.128937386619757,0.18819746028255732
Skanderborg,2021,395558.8,0.679206942003515,0.011972759226713533,0.12549428822495606,0.18332601054481545
Skanderborg,2022,365597.7,0.6833958979380882,0.013791415048147543,0.12352429138784615,0.17928839562591806
Skanderborg,2023,362555.3,0.6837357606148144,0.014770807216438656,0.12296288221507604,0.1785305499536709
Skanderborg,2024,364168.1,0.686842319928216,0.015335671751366343,0.12170650134594992,0.17611550697446773
Skive,2008,249313.5,0.5961632368329264,0.01848622253226369,0.12120683641437043,0.2641437042204395
Skive,2009,255826.2,0.557119634766368,0.04700307820011759,0.12627537785771106,0.2696019091758033
Skive,2010,267976.6,0.5543062118442382,0.03814713896457766,0.13530852274686994,0.27223812644431417
Skive,2011,267931.4,0.5524590163934426,0.026927101499825603,0.1401116149284967,0.28050226717823507
Skive,2012,269342.9,0.5472422907488986,0.02477533039647577,0.14262555066079294,0.2853568281938326
Skive,2013,272978.4,0.5501787673899962,0.01992990902332826,0.14018195334348119,0.28970937024319443
Skive,2014,275816.0,0.5535631196535309,0.01871935287590823,0.13991195103618598,0.2878055764343749
Skive,2015,281915.6,0.5568590758600835,0.01918094141355981,0.13617388800921262,0.2877860947171441
Skive,2016,286576.0,0.5676977687626775,0.019523326572008115,0.12858591712547088,0.2841929875398435
Skive,2017,293534.2,0.5749397414359798,0.021327879628953328,0.12767511503907678,0.27605726389599006
Skive,2018,297358.9,0.5801902505829662,0.01965429174223637,0.12725321094125921,0.27290224673353813
Skive,2019,305689.0,0.5884906083963182,0.017136870463219336,0.12534610491656065,0.26902641622390183
Skive,2020,323425.3,0.5834060141822457,0.018050130825528043,0.12737476773728718,0.27116908725493916
Skive,2021,327303.5,0.6052499323462327,0.008079792786175436,0.12475354699037383,0.2619167278772181
Skive,2022,309416.8,0.6067355117139334,0.01310110974106042,0.11767879161528977,0.2624845869297164
Skive,2023,304497.9,0.6084466435500837,0.01429851560369346,0.11349203257100557,0.2637628082752172
Skive,2024,308711.3,0.6177272188647944,0.013469210411976143,0.11146660346802544,0.257336967255204
Slagelse,2008,254684.2,0.5760156447136008,0.02199512154092018,0.11464378837580957,0.28734544536966944
Slagelse,2009,260476.6,0.5488297850287112,0.040568834345653934,0.11961276145857086,0.290988619167064
Slagelse,2010,272237.2,0.5340658434517306,0.04599146550124719,0.12939866828835886,0.29054402275866337
Slagelse,2011,270458.0,0.5222841514203427,0.047261877628825395,0.1367714398193233,0.2936825311315086
Slagelse,2012,270258.8,0.514747741429809,0.04389257868899798,0.14399158450558971,0.2973680953756033
Slagelse,2013,277430.6,0.515638225396891,0.03761431904044262,0.1497140733706311,0.29703338219203534
Slagelse,2014,278478.1,0.5218284433746939,0.03471386479644769,0.1476739843134,0.29578370751545835
Slagelse,2015,282613.2,0.5262711162636635,0.03347548857237496,0.14619907254057635,0.2940543226233852
Slagelse,2016,286904.0,0.5370201286573978,0.028761153766341564,0.14222867814899356,0.2919900394272671
Slagelse,2017,291311.9,0.5421609023182253,0.030340866525159195,0.14192366920547717,0.2855745619511383
Slagelse,2018,295348.9,0.5511685811729751,0.02881175067478501,0.13899525035046972,0.2810244178017701
Slagelse,2019,300163.5,0.558990655779106,0.02748547857563768,0.14079467968684234,0.272729185958414
Slagelse,2020,310376.6,0.5539559312812572,0.03387808910000209,0.14593316453577182,0.26623281508296887
Slagelse,2021,321834.2,0.5732039567440691,0.01978372034537681,0.14429122306982983,0.2627210998407243
Slagelse,2022,302871.0,0.5856561161951137,0.020065485685500796,0.13493829233481655,0.2593401057845689
Slagelse,2023,297069.7,0.5880068843925783,0.021177902778943835,0.13474939131894886,0.256065821509529
Slagelse,2024,300858.6,0.5900951665414476,0.022518574171466733,0.12912179647716837,0.25826446280991733
Solrød,2008,326628.1,0.6620031796502385,0.013672496025437202,0.10135135135135136,0.22297297297297297
Solrød,2009,308700.8,0.6327971753628874,0.026677128285602196,0.11094546881129855,0.22958022754021185
Solrød,2010,337270.5,0.6193518229978187,0.029837955749454657,0.11794951698348395,0.23286070426924274
Solrød,2011,346718.0,0.6130407815165142,0.02721352147619786,0.12614358815320204,0.23360210885408592
Solrød,2012,348576.9,0.6042901716068643,0.03081123244929797,0.13018720748829954,0.2347113884555382
Solrød,2013,351151.5,0.6096751793843068,0.026618316487925314,0.13208857341254532,0.2316179307152226
Solrød,2014,366984.1,0.6078431372549019,0.02305453431372549,0.13809742647058823,0.23100490196078433
Solrød,2015,373943.3,0.617154327182892,0.020844591986412413,0.13657067860727246,0.22543040222342314
Solrød,2016,384438.2,0.6314811948614766,0.01950162513542795,0.13124903265748336,0.21776814734561215
Solrød,2017,386555.1,0.6443977263879156,0.0189208128941836,0.12979833372265048,0.20688312699525033
Solrød,2018,390023.1,0.6545566502463054,0.01816502463054187,0.12738608374384236,0.19989224137931033
Solrød,2019,406318.1,0.6572605247101891,0.02097315436241611,0.13018608907870652,0.19158023184868822
Solrød,2020,419474.1,0.6599771949828962,0.025997719498289624,0.13409350057012542,0.17993158494868872
Solrød,2021,428537.5,0.6817100314682631,0.014966612940363803,0.12963389362192032,0.17368946196945276
Solrød,2022,391128.4,0.6873526503916647,0.012852688417370143,0.12746216442315006,0.17233249676781504
Solrød,2023,398640.3,0.6904461435676639,0.014846707742558089,0.13013139336352164,0.1645757553262564
Solrød,2024,399527.5,0.6982383725215596,0.014815360801945898,0.12427213090587455,0.1626741357706199
Sorø,2008,257625.1,0.6146948221000867,0.01903384437373445,0.11269887185420885,0.2535724616719699
Sorø,2009,272054.9,0.5846879618051608,0.03199954529953393,0.11930203478458565,0.26401045811071955
Sorø,2010,283394.0,0.5743575261225643,0.03213781417678622,0.12391979666760802,0.2695848630330415
Sorø,2011,283614.5,0.5648106146518485,0.03339759582671808,0.13115218870492176,0.27063960081651167
Sorø,2012,284347.0,0.5532446868962382,0.03676554153881123,0.1346743948175929,0.2753153767473577
Sorø,2013,292770.4,0.5562827963663036,0.032725836483665297,0.1353044067031541,0.27568696044687696
Sorø,2014,296826.4,0.5702916263998635,0.027286680688988686,0.1301233585356148,0.27229833437553297
Sorø,2015,302691.5,0.5685348506401138,0.025490753911806545,0.12847795163584638,0.27749644381223326
Sorø,2016,306000.6,0.5775187153551632,0.025315732327561576,0.12406423224184239,0.27310132007543286
Sorø,2017,311391.1,0.5871305950803618,0.027824183420703957,0.12587130595080362,0.25917391554813063
Sorø,2018,313575.9,0.5973216347263911,0.023782036481182173,0.12306626645116601,0.25583006234126066
Sorø,2019,323948.6,0.6083952323371912,0.023377670294236194,0.12379800771578281,0.24442908965278978
Sorø,2020,332926.3,0.6034631041798062,0.026145289834298494,0.1278596410756264,0.2425319649102689
Sorø,2021,344270.7,0.6225399398008798,0.015744385274369065,0.12253993980087984,0.23917573512387127
Sorø,2022,320362.6,0.6211763350423412,0.01808859957370816,0.11884325133936287,0.24189181404458782
Sorø,2023,320616.4,0.624,0.01662857142857143,0.11851428571428571,0.24085714285714285
Sorø,2024,325077.7,0.6209714285714286,0.019142857142857142,0.11445714285714285,0.24542857142857144
Stevns,2008,283755.4,0.6059840530512355,0.02005210389200284,0.0979711060235257,0.27599273703323596
Stevns,2009,276894.5,0.5770131086142322,0.039794007490636704,0.09948501872659175,0.28370786516853935
Stevns,2010,294025.4,0.5682472942458927,0.038620260063848014,0.10620571517558203,0.28692673051467726
Stevns,2011,291104.9,0.5575842696629213,0.0366729088639201,0.11150124843945068,0.29424157303370785
Stevns,2012,289897.1,0.5567002201950298,0.037590437244416484,0.11072664359861592,0.29498269896193774
Stevns,2013,296992.0,0.5568681955061385,0.034669137518338354,0.11335032043857617,0.29511234653694696
Stevns,2014,303350.1,0.5622102009273571,0.028979907264296754,0.11089644513137557,0.2979134466769706
Stevns,2015,306657.8,0.5650965250965251,0.02409266409266409,0.11158301158301158,0.29922779922779924
Stevns,2016,310472.2,0.5747554727526781,0.02344356466387207,0.10813538270454898,0.2936655798789008
Stevns,2017,315565.3,0.587797503682456,0.027599038685169393,0.10814791844329018,0.27645553918908444
Stevns,2018,322936.8,0.5954418170504044,0.026835718730553827,0.10796515245799626,0.26975731176104545
Stevns,2019,331698.2,0.6089758704708009,0.02428672482904975,0.1068930283738112,0.2598443763263381
Stevns,2020,340517.8,0.6057843445457404,0.030179188934297392,0.11191449229801949,0.25212197422194277
Stevns,2021,347718.6,0.6231317004460443,0.01925033257688395,0.11088504577822991,0.24673292119884185
Stevns,2022,327272.5,0.6300338149400553,0.01798339993851829,0.1057485398094067,0.24623424531201968
Stevns,2023,323339.2,0.63390147093159,0.01992372947311075,0.10498871507510311,0.24118608452019613
Stevns,2024,329231.3,0.6351393429861435,0.021952358710882764,0.09987544761015102,0.24303285069282266
Struer,2008,262397.3,0.6111598654380577,0.01660084832528887,0.1060406611086734,0.2661986251279801
Struer,2009,261091.2,0.5676130542953315,0.03680667349626811,0.11151763500658568,0.28406263720181474
Struer,2010,274913.0,0.5582133628645256,0.03492063492063492,0.11893687707641196,0.28792912513842744
Struer,2011,274569.2,0.5528255528255528,0.03276003276003276,0.1182339364157546,0.2961804779986598
Struer,2012,276453.4,0.5397876985620719,0.037039825340661,0.1218098321162388,0.30136264398102836
Struer,2013,279785.0,0.5338776133068823,0.03334350679078285,0.12658324431558066,0.30619563558675417
Struer,2014,277297.0,0.5380171019181881,0.02642323395732224,0.12972806409367538,0.3058316000308143
Struer,2015,281927.0,0.5419686696282441,0.023692619437300288,0.12641259449770087,0.3079261164367547
Struer,2016,284212.8,0.5503080082135524,0.021402622018638445,0.12565155583636076,0.30263781393144845
Struer,2017,290216.1,0.5586085000401704,0.02490559974290994,0.1250100425805415,0.29147585763637823
Struer,2018,294884.9,0.5660208401172256,0.02140996418104852,0.1271572777596874,0.2854119179420384
Struer,2019,303821.0,0.5695026715988492,0.025729551993423756,0.12889436909165639,0.2758734073160707
Struer,2020,313846.7,0.5709529754473575,0.026883062838119018,0.12817311693716188,0.27399084477736163
Struer,2021,324913.6,0.5899546447169495,0.014614480094070216,0.12481101965395598,0.2706198555350244
Struer,2022,305305.1,0.5915433759246805,0.018409549428379288,0.12415938130464022,0.26588769334229995
Struer,2023,300102.0,0.5955162343239994,0.019412472083834394,0.11475691461948119,0.2703143789726851
Struer,2024,302498.1,0.6012763353439986,0.018183407640528018,0.11539470233412012,0.26514555468135326
Svendborg,2008,264311.6,0.5526351479643041,0.017495321018797298,0.14449236444516778,0.2853771665717308
Svendborg,2009,266837.1,0.5284060312331718,0.031583198707592894,0.14763058696822834,0.292380183091007
Svendborg,2010,279992.9,0.5244060475161987,0.03620410367170626,0.148488120950324,0.29090172786177104
Svendborg,2011,270972.7,0.5127341840890578,0.03836546293782243,0.15004072766766224,0.2988596253054575
Svendborg,2012,276562.4,0.5053211915080367,0.04100608919852981,0.15220253442317186,0.30147018487026167
Svendborg,2013,280636.1,0.5086729074889867,0.03532488986784141,0.15231277533039647,0.3036894273127753
Svendborg,2014,286017.5,0.5108758901604367,0.029371830751752613,0.1542575299952894,0.3054947490925213
Svendborg,2015,289164.4,0.5132350081937617,0.028192095103185846,0.15218176263089186,0.3063911340721607
Svendborg,2016,293534.5,0.5202768435389277,0.027267420852211136,0.15084637407232399,0.3016093615365372
Svendborg,2017,296159.7,0.5275306834815899,0.029585632248620652,0.14829411102353338,0.29458957324625606
Svendborg,2018,299011.8,0.5371561322491997,0.025724565827124117,0.15060770037113635,0.28651160155253985
Svendborg,2019,310113.6,0.54073202914348,0.026820033274051976,0.14815558487751707,0.28429235270495096
Svendborg,2020,323760.1,0.5412573673870335,0.030336299549289264,0.15052582919218768,0.27788050387148966
Svendborg,2021,332900.7,0.5593865313653137,0.01807541512915129,0.1467654520295203,0.27577260147601473
Svendborg,2022,310407.5,0.5689135242252793,0.0195582871420776,0.14156064217812114,0.269967546454522
Svendborg,2023,308955.4,0.5690960923776889,0.020848331269617302,0.14101419644656896,0.2690413799061249
Svendborg,2024,310049.0,0.5773523798507895,0.021311665028049275,0.13726794286044763,0.2640680122607137
Syddjurs,2008,271064.7,0.6048469911686177,0.015814335592524133,0.10342986239474225,0.27590881084411584
Syddjurs,2009,270661.4,0.5729753842410479,0.03134758100490693,0.10852021574273085,0.28715681901131435
Syddjurs,2010,285725.8,0.5613190516307618,0.03369839932603201,0.11670076623741325,0.2882817828057929
Syddjurs,2011,286610.0,0.5527136120214211,0.030533130844856527,0.12209255854847734,0.29466069858524496
Syddjurs,2012,289945.3,0.5431713657268546,0.03123375324935013,0.1265746850629874,0.2990201959608078
Syddjurs,2013,301274.0,0.545963102559016,0.029200555445348147,0.12529260067446935,0.29954374132116646
Syddjurs,2014,298667.5,0.5504576107899807,0.023763648041104687,0.12512042389210018,0.3006583172768144
Syddjurs,2015,305225.0,0.5593929879644165,0.019925129815239705,0.1233345409169585,0.29734734130338525
Syddjurs,2016,311837.8,0.5698394588868063,0.020250998288648032,0.12065031374786081,0.2892592290766849
Syddjurs,2017,316893.3,0.5823168235775685,0.022349570200573064,0.11604584527220631,0.2792877609496521
Syddjurs,2018,317839.7,0.5953379378391712,0.02178917941128104,0.11585265581318863,0.26702022693635913
Syddjurs,2019,329113.3,0.6027013671553286,0.0214544556086312,0.11320210838412123,0.262642068851919
Syddjurs,2020,342528.4,0.6023601003248221,0.02742485917519839,0.11590806299083097,0.2543069775091485
Syddjurs,2021,358618.8,0.6214957124010554,0.016614445910290238,0.1126731530343008,0.24921668865435356
Syddjurs,2022,322374.1,0.6239470025353725,0.017379569804530957,0.11053406395681688,0.24813936370327963
Syddjurs,2023,319244.1,0.6237387257526461,0.017585766648820066,0.1081092212017627,0.25056628639677114
Syddjurs,2024,322128.7,0.6256772966042106,0.02059808909293957,0.10832609504901353,0.2453985192538363
Sønderborg,2008,255951.1,0.5946719001190054,0.014906987911560223,0.11318036620247615,0.2772407457669583
Sønderborg,2009,241336.6,0.5479340397517086,0.038184212176311995,0.12096892177147993,0.29291282630049953
Sønderborg,2010,274436.3,0.5390236711313284,0.03295847022154831,0.12869598180439726,0.299321876842726
Sønderborg,2011,270223.9,0.5311948575749937,0.03207713637509453,0.12982102344340812,0.3069069826065037
Sønderborg,2012,273093.8,0.5217520415738679,0.036674090571640686,0.13638773995121434,0.30518612790327715
Sønderborg,2013,273538.4,0.5251246155477781,0.03268639304274048,0.13778767631774314,0.30440131509173823
Sønderborg,2014,279176.5,0.5332686502802932,0.025334195774040533,0.1402544200086244,0.30114273393704183
Sønderborg,2015,281927.3,0.5339473913422176,0.02687048166536016,0.13981796010800454,0.29936416688441775
Sønderborg,2016,285889.4,0.548286058482094,0.026700251889168764,0.135384952360092,0.2896287372686453
Sønderborg,2017,293328.8,0.5637016319069746,0.02358667165855485,0.13233642389939876,0.28037527253507166
Sønderborg,2018,297512.1,0.5707746242993993,0.023223098050599557,0.13054060692673558,0.27546167072326555
Sønderborg,2019,304918.1,0.5749552372426141,0.02464189794091316,0.1264771709937332,0.27392569382273946
Sønderborg,2020,315785.2,0.5748488074475073,0.026614419352646718,0.13277763935762985,0.2657591338422161
Sønderborg,2021,323976.9,0.5951873007134173,0.012983735920904732,0.12848393090633817,0.2633450324593398
Sønderborg,2022,302168.4,0.5978058420024531,0.0161041202925544,0.12324535501748966,0.26284468268750283
Sønderborg,2023,301012.0,0.588607739084884,0.019814608149042293,0.12469537886897306,0.2668822738971007
Sønderborg,2024,303212.6,0.5888285492629945,0.019394879751745538,0.12501711312919273,0.2667594578560672
Thisted,2008,249401.0,0.605766019813736,0.015620941709027494,0.11324255129679789,0.2653704871804386
Thisted,2009,249414.7,0.5698904907636149,0.0312672836547325,0.11566682644445264,0.28317539913719997
Thisted,2010,263953.2,0.5577242371693171,0.03173080470796591,0.12050326532118216,0.2900416928015349
Thisted,2011,265389.4,0.5565393838775133,0.026563364692861097,0.12418372993912562,0.2927135214904999
Thisted,2012,264916.8,0.5473668562084216,0.02798528264020515,0.12457724755639796,0.3000706135949753
Thisted,2013,273741.3,0.5441979712406644,0.026418459480548433,0.12700182068145505,0.30238174859733213
Thisted,2014,272976.1,0.549002731729222,0.02413651161920443,0.12663248886726788,0.30022826778430567
Thisted,2015,279311.3,0.5573300109487673,0.0194057462151244,0.12017215992751161,0.3030920829085967
Thisted,2016,284988.4,0.5661697247706422,0.021788990825688075,0.11716360856269113,0.29487767584097857
Thisted,2017,290318.6,0.5767641265304546,0.02159051407825113,0.11818778726198292,0.28345757212931133
Thisted,2018,293647.3,0.5842599843382928,0.02173061863743148,0.11965544244322632,0.27435395458104933
Thisted,2019,304636.2,0.5898270115854626,0.02471829868274877,0.11823520076178384,0.26721948897000475
Thisted,2020,316323.3,0.5851786713566233,0.026021264689423614,0.1237908705731873,0.26500919338076584
Thisted,2021,323837.2,0.6097157163624617,0.012598933936359231,0.11411726700048458,0.26356808270069454
Thisted,2022,304473.6,0.6085214857975236,0.015173585821801408,0.11827304361900137,0.25803188476167355
Thisted,2023,295968.1,0.6083095723014257,0.017230142566191445,0.11519348268839104,0.25926680244399186
Thisted,2024,299885.0,0.614396419543326,0.018026604782230327,0.11408561601259791,0.25349135966184577
Tårnby,2008,286205.4,0.6254318698912952,0.022583635291143506,0.10444931322153872,0.24753518159602259
Tårnby,2009,287698.4,0.598572960488328,0.03926420852924194,0.1097913057823971,0.252371525200033
Tårnby,2010,302961.4,0.5851939374185137,0.04025423728813559,0.11831812255541069,0.25623370273794005
Tårnby,2011,304235.1,0.5828092243186582,0.03692952749556523,0.12445573294629898,0.2558055152394775
Tårnby,2012,301251.8,0.5791397244869272,0.04016225551226957,0.12643078035262462,0.25426723964817866
Tårnby,2013,306335.4,0.5799318379963542,0.04113497661884759,0.12839819291432195,0.25053499247047634
Tårnby,2014,311900.6,0.5866399780211154,0.0362259115349896,0.12453392990305742,0.25260018054083755
Tårnby,2015,317123.2,0.5935757480562318,0.030825414277860678,0.12400848189743187,0.2515903557684756
Tårnby,2016,323411.4,0.6055489496630995,0.02421720174395561,0.12227506936187078,0.24795877923107412
Tårnby,2017,328355.1,0.6071542510767267,0.025921199553357793,0.12023448715903653,0.24669006221087894
Tårnby,2018,334787.9,0.613273874091037,0.025551404121971797,0.11907918524767988,0.2420955365393114
Tårnby,2019,340871.9,0.6216172484931839,0.0234213826301525,0.1185227134824643,0.23643865539419925
Tårnby,2020,357015.4,0.6091977391940796,0.03541658195421461,0.12361241003537592,0.23177326881632984
Tårnby,2021,364640.9,0.6250361256760663,0.02398744890797242,0.1274513851616366,0.22352504025432476
Tårnby,2022,341185.3,0.6302822646434981,0.018844836025452765,0.12689672050905532,0.2239761788219938
Tårnby,2023,346768.2,0.6352539650672556,0.017626982533627787,0.12700260991768722,0.22011644248142942
Tårnby,2024,353059.7,0.6383367785021467,0.018524407695977102,0.12979010971537605,0.21334870408650025
Tønder,2008,238241.1,0.5831062670299727,0.014488992690627568,0.10786730677738852,0.29453743350201117
Tønder,2009,240582.3,0.5502917657229306,0.036395072401123836,0.11458828614653123,0.2987248757294143
Tønder,2010,255187.7,0.5369659869810751,0.0329352933568996,0.12635254558779152,0.3037461740742337
Tønder,2011,255409.4,0.5297678672531684,0.034841688079787464,0.1224249814903532,0.3129654631766909
Tønder,2012,251920.5,0.5152840337604409,0.0386145974548476,0.12795731840643723,0.31814405037827437
Tønder,2013,260041.4,0.5204000354013629,0.03854323391450571,0.12558633507390035,0.315470395610231
Tønder,2014,261494.2,0.5305966801256169,0.02673844773441005,0.12274562584118438,0.3199192462987887
Tønder,2015,267346.4,0.531947582467239,0.02322638951649345,0.12056032535020335,0.3242657026660642
Tønder,2016,269805.4,0.5412274697695643,0.021127081907369383,0.1186858316221766,0.3189596167008898
Tønder,2017,283441.0,0.5503079131360837,0.023892207251007085,0.11270083807936288,0.31309904153354634
Tønder,2018,282026.4,0.5607112695880642,0.023411841981796,0.10903631415970723,0.3068405742704326
Tønder,2019,295612.9,0.5675881792183032,0.02521448999046711,0.10243088655862727,0.30476644423260246
Tønder,2020,304925.3,0.562358057501812,0.02517516308287026,0.10867359265523073,0.303793186760087
Tønder,2021,311598.4,0.5810857452788324,0.012524037276268428,0.10147428627779695,0.3049159311671022
Tønder,2022,302705.8,0.576256157635468,0.013596059113300493,0.09729064039408868,0.31285714285714283
Tønder,2023,292332.6,0.574925224327019,0.015403788634097706,0.10054835493519441,0.30912263210368895
Tønder,2024,296111.6,0.5723347034048815,0.015020043639315979,0.09803623078094079,0.3146090221748617
Vallensbæk,2008,313999.1,0.6531311154598826,0.013576320939334637,0.10567514677103718,0.2276174168297456
Vallensbæk,2009,311085.0,0.6235595390524968,0.028518216738447212,0.11116284483762076,0.23675939937143523
Vallensbæk,2010,331495.5,0.6136825468503048,0.03454504402799729,0.12361706931587266,0.22815533980582525
Vallensbæk,2011,326372.4,0.6065904505716208,0.03418516027796458,0.12441156691324814,0.23481282223716654
Vallensbæk,2012,325907.9,0.6026087934330372,0.037445181603508376,0.12740357584617115,0.23254244911728325
Vallensbæk,2013,330419.0,0.6035529074257971,0.036742800397219465,0.13152377799845527,0.22818051417852808
Vallensbæk,2014,342215.6,0.6090142095914742,0.03252664298401421,0.13432504440497336,0.22413410301953818
Vallensbæk,2015,342642.9,0.6206667405028242,0.027688559087385094,0.13622771070993467,0.215416989699856
Vallensbæk,2016,341936.1,0.6276560240293693,0.02658805206363333,0.13627767271109134,0.2094782511959061
Vallensbæk,2017,341993.3,0.6324306472919419,0.02719066490532805,0.13925583443416997,0.20112285336856012
Vallensbæk,2018,345491.9,0.6410559072861896,0.0273634510140573,0.1430410988303466,0.18853954286940658
Vallensbæk,2019,350716.8,0.6469002695417789,0.026954177897574125,0.13800539083557953,0.1881401617250674
Vallensbæk,2020,368421.1,0.6469434455704478,0.035959463877084014,0.13555628200937125,0.18154080854309687
Vallensbæk,2021,375275.0,0.6674722618916841,0.021421509392507965,0.13061628034713832,0.18048994836866966
Vallensbæk,2022,344205.5,0.6722049522992818,0.019723443027119734,0.13441955193482688,0.17365205273877157
Vallensbæk,2023,342322.6,0.667773083886542,0.02112251056125528,0.136089318044659,0.17501508750754374
Vallensbæk,2024,347116.4,0.6601847350510452,0.022265435099659697,0.13777345649003403,0.17977637335926105
Varde,2008,254883.8,0.6375066032752245,0.011973939073780596,0.11294241944004225,0.23757703821095263
Varde,2009,256606.1,0.6038445465942331,0.03099317453684357,0.11777406324000557,0.2473882156289177
Varde,2010,272523.8,0.5918395766606322,0.02934828018381841,0.12226709371953767,0.2565450494360117
Varde,2011,275157.2,0.5861840499354883,0.025839522962652996,0.1271402168985598,0.26083621020329883
Varde,2012,278403.9,0.5729842931937172,0.02987783595113438,0.13239092495636998,0.26474694589877834
Varde,2013,291921.9,0.5747936310572307,0.026387593686319207,0.13255966566504335,0.26625910959140675
Varde,2014,285738.6,0.5740811044003451,0.01994823123382226,0.13511647972389992,0.2708541846419327
Varde,2015,289915.7,0.5779459831412351,0.02057457423017375,0.13349389299845174,0.2679855496301393
Varde,2016,291300.2,0.5869535236519101,0.019204247689973798,0.1283271272927872,0.2655151013653289
Varde,2017,300389.0,0.59958071278826,0.021208944793850455,0.12218728162124388,0.2570230607966457
Varde,2018,301760.0,0.6096811778413304,0.019418846873565654,0.1193729477809554,0.25152702750414857
Varde,2019,311860.0,0.6180344839895763,0.01974083461250134,0.1164816335272909,0.2457430478706315
Varde,2020,325725.0,0.6179577464788732,0.024432308134521415,0.11810146593848807,0.23950847944811726
Varde,2021,335684.6,0.6351091956104451,0.01249502010068451,0.11245518090616059,0.23994060338270978
Varde,2022,316361.9,0.642181975611516,0.0133848040984198,0.10534670611155206,0.23908651417851215
Varde,2023,312785.4,0.639344262295082,0.015051501523284492,0.10619469026548672,0.23940954591614683
Varde,2024,319694.8,0.6443758951195329,0.014872755315632919,0.10612904410414602,0.23462230546068819
Vejen,2008,248303.8,0.6341114427047136,0.007726585176403254,0.10674134336290421,0.2514206287559789
Vejen,2009,250406.5,0.5953244002769519,0.03290840223190649,0.11236916059137377,0.25939803689976787
Vejen,2010,269691.1,0.5829833629462122,0.032062671620093686,0.12287998707801648,0.2620739783556776
Vejen,2011,265104.7,0.5824606800630736,0.0260785185784175,0.13120122912707718,0.2602595722314317
Vejen,2012,271976.6,0.577480715641533,0.029360688178991155,0.12757966156455716,0.2655789346149186
Vejen,2013,280782.1,0.5789072834408947,0.028460335912133723,0.12891329618791839,0.2637190844590532
Vejen,2014,279393.0,0.582824059183017,0.025249276294628496,0.12889996783531682,0.26302669668703765
Vejen,2015,287492.4,0.5908470493777599,0.022360497792051386,0.12404656764351665,0.262745885186672
Vejen,2016,287061.2,0.6017806556050183,0.022298664508296238,0.12116552003237556,0.25475515985431
Vejen,2017,298562.5,0.6095102621418411,0.020483641536273117,0.12156065840276367,0.24844543791912213
Vejen,2018,302841.7,0.6182960153350463,0.019984501814919044,0.12243566213956524,0.23928382071046944
Vejen,2019,310798.8,0.6233526296341914,0.020404811758426736,0.1217719752022006,0.23447058340518126
Vejen,2020,323541.3,0.6225733634311512,0.021177919146316438,0.12403037143443464,0.23221834598809768
Vejen,2021,333588.0,0.6488796680497926,0.00975103734439834,0.11593360995850623,0.2254356846473029
Vejen,2022,314233.6,0.6529521441889372,0.010648435881499897,0.11211932877563704,0.22428009115392583
Vejen,2023,446462.0,0.6529329031190535,0.014147431124348473,0.11065607677670224,0.22226358897989576
Vejen,2024,435085.3,0.6491011050634999,0.013112320633349828,0.11112485568200561,0.22666171862114465
Vejle,2008,275221.2,0.6389981887452376,0.013490725126475547,0.11026794079070638,0.23724314533758042
Vejle,2009,278518.6,0.601638386819132,0.03507315873601377,0.11554776835116193,0.24774068609369237
Vejle,2010,299129.6,0.5916020652157359,0.033460759377998445,0.12519228133233828,0.24974489407392741
Vejle,2011,293405.7,0.5831242632167578,0.03184414956321978,0.1310491793368195,0.25398240788320287
Vejle,2012,295089.2,0.5756067579114635,0.03327986568126284,0.13728694140045272,0.2538264350068209
Vejle,2013,298810.1,0.576574164956426,0.03244995687219297,0.13802385413878232,0.2529520240325987
Vejle,2014,302349.6,0.5797765429179476,0.026350792149444312,0.14065086308820052,0.2532218018444077
Vejle,2015,313367.9,0.5854846064457291,0.02360884338731742,0.1397408175573305,0.251165732609623
Vejle,2016,317539.4,0.5965175798054628,0.023055721639712423,0.1357385559914252,0.2446881425633996
Vejle,2017,324963.5,0.6078397212543554,0.02568234610917538,0.13246225319396052,0.2340156794425087
Vejle,2018,329475.8,0.6171794312313623,0.022357989671976143,0.13440977525638229,0.2260528038402793
Vejle,2019,339777.4,0.6209378439436946,0.023359207553727626,0.1330446619938597,0.22265828650871808
Vejle,2020,353754.6,0.617453701714433,0.0282158151792492,0.13755567968604535,0.21677480342027242
Vejle,2021,365053.2,0.6392922218426147,0.01570151463386858,0.13224575788634552,0.21276050563717117
Vejle,2022,337829.9,0.6471936493738819,0.016184033989266548,0.12381205277280859,0.21281026386404292
Vejle,2023,337932.3,0.6478740767379457,0.018769537193283354,0.12232703532601179,0.21102935074275914
Vejle,2024,344066.4,0.6541317200604977,0.019276777120857968,0.11693936477382098,0.20965213804482333
Vesthimmerlands,2008,240254.9,0.6000990411020574,0.018682753342637193,0.11272678161436997,0.2684914239409355
Vesthimmerlands,2009,242216.7,0.5596218771100607,0.04010803511141121,0.116587891064596,0.283682196713932
Vesthimmerlands,2010,254497.8,0.5579690591833063,0.03705702464472027,0.12025544162619176,0.28471847454578164
Vesthimmerlands,2011,260465.5,0.5462188692964915,0.03831121614251954,0.12711325213597527,0.2883566624250136
Vesthimmerlands,2012,260147.4,0.5390862483553378,0.038609863436323215,0.12953132797967423,0.29277256022866477
Vesthimmerlands,2013,266989.5,0.5422364159769701,0.039177761784814684,0.12724901043540843,0.29133681180280674
Vesthimmerlands,2014,267904.3,0.54947454619899,0.03102679586915973,0.12647286292707338,0.2930257950047769
Vesthimmerlands,2015,269820.1,0.5521286833783969,0.03189588011548508,0.12153430181934834,0.29444113468676963
Vesthimmerlands,2016,275018.6,0.5622859787135586,0.026746876446089772,0.11911152244331329,0.2918556223970384
Vesthimmerlands,2017,282997.1,0.5736335913675815,0.03096410978184377,0.11372273047149895,0.28167956837907576
Vesthimmerlands,2018,285912.2,0.5862557228489168,0.02794166234011422,0.10987869920234106,0.27592391560862795
Vesthimmerlands,2019,298007.9,0.5856759090472993,0.029981771083181424,0.10841408423678403,0.2759282356327353
Vesthimmerlands,2020,307449.1,0.5830213448728546,0.03568823844021977,0.11523314046773958,0.26605727621918607
Vesthimmerlands,2021,326013.1,0.6081421169504071,0.017024426350851222,0.11241056007895386,0.2624228966197878
Vesthimmerlands,2022,305376.6,0.6142645607107601,0.018311944718657453,0.10789733464955578,0.2595261599210267
Vesthimmerlands,2023,298161.7,0.6061783756851021,0.021474838066766318,0.10941704035874439,0.26292974588938717
Vesthimmerlands,2024,300010.7,0.6087394788569125,0.021218688574164608,0.10674865178166423,0.2632931807872587
Viborg,2008,260953.9,0.6351219863778875,0.011604021766550145,0.11863490576236982,0.23463908609319253
Viborg,2009,267319.1,0.5991816780912907,0.033653931310554934,0.12567086455178278,0.2414935260463716
Viborg,2010,285142.5,0.5919079422700759,0.030010397025393414,0.1313549614957619,0.24672669920876875
Viborg,2011,282355.7,0.5777875716174526,0.029140590568532392,0.1392507712648744,0.2538210665491406
Viborg,2012,281907.1,0.5664824076511362,0.031464420461524964,0.14319557778362726,0.2588575941037115
Viborg,2013,290282.1,0.5683881555974579,0.026834974509393116,0.14407430686500453,0.26070256302814443
Viborg,2014,291287.9,0.5688367873839928,0.02402135231316726,0.1456109134045077,0.2615309468983323
Viborg,2015,296472.2,0.5716946968905603,0.023329503116403773,0.14558306347714056,0.2593927365158954
Viborg,2016,300212.2,0.5815785803932506,0.02013317528935992,0.14074048249895413,0.25754776181843536
Viborg,2017,309116.5,0.5919896595692652,0.02186861364866989,0.13709804195559902,0.2490436848264659
Viborg,2018,314124.3,0.5967789726875011,0.020880902166524322,0.13630104753106861,0.24603907761490595
Viborg,2019,320982.2,0.6024981114839344,0.021924353951829664,0.1367461307380145,0.2388314038262214
Viborg,2020,334656.1,0.6028771631808048,0.025108822592631915,0.13791272958912837,0.23410128463743496
Viborg,2021,343106.5,0.6200504727376128,0.014039951659913272,0.13798251226274258,0.22792706333973128
Viborg,2022,321876.1,0.6213975106072076,0.017570113202232354,0.13364201334483547,0.22739036284572456
Viborg,2023,313857.8,0.620979983761076,0.018145232463727186,0.13411233099163342,0.22676245278356338
Viborg,2024,317688.8,0.6241096083155988,0.01908296252000633,0.13289480626835745,0.22391262289603742
Vordingborg,2008,246668.7,0.5535778239381133,0.022133085022562855,0.09916911396031802,0.3251199770790058
Vordingborg,2009,250880.9,0.5207005802570218,0.03873126624185682,0.10590580613007725,0.3346623473710441
Vordingborg,2010,267275.4,0.513887904768653,0.03270034719761922,0.1126975129313399,0.34071423510238785
Vordingborg,2011,263938.7,0.5059778120848741,0.030732775643557246,0.11948443614691416,0.34380497612465444
Vordingborg,2012,264737.7,0.49662725756147097,0.03376369043301661,0.12312323203017335,0.34648581997533906
Vordingborg,2013,271902.3,0.502514006608246,0.028587846573768137,0.1256644160321793,0.34323373078580666
Vordingborg,2014,274654.6,0.49788541478402315,0.02924272546538948,0.12922465208747516,0.34364720766311224
Vordingborg,2015,280336.3,0.5067668081709662,0.02550705707340082,0.1260476760640035,0.3416784586916295
Vordingborg,2016,281137.6,0.5140016085398845,0.024968925934049865,0.12126197265482197,0.3397674928712437
Vordingborg,2017,285056.5,0.5247023149175357,0.02754973744545522,0.12169957843354781,0.3260483692034613
Vordingborg,2018,290323.7,0.5346723518850988,0.028874925194494316,0.12107271095152604,0.31538001196888094
Vordingborg,2019,295783.0,0.5426801459410155,0.027858011553663728,0.11891912435390696,0.3105427181514138
Vordingborg,2020,310662.0,0.5439836268149522,0.0298887859128823,0.12167902378745753,0.30444856348470806
Vordingborg,2021,318651.8,0.5612819910777178,0.019057681771933944,0.11825937230961885,0.30140095484072943
Vordingborg,2022,303188.4,0.5683057964758055,0.01891605509987834,0.1110239001609042,0.30175424826341196
Vordingborg,2023,295277.8,0.5681090693538826,0.02090495949417111,0.10978067575577949,0.30120529539616675
Vordingborg,2024,297999.8,0.5743838028169014,0.01972631241997439,0.10359314980793854,0.30229673495518566
Ærø,2008,251720.0,0.5158405723045478,0.015329586101175269,0.1195707715891671,0.34925907000510986
Ærø,2009,250981.7,0.4868117797695263,0.027400768245838668,0.12163892445582586,0.3641485275288092
Ærø,2010,262159.5,0.48755452912496794,0.02386451116243264,0.1262509622786759,0.3623299974339235
Ærø,2011,255603.3,0.47247119078104993,0.026888604353393086,0.141101152368758,0.35953905249679896
Ærø,2012,256706.7,0.4701670644391408,0.031556616282153276,0.12277910368602493,0.375497215592681
Ærø,2013,254496.1,0.4641880809185347,0.026517222525970476,0.1273920174958994,0.3819026790595954
Ærø,2014,265666.3,0.4690635451505017,0.023132664437012264,0.1424191750278707,0.36538461538461536
Ærø,2015,266102.4,0.48076383038472337,0.02246559955068801,0.14012917719741647,0.35664139286717217
Ærø,2016,272266.5,0.4923842999414177,0.027240773286467488,0.13034563561804335,0.3500292911540715
Ærø,2017,270983.0,0.5008998200359928,0.026094781043791242,0.11697660467906419,0.35602879424115175
Ærø,2018,272872.2,0.5185414091470952,0.024412855377008654,0.1100123609394314,0.34703337453646477
Ærø,2019,279136.8,0.5150943396226415,0.03270440251572327,0.1069182389937107,0.3452830188679245
Ærø,2020,289962.9,0.509277031349968,0.02943058221369162,0.11420345489443379,0.34708893154190656
Ærø,2021,296017.2,0.5303656597774244,0.014626391096979332,0.10874403815580286,0.3462639109697933
Ærø,2022,273165.6,0.5430759412890874,0.012763241863433313,0.10178685386088067,0.3423739629865986
Ærø,2023,270431.8,0.5494148244473342,0.011703511053315995,0.10305591677503251,0.3358257477243173
Ærø,2024,273151.6,0.5477893368010404,0.015604681404421327,0.11053315994798439,0.32607282184655395
